time,open,high,low,close,tick_volume,actDir,actRisk,eReward,eAccBalance,eWins,eLosses,pType,pOpenPrice,pSLPrice,pTPPrice,pProfit
2020-01-10,1.11057,1.11292,1.1085,1.1121,37813,0.0,0.0,0.0,10000.0,0,0,0,0.0,0.0,0.0,0.0
2020-01-13,1.11106,1.1147,1.11106,1.11352,31473,0.0,0.0,0.0,10000.0,0,0,0,0.0,0.0,0.0,0.0
2020-01-14,1.11339,1.11446,1.11044,1.11266,38939,0.0,0.0,0.0,10000.0,0,0,0,0.0,0.0,0.0,0.0
2020-01-15,1.11276,1.11636,1.11185,1.11498,35122,0.0,0.0,0.0,10000.0,0,0,0,0.0,0.0,0.0,0.0
2020-01-16,1.11495,1.11726,1.1128,1.11359,36264,0.0,0.0,0.0,10000.0,0,0,0,0.0,0.0,0.0,0.0
2020-01-17,1.1136,1.11426,1.10863,1.10895,33691,0.0,0.0,0.0,10000.0,0,0,0,0.0,0.0,0.0,0.0
2020-01-20,1.10901,1.11023,1.10767,1.1095,26733,0.0,0.0,0.0,10000.0,0,0,0,0.0,0.0,0.0,0.0
2020-01-21,1.10939,1.1118,1.1081,1.1082,32597,0.0,0.0,0.0,10000.0,0,0,0,0.0,0.0,0.0,0.0
2020-01-22,1.10818,1.10984,1.10702,1.10943,30658,0.0,0.0,0.0,10000.0,0,0,0,0.0,0.0,0.0,0.0
2020-01-23,1.10927,1.11087,1.10364,1.10578,38646,0.0,0.0,0.0,10000.0,0,0,0,0.0,0.0,0.0,0.0
2020-01-24,1.10531,1.10617,1.10198,1.10273,32613,0.0,0.0,0.0,10000.0,0,0,0,0.0,0.0,0.0,0.0
2020-01-27,1.10302,1.10377,1.10098,1.10195,34531,0.36207932,0.36207932,0.0,10000.0,0,0,0,1.10195,1.1093,0.0,0.0
2020-01-28,1.10189,1.10252,1.0998,1.10216,28711,1.0,1.0,0.0,10000.0,0,0,1,1.10216,1.0985,0.0,0.0
2020-01-29,1.10223,1.10276,1.09924,1.10104,29004,0.25006512,0.25006512,0.0,10000.0,0,0,1,1.10216,1.0985,0.0,0.0
2020-01-30,1.10093,1.10394,1.10047,1.10314,36078,-0.4634547,-0.4634547,0.0,10000.0,0,0,1,1.10216,1.0985,0.0,0.0
2020-01-31,1.10314,1.10954,1.1017,1.10946,37996,0.124208905,0.124208905,0.0,10000.0,0,0,1,1.10216,1.0985,0.0,0.0
2020-02-03,1.10932,1.10941,1.1037,1.10611,37051,1.0,1.0,0.0,10000.0,0,0,1,1.10216,1.0985,0.0,0.0
2020-02-04,1.10583,1.10642,1.10328,1.10445,31630,-1.0,-1.0,0.0,10118.6,1,0,0,0.0,0.0,0.0,118.6
2020-02-05,1.10441,1.10479,1.09936,1.09988,34554,0.92996913,0.92996913,0.0,10118.6,1,0,1,1.09988,1.0923,0.0,0.0
2020-02-06,1.09987,1.1014,1.09644,1.09809,29458,0.045844156,0.045844156,0.0,10118.6,1,0,1,1.09988,1.0923,0.0,0.0
2020-02-07,1.09824,1.0985,1.0942,1.09439,36405,-1.0,-1.0,0.0,10064.6,1,1,0,0.0,0.0,0.0,-54.0
2020-02-10,1.09444,1.09576,1.09078,1.09106,29465,0.9366863,0.9366863,0.0,10064.6,1,1,1,1.09106,1.0874,0.0,0.0
2020-02-11,1.09108,1.0925,1.08916,1.09156,31112,-0.10051002,-0.10051002,0.0,10064.6,1,1,1,1.09106,1.0874,0.0,0.0
2020-02-12,1.09151,1.09257,1.08653,1.08737,31552,0.024462039,0.024462039,0.0,10064.6,1,1,1,1.09106,1.0874,0.0,0.0
2020-02-13,1.08736,1.08888,1.08341,1.08392,34163,0.8619182,0.8619182,0.0,9954.960000000001,1,2,0,0.0,0.0,0.0,-109.64
2020-02-14,1.08409,1.08613,1.08274,1.08302,30592,-0.1414125,-0.1414125,0.0,9954.960000000001,1,2,0,1.09988,1.1109,0.0,0.0
2020-02-17,1.08371,1.0851,1.08292,1.08334,21656,-1.0,-1.0,0.0,9954.960000000001,1,2,2,1.08334,1.0914,0.0,0.0
2020-02-18,1.08351,1.08373,1.07856,1.07909,35077,-1.0,-1.0,0.0,9954.960000000001,1,2,2,1.08334,1.0914,0.0,0.0
2020-02-19,1.0791,1.08117,1.07822,1.08069,33213,0.7003677,0.7003677,0.0,9954.960000000001,1,2,2,1.08334,1.0914,0.0,0.0
2020-02-20,1.08044,1.08212,1.07778,1.07832,42647,-0.4407664,-0.4407664,0.0,9954.960000000001,1,2,2,1.08334,1.0914,0.0,0.0
2020-02-21,1.07846,1.08636,1.07828,1.08478,43062,0.1706919,0.1706919,0.0,9954.960000000001,1,2,2,1.08334,1.0914,0.0,0.0
2020-02-24,1.08129,1.08721,1.08052,1.08534,62281,-0.96575695,-0.96575695,0.0,9954.960000000001,1,2,2,1.08334,1.0914,0.0,0.0
2020-02-25,1.08527,1.08904,1.08302,1.0881,63518,-0.9863194,-0.9863194,0.0,9954.960000000001,1,2,2,1.08334,1.0914,0.0,0.0
2020-02-26,1.08811,1.09089,1.08552,1.08804,68962,0.09058941,0.09058941,0.0,9954.960000000001,1,2,2,1.08334,1.0914,0.0,0.0
2020-02-27,1.08814,1.10066,1.08773,1.09999,82745,-0.8359762,-0.8359762,0.0,9954.960000000001,1,2,2,1.08334,1.0914,0.0,0.0
2020-02-28,1.09995,1.10532,1.0951,1.10289,108228,1.0,1.0,0.0,9459.990000000002,1,3,0,0.0,0.0,0.0,-494.97
2020-03-02,1.10428,1.11846,1.10363,1.11324,119457,0.9429421,0.9429421,0.0,9459.990000000002,1,3,1,1.11324,1.1096,0.0,0.0
2020-03-03,1.11333,1.12135,1.10954,1.117,112120,0.3190812,0.3190812,0.0,9459.990000000002,1,3,1,1.11324,1.1096,0.0,0.0
2020-03-04,1.11714,1.11875,1.10955,1.1135,76253,1.0,1.0,0.0,9459.990000000002,1,3,1,1.11324,1.1096,0.0,0.0
2020-03-05,1.11332,1.12449,1.11196,1.12369,69448,0.20811182,0.20811182,0.0,9459.990000000002,1,3,1,1.11324,1.1096,0.0,0.0
2020-03-06,1.12366,1.13548,1.12112,1.12895,124497,1.0,1.0,0.0,9459.990000000002,1,3,1,1.11324,1.1096,0.0,0.0
2020-03-09,1.13469,1.14951,1.13348,1.14353,190616,-0.9112767,-0.9112767,0.0,9915.460000000001,2,3,0,0.0,0.0,0.0,455.47
2020-03-10,1.14388,1.14581,1.12748,1.12815,176830,-1.0,-1.0,0.0,9915.460000000001,2,3,2,1.12815,1.1392,0.0,0.0
2020-03-11,1.12801,1.13668,1.12574,1.12704,127610,-0.6960008,-0.6960008,0.0,9915.460000000001,2,3,2,1.12815,1.1392,0.0,0.0
2020-03-12,1.12688,1.13336,1.10553,1.11852,173869,-1.0,-1.0,0.0,9915.460000000001,2,3,2,1.12815,1.1392,0.0,0.0
2020-03-13,1.11846,1.12213,1.10552,1.11002,168391,-0.90944463,-0.90944463,0.0,9915.460000000001,2,3,2,1.12815,1.1392,0.0,0.0
2020-03-16,1.10635,1.12365,1.10635,1.11814,207892,0.5855782,0.5855782,0.0,10457.170000000002,3,3,0,0.0,0.0,0.0,541.71
2020-03-17,1.11797,1.11891,1.0955,1.09987,171610,1.0,1.0,0.0,10457.170000000002,3,3,1,1.09987,1.0962,0.0,0.0
2020-03-18,1.09965,1.10451,1.08018,1.09166,193670,0.105376035,0.105376035,0.0,10457.170000000002,3,3,1,1.09987,1.0962,0.0,0.0
2020-03-19,1.09122,1.09812,1.06551,1.0693,213886,-0.5437741,-0.5437741,0.0,10202.730000000001,3,4,0,0.0,0.0,0.0,-254.44
2020-03-20,1.06908,1.08308,1.06378,1.06973,234562,0.81437117,0.81437117,0.0,10202.730000000001,3,4,1,1.06973,1.062,0.0,0.0
2020-03-23,1.07015,1.08278,1.06358,1.07241,209225,-0.35948858,-0.35948858,0.0,10202.730000000001,3,4,1,1.06973,1.062,0.0,0.0
2020-03-24,1.07205,1.08882,1.07184,1.07872,170597,-0.25862464,-0.25862464,0.0,10202.730000000001,3,4,1,1.06973,1.062,0.0,0.0
2020-03-25,1.07873,1.08939,1.07605,1.08809,151347,1.0,1.0,0.0,10202.730000000001,3,4,1,1.06973,1.062,0.0,0.0
2020-03-26,1.08826,1.10587,1.08702,1.10331,162837,0.29383785,0.29383785,0.0,10202.730000000001,3,4,1,1.06973,1.062,0.0,0.0
2020-03-27,1.10303,1.11472,1.09536,1.11391,149500,-0.10748056,-0.10748056,0.0,10202.730000000001,3,4,1,1.06973,1.062,0.0,0.0
2020-03-30,1.11167,1.11441,1.101,1.10446,131052,0.84996146,0.84996146,0.0,10202.730000000001,3,4,1,1.06973,1.062,0.0,0.0
2020-03-31,1.10398,1.10532,1.09268,1.10357,150863,0.09419878,0.09419878,0.0,10202.730000000001,3,4,1,1.06973,1.062,0.0,0.0
2020-04-01,1.10286,1.10388,1.09028,1.09625,117134,0.3323704,0.3323704,0.0,10202.730000000001,3,4,1,1.06973,1.062,0.0,0.0
2020-04-02,1.09614,1.09681,1.08207,1.08569,122763,1.0,1.0,0.0,10202.730000000001,3,4,1,1.06973,1.062,0.0,0.0
2020-04-03,1.08553,1.08648,1.07727,1.08075,108443,0.17039625,0.17039625,0.0,10202.730000000001,3,4,1,1.06973,1.062,0.0,0.0
2020-04-06,1.08081,1.08356,1.07685,1.07937,95121,1.0,1.0,0.0,10202.730000000001,3,4,1,1.06973,1.062,0.0,0.0
2020-04-07,1.07931,1.09266,1.07834,1.08921,95650,-0.47241226,-0.47241226,0.0,10202.730000000001,3,4,1,1.06973,1.062,0.0,0.0
2020-04-08,1.08903,1.09023,1.08303,1.08547,87724,1.0,1.0,0.0,10202.730000000001,3,4,1,1.06973,1.062,0.0,0.0
2020-04-09,1.08561,1.0952,1.0841,1.09297,90579,-0.22937119,-0.22937119,0.0,10202.730000000001,3,4,1,1.06973,1.062,0.0,0.0
2020-04-10,1.09291,1.09525,1.09171,1.09306,39999,0.73033416,0.73033416,0.0,10202.730000000001,3,4,1,1.06973,1.062,0.0,0.0
2020-04-13,1.09485,1.09678,1.08927,1.09091,59005,0.9433736,0.9433736,0.0,10202.730000000001,3,4,1,1.06973,1.062,0.0,0.0
2020-04-14,1.09055,1.09872,1.09016,1.09818,73907,0.2758178,0.2758178,0.0,10202.730000000001,3,4,1,1.06973,1.062,0.0,0.0
2020-04-15,1.09784,1.09908,1.08564,1.09112,72856,0.2900262,0.2900262,0.0,10202.730000000001,3,4,1,1.06973,1.062,0.0,0.0
2020-04-16,1.09075,1.09112,1.08165,1.0839,89918,-0.48939294,-0.48939294,0.0,10202.730000000001,3,4,1,1.06973,1.062,0.0,0.0
2020-04-17,1.08382,1.08927,1.0812,1.08712,79630,0.5175763,0.5175763,0.0,10202.730000000001,3,4,1,1.06973,1.062,0.0,0.0
2020-04-20,1.0863,1.08968,1.08413,1.08622,59799,-1.0,-1.0,0.0,10726.350000000002,4,4,0,0.0,0.0,0.0,523.62
2020-04-21,1.08608,1.08803,1.08165,1.0857,68360,0.0018090941,0.0018090941,0.0,10726.350000000002,4,4,0,1.08712,1.0792,0.0,0.0
2020-04-22,1.08563,1.08852,1.08034,1.08231,52232,1.0,1.0,0.0,10726.350000000002,4,4,1,1.08231,1.0781,0.0,0.0
2020-04-23,1.08226,1.08468,1.0756,1.07758,76841,-1.0,-1.0,0.0,10726.350000000002,4,4,1,1.08231,1.0781,0.0,0.0
2020-04-24,1.07762,1.08296,1.07272,1.08261,60775,1.0,1.0,0.0,10577.920000000002,4,5,0,0.0,0.0,0.0,-148.43
2020-04-27,1.08212,1.086,1.08114,1.08294,54822,-0.7867172,-0.7867172,0.0,10577.920000000002,4,5,2,1.08294,1.0876,0.0,0.0
2020-04-28,1.08285,1.08884,1.08096,1.08197,55911,0.6419006,0.6419006,0.0,10577.920000000002,4,5,2,1.08294,1.0876,0.0,0.0
2020-04-29,1.0818,1.08856,1.08168,1.08732,57284,-1.0,-1.0,0.0,10577.920000000002,4,5,2,1.08294,1.0876,0.0,0.0
2020-04-30,1.08707,1.09726,1.0833,1.09516,78095,-1.0,-1.0,0.0,10577.920000000002,4,5,2,1.08294,1.0876,0.0,0.0
2020-05-01,1.09532,1.10188,1.09345,1.09806,55459,-1.0,-1.0,0.0,10193.600000000002,4,6,0,0.0,0.0,0.0,-384.32
2020-05-04,1.09677,1.09737,1.08957,1.09038,58065,0.83907217,0.83907217,0.0,10193.600000000002,4,6,1,1.09038,1.0867,0.0,0.0
2020-05-05,1.09054,1.09259,1.08259,1.08375,61173,-0.5159091,-0.5159091,0.0,10193.600000000002,4,6,1,1.09038,1.0867,0.0,0.0
2020-05-06,1.08376,1.0845,1.0782,1.07959,57672,-1.0,-1.0,0.0,9994.750000000002,4,7,0,0.0,0.0,0.0,-198.85
2020-05-07,1.07925,1.0834,1.07666,1.08318,64825,-1.0,-1.0,0.0,9994.750000000002,4,7,2,1.08318,1.0894,0.0,0.0
2020-05-08,1.08334,1.08756,1.08151,1.08384,51222,0.2512072,0.2512072,0.0,9994.750000000002,4,7,2,1.08318,1.0894,0.0,0.0
2020-05-11,1.08282,1.08506,1.08007,1.08066,54617,-1.0,-1.0,0.0,9994.750000000002,4,7,2,1.08318,1.0894,0.0,0.0
2020-05-12,1.08062,1.08854,1.07845,1.08485,58622,-1.0,-1.0,0.0,9994.750000000002,4,7,2,1.08318,1.0894,0.0,0.0
2020-05-13,1.0847,1.08966,1.08117,1.0819,62992,1.0,1.0,0.0,9945.580000000002,4,8,0,0.0,0.0,0.0,-49.17
2020-05-14,1.08176,1.0824,1.0775,1.08044,55857,0.07168399,0.07168399,0.0,9945.580000000002,4,8,0,1.09806,1.1017,0.0,0.0
2020-05-15,1.08039,1.08512,1.0789,1.0819,52906,-1.0,-1.0,0.0,9945.580000000002,4,8,2,1.0819,1.093,0.0,0.0
2020-05-18,1.08078,1.0927,1.0796,1.09142,51291,-0.7358769,-0.7358769,0.0,9945.580000000002,4,8,2,1.0819,1.093,0.0,0.0
2020-05-19,1.09139,1.0976,1.09022,1.09228,54073,1.0,1.0,0.0,9665.030000000002,4,9,0,0.0,0.0,0.0,-280.55
2020-05-20,1.09216,1.0999,1.09187,1.09781,50907,0.987623,0.987623,0.0,9665.030000000002,4,9,1,1.09781,1.0941,0.0,0.0
2020-05-21,1.09791,1.10083,1.09371,1.09493,52440,-0.36484456,-0.36484456,0.0,9665.030000000002,4,9,1,1.09781,1.0941,0.0,0.0
2020-05-22,1.09462,1.09537,1.08854,1.09032,45712,-0.2515756,-0.2515756,0.0,9665.030000000002,4,9,1,1.09781,1.0941,0.0,0.0
2020-05-25,1.08956,1.09146,1.08706,1.0897,30400,-1.0,-1.0,0.0,9450.750000000002,4,10,0,0.0,0.0,0.0,-214.28
2020-05-26,1.08949,1.0996,1.08913,1.09825,52413,-0.89664567,-0.89664567,0.0,9450.750000000002,4,10,2,1.09825,1.1019,0.0,0.0
2020-05-27,1.09817,1.1031,1.0934,1.10093,82533,0.42668673,0.42668673,0.0,9450.750000000002,4,10,2,1.09825,1.1019,0.0,0.0
2020-05-28,1.10037,1.10936,1.09918,1.10773,73655,0.26803306,0.26803306,0.0,9450.750000000002,4,10,2,1.09825,1.1019,0.0,0.0
2020-05-29,1.10767,1.11451,1.1066,1.11007,88493,-1.0,-1.0,0.0,9181.310000000001,4,11,0,0.0,0.0,0.0,-269.44
2020-06-01,1.11137,1.1154,1.11005,1.11339,74541,0.4241489,0.4241489,0.0,9181.310000000001,4,11,0,1.10093,1.0916,0.0,0.0
2020-06-02,1.11356,1.1196,1.11152,1.1169,81236,0.37570345,0.37570345,0.0,9181.310000000001,4,11,0,1.10093,1.0916,0.0,0.0
2020-06-03,1.11692,1.12579,1.11667,1.12337,91960,-0.46625668,-0.46625668,0.0,9181.310000000001,4,11,0,1.10093,1.0916,0.0,0.0
2020-06-04,1.12327,1.13623,1.11946,1.13355,99537,1.0,1.0,0.0,9181.310000000001,4,11,1,1.13355,1.1231,0.0,0.0
2020-06-05,1.13369,1.13838,1.12784,1.129,98291,-0.0029497845,-0.0029497845,0.0,9181.310000000001,4,11,1,1.13355,1.1231,0.0,0.0
2020-06-08,1.12934,1.132,1.12684,1.1294,74109,1.0,1.0,0.0,9181.310000000001,4,11,1,1.13355,1.1231,0.0,0.0
2020-06-09,1.12941,1.1364,1.12411,1.13383,85041,0.27643386,0.27643386,0.0,9181.310000000001,4,11,1,1.13355,1.1231,0.0,0.0
2020-06-10,1.13395,1.14226,1.13219,1.13757,98599,0.54588366,0.54588366,0.0,9181.310000000001,4,11,1,1.13355,1.1231,0.0,0.0
2020-06-11,1.13729,1.14037,1.12888,1.1298,137574,-0.6965091,-0.6965091,0.0,9295.28,5,11,0,0.0,0.0,0.0,113.97
2020-06-12,1.1294,1.13407,1.12127,1.12596,134102,-0.8369461,-0.8369461,0.0,9295.28,5,11,2,1.12596,1.137,0.0,0.0
2020-06-15,1.12333,1.13325,1.12263,1.13227,129696,0.16329208,0.16329208,0.0,9295.28,5,11,2,1.12596,1.137,0.0,0.0
2020-06-16,1.13237,1.13534,1.1228,1.12636,112595,-0.062174506,-0.062174506,0.0,9295.28,5,11,2,1.12596,1.137,0.0,0.0
2020-06-17,1.12633,1.1294,1.12068,1.12431,106571,0.90736026,0.90736026,0.0,9283.900000000001,5,12,0,0.0,0.0,0.0,-11.38
2020-06-18,1.12439,1.12614,1.11855,1.12046,101293,-0.9381624,-0.9381624,0.0,9283.900000000001,5,12,2,1.12046,1.1241,0.0,0.0
2020-06-19,1.12054,1.12542,1.11682,1.11777,95867,-0.85290146,-0.85290146,0.0,9283.900000000001,5,12,2,1.12046,1.1241,0.0,0.0
2020-06-22,1.11824,1.12701,1.11686,1.12615,80547,0.0025303494,0.0025303494,0.0,9283.900000000001,5,12,2,1.12046,1.1241,0.0,0.0
2020-06-23,1.12579,1.13488,1.12332,1.13087,104312,0.69057405,0.69057405,0.0,9122.390000000001,5,13,0,0.0,0.0,0.0,-161.51
2020-06-24,1.13077,1.13259,1.12484,1.125,97325,0.22531444,0.22531444,0.0,9122.390000000001,5,13,0,0.0,0.0,0.0,0.0
2020-06-25,1.12504,1.12598,1.11905,1.12182,95464,-0.45296225,-0.45296225,0.0,9122.390000000001,5,13,0,1.12182,1.1181,0.0,0.0
2020-06-26,1.12166,1.12394,1.11953,1.12185,69358,1.0,1.0,0.0,9122.390000000001,5,13,1,1.12185,1.1143,0.0,0.0
2020-06-29,1.12148,1.12879,1.1211,1.12426,75548,1.0,1.0,0.0,9122.390000000001,5,13,1,1.12185,1.1143,0.0,0.0
2020-06-30,1.12416,1.12618,1.1191,1.12336,79187,1.0,1.0,0.0,9122.390000000001,5,13,1,1.12185,1.1143,0.0,0.0
2020-07-01,1.12339,1.12752,1.11854,1.12512,77765,0.08201921,0.08201921,0.0,9122.390000000001,5,13,1,1.12185,1.1143,0.0,0.0
2020-07-02,1.12508,1.13027,1.12234,1.12394,76919,1.0,1.0,0.0,9122.390000000001,5,13,1,1.12185,1.1143,0.0,0.0
2020-07-03,1.12392,1.12513,1.12193,1.12474,65451,0.14397378,0.14397378,0.0,9122.390000000001,5,13,1,1.12185,1.1143,0.0,0.0
2020-07-06,1.12433,1.13456,1.12385,1.13089,72059,-0.22927378,-0.22927378,0.0,9122.390000000001,5,13,1,1.12185,1.1143,0.0,0.0
2020-07-07,1.1309,1.13326,1.12588,1.12744,80272,0.28329146,0.28329146,0.0,9122.390000000001,5,13,1,1.12185,1.1143,0.0,0.0
2020-07-08,1.12727,1.13518,1.12621,1.13298,74970,0.06342193,0.06342193,0.0,9122.390000000001,5,13,1,1.12185,1.1143,0.0,0.0
2020-07-09,1.13267,1.13708,1.12804,1.12848,89554,0.38062567,0.38062567,0.0,9122.390000000001,5,13,1,1.12185,1.1143,0.0,0.0
2020-07-10,1.12812,1.13248,1.1255,1.1299,74182,-1.0,-1.0,0.0,9307.670000000002,6,13,0,0.0,0.0,0.0,185.28
2020-07-13,1.13045,1.13749,1.13008,1.13428,66135,0.006633167,0.006633167,0.0,9307.670000000002,6,13,0,1.12848,1.1395,0.0,0.0
2020-07-14,1.13435,1.14088,1.13252,1.13999,91374,0.62380093,0.62380093,0.0,9307.670000000002,6,13,1,1.13999,1.1355,0.0,0.0
2020-07-15,1.13948,1.14521,1.13894,1.14115,81256,-1.0,-1.0,0.0,9307.670000000002,6,13,1,1.13999,1.1355,0.0,0.0
2020-07-16,1.1411,1.14416,1.13705,1.13822,81026,-1.0,-1.0,0.0,9341.110000000002,7,13,0,0.0,0.0,0.0,33.44
2020-07-17,1.13834,1.14437,1.1375,1.14246,61360,-0.5858315,-0.5858315,0.0,9341.110000000002,7,13,2,1.14246,1.1483,0.0,0.0
2020-07-20,1.1406,1.14679,1.14026,1.14478,94545,0.76552266,0.76552266,0.0,9341.110000000002,7,13,2,1.14246,1.1483,0.0,0.0
2020-07-21,1.14474,1.15398,1.14231,1.15286,110637,0.52583003,0.52583003,0.0,9341.110000000002,7,13,2,1.14246,1.1483,0.0,0.0
2020-07-22,1.15265,1.16015,1.1507,1.15703,131208,-0.37797487,-0.37797487,0.0,9037.050000000003,7,14,0,0.0,0.0,0.0,-304.06
2020-07-23,1.15702,1.16269,1.15404,1.15971,121994,0.75180006,0.75180006,0.0,9037.050000000003,7,14,1,1.15971,1.1542,0.0,0.0
2020-07-24,1.15961,1.16583,1.15814,1.16556,119680,0.8754625,0.8754625,0.0,9037.050000000003,7,14,1,1.15971,1.1542,0.0,0.0
2020-07-27,1.16425,1.17814,1.16404,1.17513,133366,0.59412855,0.59412855,0.0,9037.050000000003,7,14,1,1.15971,1.1542,0.0,0.0
2020-07-28,1.17513,1.17737,1.16988,1.17169,134242,-0.37020382,-0.37020382,0.0,9037.050000000003,7,14,1,1.15971,1.1542,0.0,0.0
2020-07-29,1.1715,1.18062,1.17103,1.17903,126043,-0.4770217,-0.4770217,0.0,9037.050000000003,7,14,1,1.15971,1.1542,0.0,0.0
2020-07-30,1.17908,1.18484,1.17309,1.18468,130947,0.78524846,0.78524846,0.0,9037.050000000003,7,14,1,1.15971,1.1542,0.0,0.0
2020-07-31,1.18471,1.19088,1.17616,1.17735,164144,1.0,1.0,0.0,9037.050000000003,7,14,1,1.15971,1.1542,0.0,0.0
2020-08-03,1.17708,1.17968,1.1696,1.17627,122489,1.0,1.0,0.0,9037.050000000003,7,14,1,1.15971,1.1542,0.0,0.0
2020-08-04,1.17617,1.18062,1.17213,1.18027,115217,1.0,1.0,0.0,9037.050000000003,7,14,1,1.15971,1.1542,0.0,0.0
2020-08-05,1.18025,1.1905,1.17928,1.18641,110461,1.0,1.0,0.0,9037.050000000003,7,14,1,1.15971,1.1542,0.0,0.0
2020-08-06,1.1863,1.1916,1.1818,1.18768,139669,0.078960076,0.078960076,0.0,9037.050000000003,7,14,1,1.15971,1.1542,0.0,0.0
2020-08-07,1.18762,1.18831,1.17553,1.17868,134595,1.0,1.0,0.0,9037.050000000003,7,14,1,1.15971,1.1542,0.0,0.0
2020-08-10,1.17869,1.18008,1.17362,1.17366,88978,1.0,1.0,0.0,9037.050000000003,7,14,1,1.15971,1.1542,0.0,0.0
2020-08-11,1.17373,1.18079,1.17222,1.17395,128441,1.0,1.0,0.0,9037.050000000003,7,14,1,1.15971,1.1542,0.0,0.0
2020-08-12,1.17399,1.18166,1.17112,1.17854,126280,0.17432301,0.17432301,0.0,9037.050000000003,7,14,1,1.15971,1.1542,0.0,0.0
2020-08-13,1.1784,1.18642,1.17763,1.18146,111110,0.21414012,0.21414012,0.0,9037.050000000003,7,14,1,1.15971,1.1542,0.0,0.0
2020-08-14,1.18129,1.18505,1.17819,1.18404,99236,0.3462262,0.3462262,0.0,9037.050000000003,7,14,1,1.15971,1.1542,0.0,0.0
2020-08-17,1.18394,1.1881,1.18288,1.18701,85563,-0.45404968,-0.45404968,0.0,9037.050000000003,7,14,1,1.15971,1.1542,0.0,0.0
2020-08-18,1.18699,1.19658,1.1855,1.19314,112003,-0.66256696,-0.66256696,0.0,9832.050000000003,8,14,0,0.0,0.0,0.0,795.0
2020-08-19,1.1931,1.19527,1.18304,1.18392,117974,0.49551007,0.49551007,0.0,9832.050000000003,8,14,0,1.19314,1.1968,0.0,0.0
2020-08-20,1.18364,1.18687,1.18021,1.18612,123960,1.0,1.0,0.0,9832.050000000003,8,14,1,1.18612,1.1791,0.0,0.0
2020-08-21,1.186,1.18829,1.17542,1.17956,105794,0.8516662,0.8516662,0.0,9832.050000000003,8,14,1,1.18612,1.1791,0.0,0.0
2020-08-24,1.17892,1.18497,1.17844,1.17873,83954,1.0,1.0,0.0,9832.050000000003,8,14,1,1.18612,1.1791,0.0,0.0
2020-08-25,1.17875,1.18438,1.17843,1.18339,105007,0.024680518,0.024680518,0.0,9599.530000000002,8,15,0,0.0,0.0,0.0,-232.52
2020-08-26,1.18342,1.18394,1.17724,1.18303,94940,0.0627691,0.0627691,0.0,9599.530000000002,8,15,0,0.0,0.0,0.0,0.0
2020-08-27,1.183,1.1902,1.17626,1.18217,157424,-0.44865245,-0.44865245,0.0,9599.530000000002,8,15,0,1.18217,1.1931,0.0,0.0
2020-08-28,1.18216,1.19199,1.18111,1.19063,139457,-0.04105274,-0.04105274,0.0,9599.530000000002,8,15,0,1.18217,1.1931,0.0,0.0
2020-08-31,1.18938,1.19661,1.1884,1.19363,114071,0.06611997,0.06611997,0.0,9599.530000000002,8,15,0,1.18217,1.1931,0.0,0.0
2020-09-01,1.19361,1.20115,1.19014,1.19118,136474,0.33015627,0.33015627,0.0,9599.530000000002,8,15,0,0.0,0.0,0.0,0.0
2020-09-02,1.19117,1.19288,1.18222,1.18542,114923,-1.0,-1.0,0.0,9599.530000000002,8,15,2,1.18542,1.1891,0.0,0.0
2020-09-03,1.18545,1.18646,1.17891,1.18515,130734,-0.68956846,-0.68956846,0.0,9599.530000000002,8,15,2,1.18542,1.1891,0.0,0.0
2020-09-04,1.18513,1.18655,1.17809,1.18379,134262,-1.0,-1.0,0.0,9599.530000000002,8,15,2,1.18542,1.1891,0.0,0.0
2020-09-07,1.18448,1.18487,1.18117,1.18127,63862,1.0,1.0,0.0,9649.810000000003,9,15,0,0.0,0.0,0.0,50.28
2020-09-08,1.18124,1.18275,1.17656,1.17738,130501,0.5742719,0.5742719,0.0,9649.810000000003,9,15,1,1.17738,1.1717,0.0,0.0
2020-09-09,1.17733,1.1834,1.17529,1.1803,113122,-0.29471275,-0.29471275,0.0,9649.810000000003,9,15,1,1.17738,1.1717,0.0,0.0
2020-09-10,1.18028,1.19174,1.17971,1.18147,138204,0.06283348,0.06283348,0.0,9649.810000000003,9,15,1,1.17738,1.1717,0.0,0.0
2020-09-11,1.1815,1.18742,1.18097,1.18446,96674,-0.74285305,-0.74285305,0.0,9776.390000000003,10,15,0,0.0,0.0,0.0,126.58
2020-09-14,1.18347,1.1888,1.18321,1.18638,72992,-0.67359436,-0.67359436,0.0,9776.390000000003,10,15,2,1.18638,1.1901,0.0,0.0
2020-09-15,1.18641,1.19006,1.18398,1.18466,81953,0.062390752,0.062390752,0.0,9776.390000000003,10,15,2,1.18638,1.1901,0.0,0.0
2020-09-16,1.18467,1.18825,1.17878,1.18162,117853,0.25817668,0.25817668,0.0,9776.390000000003,10,15,2,1.18638,1.1901,0.0,0.0
2020-09-17,1.18157,1.18524,1.17376,1.18477,127277,-0.83346045,-0.83346045,0.0,9776.390000000003,10,15,2,1.18638,1.1901,0.0,0.0
2020-09-18,1.18477,1.18706,1.18264,1.18426,91465,0.35227633,0.35227633,0.0,9776.390000000003,10,15,2,1.18638,1.1901,0.0,0.0
2020-09-21,1.18398,1.18717,1.17318,1.17714,109535,0.39138845,0.39138845,0.0,9776.390000000003,10,15,2,1.18638,1.1901,0.0,0.0
2020-09-22,1.17709,1.1773,1.16918,1.17048,119140,-0.9508316,-0.9508316,0.0,9776.390000000003,10,15,2,1.18638,1.1901,0.0,0.0
2020-09-23,1.17074,1.17189,1.16514,1.16603,118520,-0.1458532,-0.1458532,0.0,9776.390000000003,10,15,2,1.18638,1.1901,0.0,0.0
2020-09-24,1.16601,1.1687,1.16265,1.16682,115725,-0.73974216,-0.73974216,0.0,9776.390000000003,10,15,2,1.18638,1.1901,0.0,0.0
2020-09-25,1.16722,1.16851,1.16122,1.16307,95539,-1.0,-1.0,0.0,9776.390000000003,10,15,2,1.18638,1.1901,0.0,0.0
2020-09-28,1.16194,1.16802,1.16152,1.16668,82596,-0.3514373,-0.3514373,0.0,9776.390000000003,10,15,2,1.18638,1.1901,0.0,0.0
2020-09-29,1.16607,1.17455,1.16607,1.17433,85377,-0.3132268,-0.3132268,0.0,9776.390000000003,10,15,2,1.18638,1.1901,0.0,0.0
2020-09-30,1.17428,1.1755,1.16848,1.17208,120834,0.22956455,0.22956455,0.0,9776.390000000003,10,15,2,1.18638,1.1901,0.0,0.0
2020-10-01,1.17194,1.17698,1.17173,1.17456,120015,-0.5317616,-0.5317616,0.0,9776.390000000003,10,15,2,1.18638,1.1901,0.0,0.0
2020-10-02,1.17493,1.17493,1.16958,1.17162,128390,-0.61547595,-0.61547595,0.0,9776.390000000003,10,15,2,1.18638,1.1901,0.0,0.0
2020-10-05,1.17108,1.17976,1.17058,1.17845,78805,-1.0,-1.0,0.0,9776.390000000003,10,15,2,1.18638,1.1901,0.0,0.0
2020-10-06,1.1782,1.18078,1.17319,1.17335,100922,0.70576596,0.70576596,0.0,10024.400000000003,11,15,0,0.0,0.0,0.0,248.01
2020-10-07,1.17332,1.17819,1.1725,1.17629,90118,-0.5485689,-0.5485689,0.0,10024.400000000003,11,15,2,1.17629,1.1873,0.0,0.0
2020-10-08,1.17602,1.17817,1.17329,1.17601,74130,0.64116603,0.64116603,0.0,10024.400000000003,11,15,2,1.17629,1.1873,0.0,0.0
2020-10-09,1.17582,1.18309,1.17553,1.18302,73140,-0.2353432,-0.2353432,0.0,10024.400000000003,11,15,2,1.17629,1.1873,0.0,0.0
2020-10-12,1.18102,1.18268,1.17869,1.18119,59725,0.17099158,0.17099158,0.0,10024.400000000003,11,15,2,1.17629,1.1873,0.0,0.0
2020-10-13,1.18109,1.18154,1.17306,1.17455,73428,-1.0,-1.0,0.0,10024.400000000003,11,15,2,1.17629,1.1873,0.0,0.0
2020-10-14,1.17443,1.17711,1.17199,1.17469,75177,-0.7123221,-0.7123221,0.0,10024.400000000003,11,15,2,1.17629,1.1873,0.0,0.0
2020-10-15,1.17452,1.17579,1.16885,1.17074,80019,-0.64096475,-0.64096475,0.0,10024.400000000003,11,15,2,1.17629,1.1873,0.0,0.0
2020-10-16,1.17071,1.17463,1.16942,1.17147,70171,-0.14295216,-0.14295216,0.0,10024.400000000003,11,15,2,1.17629,1.1873,0.0,0.0
2020-10-19,1.17158,1.17938,1.17032,1.17709,70775,-0.7837341,-0.7837341,0.0,10024.400000000003,11,15,2,1.17629,1.1873,0.0,0.0
2020-10-20,1.17684,1.18408,1.17599,1.18224,69141,1.0,1.0,0.0,9998.760000000004,11,16,0,0.0,0.0,0.0,-25.64
2020-10-21,1.18212,1.18808,1.18182,1.18611,86043,0.15065464,0.15065464,0.0,9998.760000000004,11,16,0,1.18611,1.1898,0.0,0.0
2020-10-22,1.18618,1.18669,1.18113,1.18187,73235,1.0,1.0,0.0,9998.760000000004,11,16,1,1.18187,1.1776,0.0,0.0
2020-10-23,1.18173,1.18648,1.17868,1.18614,70032,-0.66233325,-0.66233325,0.0,9998.760000000004,11,16,1,1.18187,1.1776,0.0,0.0
2020-10-26,1.18532,1.18599,1.18034,1.18092,69488,1.0,1.0,0.0,9998.760000000004,11,16,1,1.18187,1.1776,0.0,0.0
2020-10-27,1.18081,1.18389,1.17929,1.17954,58616,0.53423434,0.53423434,0.0,9998.760000000004,11,16,1,1.18187,1.1776,0.0,0.0
2020-10-28,1.17956,1.17971,1.17179,1.17462,82837,-0.83572906,-0.83572906,0.0,9924.150000000003,11,17,0,0.0,0.0,0.0,-74.61
2020-10-29,1.17459,1.1759,1.16503,1.16731,88077,0.2350117,0.2350117,0.0,9924.150000000003,11,17,0,1.17462,1.1783,0.0,0.0
2020-10-30,1.16739,1.17044,1.16401,1.16454,88186,0.6576902,0.6576902,0.0,9924.150000000003,11,17,1,1.16454,1.1609,0.0,0.0
2020-11-02,1.16464,1.16558,1.16223,1.16403,73472,-0.43399236,-0.43399236,0.0,9924.150000000003,11,17,1,1.16454,1.1609,0.0,0.0
2020-11-03,1.16406,1.17398,1.16276,1.17202,63978,-0.2386685,-0.2386685,0.0,9924.150000000003,11,17,1,1.16454,1.1609,0.0,0.0
2020-11-04,1.17128,1.17709,1.16029,1.17231,180308,0.091742486,0.091742486,0.0,9924.150000000003,11,17,1,1.16454,1.1609,0.0,0.0
2020-11-05,1.17248,1.18598,1.17109,1.18269,123019,-0.16395578,-0.16395578,0.0,9924.150000000003,11,17,1,1.16454,1.1609,0.0,0.0
2020-11-06,1.18243,1.18911,1.17954,1.18752,116735,-0.27958906,-0.27958906,0.0,9924.150000000003,11,17,1,1.16454,1.1609,0.0,0.0
2020-11-09,1.18893,1.19201,1.17954,1.18135,151130,0.30347225,0.30347225,0.0,9924.150000000003,11,17,1,1.16454,1.1609,0.0,0.0
2020-11-10,1.1813,1.18433,1.17799,1.18172,126975,0.93614095,0.93614095,0.0,9924.150000000003,11,17,1,1.16454,1.1609,0.0,0.0
2020-11-11,1.1814,1.18327,1.17455,1.17788,75972,-1.0,-1.0,0.0,10471.110000000004,12,17,0,0.0,0.0,0.0,546.96
2020-11-12,1.17768,1.18232,1.17586,1.18056,79633,-0.9441718,-0.9441718,0.0,10471.110000000004,12,17,2,1.18056,1.1856,0.0,0.0
2020-11-13,1.18047,1.18374,1.1799,1.18325,62296,-0.30188465,-0.30188465,0.0,10471.110000000004,12,17,2,1.18056,1.1856,0.0,0.0
2020-11-16,1.18402,1.18689,1.18143,1.18539,73951,-0.034477867,-0.034477867,0.0,10471.110000000004,12,17,2,1.18056,1.1856,0.0,0.0
2020-11-17,1.18505,1.18938,1.18427,1.18611,62696,0.9119832,0.9119832,0.0,10308.350000000004,12,18,0,0.0,0.0,0.0,-162.76
2020-11-18,1.1861,1.18909,1.18492,1.18544,68752,0.1355709,0.1355709,0.0,10308.350000000004,12,18,0,1.18544,1.1818,0.0,0.0
2020-11-19,1.18525,1.18825,1.18164,1.18735,71482,0.17773186,0.17773186,0.0,10308.350000000004,12,18,0,1.18544,1.1818,0.0,0.0
2020-11-20,1.18743,1.1891,1.18499,1.1858,62058,-0.23034565,-0.23034565,0.0,10308.350000000004,12,18,0,1.18544,1.1818,0.0,0.0
2020-11-23,1.18526,1.19059,1.17999,1.1841,71116,-0.2115044,-0.2115044,0.0,10308.350000000004,12,18,0,0.0,0.0,0.0,0.0
2020-11-24,1.18405,1.18959,1.18356,1.18927,71808,-0.23928343,-0.23928343,0.0,10308.350000000004,12,18,0,1.18927,1.1856,0.0,0.0
2020-11-25,1.18914,1.19298,1.18819,1.19139,78370,-0.9005308,-0.9005308,0.0,10308.350000000004,12,18,2,1.19139,1.1951,0.0,0.0
2020-11-26,1.19157,1.19409,1.18853,1.1913,45192,0.10145679,0.10145679,0.0,10308.350000000004,12,18,2,1.19139,1.1951,0.0,0.0
2020-11-27,1.19126,1.19637,1.19066,1.19609,51930,-0.8823197,-0.8823197,0.0,10308.350000000004,12,18,2,1.19139,1.1951,0.0,0.0
2020-11-30,1.19611,1.20034,1.19239,1.19257,78351,-0.7116187,-0.7116187,0.0,10151.020000000004,12,19,0,0.0,0.0,0.0,-157.33
2020-12-01,1.19256,1.20766,1.19242,1.2072,82365,-0.6765374,-0.6765374,0.0,10151.020000000004,12,19,2,1.2072,1.2126,0.0,0.0
2020-12-02,1.20688,1.21185,1.20401,1.21156,88376,-0.21922204,-0.21922204,0.0,10151.020000000004,12,19,2,1.2072,1.2126,0.0,0.0
2020-12-03,1.21152,1.21746,1.21012,1.21479,80835,-0.098938696,-0.098938696,0.0,10151.020000000004,12,19,2,1.2072,1.2126,0.0,0.0
2020-12-04,1.21437,1.21776,1.21102,1.21209,85253,-0.6795648,-0.6795648,0.0,9896.920000000004,12,20,0,0.0,0.0,0.0,-254.1
2020-12-07,1.21298,1.21663,1.20786,1.2109,82751,0.91242695,0.91242695,0.0,9896.920000000004,12,20,1,1.2109,1.2006,0.0,0.0
2020-12-08,1.21091,1.2134,1.20954,1.21046,80209,-1.0,-1.0,0.0,9896.920000000004,12,20,1,1.2109,1.2006,0.0,0.0
2020-12-09,1.21023,1.21473,1.20588,1.20814,78127,-0.03450868,-0.03450868,0.0,9896.920000000004,12,20,1,1.2109,1.2006,0.0,0.0
2020-12-10,1.20799,1.2159,1.20746,1.21416,97123,0.55449456,0.55449456,0.0,9896.920000000004,12,20,1,1.2109,1.2006,0.0,0.0
2020-12-11,1.2136,1.21629,1.21054,1.21138,79389,1.0,1.0,0.0,9896.920000000004,12,20,1,1.2109,1.2006,0.0,0.0
2020-12-14,1.21349,1.21768,1.21157,1.21431,69281,1.0,1.0,0.0,9896.920000000004,12,20,1,1.2109,1.2006,0.0,0.0
2020-12-15,1.21436,1.2169,1.21215,1.21528,68450,-0.56125534,-0.56125534,0.0,10008.160000000003,13,20,0,0.0,0.0,0.0,111.24
2020-12-16,1.21497,1.22123,1.21251,1.21994,83636,0.8940222,0.8940222,0.0,10008.160000000003,13,20,1,1.21994,1.2163,0.0,0.0
2020-12-17,1.21988,1.22728,1.21901,1.22669,72196,1.0,1.0,0.0,10008.160000000003,13,20,1,1.21994,1.2163,0.0,0.0
2020-12-18,1.22676,1.22711,1.22256,1.2255,66082,1.0,1.0,0.0,10008.160000000003,13,20,1,1.21994,1.2163,0.0,0.0
2020-12-21,1.22199,1.22529,1.21296,1.22431,115963,-0.17059702,-0.17059702,0.0,10008.160000000003,13,20,1,1.21994,1.2163,0.0,0.0
2020-12-22,1.2241,1.2257,1.21521,1.21629,86582,1.0,1.0,0.0,10008.160000000003,13,20,1,1.21994,1.2163,0.0,0.0
2020-12-23,1.2162,1.22211,1.21539,1.21861,82063,-1.0,-1.0,0.0,9887.530000000004,13,21,0,0.0,0.0,0.0,-120.63
2020-12-24,1.21853,1.22156,1.21772,1.21808,40160,-0.8116778,-0.8116778,0.0,9887.530000000004,13,21,2,1.21808,1.2218,0.0,0.0
2020-12-28,1.21796,1.22504,1.21795,1.22148,69211,1.0,1.0,0.0,9887.530000000004,13,21,2,1.21808,1.2218,0.0,0.0
2020-12-29,1.22163,1.22752,1.2207,1.22498,66675,0.580351,0.580351,0.0,9887.530000000004,13,21,2,1.21808,1.2218,0.0,0.0
2020-12-30,1.22474,1.23101,1.2244,1.22998,71677,-0.662714,-0.662714,0.0,9660.640000000005,13,22,0,0.0,0.0,0.0,-226.89
2020-12-31,1.22952,1.23094,1.22151,1.22168,64106,-1.0,-1.0,0.0,9660.640000000005,13,22,2,1.22168,1.2254,0.0,0.0
2021-01-04,1.22393,1.23096,1.22276,1.22521,103051,1.0,1.0,0.0,9660.640000000005,13,22,2,1.22168,1.2254,0.0,0.0
2021-01-05,1.22484,1.23058,1.22434,1.22986,95295,1.0,1.0,0.0,9547.200000000004,13,23,0,0.0,0.0,0.0,-113.44
2021-01-06,1.22941,1.23495,1.22657,1.23263,142869,-0.20569745,-0.20569745,0.0,9547.200000000004,13,23,0,1.22521,1.2329,0.0,0.0
2021-01-07,1.23252,1.23444,1.22452,1.22693,106299,0.6734247,0.6734247,0.0,9547.200000000004,13,23,1,1.22693,1.2232,0.0,0.0
2021-01-08,1.22711,1.22847,1.21932,1.22193,120479,0.36976036,0.36976036,0.0,9547.200000000004,13,23,1,1.22693,1.2232,0.0,0.0
2021-01-11,1.22155,1.22212,1.21323,1.21502,99804,-0.7416835,-0.7416835,0.0,9388.840000000004,13,24,0,0.0,0.0,0.0,-158.36
2021-01-12,1.21512,1.22096,1.21372,1.22077,90297,-1.0,-1.0,0.0,9388.840000000004,13,24,2,1.22077,1.2245,0.0,0.0
2021-01-13,1.22062,1.22228,1.21399,1.21578,87376,0.9287891,0.9287891,0.0,9388.840000000004,13,24,2,1.22077,1.2245,0.0,0.0
2021-01-14,1.21569,1.21788,1.21111,1.21545,96826,0.8565366,0.8565366,0.0,9543.460000000005,14,24,0,0.0,0.0,0.0,154.62
2021-01-15,1.21523,1.21626,1.20749,1.20757,84659,-0.60419494,-0.60419494,0.0,9543.460000000005,14,24,2,1.20757,1.2113,0.0,0.0
2021-01-18,1.20822,1.20869,1.20536,1.20759,62184,1.0,1.0,0.0,9543.460000000005,14,24,2,1.20757,1.2113,0.0,0.0
2021-01-19,1.20748,1.21451,1.20741,1.21286,73491,0.26610777,0.26610777,0.0,9543.460000000005,14,24,2,1.20757,1.2113,0.0,0.0
2021-01-20,1.21287,1.21583,1.20769,1.21057,80929,-0.1458033,-0.1458033,0.0,9377.220000000005,14,25,0,0.0,0.0,0.0,-166.24
2021-01-21,1.21061,1.21732,1.21033,1.21679,87061,-1.0,-1.0,0.0,9377.220000000005,14,25,2,1.21679,1.2205,0.0,0.0
2021-01-22,1.21609,1.21897,1.21517,1.21713,76170,-0.19672394,-0.19672394,0.0,9377.220000000005,14,25,2,1.21679,1.2205,0.0,0.0
2021-01-25,1.21668,1.21834,1.2116,1.21415,80697,1.0,1.0,0.0,9366.680000000004,14,26,0,0.0,0.0,0.0,-10.54
2021-01-26,1.21384,1.21759,1.21078,1.21598,77453,-1.0,-1.0,0.0,9366.680000000004,14,26,2,1.21598,1.2197,0.0,0.0
2021-01-27,1.21599,1.21698,1.20584,1.21121,110415,0.8490266,0.8490266,0.0,9366.680000000004,14,26,2,1.21598,1.2197,0.0,0.0
2021-01-28,1.21099,1.2142,1.20807,1.21222,110042,-0.63317513,-0.63317513,0.0,9366.680000000004,14,26,2,1.21598,1.2197,0.0,0.0
2021-01-29,1.21192,1.2156,1.20945,1.21367,119132,0.46936148,0.46936148,0.0,9366.680000000004,14,26,2,1.21598,1.2197,0.0,0.0
2021-02-01,1.2128,1.21366,1.20562,1.20609,93583,0.80139655,0.80139655,0.0,9437.960000000005,15,26,0,0.0,0.0,0.0,71.28
2021-02-02,1.20593,1.20878,1.20117,1.20431,83594,-0.5125959,-0.5125959,0.0,9437.960000000005,15,26,2,1.20431,1.208,0.0,0.0
2021-02-03,1.20433,1.20502,1.20042,1.20353,68835,-0.90685505,-0.90685505,0.0,9437.960000000005,15,26,2,1.20431,1.208,0.0,0.0
2021-02-04,1.20358,1.20429,1.19577,1.19611,72742,0.8707332,0.8707332,0.0,9462.000000000005,16,26,0,0.0,0.0,0.0,24.04
2021-02-05,1.19609,1.205,1.19522,1.20489,72968,-0.07534437,-0.07534437,0.0,9462.000000000005,16,26,0,1.19611,1.1863,0.0,0.0
2021-02-08,1.20374,1.2066,1.20198,1.20499,62424,-1.0,-1.0,0.0,9462.000000000005,16,26,2,1.20499,1.2094,0.0,0.0
2021-02-09,1.2043,1.21219,1.2043,1.21197,71513,0.4528546,0.4528546,0.0,9462.000000000005,16,26,2,1.20499,1.2094,0.0,0.0
2021-02-10,1.21182,1.21442,1.21088,1.21183,70361,-0.18465406,-0.18465406,0.0,9244.690000000006,16,27,0,0.0,0.0,0.0,-217.31
2021-02-11,1.21178,1.21495,1.21136,1.21317,52269,-1.0,-1.0,0.0,9244.690000000006,16,27,2,1.21317,1.2169,0.0,0.0
2021-02-12,1.21288,1.21344,1.20816,1.21182,55428,-0.53579044,-0.53579044,0.0,9244.690000000006,16,27,2,1.21317,1.2169,0.0,0.0
2021-02-15,1.21242,1.21451,1.21167,1.21271,40207,-0.50229734,-0.50229734,0.0,9244.690000000006,16,27,2,1.21317,1.2169,0.0,0.0
2021-02-16,1.21274,1.21694,1.2095,1.21034,72120,1.0,1.0,0.0,9258.680000000006,17,27,0,0.0,0.0,0.0,13.99
2021-02-17,1.21066,1.21075,1.20233,1.20417,78253,1.0,1.0,0.0,9258.680000000006,17,27,1,1.20417,1.1931,0.0,0.0
2021-02-18,1.20311,1.20946,1.20311,1.20933,70232,-0.6042114,-0.6042114,0.0,9258.680000000006,17,27,1,1.20417,1.1931,0.0,0.0
2021-02-19,1.20897,1.21445,1.20824,1.21172,64581,0.8125072,0.8125072,0.0,9258.680000000006,17,27,1,1.20417,1.1931,0.0,0.0
2021-02-22,1.21124,1.21694,1.20914,1.21581,78518,-1.0,-1.0,0.0,9488.620000000006,18,27,0,0.0,0.0,0.0,229.94
2021-02-23,1.21541,1.21802,1.21354,1.21496,73817,-0.6775632,-0.6775632,0.0,9488.620000000006,18,27,2,1.21496,1.2186,0.0,0.0
2021-02-24,1.21494,1.21747,1.21093,1.21684,93772,1.0,1.0,0.0,9488.620000000006,18,27,2,1.21496,1.2186,0.0,0.0
2021-02-25,1.21632,1.22429,1.21562,1.21774,125620,0.25504956,0.25504956,0.0,9488.620000000006,18,27,2,1.21496,1.2186,0.0,0.0
2021-02-26,1.21707,1.21835,1.20623,1.20736,146670,-0.34195957,-0.34195957,0.0,9488.620000000006,18,27,2,1.21496,1.2186,0.0,0.0
2021-03-01,1.207,1.21012,1.20276,1.20484,86071,-1.0,-1.0,0.0,9488.620000000006,18,27,2,1.21496,1.2186,0.0,0.0
2021-03-02,1.20488,1.20944,1.19918,1.20905,86796,-0.4249761,-0.4249761,0.0,9488.620000000006,18,27,2,1.21496,1.2186,0.0,0.0
2021-03-03,1.20906,1.21132,1.20426,1.20623,88084,-1.0,-1.0,0.0,9488.620000000006,18,27,2,1.21496,1.2186,0.0,0.0
2021-03-04,1.20628,1.20663,1.19616,1.19721,118005,-0.9153081,-0.9153081,0.0,9488.620000000006,18,27,2,1.21496,1.2186,0.0,0.0
2021-03-05,1.19647,1.19767,1.18928,1.19102,129374,-0.6977266,-0.6977266,0.0,9488.620000000006,18,27,2,1.21496,1.2186,0.0,0.0
2021-03-08,1.19169,1.19323,1.18442,1.18465,101343,-0.47712147,-0.47712147,0.0,9488.620000000006,18,27,2,1.21496,1.2186,0.0,0.0
2021-03-09,1.18466,1.19159,1.18356,1.19008,91306,0.9806515,0.9806515,0.0,10413.540000000006,19,27,0,0.0,0.0,0.0,924.92
2021-03-10,1.19001,1.19298,1.18689,1.19291,87897,0.042988345,0.042988345,0.0,10413.540000000006,19,27,0,1.19008,1.1971,0.0,0.0
2021-03-11,1.19286,1.199,1.19157,1.19852,86724,0.56741774,0.56741774,0.0,10413.540000000006,19,27,1,1.19852,1.1875,0.0,0.0
2021-03-12,1.19856,1.19885,1.19101,1.19518,83713,1.0,1.0,0.0,10413.540000000006,19,27,1,1.19852,1.1875,0.0,0.0
2021-03-15,1.19433,1.19675,1.19112,1.19298,70098,-0.23217861,-0.23217861,0.0,10413.540000000006,19,27,1,1.19852,1.1875,0.0,0.0
2021-03-16,1.19272,1.19518,1.18822,1.19024,68811,-0.09753683,-0.09753683,0.0,10413.540000000006,19,27,1,1.19852,1.1875,0.0,0.0
2021-03-17,1.19021,1.19854,1.18862,1.19799,72262,1.0,1.0,0.0,10413.540000000006,19,27,1,1.19852,1.1875,0.0,0.0
2021-03-18,1.19785,1.19889,1.19061,1.19158,91431,0.15351425,0.15351425,0.0,10413.540000000006,19,27,1,1.19852,1.1875,0.0,0.0
2021-03-19,1.19136,1.19372,1.1874,1.19061,73088,0.7337397,0.7337397,0.0,10413.540000000006,19,27,1,1.19852,1.1875,0.0,0.0
2021-03-22,1.18716,1.19468,1.18709,1.19327,62321,1.0,1.0,0.0,10413.540000000006,19,27,1,1.19852,1.1875,0.0,0.0
2021-03-23,1.19322,1.19408,1.18422,1.18503,75285,0.79881775,0.79881775,0.0,10413.540000000006,19,27,1,1.19852,1.1875,0.0,0.0
2021-03-24,1.18491,1.18531,1.18097,1.18118,77508,0.33823198,0.33823198,0.0,9961.600000000006,19,28,0,0.0,0.0,0.0,-451.94
2021-03-25,1.18127,1.18278,1.17619,1.17641,84515,0.5761963,0.5761963,0.0,9961.600000000006,19,28,1,1.17641,1.1727,0.0,0.0
2021-03-26,1.1764,1.1805,1.17634,1.17929,62566,0.18145993,0.18145993,0.0,9961.600000000006,19,28,1,1.17641,1.1727,0.0,0.0
2021-03-29,1.17908,1.17938,1.17606,1.17652,66562,0.7496502,0.7496502,0.0,9961.600000000006,19,28,1,1.17641,1.1727,0.0,0.0
2021-03-30,1.17645,1.17738,1.17113,1.17158,62219,-1.0,-1.0,0.0,9965.090000000006,20,28,0,0.0,0.0,0.0,3.49
2021-03-31,1.17166,1.17598,1.17041,1.173,63089,0.44166824,0.44166824,0.0,9965.090000000006,20,28,0,0.0,0.0,0.0,0.0
2021-04-01,1.17303,1.178,1.17126,1.17776,63945,-0.91180867,-0.91180867,0.0,9965.090000000006,20,28,2,1.17776,1.185,0.0,0.0
2021-04-02,1.17762,1.17867,1.1749,1.17623,26815,0.5079106,0.5079106,0.0,9965.090000000006,20,28,2,1.17776,1.185,0.0,0.0
2021-04-05,1.17548,1.18195,1.17379,1.18124,39148,-1.0,-1.0,0.0,9965.090000000006,20,28,2,1.17776,1.185,0.0,0.0
2021-04-06,1.18121,1.18777,1.17969,1.18762,56555,-0.40269226,-0.40269226,0.0,9965.090000000006,20,28,2,1.17776,1.185,0.0,0.0
2021-04-07,1.18748,1.19148,1.18609,1.18717,69568,0.25506783,0.25506783,0.0,9648.290000000006,20,29,0,0.0,0.0,0.0,-316.8
2021-04-08,1.18636,1.19274,1.18608,1.19162,58947,-0.6061556,-0.6061556,0.0,9648.290000000006,20,29,2,1.19162,1.1953,0.0,0.0
2021-04-09,1.1913,1.19201,1.18671,1.19012,59566,-0.1084993,-0.1084993,0.0,9648.290000000006,20,29,2,1.19162,1.1953,0.0,0.0
2021-04-12,1.18898,1.19192,1.18712,1.19115,59188,0.44453117,0.44453117,0.0,9648.290000000006,20,29,2,1.19162,1.1953,0.0,0.0
2021-04-13,1.19102,1.19559,1.18781,1.19489,72155,-1.0,-1.0,0.0,9648.290000000006,20,29,2,1.19162,1.1953,0.0,0.0
2021-04-14,1.19485,1.19874,1.19454,1.19792,63589,-0.5547826,-0.5547826,0.0,9648.290000000006,20,29,2,1.19162,1.1953,0.0,0.0
2021-04-15,1.19799,1.19934,1.19561,1.19663,62306,0.36526978,0.36526978,0.0,9450.610000000006,20,30,0,0.0,0.0,0.0,-197.68
2021-04-16,1.19616,1.19948,1.19505,1.19822,55426,1.0,1.0,0.0,9450.610000000006,20,30,1,1.19822,1.1945,0.0,0.0
2021-04-19,1.19718,1.20479,1.19425,1.20368,52270,0.8309943,0.8309943,0.0,9450.610000000006,20,30,1,1.19822,1.1945,0.0,0.0
2021-04-20,1.2037,1.20798,1.20223,1.20366,48052,1.0,1.0,0.0,9450.610000000006,20,30,1,1.19822,1.1945,0.0,0.0
2021-04-21,1.20354,1.20437,1.19985,1.20355,39808,-0.46342465,-0.46342465,0.0,9450.610000000006,20,30,1,1.19822,1.1945,0.0,0.0
2021-04-22,1.20346,1.20695,1.19936,1.2016,47986,0.468904,0.468904,0.0,9450.610000000006,20,30,1,1.19822,1.1945,0.0,0.0
2021-04-23,1.20146,1.21,1.20128,1.20975,42145,-0.10526553,-0.10526553,0.0,9450.610000000006,20,30,1,1.19822,1.1945,0.0,0.0
2021-04-26,1.20911,1.21169,1.20612,1.2086,40344,-0.6614612,-0.6614612,0.0,9808.460000000006,21,30,0,0.0,0.0,0.0,357.85
2021-04-27,1.20813,1.20929,1.20568,1.20916,37356,1.0,1.0,0.0,9808.460000000006,21,30,1,1.20916,1.2055,0.0,0.0
2021-04-28,1.20889,1.21348,1.20562,1.21257,46914,-0.9405393,-0.9405393,0.0,9808.460000000006,21,30,1,1.20916,1.2055,0.0,0.0
2021-04-29,1.21223,1.215,1.21021,1.21199,42694,0.17279172,0.17279172,0.0,9808.460000000006,21,30,1,1.20916,1.2055,0.0,0.0
2021-04-30,1.21161,1.21267,1.20167,1.20215,40922,0.13360018,0.13360018,0.0,9808.460000000006,21,30,1,1.20916,1.2055,0.0,0.0
2021-05-03,1.20308,1.20759,1.20084,1.20631,32238,1.0,1.0,0.0,9584.060000000007,21,31,0,0.0,0.0,0.0,-224.4
2021-05-04,1.2063,1.2064,1.19991,1.20137,41970,1.0,1.0,0.0,9584.060000000007,21,31,1,1.20137,1.1903,0.0,0.0
2021-05-05,1.20126,1.20266,1.19861,1.20054,34796,-1.0,-1.0,0.0,9584.060000000007,21,31,1,1.20137,1.1903,0.0,0.0
2021-05-06,1.20043,1.20716,1.19932,1.2064,37482,-1.0,-1.0,0.0,9558.120000000006,21,32,0,0.0,0.0,0.0,-25.94
2021-05-07,1.20646,1.21714,1.20528,1.21635,46024,-0.8519753,-0.8519753,0.0,9558.120000000006,21,32,2,1.21635,1.2232,0.0,0.0
2021-05-10,1.21596,1.21783,1.21278,1.21284,43506,-0.5489662,-0.5489662,0.0,9558.120000000006,21,32,2,1.21635,1.2232,0.0,0.0
2021-05-11,1.21272,1.21818,1.21231,1.21482,49555,0.31747,0.31747,0.0,9558.120000000006,21,32,2,1.21635,1.2232,0.0,0.0
2021-05-12,1.21454,1.21522,1.20656,1.20705,53852,-0.69993097,-0.69993097,0.0,9558.120000000006,21,32,2,1.21635,1.2232,0.0,0.0
2021-05-13,1.20677,1.21062,1.20515,1.20788,56288,-0.19353265,-0.19353265,0.0,9558.120000000006,21,32,2,1.21635,1.2232,0.0,0.0
2021-05-14,1.20783,1.21478,1.20709,1.21458,45198,0.013619916,0.013619916,0.0,9558.120000000006,21,32,2,1.21635,1.2232,0.0,0.0
2021-05-17,1.2148,1.21688,1.21261,1.21518,42521,-0.22637148,-0.22637148,0.0,9558.120000000006,21,32,2,1.21635,1.2232,0.0,0.0
2021-05-18,1.21514,1.22338,1.21492,1.22233,40865,0.099469766,0.099469766,0.0,9558.120000000006,21,32,2,1.21635,1.2232,0.0,0.0
2021-05-19,1.22226,1.22453,1.216,1.2176,56371,1.0,1.0,0.0,9368.440000000006,21,33,0,0.0,0.0,0.0,-189.68
2021-05-20,1.21687,1.22292,1.21675,1.22282,42154,0.047559775,0.047559775,0.0,9368.440000000006,21,33,0,0.0,0.0,0.0,0.0
2021-05-21,1.2228,1.22398,1.21608,1.21803,45031,0.5773692,0.5773692,0.0,9368.440000000006,21,33,1,1.21803,1.2143,0.0,0.0
2021-05-24,1.2181,1.22299,1.21726,1.22163,41595,-0.66332376,-0.66332376,0.0,9368.440000000006,21,33,1,1.21803,1.2143,0.0,0.0
2021-05-25,1.22136,1.22664,1.22098,1.2252,48832,-1.0,-1.0,0.0,9480.280000000006,22,33,0,0.0,0.0,0.0,111.84
2021-05-26,1.22502,1.2263,1.2182,1.21925,43843,1.0,1.0,0.0,9480.280000000006,22,33,1,1.21925,1.2156,0.0,0.0
2021-05-27,1.2192,1.2215,1.21752,1.21945,47550,-0.09519921,-0.09519921,0.0,9480.280000000006,22,33,1,1.21925,1.2156,0.0,0.0
2021-05-28,1.21936,1.2205,1.21327,1.2193,48328,0.34958756,0.34958756,0.0,9480.280000000006,22,33,1,1.21925,1.2156,0.0,0.0
2021-05-31,1.22,1.22314,1.21834,1.22268,27060,-1.0,-1.0,0.0,9481.840000000006,23,33,0,0.0,0.0,0.0,1.56
2021-06-01,1.22268,1.22544,1.22117,1.2214,41346,-0.97036016,-0.97036016,0.0,9481.840000000006,23,33,2,1.2214,1.2302,0.0,0.0
2021-06-02,1.22124,1.22266,1.21642,1.22097,42587,0.27506465,0.27506465,0.0,9481.840000000006,23,33,2,1.2214,1.2302,0.0,0.0
2021-06-03,1.22114,1.22142,1.21184,1.21271,45115,0.470278,0.470278,0.0,9481.840000000006,23,33,2,1.2214,1.2302,0.0,0.0
2021-06-04,1.21274,1.21856,1.2104,1.21666,44678,-1.0,-1.0,0.0,9481.840000000006,23,33,2,1.2214,1.2302,0.0,0.0
2021-06-07,1.21623,1.22019,1.21451,1.21895,34170,-0.7563621,-0.7563621,0.0,9481.840000000006,23,33,2,1.2214,1.2302,0.0,0.0
2021-06-08,1.21894,1.21942,1.21643,1.2173,39354,-0.58737355,-0.58737355,0.0,9481.840000000006,23,33,2,1.2214,1.2302,0.0,0.0
2021-06-09,1.21728,1.2218,1.21712,1.21792,31828,-0.14079292,-0.14079292,0.0,9481.840000000006,23,33,2,1.2214,1.2302,0.0,0.0
2021-06-10,1.21798,1.21946,1.21434,1.21761,37951,-0.3163677,-0.3163677,0.0,9481.840000000006,23,33,2,1.2214,1.2302,0.0,0.0
2021-06-11,1.21639,1.2193,1.20926,1.21079,40537,1.0,1.0,0.0,9600.620000000006,24,33,0,0.0,0.0,0.0,118.78
2021-06-14,1.21074,1.21299,1.20943,1.21198,29702,0.6035197,0.6035197,0.0,9600.620000000006,24,33,1,1.21198,1.2083,0.0,0.0
2021-06-15,1.21197,1.21441,1.21058,1.21255,27309,0.933769,0.933769,0.0,9600.620000000006,24,33,1,1.21198,1.2083,0.0,0.0
2021-06-16,1.21263,1.21349,1.19954,1.19957,46944,-0.23462692,-0.23462692,0.0,9600.620000000006,24,33,1,1.21198,1.2083,0.0,0.0
2021-06-17,1.19944,1.20064,1.1892,1.19062,63959,0.88014597,0.88014597,0.0,9212.610000000006,24,34,0,0.0,0.0,0.0,-388.01
2021-06-18,1.19076,1.1925,1.18475,1.18616,67256,-0.00043986412,-0.00043986412,0.0,9212.610000000006,24,34,0,1.21198,1.2157,0.0,0.0
2021-06-21,1.1857,1.19213,1.18476,1.1918,59289,-0.92645544,-0.92645544,0.0,9212.610000000006,24,34,2,1.1918,1.2006,0.0,0.0
2021-06-22,1.19188,1.19526,1.1881,1.19412,51175,0.017896088,0.017896088,0.0,9212.610000000006,24,34,2,1.1918,1.2006,0.0,0.0
2021-06-23,1.19395,1.197,1.19116,1.19267,49339,-0.7745029,-0.7745029,0.0,9212.610000000006,24,34,2,1.1918,1.2006,0.0,0.0
2021-06-24,1.19257,1.19564,1.19178,1.19315,44623,-1.0,-1.0,0.0,9212.610000000006,24,34,2,1.1918,1.2006,0.0,0.0
2021-06-25,1.19318,1.19753,1.19264,1.19362,43397,0.6746906,0.6746906,0.0,9172.320000000005,24,35,0,0.0,0.0,0.0,-40.29
2021-06-28,1.19338,1.19446,1.19025,1.19242,45184,-0.5926377,-0.5926377,0.0,9172.320000000005,24,35,2,1.19242,1.1983,0.0,0.0
2021-06-29,1.19231,1.19308,1.18777,1.18965,44270,1.0,1.0,0.0,9172.320000000005,24,35,2,1.19242,1.1983,0.0,0.0
2021-06-30,1.18968,1.1909,1.18452,1.18577,51543,0.6065419,0.6065419,0.0,9172.320000000005,24,35,2,1.19242,1.1983,0.0,0.0
2021-07-01,1.18581,1.18843,1.18375,1.18498,47530,-0.61693734,-0.61693734,0.0,9172.320000000005,24,35,2,1.19242,1.1983,0.0,0.0
2021-07-02,1.18504,1.18742,1.18075,1.18664,47779,0.6280947,0.6280947,0.0,9391.840000000006,25,35,0,0.0,0.0,0.0,219.52
2021-07-05,1.18622,1.18805,1.18514,1.1863,31656,-0.88268816,-0.88268816,0.0,9391.840000000006,25,35,2,1.1863,1.1933,0.0,0.0
2021-07-06,1.18624,1.1895,1.18072,1.18234,53771,-1.0,-1.0,0.0,9391.840000000006,25,35,2,1.1863,1.1933,0.0,0.0
2021-07-07,1.18234,1.1836,1.17817,1.17907,50948,-0.83141464,-0.83141464,0.0,9391.840000000006,25,35,2,1.1863,1.1933,0.0,0.0
2021-07-08,1.17902,1.1868,1.17836,1.18463,61382,-0.63871455,-0.63871455,0.0,9391.840000000006,25,35,2,1.1863,1.1933,0.0,0.0
2021-07-09,1.18397,1.1881,1.1825,1.18773,47414,-0.014439659,-0.014439659,0.0,9391.840000000006,25,35,2,1.1863,1.1933,0.0,0.0
2021-07-12,1.18699,1.18802,1.18362,1.18602,41299,-1.0,-1.0,0.0,9391.840000000006,25,35,2,1.1863,1.1933,0.0,0.0
2021-07-13,1.18608,1.18753,1.17724,1.17767,50236,0.40346923,0.40346923,0.0,9391.840000000006,25,35,2,1.1863,1.1933,0.0,0.0
2021-07-14,1.17766,1.18389,1.17719,1.18363,48241,0.37146494,0.37146494,0.0,9391.840000000006,25,35,2,1.1863,1.1933,0.0,0.0
2021-07-15,1.1837,1.18508,1.17964,1.18111,49142,-0.88210076,-0.88210076,0.0,9391.840000000006,25,35,2,1.1863,1.1933,0.0,0.0
2021-07-16,1.18142,1.18224,1.17923,1.18053,45054,-0.17283845,-0.17283845,0.0,9391.840000000006,25,35,2,1.1863,1.1933,0.0,0.0
2021-07-19,1.1808,1.18245,1.17639,1.17989,55367,1.0,1.0,0.0,9565.500000000005,26,35,0,0.0,0.0,0.0,173.66
2021-07-20,1.17961,1.18028,1.17557,1.17805,54550,-0.021079399,-0.021079399,0.0,9565.500000000005,26,35,0,1.18363,1.1873,0.0,0.0
2021-07-21,1.17813,1.18048,1.1752,1.17943,43895,-0.27002674,-0.27002674,0.0,9565.500000000005,26,35,0,1.18363,1.1873,0.0,0.0
2021-07-22,1.17925,1.18304,1.17574,1.1771,49996,1.0,1.0,0.0,9565.500000000005,26,35,1,1.1771,1.1734,0.0,0.0
2021-07-23,1.17708,1.17866,1.17545,1.17722,38402,0.7008418,0.7008418,0.0,9565.500000000005,26,35,1,1.1771,1.1734,0.0,0.0
2021-07-26,1.17736,1.18174,1.17634,1.18023,42157,1.0,1.0,0.0,9565.500000000005,26,35,1,1.1771,1.1734,0.0,0.0
2021-07-27,1.18032,1.18411,1.17702,1.18163,46090,-0.6234124,-0.6234124,0.0,9565.500000000005,26,35,1,1.1771,1.1734,0.0,0.0
2021-07-28,1.18168,1.18496,1.17724,1.18427,51179,1.0,1.0,0.0,9565.500000000005,26,35,1,1.1771,1.1734,0.0,0.0
2021-07-29,1.1844,1.18928,1.18405,1.18869,40277,0.21649998,0.21649998,0.0,9565.500000000005,26,35,1,1.1771,1.1734,0.0,0.0
2021-07-30,1.18877,1.19086,1.18516,1.18696,43659,-0.25571054,-0.25571054,0.0,9565.500000000005,26,35,1,1.1771,1.1734,0.0,0.0
2021-08-02,1.18676,1.1897,1.18405,1.18717,36194,0.39438337,0.39438337,0.0,9565.500000000005,26,35,1,1.1771,1.1734,0.0,0.0
2021-08-03,1.1869,1.18933,1.18536,1.18651,37589,0.14362168,0.14362168,0.0,9565.500000000005,26,35,1,1.1771,1.1734,0.0,0.0
2021-08-04,1.18664,1.18997,1.18328,1.18371,37415,1.0,1.0,0.0,9565.500000000005,26,35,1,1.1771,1.1734,0.0,0.0
2021-08-05,1.18367,1.18574,1.18282,1.18319,36842,0.18448912,0.18448912,0.0,9565.500000000005,26,35,1,1.1771,1.1734,0.0,0.0
2021-08-06,1.18352,1.1836,1.17544,1.17604,37195,-0.64430135,-0.64430135,0.0,9752.610000000006,27,35,0,0.0,0.0,0.0,187.11
2021-08-09,1.17602,1.17694,1.1735,1.17363,36502,-0.5830909,-0.5830909,0.0,9752.610000000006,27,35,2,1.17363,1.1773,0.0,0.0
2021-08-10,1.17364,1.17429,1.171,1.17202,32060,1.0,1.0,0.0,9752.610000000006,27,35,2,1.17363,1.1773,0.0,0.0
2021-08-11,1.17206,1.17538,1.1706,1.17396,34795,0.18399683,0.18399683,0.0,9752.610000000006,27,35,2,1.17363,1.1773,0.0,0.0
2021-08-12,1.17387,1.17482,1.17238,1.17302,28623,-0.008627471,-0.008627471,0.0,9752.610000000006,27,35,2,1.17363,1.1773,0.0,0.0
2021-08-13,1.17295,1.18047,1.17293,1.17952,28023,0.39628804,0.39628804,0.0,9752.610000000006,27,35,2,1.17363,1.1773,0.0,0.0
2021-08-16,1.17954,1.1801,1.17675,1.17758,29594,0.44709253,0.44709253,0.0,9568.660000000005,27,36,0,0.0,0.0,0.0,-183.95
2021-08-17,1.17788,1.17844,1.17082,1.17083,39747,-0.79041064,-0.79041064,0.0,9568.660000000005,27,36,2,1.17083,1.1819,0.0,0.0
2021-08-18,1.17098,1.17426,1.16939,1.17091,39093,-1.0,-1.0,0.0,9568.660000000005,27,36,2,1.17083,1.1819,0.0,0.0
2021-08-19,1.17108,1.17166,1.16658,1.16768,47164,0.38408887,0.38408887,0.0,9568.660000000005,27,36,2,1.17083,1.1819,0.0,0.0
2021-08-20,1.16754,1.17046,1.1664,1.16999,34170,-0.45823124,-0.45823124,0.0,9568.660000000005,27,36,2,1.17083,1.1819,0.0,0.0
2021-08-23,1.16954,1.17502,1.16905,1.17459,34231,-0.81687546,-0.81687546,0.0,9568.660000000005,27,36,2,1.17083,1.1819,0.0,0.0
2021-08-24,1.17459,1.17651,1.17272,1.17576,31584,0.3392077,0.3392077,0.0,9568.660000000005,27,36,2,1.17083,1.1819,0.0,0.0
2021-08-25,1.1756,1.17745,1.17261,1.17727,35047,-0.332833,-0.332833,0.0,9568.660000000005,27,36,2,1.17083,1.1819,0.0,0.0
2021-08-26,1.17718,1.1779,1.1746,1.17519,37330,-0.3301758,-0.3301758,0.0,9568.660000000005,27,36,2,1.17083,1.1819,0.0,0.0
2021-08-27,1.17522,1.18024,1.1735,1.17965,42052,0.0068088723,0.0068088723,0.0,9568.660000000005,27,36,2,1.17083,1.1819,0.0,0.0
2021-08-30,1.17958,1.18098,1.17828,1.17969,28334,1.0,1.0,0.0,9298.380000000005,27,37,0,0.0,0.0,0.0,-270.28
2021-08-31,1.17966,1.18452,1.17951,1.18086,44305,-0.9894249,-0.9894249,0.0,9298.380000000005,27,37,2,1.18086,1.1888,0.0,0.0
2021-09-01,1.18088,1.18573,1.17937,1.18399,39141,0.7796064,0.7796064,0.0,9298.380000000005,27,37,2,1.18086,1.1888,0.0,0.0
2021-09-02,1.1839,1.18761,1.18345,1.18753,31974,0.04813595,0.04813595,0.0,9298.380000000005,27,37,2,1.18086,1.1888,0.0,0.0
2021-09-03,1.1875,1.1909,1.18656,1.18784,40110,-1.0,-1.0,0.0,9298.380000000005,27,37,2,1.18086,1.1888,0.0,0.0
2021-09-06,1.1882,1.18864,1.18558,1.187,22418,-0.6173352,-0.6173352,0.0,9298.380000000005,27,37,2,1.18086,1.1888,0.0,0.0
2021-09-07,1.187,1.18852,1.18374,1.18423,42115,-0.8343687,-0.8343687,0.0,9298.380000000005,27,37,2,1.18086,1.1888,0.0,0.0
2021-09-08,1.18388,1.18512,1.18022,1.18157,44807,0.8098303,0.8098303,0.0,9197.630000000005,27,38,0,0.0,0.0,0.0,-100.75
2021-09-09,1.18158,1.18411,1.18052,1.18238,46977,1.0,1.0,0.0,9197.630000000005,27,38,1,1.18238,1.1713,0.0,0.0
2021-09-10,1.18253,1.18512,1.18095,1.18104,41100,-0.43169525,-0.43169525,0.0,9197.630000000005,27,38,1,1.18238,1.1713,0.0,0.0
2021-09-13,1.18154,1.18171,1.17702,1.18108,39896,-0.7592987,-0.7592987,0.0,9158.100000000004,27,39,0,0.0,0.0,0.0,-39.53
2021-09-14,1.18111,1.18458,1.18001,1.1804,44973,0.31877255,0.31877255,0.0,9158.100000000004,27,39,0,0.0,0.0,0.0,0.0
2021-09-15,1.1803,1.18319,1.17971,1.18157,43526,-0.39226407,-0.39226407,0.0,9158.100000000004,27,39,0,1.18108,1.1921,0.0,0.0
2021-09-16,1.18177,1.18206,1.17505,1.17686,44489,0.42649934,0.42649934,0.0,9158.100000000004,27,39,0,1.18108,1.1921,0.0,0.0
2021-09-17,1.17649,1.1789,1.17246,1.1726,41945,-0.35665098,-0.35665098,0.0,9158.100000000004,27,39,0,1.1726,1.1689,0.0,0.0
2021-09-20,1.17306,1.17365,1.17002,1.17269,43872,-0.12758572,-0.12758572,0.0,9158.100000000004,27,39,0,1.1726,1.1689,0.0,0.0
2021-09-21,1.1725,1.17488,1.1715,1.17256,43768,1.0,1.0,0.0,9158.100000000004,27,39,1,1.17256,1.1689,0.0,0.0
2021-09-22,1.17252,1.17556,1.16848,1.16886,52624,0.97749484,0.97749484,0.0,9158.100000000004,27,39,1,1.17256,1.1689,0.0,0.0
2021-09-23,1.16872,1.175,1.16836,1.1739,48609,-1.0,-1.0,0.0,9050.570000000003,27,40,0,0.0,0.0,0.0,-107.53
2021-09-24,1.17384,1.17477,1.17007,1.17206,38917,-1.0,-1.0,0.0,9050.570000000003,27,40,2,1.17206,1.1786,0.0,0.0
2021-09-27,1.17258,1.17258,1.16847,1.1695,44874,-0.39814675,-0.39814675,0.0,9050.570000000003,27,40,2,1.17206,1.1786,0.0,0.0
2021-09-28,1.16959,1.17034,1.16683,1.16838,56416,-1.0,-1.0,0.0,9050.570000000003,27,40,2,1.17206,1.1786,0.0,0.0
2021-09-29,1.16832,1.16901,1.15895,1.15973,54581,0.38061598,0.38061598,0.0,9050.570000000003,27,40,2,1.17206,1.1786,0.0,0.0
2021-09-30,1.15982,1.16098,1.15627,1.15769,55968,0.2825244,0.2825244,0.0,9050.570000000003,27,40,2,1.17206,1.1786,0.0,0.0
2021-10-01,1.15822,1.16073,1.1563,1.15932,52826,-1.0,-1.0,0.0,9050.570000000003,27,40,2,1.17206,1.1786,0.0,0.0
2021-10-04,1.15996,1.16401,1.15877,1.16196,43929,-0.9711427,-0.9711427,0.0,9050.570000000003,27,40,2,1.17206,1.1786,0.0,0.0
2021-10-05,1.16204,1.16221,1.15806,1.15971,41718,-0.36844876,-0.36844876,0.0,9050.570000000003,27,40,2,1.17206,1.1786,0.0,0.0
2021-10-06,1.15988,1.16032,1.15292,1.15565,52230,1.0,1.0,0.0,9402.460000000003,28,40,0,0.0,0.0,0.0,351.89
2021-10-07,1.15563,1.15722,1.15477,1.15533,41219,1.0,1.0,0.0,9402.460000000003,28,40,1,1.15533,1.1516,0.0,0.0
2021-10-08,1.15524,1.15859,1.15415,1.15746,44133,-0.093934566,-0.093934566,0.0,9402.460000000003,28,40,1,1.15533,1.1516,0.0,0.0
2021-10-11,1.15713,1.15868,1.15492,1.15535,35099,-0.84773785,-0.84773785,0.0,9465.380000000003,29,40,0,0.0,0.0,0.0,62.92
2021-10-12,1.15544,1.15703,1.15245,1.15301,43185,0.40222478,0.40222478,0.0,9465.380000000003,29,40,0,1.15535,1.159,0.0,0.0
2021-10-13,1.153,1.15973,1.15286,1.1596,46481,0.79913664,0.79913664,0.0,9465.380000000003,29,40,1,1.1596,1.1559,0.0,0.0
2021-10-14,1.15932,1.16244,1.15841,1.15973,38162,-0.4581127,-0.4581127,0.0,9465.380000000003,29,40,1,1.1596,1.1559,0.0,0.0
2021-10-15,1.15959,1.16188,1.15882,1.15992,41453,1.0,1.0,0.0,9465.380000000003,29,40,1,1.1596,1.1559,0.0,0.0
2021-10-18,1.15909,1.16224,1.15719,1.16108,43085,-0.74555546,-0.74555546,0.0,9474.910000000003,30,40,0,0.0,0.0,0.0,9.53
2021-10-19,1.16099,1.16695,1.16085,1.16326,42786,-0.5320324,-0.5320324,0.0,9474.910000000003,30,40,2,1.16326,1.1669,0.0,0.0
2021-10-20,1.16326,1.16588,1.16169,1.16513,42649,0.42463914,0.42463914,0.0,9474.910000000003,30,40,2,1.16326,1.1669,0.0,0.0
2021-10-21,1.16465,1.16675,1.16198,1.16246,42064,0.41843495,0.41843495,0.0,9474.910000000003,30,40,2,1.16326,1.1669,0.0,0.0
2021-10-22,1.16222,1.16557,1.16214,1.16441,45372,0.595361,0.595361,0.0,9474.910000000003,30,40,2,1.16326,1.1669,0.0,0.0
2021-10-25,1.16419,1.1665,1.15907,1.16104,41841,0.94342715,0.94342715,0.0,9440.460000000003,30,41,0,0.0,0.0,0.0,-34.45
2021-10-26,1.16046,1.16258,1.1585,1.15963,38042,-0.7864399,-0.7864399,0.0,9440.460000000003,30,41,2,1.15963,1.1661,0.0,0.0
2021-10-27,1.15956,1.1626,1.15849,1.16028,48344,1.0,1.0,0.0,9440.460000000003,30,41,2,1.15963,1.1661,0.0,0.0
2021-10-28,1.16028,1.16922,1.15824,1.16831,58343,-0.34842625,-0.34842625,0.0,9440.460000000003,30,41,2,1.15963,1.1661,0.0,0.0
2021-10-29,1.168,1.169,1.15352,1.15637,54798,0.43919593,0.43919593,0.0,9180.550000000003,30,42,0,0.0,0.0,0.0,-259.91
2021-11-01,1.15558,1.16092,1.1546,1.16066,43399,0.40877163,0.40877163,0.0,9180.550000000003,30,42,0,1.15637,1.1488,0.0,0.0
2021-11-02,1.16048,1.16134,1.15753,1.15793,43983,-1.0,-1.0,0.0,9180.550000000003,30,42,2,1.15793,1.1616,0.0,0.0
2021-11-03,1.1579,1.16164,1.15624,1.16127,51379,1.0,1.0,0.0,9180.550000000003,30,42,2,1.15793,1.1616,0.0,0.0
2021-11-04,1.16116,1.16165,1.15284,1.15545,47924,1.0,1.0,0.0,9083.870000000003,30,43,0,0.0,0.0,0.0,-96.68
2021-11-05,1.15518,1.15733,1.15134,1.15675,51057,-0.22829738,-0.22829738,0.0,9083.870000000003,30,43,0,1.15637,1.1488,0.0,0.0
2021-11-08,1.15602,1.1595,1.15506,1.15873,40856,1.0,1.0,0.0,9083.870000000003,30,43,1,1.15873,1.1547,0.0,0.0
2021-11-09,1.15852,1.16089,1.15701,1.15944,46947,-0.96229106,-0.96229106,0.0,9083.870000000003,30,43,1,1.15873,1.1547,0.0,0.0
2021-11-10,1.15925,1.15953,1.14761,1.14767,59078,-0.21725017,-0.21725017,0.0,9083.870000000003,30,43,1,1.15873,1.1547,0.0,0.0
2021-11-11,1.14783,1.14877,1.1443,1.14493,39593,0.0054766964,0.0054766964,0.0,8770.840000000002,30,44,0,0.0,0.0,0.0,-313.03
2021-11-12,1.145,1.14622,1.1433,1.14438,40787,1.0,1.0,0.0,8770.840000000002,30,44,1,1.14438,1.138,0.0,0.0
2021-11-15,1.14459,1.14639,1.13564,1.1367,42661,-1.0,-1.0,0.0,8770.840000000002,30,44,1,1.14438,1.138,0.0,0.0
2021-11-16,1.13674,1.13858,1.13094,1.13194,51050,1.0,1.0,0.0,8562.970000000001,30,45,0,0.0,0.0,0.0,-207.87
2021-11-17,1.13203,1.13323,1.12635,1.13189,52882,-0.077829525,-0.077829525,0.0,8562.970000000001,30,45,0,1.13189,1.1208,0.0,0.0
2021-11-18,1.13191,1.13742,1.13138,1.13729,45855,1.0,1.0,0.0,8562.970000000001,30,45,1,1.13729,1.1336,0.0,0.0
2021-11-19,1.13673,1.13727,1.12501,1.1282,58803,0.5981185,0.5981185,0.0,8562.970000000001,30,45,1,1.13729,1.1336,0.0,0.0
2021-11-22,1.12911,1.12911,1.12308,1.12338,56460,1.0,1.0,0.0,8324.560000000001,30,46,0,0.0,0.0,0.0,-238.41
2021-11-23,1.12372,1.12752,1.12261,1.1249,57322,0.7030355,0.7030355,0.0,8324.560000000001,30,46,1,1.1249,1.1212,0.0,0.0
2021-11-24,1.1248,1.12553,1.11864,1.12006,56217,-0.7074261,-0.7074261,0.0,8324.560000000001,30,46,1,1.1249,1.1212,0.0,0.0
2021-11-25,1.11966,1.12298,1.11956,1.12087,28599,0.5134827,0.5134827,0.0,8202.04,30,47,0,0.0,0.0,0.0,-122.52
2021-11-26,1.12058,1.13308,1.12042,1.13087,75257,-1.0,-1.0,0.0,8202.04,30,47,2,1.13087,1.1346,0.0,0.0
2021-11-29,1.13014,1.13124,1.12584,1.12918,56344,-0.555259,-0.555259,0.0,8202.04,30,47,2,1.13087,1.1346,0.0,0.0
2021-11-30,1.12905,1.13829,1.12354,1.13386,76583,-1.0,-1.0,0.0,8202.04,30,47,2,1.13087,1.1346,0.0,0.0
2021-12-01,1.13348,1.13597,1.13026,1.13191,65514,-0.40581077,-0.40581077,0.0,8202.04,30,47,2,1.13087,1.1346,0.0,0.0
2021-12-02,1.13183,1.13478,1.12953,1.13016,53608,-0.08027602,-0.08027602,0.0,8202.04,30,47,2,1.13087,1.1346,0.0,0.0
2021-12-03,1.13007,1.13333,1.12667,1.131,60513,-0.4214626,-0.4214626,0.0,8202.04,30,47,2,1.13087,1.1346,0.0,0.0
2021-12-06,1.13043,1.13113,1.12666,1.12852,44292,0.27282825,0.27282825,0.0,8202.04,30,47,2,1.13087,1.1346,0.0,0.0
2021-12-07,1.12844,1.12986,1.12274,1.12684,46171,0.76643914,0.76643914,0.0,8261.080000000002,31,47,0,0.0,0.0,0.0,59.04
2021-12-08,1.12685,1.13549,1.12663,1.13416,50445,0.64794147,0.64794147,0.0,8261.080000000002,31,47,1,1.13416,1.1256,0.0,0.0
2021-12-09,1.13404,1.13454,1.12785,1.12928,42339,-0.83136916,-0.83136916,0.0,8261.080000000002,31,47,1,1.13416,1.1256,0.0,0.0
2021-12-10,1.1293,1.13241,1.12653,1.13168,44188,1.0,1.0,0.0,8261.080000000002,31,47,1,1.13416,1.1256,0.0,0.0
2021-12-13,1.13118,1.13194,1.12602,1.12859,37379,0.7555359,0.7555359,0.0,8261.080000000002,31,47,1,1.13416,1.1256,0.0,0.0
2021-12-14,1.12835,1.13238,1.12538,1.12581,42860,-0.32539377,-0.32539377,0.0,8261.080000000002,31,47,1,1.13416,1.1256,0.0,0.0
2021-12-15,1.12589,1.12992,1.12219,1.12942,50589,0.73988044,0.73988044,0.0,8261.080000000002,31,47,1,1.13416,1.1256,0.0,0.0
2021-12-16,1.12864,1.13604,1.12814,1.13306,51782,-0.44644666,-0.44644666,0.0,8261.080000000002,31,47,1,1.13416,1.1256,0.0,0.0
2021-12-17,1.13299,1.1349,1.1235,1.12353,44881,-0.18107869,-0.18107869,0.0,8261.080000000002,31,47,1,1.13416,1.1256,0.0,0.0
2021-12-20,1.12392,1.13038,1.12348,1.12768,44948,-0.14763473,-0.14763473,0.0,7993.220000000002,31,48,0,0.0,0.0,0.0,-267.86
2021-12-21,1.12755,1.13028,1.12609,1.12857,39240,-0.7815461,-0.7815461,0.0,7993.220000000002,31,48,2,1.12857,1.1323,0.0,0.0
2021-12-22,1.12872,1.13424,1.12645,1.13272,37855,-0.95184106,-0.95184106,0.0,7993.220000000002,31,48,2,1.12857,1.1323,0.0,0.0
2021-12-23,1.13262,1.13423,1.12902,1.13264,34503,1.0,1.0,0.0,7891.200000000002,31,49,0,0.0,0.0,0.0,-102.02
2021-12-24,1.1323,1.13435,1.13066,1.13206,28897,0.35903367,0.35903367,0.0,7891.200000000002,31,49,0,1.13206,1.1384,0.0,0.0
2021-12-27,1.13202,1.13344,1.13029,1.13269,25151,-0.011317862,-0.011317862,0.0,7891.200000000002,31,49,0,1.13206,1.1384,0.0,0.0
2021-12-28,1.13271,1.13334,1.12896,1.13085,27333,-0.098562665,-0.098562665,0.0,7891.200000000002,31,49,0,1.13206,1.1384,0.0,0.0
2021-12-29,1.13086,1.13688,1.12738,1.13473,35620,0.7375166,0.7375166,0.0,7891.200000000002,31,49,1,1.13473,1.1237,0.0,0.0
2021-12-30,1.13471,1.13598,1.12986,1.13257,33796,-0.3366272,-0.3366272,0.0,7891.200000000002,31,49,1,1.13473,1.1237,0.0,0.0
2021-12-31,1.13215,1.13864,1.13033,1.13847,29205,0.5511584,0.5511584,0.0,7891.200000000002,31,49,1,1.13473,1.1237,0.0,0.0
2022-01-03,1.13753,1.13784,1.12797,1.12979,39061,0.65058166,0.65058166,0.0,7891.200000000002,31,49,1,1.13473,1.1237,0.0,0.0
2022-01-04,1.12959,1.13225,1.12723,1.12874,45435,-0.5902561,-0.5902561,0.0,7771.630000000002,31,50,0,0.0,0.0,0.0,-119.57
2022-01-05,1.12855,1.13465,1.1277,1.13127,47171,1.0,1.0,0.0,7771.630000000002,31,50,1,1.13127,1.1213,0.0,0.0
2022-01-06,1.13127,1.13319,1.12847,1.12984,49493,-0.057122752,-0.057122752,0.0,7771.630000000002,31,50,1,1.13127,1.1213,0.0,0.0
2022-01-07,1.12966,1.13648,1.12901,1.13613,43019,-1.0,-1.0,0.0,7737.530000000002,31,51,0,0.0,0.0,0.0,-34.1
2022-01-10,1.13518,1.13609,1.12852,1.13283,45977,-0.97777176,-0.97777176,0.0,7737.530000000002,31,51,2,1.13283,1.1365,0.0,0.0
2022-01-11,1.13228,1.13751,1.1313,1.13652,45041,0.11234621,0.11234621,0.0,7737.530000000002,31,51,2,1.13283,1.1365,0.0,0.0
2022-01-12,1.13655,1.14528,1.13548,1.14414,47224,1.0,1.0,0.0,7649.430000000001,31,52,0,0.0,0.0,0.0,-88.1
2022-01-13,1.1442,1.14816,1.14359,1.14545,46713,-0.7645996,-0.7645996,0.0,7649.430000000001,31,52,2,1.14545,1.1491,0.0,0.0
2022-01-14,1.14547,1.14829,1.13986,1.14164,49604,-0.4223601,-0.4223601,0.0,7649.430000000001,31,52,2,1.14545,1.1491,0.0,0.0
2022-01-17,1.14135,1.14344,1.13919,1.14062,31685,0.011372926,0.011372926,0.0,7649.430000000001,31,52,2,1.14545,1.1491,0.0,0.0
2022-01-18,1.14067,1.14214,1.13147,1.13278,57671,-1.0,-1.0,0.0,7649.430000000001,31,52,2,1.14545,1.1491,0.0,0.0
2022-01-19,1.1321,1.13572,1.1319,1.13422,47070,1.0,1.0,0.0,7947.470000000001,32,52,0,0.0,0.0,0.0,298.04
2022-01-20,1.13412,1.1369,1.13032,1.13106,48565,-1.0,-1.0,0.0,7947.470000000001,32,52,2,1.13106,1.1347,0.0,0.0
2022-01-21,1.13114,1.13599,1.13009,1.13427,48184,1.0,1.0,0.0,7947.470000000001,32,52,2,1.13106,1.1347,0.0,0.0
2022-01-24,1.13412,1.13451,1.12906,1.13243,53186,1.0,1.0,0.0,7868.9000000000015,32,53,0,0.0,0.0,0.0,-78.57
2022-01-25,1.13244,1.13292,1.12633,1.13016,46372,1.0,1.0,0.0,7868.9000000000015,32,53,1,1.13016,1.1191,0.0,0.0
2022-01-26,1.13015,1.13108,1.12356,1.12416,53606,0.6769563,0.6769563,0.0,7868.9000000000015,32,53,1,1.13016,1.1191,0.0,0.0
2022-01-27,1.12375,1.12435,1.1132,1.11446,59668,-0.43051988,-0.43051988,0.0,7868.9000000000015,32,53,1,1.13016,1.1191,0.0,0.0
2022-01-28,1.11432,1.11738,1.11215,1.11487,56857,-0.06671012,-0.06671012,0.0,7495.120000000002,32,54,0,0.0,0.0,0.0,-373.78
2022-01-31,1.1143,1.12478,1.11385,1.1233,53602,-1.0,-1.0,0.0,7495.120000000002,32,54,2,1.1233,1.1296,0.0,0.0
2022-02-01,1.12338,1.12788,1.1221,1.12738,51307,0.2582522,0.2582522,0.0,7495.120000000002,32,54,2,1.1233,1.1296,0.0,0.0
2022-02-02,1.12677,1.13301,1.12667,1.13045,43481,-0.08965125,-0.08965125,0.0,7495.120000000002,32,54,2,1.1233,1.1296,0.0,0.0
2022-02-03,1.13024,1.14515,1.12674,1.14389,63645,1.0,1.0,0.0,7330.6500000000015,32,55,0,0.0,0.0,0.0,-164.47
2022-02-04,1.14361,1.14839,1.14117,1.14496,63402,-0.67771935,-0.67771935,0.0,7330.6500000000015,32,55,2,1.14496,1.156,0.0,0.0
2022-02-07,1.1463,1.14635,1.14151,1.14416,53187,0.90568596,0.90568596,0.0,7330.6500000000015,32,55,2,1.14496,1.156,0.0,0.0
2022-02-08,1.14419,1.14488,1.13963,1.1417,46123,0.035319254,0.035319254,0.0,7330.6500000000015,32,55,2,1.14496,1.156,0.0,0.0
2022-02-09,1.14149,1.14479,1.14026,1.14225,41763,0.18295094,0.18295094,0.0,7330.6500000000015,32,55,2,1.14496,1.156,0.0,0.0
2022-02-10,1.14236,1.14949,1.13749,1.1428,65947,-1.0,-1.0,0.0,7330.6500000000015,32,55,2,1.14496,1.156,0.0,0.0
2022-02-11,1.14279,1.143,1.13298,1.13466,74265,-0.11772085,-0.11772085,0.0,7330.6500000000015,32,55,2,1.14496,1.156,0.0,0.0
2022-02-14,1.13336,1.13691,1.12801,1.13064,72803,-0.4213307,-0.4213307,0.0,7330.6500000000015,32,55,2,1.14496,1.156,0.0,0.0
2022-02-15,1.13064,1.13684,1.12979,1.13578,56565,-1.0,-1.0,0.0,7330.6500000000015,32,55,2,1.14496,1.156,0.0,0.0
2022-02-16,1.13585,1.1396,1.1345,1.13733,51264,0.1533717,0.1533717,0.0,7330.6500000000015,32,55,2,1.14496,1.156,0.0,0.0
2022-02-17,1.13723,1.1386,1.13233,1.13618,66907,0.012880469,0.012880469,0.0,7330.6500000000015,32,55,2,1.14496,1.156,0.0,0.0
2022-02-18,1.13595,1.13769,1.13148,1.13229,51638,0.9947987,0.9947987,0.0,7529.160000000002,33,55,0,0.0,0.0,0.0,198.51
2022-02-21,1.13172,1.13904,1.13068,1.13101,42363,-0.8713027,-0.8713027,0.0,7529.160000000002,33,55,2,1.13101,1.1353,0.0,0.0
2022-02-22,1.13116,1.13668,1.1288,1.13253,69127,-0.79957414,-0.79957414,0.0,7529.160000000002,33,55,2,1.13101,1.1353,0.0,0.0
2022-02-23,1.13245,1.1359,1.13013,1.13047,47124,-0.94751763,-0.94751763,0.0,7529.160000000002,33,55,2,1.13101,1.1353,0.0,0.0
2022-02-24,1.13076,1.13088,1.11065,1.11928,120403,1.0,1.0,0.0,7541.630000000002,34,55,0,0.0,0.0,0.0,12.47
2022-02-25,1.119,1.12741,1.1166,1.12718,81080,-0.73362845,-0.73362845,0.0,7541.630000000002,34,55,2,1.12718,1.1382,0.0,0.0
2022-02-28,1.11255,1.12466,1.11247,1.12191,99829,-0.44710523,-0.44710523,0.0,7541.630000000002,34,55,2,1.12718,1.1382,0.0,0.0
2022-03-01,1.12182,1.12332,1.10897,1.11236,83652,-0.23288795,-0.23288795,0.0,7541.630000000002,34,55,2,1.12718,1.1382,0.0,0.0
2022-03-02,1.1123,1.11434,1.10575,1.11197,91925,-0.33153176,-0.33153176,0.0,7541.630000000002,34,55,2,1.12718,1.1382,0.0,0.0
2022-03-03,1.11167,1.11217,1.10338,1.10659,71870,-0.51760817,-0.51760817,0.0,7541.630000000002,34,55,2,1.12718,1.1382,0.0,0.0
2022-03-04,1.10662,1.10679,1.08854,1.09334,89187,-0.2832847,-0.2832847,0.0,7541.630000000002,34,55,2,1.12718,1.1382,0.0,0.0
2022-03-07,1.09274,1.09323,1.08061,1.08543,120222,0.5406321,0.5406321,0.0,8299.120000000003,35,55,0,0.0,0.0,0.0,757.49
2022-03-08,1.0854,1.09583,1.08481,1.08964,113202,0.57010037,0.57010037,0.0,8299.120000000003,35,55,1,1.08964,1.086,0.0,0.0
2022-03-09,1.08973,1.10952,1.08901,1.10754,85054,0.7191978,0.7191978,0.0,8299.120000000003,35,55,1,1.08964,1.086,0.0,0.0
2022-03-10,1.10752,1.11214,1.09763,1.09888,91882,-0.7733753,-0.7733753,0.0,8745.770000000002,36,55,0,0.0,0.0,0.0,446.65
2022-03-11,1.09814,1.10436,1.0902,1.09123,83948,0.3185969,0.3185969,0.0,8745.770000000002,36,55,0,1.10754,1.1116,0.0,0.0
2022-03-14,1.09216,1.0994,1.09008,1.09403,77715,-0.2061943,-0.2061943,0.0,8745.770000000002,36,55,0,0.0,0.0,0.0,0.0
2022-03-15,1.09406,1.10199,1.09261,1.09542,84595,-0.73942953,-0.73942953,0.0,8745.770000000002,36,55,2,1.09542,1.1028,0.0,0.0
2022-03-16,1.09536,1.10467,1.0948,1.10345,91114,-0.8340312,-0.8340312,0.0,8745.770000000002,36,55,2,1.09542,1.1028,0.0,0.0
2022-03-17,1.10348,1.11376,1.10079,1.10911,68172,-1.0,-1.0,0.0,8535.380000000003,36,56,0,0.0,0.0,0.0,-210.39
2022-03-18,1.10906,1.11185,1.10032,1.10507,66820,-0.051164754,-0.051164754,0.0,8535.380000000003,36,56,0,1.10507,1.1014,0.0,0.0
2022-03-21,1.10562,1.10701,1.10103,1.10168,60202,-0.43959317,-0.43959317,0.0,8535.380000000003,36,56,0,1.10507,1.1014,0.0,0.0
2022-03-22,1.10161,1.10458,1.0961,1.10245,69236,0.8503648,0.8503648,0.0,8535.380000000003,36,56,1,1.10245,1.0988,0.0,0.0
2022-03-23,1.10233,1.10441,1.0964,1.10057,59830,0.334438,0.334438,0.0,8535.380000000003,36,56,1,1.10245,1.0988,0.0,0.0
2022-03-24,1.10029,1.1014,1.0966,1.0997,63681,0.4773512,0.4773512,0.0,8535.380000000003,36,56,1,1.10245,1.0988,0.0,0.0
2022-03-25,1.09964,1.10378,1.0981,1.09834,65413,-1.0,-1.0,0.0,8465.300000000003,36,57,0,0.0,0.0,0.0,-70.08
2022-03-28,1.09849,1.09996,1.09448,1.09864,77151,-0.025878679,-0.025878679,0.0,8465.300000000003,36,57,0,1.09834,1.1094,0.0,0.0
2022-03-29,1.09804,1.11371,1.09697,1.10862,91444,-0.788209,-0.788209,0.0,8465.300000000003,36,57,2,1.10862,1.1123,0.0,0.0
2022-03-30,1.10864,1.11712,1.10806,1.1158,84366,-0.007113824,-0.007113824,0.0,8465.300000000003,36,57,2,1.10862,1.1123,0.0,0.0
2022-03-31,1.11576,1.11849,1.1061,1.10662,79068,0.79767406,0.79767406,0.0,8281.180000000002,36,58,0,0.0,0.0,0.0,-184.12
2022-04-01,1.10669,1.10764,1.10281,1.10488,66832,1.0,1.0,0.0,8281.180000000002,36,58,1,1.10488,1.1012,0.0,0.0
2022-04-04,1.10321,1.10545,1.09607,1.09722,52901,0.2991803,0.2991803,0.0,8281.180000000002,36,58,1,1.10488,1.1012,0.0,0.0
2022-04-05,1.09716,1.09887,1.09,1.09057,57151,1.0,1.0,0.0,8092.220000000002,36,59,0,0.0,0.0,0.0,-188.96
2022-04-06,1.09047,1.0938,1.08746,1.08964,70608,-0.2745885,-0.2745885,0.0,8092.220000000002,36,59,0,0.0,0.0,0.0,0.0
2022-04-07,1.08927,1.09385,1.08648,1.08801,67192,0.8699091,0.8699091,0.0,8092.220000000002,36,59,1,1.08801,1.077,0.0,0.0
2022-04-08,1.08764,1.08918,1.08364,1.08765,58458,0.04463781,0.04463781,0.0,8092.220000000002,36,59,1,1.08801,1.077,0.0,0.0
2022-04-11,1.092,1.09333,1.08728,1.08835,60577,1.0,1.0,0.0,8092.220000000002,36,59,1,1.08801,1.077,0.0,0.0
2022-04-12,1.08832,1.09037,1.08214,1.0826,71741,0.027559511,0.027559511,0.0,8092.220000000002,36,59,1,1.08801,1.077,0.0,0.0
2022-04-13,1.08276,1.08943,1.08089,1.08917,62445,0.4443152,0.4443152,0.0,8092.220000000002,36,59,1,1.08801,1.077,0.0,0.0
2022-04-14,1.08763,1.09232,1.07576,1.08293,75730,0.64809036,0.64809036,0.0,8092.220000000002,36,59,1,1.08801,1.077,0.0,0.0
2022-04-15,1.08278,1.08302,1.07965,1.0809,37778,-1.0,-1.0,0.0,7971.360000000002,36,60,0,0.0,0.0,0.0,-120.86
2022-04-18,1.08035,1.08217,1.077,1.07809,44477,-0.10302171,-0.10302171,0.0,7971.360000000002,36,60,0,0.0,0.0,0.0,0.0
2022-04-19,1.07823,1.08146,1.07613,1.0789,63295,-0.13865069,-0.13865069,0.0,7971.360000000002,36,60,0,1.0789,1.0826,0.0,0.0
2022-04-20,1.07874,1.0867,1.0783,1.08543,74474,0.21204877,0.21204877,0.0,7971.360000000002,36,60,0,1.0789,1.0826,0.0,0.0
2022-04-21,1.0847,1.09363,1.08237,1.08321,74293,0.78985953,0.78985953,0.0,7971.360000000002,36,60,1,1.08321,1.0795,0.0,0.0
2022-04-22,1.0837,1.08516,1.07708,1.07969,74337,-1.0,-1.0,0.0,7971.360000000002,36,60,1,1.08321,1.0795,0.0,0.0
2022-04-25,1.08078,1.08138,1.06968,1.07117,91680,0.5424923,0.5424923,0.0,7971.360000000002,36,60,1,1.08321,1.0795,0.0,0.0
2022-04-26,1.07126,1.07387,1.06359,1.06373,76210,0.51211464,0.51211464,0.0,7692.260000000002,36,61,0,0.0,0.0,0.0,-279.1
2022-04-27,1.06376,1.06548,1.05146,1.05586,85238,1.0,1.0,0.0,7692.260000000002,36,61,1,1.05586,1.0448,0.0,0.0
2022-04-28,1.05538,1.05648,1.04714,1.04983,97416,0.8295085,0.8295085,0.0,7692.260000000002,36,61,1,1.05586,1.0448,0.0,0.0
2022-04-29,1.04977,1.05929,1.04912,1.05427,82572,-0.85975385,-0.85975385,0.0,7560.050000000002,36,62,0,0.0,0.0,0.0,-132.21
2022-05-02,1.05564,1.05684,1.04903,1.05074,70312,-1.0,-1.0,0.0,7560.050000000002,36,62,2,1.05074,1.0544,0.0,0.0
2022-05-03,1.05024,1.05777,1.04923,1.05193,69451,0.06896015,0.06896015,0.0,7560.050000000002,36,62,2,1.05074,1.0544,0.0,0.0
2022-05-04,1.05194,1.06311,1.05062,1.06193,77871,0.52703637,0.52703637,0.0,7560.050000000002,36,62,2,1.05074,1.0544,0.0,0.0
2022-05-05,1.06199,1.0642,1.04928,1.05392,97205,-1.0,-1.0,0.0,7316.160000000002,36,63,0,0.0,0.0,0.0,-243.89
2022-05-06,1.05394,1.0599,1.04828,1.05446,111505,0.11554436,0.11554436,0.0,7316.160000000002,36,63,0,1.05392,1.0598,0.0,0.0
2022-05-09,1.05405,1.05926,1.04952,1.05582,91215,-0.6159881,-0.6159881,0.0,7316.160000000002,36,63,2,1.05582,1.0669,0.0,0.0
2022-05-10,1.05582,1.05855,1.05255,1.05299,95552,1.0,1.0,0.0,7316.160000000002,36,63,2,1.05582,1.0669,0.0,0.0
2022-05-11,1.05266,1.05772,1.0502,1.05138,94807,1.0,1.0,0.0,7375.340000000002,37,63,0,0.0,0.0,0.0,59.18
2022-05-12,1.05132,1.05294,1.03542,1.03795,102126,0.13561805,0.13561805,0.0,7375.340000000002,37,63,0,1.05138,1.0617,0.0,0.0
2022-05-13,1.03794,1.04198,1.03495,1.04074,77623,-0.2808861,-0.2808861,0.0,7375.340000000002,37,63,0,1.05138,1.0617,0.0,0.0
2022-05-16,1.04078,1.04432,1.03891,1.04342,63205,0.8185981,0.8185981,0.0,7375.340000000002,37,63,1,1.04342,1.0332,0.0,0.0
2022-05-17,1.04347,1.05557,1.04286,1.05505,78484,1.0,1.0,0.0,7375.340000000002,37,63,1,1.04342,1.0332,0.0,0.0
2022-05-18,1.05486,1.05639,1.04604,1.04608,70915,-0.48710796,-0.48710796,0.0,7375.340000000002,37,63,1,1.04342,1.0332,0.0,0.0
2022-05-19,1.04636,1.06072,1.0461,1.05834,97978,0.9853606,0.9853606,0.0,7375.340000000002,37,63,1,1.04342,1.0332,0.0,0.0
2022-05-20,1.05836,1.05989,1.05329,1.05621,74621,0.5609748,0.5609748,0.0,7375.340000000002,37,63,1,1.04342,1.0332,0.0,0.0
2022-05-23,1.05606,1.06974,1.05571,1.06921,71493,-0.9324891,-0.9324891,0.0,7645.810000000002,38,63,0,0.0,0.0,0.0,270.47
2022-05-24,1.06898,1.07486,1.06609,1.07359,75237,0.8837604,0.8837604,0.0,7645.810000000002,38,63,1,1.07359,1.0635,0.0,0.0
2022-05-25,1.07366,1.07391,1.06423,1.06786,76504,0.43727055,0.43727055,0.0,7645.810000000002,38,63,1,1.07359,1.0635,0.0,0.0
2022-05-26,1.06808,1.07316,1.06625,1.07292,66718,0.533414,0.533414,0.0,7645.810000000002,38,63,1,1.07359,1.0635,0.0,0.0
2022-05-27,1.07224,1.0765,1.0697,1.07312,65512,1.0,1.0,0.0,7645.810000000002,38,63,1,1.07359,1.0635,0.0,0.0
2022-05-30,1.07332,1.0787,1.07251,1.07798,49217,0.5134984,0.5134984,0.0,7645.810000000002,38,63,1,1.07359,1.0635,0.0,0.0
2022-05-31,1.07788,1.07794,1.06791,1.07324,84835,-0.14877716,-0.14877716,0.0,7645.810000000002,38,63,1,1.07359,1.0635,0.0,0.0
2022-06-01,1.07351,1.07394,1.06274,1.06527,73933,-1.0,-1.0,0.0,7638.000000000002,38,64,0,0.0,0.0,0.0,-7.81
2022-06-02,1.06481,1.07502,1.06447,1.07462,64380,0.26981542,0.26981542,0.0,7638.000000000002,38,64,0,1.06527,1.0616,0.0,0.0
2022-06-03,1.07461,1.07642,1.07043,1.07188,60059,0.99831045,0.99831045,0.0,7638.000000000002,38,64,1,1.07188,1.0626,0.0,0.0
2022-06-06,1.07168,1.0752,1.0684,1.06958,59429,-0.38921684,-0.38921684,0.0,7638.000000000002,38,64,1,1.07188,1.0626,0.0,0.0
2022-06-07,1.06956,1.07144,1.06521,1.07049,73334,0.22317688,0.22317688,0.0,7638.000000000002,38,64,1,1.07188,1.0626,0.0,0.0
2022-06-08,1.07052,1.07485,1.06715,1.07163,70100,0.6346278,0.6346278,0.0,7638.000000000002,38,64,1,1.07188,1.0626,0.0,0.0
2022-06-09,1.07164,1.0774,1.06113,1.0618,82725,-0.21379268,-0.21379268,0.0,7638.000000000002,38,64,1,1.07188,1.0626,0.0,0.0
2022-06-10,1.06166,1.06423,1.05059,1.0519,88682,1.0,1.0,0.0,7416.060000000002,38,65,0,0.0,0.0,0.0,-221.94
2022-06-13,1.05152,1.05201,1.03999,1.0408,105177,-0.70962244,-0.70962244,0.0,7416.060000000002,38,65,2,1.0408,1.0445,0.0,0.0
2022-06-14,1.0407,1.04848,1.0397,1.04175,104739,0.54828566,0.54828566,0.0,7416.060000000002,38,65,2,1.0408,1.0445,0.0,0.0
2022-06-15,1.04155,1.05078,1.0359,1.04472,124898,-0.78349465,-0.78349465,0.0,7416.060000000002,38,65,2,1.0408,1.0445,0.0,0.0
2022-06-16,1.04422,1.06014,1.03809,1.05505,122628,-1.0,-1.0,0.0,7333.600000000002,38,66,0,0.0,0.0,0.0,-82.46
2022-06-17,1.05488,1.05601,1.04444,1.04953,111491,-0.4382596,-0.4382596,0.0,7333.600000000002,38,66,0,1.04953,1.0458,0.0,0.0
2022-06-20,1.04771,1.0546,1.04748,1.05109,71403,-0.14285949,-0.14285949,0.0,7333.600000000002,38,66,0,1.04953,1.0458,0.0,0.0
2022-06-21,1.05098,1.05827,1.05071,1.05347,76025,-0.09865322,-0.09865322,0.0,7333.600000000002,38,66,0,0.0,0.0,0.0,0.0
2022-06-22,1.0533,1.06056,1.0469,1.05688,93110,-1.0,-1.0,0.0,7333.600000000002,38,66,2,1.05688,1.0626,0.0,0.0
2022-06-23,1.0566,1.0581,1.04828,1.05211,106559,0.503712,0.503712,0.0,7333.600000000002,38,66,2,1.05688,1.0626,0.0,0.0
2022-06-24,1.05234,1.05713,1.05121,1.05554,79704,0.12669887,0.12669887,0.0,7333.600000000002,38,66,2,1.05688,1.0626,0.0,0.0
2022-06-27,1.05489,1.06149,1.05489,1.05819,80720,-0.892615,-0.892615,0.0,7333.600000000002,38,66,2,1.05688,1.0626,0.0,0.0
2022-06-28,1.05846,1.06062,1.05036,1.05207,85572,1.0,1.0,0.0,7305.9900000000025,38,67,0,0.0,0.0,0.0,-27.61
2022-06-29,1.05188,1.05355,1.04352,1.04413,89438,1.0,1.0,0.0,7305.9900000000025,38,67,1,1.04413,1.0373,0.0,0.0
2022-06-30,1.04403,1.04885,1.03827,1.04835,91533,1.0,1.0,0.0,7305.9900000000025,38,67,1,1.04413,1.0373,0.0,0.0
2022-07-01,1.04836,1.0485,1.03655,1.04246,92498,-0.5249413,-0.5249413,0.0,7305.9900000000025,38,67,1,1.04413,1.0373,0.0,0.0
2022-07-04,1.04193,1.04628,1.04168,1.04227,58142,1.0,1.0,0.0,7305.9900000000025,38,67,1,1.04413,1.0373,0.0,0.0
2022-07-05,1.04202,1.0449,1.02352,1.02641,90259,0.69077903,0.69077903,0.0,7305.9900000000025,38,67,1,1.04413,1.0373,0.0,0.0
2022-07-06,1.02681,1.02765,1.01618,1.01813,99215,0.09879357,0.09879357,0.0,6945.2400000000025,38,68,0,0.0,0.0,0.0,-360.75
2022-07-07,1.01808,1.0221,1.01442,1.01614,82593,1.0,1.0,0.0,6945.2400000000025,38,68,1,1.01614,1.0125,0.0,0.0
2022-07-08,1.01632,1.01915,1.00719,1.01854,89368,-0.85974896,-0.85974896,0.0,6945.2400000000025,38,68,1,1.01614,1.0125,0.0,0.0
2022-07-11,1.01788,1.0185,1.00338,1.00407,85255,1.0,1.0,0.0,6945.2400000000025,38,68,1,1.01614,1.0125,0.0,0.0
2022-07-12,1.00406,1.00738,1.0,1.0036,96809,1.0,1.0,0.0,6716.730000000002,38,69,0,0.0,0.0,0.0,-228.51
2022-07-13,1.00376,1.01217,0.9998,1.00576,104420,1.0,1.0,0.0,6716.730000000002,38,69,1,1.00576,1.0021,0.0,0.0
2022-07-14,1.00604,1.00604,0.99522,1.00208,106904,-1.0,-1.0,0.0,6716.730000000002,38,69,1,1.00576,1.0021,0.0,0.0
2022-07-15,1.00133,1.00979,1.00068,1.00875,85028,1.0,1.0,0.0,6649.480000000002,38,70,0,0.0,0.0,0.0,-67.25
2022-07-18,1.00815,1.02013,1.00786,1.01439,75643,-0.39632082,-0.39632082,0.0,6649.480000000002,38,70,0,1.00875,1.0051,0.0,0.0
2022-07-19,1.01409,1.02694,1.01197,1.02229,82953,-0.65788454,-0.65788454,0.0,6649.480000000002,38,70,2,1.02229,1.026,0.0,0.0
2022-07-20,1.02233,1.02732,1.01555,1.01819,75887,0.21963772,0.21963772,0.0,6649.480000000002,38,70,2,1.02229,1.026,0.0,0.0
2022-07-21,1.01757,1.0278,1.01535,1.02279,90112,-0.5102717,-0.5102717,0.0,6649.480000000002,38,70,2,1.02229,1.026,0.0,0.0
2022-07-22,1.02287,1.02555,1.01298,1.02143,83299,1.0,1.0,0.0,6640.2400000000025,38,71,0,0.0,0.0,0.0,-9.24
2022-07-25,1.02091,1.02578,1.01791,1.02183,78899,1.0,1.0,0.0,6640.2400000000025,38,71,1,1.02183,1.0181,0.0,0.0
2022-07-26,1.02202,1.025,1.01075,1.01177,71863,0.8503192,0.8503192,0.0,6640.2400000000025,38,71,1,1.02183,1.0181,0.0,0.0
2022-07-27,1.01147,1.02207,1.00967,1.01989,77938,1.0,1.0,0.0,6456.750000000003,38,72,0,0.0,0.0,0.0,-183.49
2022-07-28,1.01997,1.02343,1.01141,1.01967,93599,-0.5390693,-0.5390693,0.0,6456.750000000003,38,72,2,1.01967,1.0234,0.0,0.0
2022-07-29,1.01972,1.02541,1.01461,1.02265,88461,-1.0,-1.0,0.0,6456.750000000003,38,72,2,1.01967,1.0234,0.0,0.0
2022-08-01,1.02134,1.02753,1.02055,1.02605,80318,-1.0,-1.0,0.0,6456.750000000003,38,72,2,1.01967,1.0234,0.0,0.0
2022-08-02,1.02586,1.02939,1.01635,1.0166,98513,0.38472295,0.38472295,0.0,6341.9900000000025,38,73,0,0.0,0.0,0.0,-114.76
2022-08-03,1.01652,1.02098,1.01229,1.01687,85950,-1.0,-1.0,0.0,6341.9900000000025,38,73,2,1.01687,1.0214,0.0,0.0
2022-08-04,1.01632,1.02539,1.01546,1.02454,78799,0.9966233,0.9966233,0.0,6341.9900000000025,38,73,2,1.01687,1.0214,0.0,0.0
2022-08-05,1.0245,1.02523,1.01417,1.01781,75387,0.0022401158,0.0022401158,0.0,6206.690000000002,38,74,0,0.0,0.0,0.0,-135.3
2022-08-08,1.01742,1.0222,1.01593,1.01937,64538,0.21038458,0.21038458,0.0,6206.690000000002,38,74,0,1.01937,1.0231,0.0,0.0
2022-08-09,1.01946,1.02475,1.01887,1.02132,53939,-0.13227965,-0.13227965,0.0,6206.690000000002,38,74,0,1.01937,1.0231,0.0,0.0
2022-08-10,1.02124,1.03686,1.02022,1.02978,72864,0.6923741,0.6923741,0.0,6206.690000000002,38,74,1,1.02978,1.0187,0.0,0.0
2022-08-11,1.02994,1.03644,1.02755,1.03197,75415,1.0,1.0,0.0,6206.690000000002,38,74,1,1.02978,1.0187,0.0,0.0
2022-08-12,1.03174,1.03276,1.02383,1.02589,64133,0.77584225,0.77584225,0.0,6206.690000000002,38,74,1,1.02978,1.0187,0.0,0.0
2022-08-15,1.02547,1.02683,1.01546,1.01592,60397,0.16709298,0.16709298,0.0,6206.690000000002,38,74,1,1.02978,1.0187,0.0,0.0
2022-08-16,1.016,1.01947,1.01225,1.01705,68045,-1.0,-1.0,0.0,5969.430000000002,38,75,0,0.0,0.0,0.0,-237.26
2022-08-17,1.01705,1.02028,1.01455,1.01774,80147,-0.29775137,-0.29775137,0.0,5969.430000000002,38,75,0,1.02589,1.0296,0.0,0.0
2022-08-18,1.01794,1.01931,1.00796,1.00866,74632,0.23403007,0.23403007,0.0,5969.430000000002,38,75,0,1.02589,1.0296,0.0,0.0
2022-08-19,1.00822,1.00955,1.00319,1.00411,67125,1.0,1.0,0.0,5969.430000000002,38,75,1,1.00411,0.9931,0.0,0.0
2022-08-22,1.00363,1.00466,0.99263,0.99422,71630,-0.7083266,-0.7083266,0.0,5969.430000000002,38,75,1,1.00411,0.9931,0.0,0.0
2022-08-23,0.99429,1.00182,0.99004,0.99677,84073,0.55997497,0.55997497,0.0,5969.430000000002,38,75,1,1.00411,0.9931,0.0,0.0
2022-08-24,0.99692,0.9999,0.99102,0.99679,71722,1.0,1.0,0.0,5969.430000000002,38,75,1,1.00411,0.9931,0.0,0.0
2022-08-25,0.99645,1.00336,0.99491,0.99742,73306,-0.96072936,-0.96072936,0.0,5851.180000000002,38,76,0,0.0,0.0,0.0,-118.25
2022-08-26,0.9974,1.00899,0.99468,0.9965,78640,1.0,1.0,0.0,5851.180000000002,38,76,1,0.9965,0.9854,0.0,0.0
2022-08-29,0.99644,1.00291,0.99141,0.99977,81716,0.21991159,0.21991159,0.0,5851.180000000002,38,76,1,0.9965,0.9854,0.0,0.0
2022-08-30,0.99931,1.00549,0.9982,1.00152,88347,0.02592308,0.02592308,0.0,5851.180000000002,38,76,1,0.9965,0.9854,0.0,0.0
2022-08-31,1.00135,1.00791,0.99712,1.00524,84356,0.73204654,0.73204654,0.0,5851.180000000002,38,76,1,0.9965,0.9854,0.0,0.0
2022-09-01,1.00517,1.00544,0.9911,0.9945,84692,0.49807543,0.49807543,0.0,5851.180000000002,38,76,1,0.9965,0.9854,0.0,0.0
2022-09-02,0.99443,1.00336,0.99409,0.99564,82301,-0.17029907,-0.17029907,0.0,5851.180000000002,38,76,1,0.9965,0.9854,0.0,0.0
2022-09-05,0.99208,0.9944,0.98781,0.99314,64338,1.0,1.0,0.0,5851.180000000002,38,76,1,0.9965,0.9854,0.0,0.0
2022-09-06,0.99226,0.99863,0.9864,0.99066,92372,-0.4811146,-0.4811146,0.0,5851.180000000002,38,76,1,0.9965,0.9854,0.0,0.0
2022-09-07,0.99036,1.00108,0.98757,1.00063,83947,0.096306935,0.096306935,0.0,5851.180000000002,38,76,1,0.9965,0.9854,0.0,0.0
2022-09-08,1.00074,1.00299,0.99308,0.99984,92212,0.26838276,0.26838276,0.0,5851.180000000002,38,76,1,0.9965,0.9854,0.0,0.0
2022-09-09,0.99948,1.01133,0.99929,1.00406,82106,-0.62959784,-0.62959784,0.0,5904.220000000002,39,76,0,0.0,0.0,0.0,53.04
2022-09-12,1.01042,1.01978,1.006,1.01218,82760,-0.9581417,-0.9581417,0.0,5904.220000000002,39,76,2,1.01218,1.0159,0.0,0.0
2022-09-13,1.01223,1.01872,0.9967,0.99672,84725,-1.0,-1.0,0.0,5904.220000000002,39,76,2,1.01218,1.0159,0.0,0.0
2022-09-14,0.99697,1.00237,0.99556,0.99795,94217,-1.0,-1.0,0.0,5904.220000000002,39,76,2,1.01218,1.0159,0.0,0.0
2022-09-15,0.99804,1.00179,0.99559,0.99964,74200,0.88152605,0.88152605,0.0,6131.830000000002,40,76,0,0.0,0.0,0.0,227.61
2022-09-16,0.99969,1.00366,0.99452,1.00142,81618,1.0,1.0,0.0,6131.830000000002,40,76,1,1.00142,0.9977,0.0,0.0
2022-09-19,1.00066,1.00292,0.99662,1.00249,62314,0.7931717,0.7931717,0.0,6131.830000000002,40,76,1,1.00142,0.9977,0.0,0.0
2022-09-20,1.00212,1.00506,0.99553,0.99697,77039,0.29393268,0.29393268,0.0,6131.830000000002,40,76,1,1.00142,0.9977,0.0,0.0
2022-09-21,0.99704,0.99757,0.98132,0.98369,96509,-0.009708745,-0.009708745,0.0,6057.970000000002,40,77,0,0.0,0.0,0.0,-73.86
2022-09-22,0.98366,0.99074,0.98088,0.98341,112298,-1.0,-1.0,0.0,6057.970000000002,40,77,2,0.98341,0.9871,0.0,0.0
2022-09-23,0.98293,0.98519,0.96682,0.96885,102751,0.5110631,0.5110631,0.0,6057.970000000002,40,77,2,0.98341,0.9871,0.0,0.0
2022-09-26,0.96672,0.97099,0.9553,0.96086,144279,1.0,1.0,0.0,6289.950000000002,41,77,0,0.0,0.0,0.0,231.98
2022-09-27,0.96094,0.96707,0.95693,0.95938,108746,1.0,1.0,0.0,6289.950000000002,41,77,1,0.95938,0.9557,0.0,0.0
2022-09-28,0.95931,0.9751,0.95362,0.97365,133994,1.0,1.0,0.0,6289.950000000002,41,77,1,0.95938,0.9557,0.0,0.0
2022-09-29,0.973,0.98152,0.96358,0.98133,121733,-1.0,-1.0,0.0,6527.190000000001,42,77,0,0.0,0.0,0.0,237.24
2022-09-30,0.98158,0.9854,0.9735,0.9801,122272,-0.40316528,-0.40316528,0.0,6527.190000000001,42,77,0,0.97365,0.97,0.0,0.0
2022-10-03,0.97756,0.98447,0.97528,0.98247,108215,-1.0,-1.0,0.0,6527.190000000001,42,77,2,0.98247,0.9887,0.0,0.0
2022-10-04,0.98226,0.99996,0.98062,0.99862,103365,1.0,1.0,0.0,6527.190000000001,42,77,2,0.98247,0.9887,0.0,0.0
2022-10-05,0.9983,0.99951,0.98348,0.98858,85987,0.7609317,0.7609317,0.0,6241.4000000000015,42,78,0,0.0,0.0,0.0,-285.79
2022-10-06,0.98705,0.99265,0.97884,0.97911,96419,0.38456717,0.38456717,0.0,6241.4000000000015,42,78,0,0.0,0.0,0.0,0.0
2022-10-07,0.97895,0.98168,0.9726,0.97407,88082,-0.34450328,-0.34450328,0.0,6241.4000000000015,42,78,0,0.99862,1.0023,0.0,0.0
2022-10-10,0.97285,0.97533,0.96816,0.97032,76696,-0.31952485,-0.31952485,0.0,6241.4000000000015,42,78,0,0.97032,0.974,0.0,0.0
2022-10-11,0.96931,0.97747,0.96706,0.97048,93296,0.76488745,0.76488745,0.0,6241.4000000000015,42,78,1,0.97048,0.9668,0.0,0.0
2022-10-12,0.97061,0.9735,0.9668,0.97024,90312,-0.15642056,-0.15642056,0.0,6241.4000000000015,42,78,1,0.97048,0.9668,0.0,0.0
2022-10-13,0.97023,0.9806,0.96316,0.97773,97219,0.23913677,0.23913677,0.0,6241.4000000000015,42,78,1,0.97048,0.9668,0.0,0.0
2022-10-14,0.97703,0.98086,0.97072,0.97241,99732,0.5644955,0.5644955,0.0,6241.4000000000015,42,78,1,0.97048,0.9668,0.0,0.0
2022-10-17,0.97218,0.98521,0.9717,0.9844,81991,0.2838507,0.2838507,0.0,6241.4000000000015,42,78,1,0.97048,0.9668,0.0,0.0
2022-10-18,0.98352,0.98758,0.98128,0.98601,86452,1.0,1.0,0.0,6241.4000000000015,42,78,1,0.97048,0.9668,0.0,0.0
2022-10-19,0.98482,0.98726,0.97573,0.97721,81383,-0.009569015,-0.009569015,0.0,6241.4000000000015,42,78,1,0.97048,0.9668,0.0,0.0
2022-10-20,0.97726,0.98455,0.97546,0.97877,91914,-0.58308005,-0.58308005,0.0,6352.8200000000015,43,78,0,0.0,0.0,0.0,111.42
2022-10-21,0.97837,0.9869,0.9705,0.98611,111296,1.0,1.0,0.0,6352.8200000000015,43,78,1,0.98611,0.9819,0.0,0.0
2022-10-24,0.9873,0.98994,0.98069,0.98731,112499,1.0,1.0,0.0,6352.8200000000015,43,78,1,0.98611,0.9819,0.0,0.0
2022-10-25,0.98734,0.99768,0.98486,0.99678,84841,-0.5420228,-0.5420228,0.0,6352.8200000000015,43,78,1,0.98611,0.9819,0.0,0.0
2022-10-26,0.9961,1.00886,0.99437,1.00833,92006,-0.13786454,-0.13786454,0.0,6352.8200000000015,43,78,1,0.98611,0.9819,0.0,0.0
2022-10-27,1.00783,1.00938,0.99576,0.99649,96712,-0.7411017,-0.7411017,0.0,6739.220000000001,44,78,0,0.0,0.0,0.0,386.4
2022-10-28,0.99642,0.99982,0.99268,0.99658,87477,1.0,1.0,0.0,6739.220000000001,44,78,1,0.99658,0.9893,0.0,0.0
2022-10-31,0.99463,0.99658,0.98729,0.98825,71349,1.0,1.0,0.0,6739.220000000001,44,78,1,0.99658,0.9893,0.0,0.0
2022-11-01,0.98724,0.99536,0.9853,0.98739,81905,1.0,1.0,0.0,6588.600000000001,44,79,0,0.0,0.0,0.0,-150.62
2022-11-02,0.98749,0.99758,0.9813,0.98144,88355,-0.40692562,-0.40692562,0.0,6588.600000000001,44,79,0,0.98825,0.9846,0.0,0.0
2022-11-03,0.98144,0.98396,0.97302,0.97499,90187,0.4711297,0.4711297,0.0,6588.600000000001,44,79,0,0.0,0.0,0.0,0.0
2022-11-04,0.9744,0.99665,0.97426,0.99581,102287,1.0,1.0,0.0,6588.600000000001,44,79,1,0.99581,0.9921,0.0,0.0
2022-11-07,0.99047,1.0034,0.9901,1.0021,92595,0.8746266,0.8746266,0.0,6588.600000000001,44,79,1,0.99581,0.9921,0.0,0.0
2022-11-08,1.00194,1.00965,0.99715,1.00728,81127,1.0,1.0,0.0,6588.600000000001,44,79,1,0.99581,0.9921,0.0,0.0
2022-11-09,1.00707,1.00883,0.99929,1.00118,99498,0.33723417,0.33723417,0.0,6588.600000000001,44,79,1,0.99581,0.9921,0.0,0.0
2022-11-10,1.00067,1.0222,0.99356,1.0208,108567,0.24239685,0.24239685,0.0,6588.600000000001,44,79,1,0.99581,0.9921,0.0,0.0
2022-11-11,1.02079,1.03642,1.01631,1.03528,113239,0.79619855,0.79619855,0.0,6588.600000000001,44,79,1,0.99581,0.9921,0.0,0.0
2022-11-14,1.03341,1.03586,1.02714,1.03256,102085,0.7232116,0.7232116,0.0,6588.600000000001,44,79,1,0.99581,0.9921,0.0,0.0
2022-11-15,1.03263,1.04815,1.02801,1.03467,118437,0.85165036,0.85165036,0.0,6588.600000000001,44,79,1,0.99581,0.9921,0.0,0.0
2022-11-16,1.03476,1.04386,1.03309,1.03942,104819,-0.41698053,-0.41698053,0.0,6588.600000000001,44,79,1,0.99581,0.9921,0.0,0.0
2022-11-17,1.03934,1.04067,1.03053,1.03648,92529,-0.44769147,-0.44769147,0.0,6588.600000000001,44,79,1,0.99581,0.9921,0.0,0.0
2022-11-18,1.03591,1.03961,1.03137,1.03225,78526,1.0,1.0,0.0,6588.600000000001,44,79,1,0.99581,0.9921,0.0,0.0
2022-11-21,1.03217,1.0333,1.02228,1.02406,80401,-1.0,-1.0,0.0,7261.390000000001,45,79,0,0.0,0.0,0.0,672.79
2022-11-22,1.02404,1.03082,1.02378,1.03024,70730,1.0,1.0,0.0,7261.390000000001,45,79,1,1.03024,1.0201,0.0,0.0
2022-11-23,1.03033,1.04052,1.02966,1.03945,78455,-1.0,-1.0,0.0,7261.390000000001,45,79,1,1.03024,1.0201,0.0,0.0
2022-11-24,1.03951,1.04486,1.0382,1.04114,60720,-0.46067005,-0.46067005,0.0,7261.390000000001,45,79,1,1.03024,1.0201,0.0,0.0
2022-11-25,1.04061,1.04293,1.03548,1.03935,65585,0.6087061,0.6087061,0.0,7261.390000000001,45,79,1,1.03024,1.0201,0.0,0.0
2022-11-28,1.03703,1.04967,1.03302,1.034,87049,0.62027216,0.62027216,0.0,7261.390000000001,45,79,1,1.03024,1.0201,0.0,0.0
2022-11-29,1.03378,1.03944,1.03201,1.0329,85041,-0.021853797,-0.021853797,0.0,7261.390000000001,45,79,1,1.03024,1.0201,0.0,0.0
2022-11-30,1.03272,1.04288,1.02903,1.04084,93584,0.46184576,0.46184576,0.0,7261.390000000001,45,79,1,1.03024,1.0201,0.0,0.0
2022-12-01,1.04044,1.05338,1.03934,1.05258,101668,-1.0,-1.0,0.0,7478.870000000001,46,79,0,0.0,0.0,0.0,217.48
2022-12-02,1.05152,1.0545,1.04284,1.05405,91480,-1.0,-1.0,0.0,7478.870000000001,46,79,2,1.05405,1.0651,0.0,0.0
2022-12-05,1.05278,1.05949,1.04802,1.04932,87910,-0.31264332,-0.31264332,0.0,7478.870000000001,46,79,2,1.05405,1.0651,0.0,0.0
2022-12-06,1.04865,1.0533,1.04594,1.04674,86526,-0.56192106,-0.56192106,0.0,7478.870000000001,46,79,2,1.05405,1.0651,0.0,0.0
2022-12-07,1.04629,1.05499,1.04432,1.0506,88486,1.0,1.0,0.0,7634.210000000001,47,79,0,0.0,0.0,0.0,155.34
2022-12-08,1.05062,1.05649,1.04896,1.0555,78486,-0.1159673,-0.1159673,0.0,7634.210000000001,47,79,0,1.0555,1.0592,0.0,0.0
2022-12-09,1.05549,1.05884,1.05036,1.05349,80009,0.17041436,0.17041436,0.0,7634.210000000001,47,79,0,1.0555,1.0592,0.0,0.0
2022-12-12,1.05259,1.058,1.05062,1.05383,70366,-0.57832265,-0.57832265,0.0,7634.210000000001,47,79,2,1.05383,1.0624,0.0,0.0
2022-12-13,1.05295,1.06733,1.0528,1.06324,86527,-0.887999,-0.887999,0.0,7634.210000000001,47,79,2,1.05383,1.0624,0.0,0.0
2022-12-14,1.06317,1.06952,1.0619,1.06816,89740,0.8804212,0.8804212,0.0,7426.840000000001,47,80,0,0.0,0.0,0.0,-207.37
2022-12-15,1.0682,1.07366,1.05923,1.06263,87110,-0.4476579,-0.4476579,0.0,7426.840000000001,47,80,0,1.06263,1.0533,0.0,0.0
2022-12-16,1.06233,1.06629,1.0585,1.05856,78001,-0.83834296,-0.83834296,0.0,7426.840000000001,47,80,2,1.05856,1.0622,0.0,0.0
2022-12-19,1.05894,1.0658,1.05759,1.06073,66717,0.93342596,0.93342596,0.0,7426.840000000001,47,80,2,1.05856,1.0622,0.0,0.0
2022-12-20,1.0605,1.06586,1.0579,1.06232,96050,0.5943074,0.5943074,0.0,7426.840000000001,47,80,2,1.05856,1.0622,0.0,0.0
2022-12-21,1.0624,1.06452,1.05904,1.06038,70769,-1.0,-1.0,0.0,7346.300000000001,47,81,0,0.0,0.0,0.0,-80.54
2022-12-22,1.06046,1.06594,1.05733,1.05983,71649,-1.0,-1.0,0.0,7346.300000000001,47,81,2,1.05983,1.0635,0.0,0.0
2022-12-23,1.05938,1.06331,1.05867,1.0616,67480,-0.24104965,-0.24104965,0.0,7346.300000000001,47,81,2,1.05983,1.0635,0.0,0.0
2022-12-27,1.06354,1.06695,1.06115,1.0639,57402,-0.662639,-0.662639,0.0,7346.300000000001,47,81,2,1.05983,1.0635,0.0,0.0
2022-12-28,1.06395,1.06746,1.06068,1.06125,60209,1.0,1.0,0.0,7259.930000000001,47,82,0,0.0,0.0,0.0,-86.37
2022-12-29,1.06117,1.06905,1.06054,1.06621,57399,-0.65555924,-0.65555924,0.0,7259.930000000001,47,82,2,1.06621,1.0699,0.0,0.0
2022-12-30,1.06608,1.07132,1.06389,1.07007,67952,1.0,1.0,0.0,7259.930000000001,47,82,2,1.06621,1.0699,0.0,0.0
2023-01-02,1.0695,1.07092,1.06508,1.066,17160,-0.72288144,-0.72288144,0.0,7178.510000000001,47,83,0,0.0,0.0,0.0,-81.42
2023-01-03,1.0665,1.06836,1.05196,1.05488,87286,1.0,1.0,0.0,7178.510000000001,47,83,1,1.05488,1.0512,0.0,0.0
2023-01-04,1.05444,1.06353,1.05409,1.06041,86093,-1.0,-1.0,0.0,7178.510000000001,47,83,1,1.05488,1.0512,0.0,0.0
2023-01-05,1.0603,1.06314,1.05151,1.05217,80128,-0.6517623,-0.6517623,0.0,7178.510000000001,47,83,1,1.05488,1.0512,0.0,0.0
2023-01-06,1.05224,1.06481,1.04834,1.06437,78047,-0.8009371,-0.8009371,0.0,7122.930000000001,47,84,0,0.0,0.0,0.0,-55.58
2023-01-09,1.06399,1.07606,1.06371,1.07326,75292,0.6627548,0.6627548,0.0,7122.930000000001,47,84,1,1.07326,1.0622,0.0,0.0
2023-01-10,1.07278,1.07594,1.0712,1.07343,73561,1.0,1.0,0.0,7122.930000000001,47,84,1,1.07326,1.0622,0.0,0.0
2023-01-11,1.07329,1.07764,1.07254,1.07565,63079,-0.72826034,-0.72826034,0.0,7122.930000000001,47,84,1,1.07326,1.0622,0.0,0.0
2023-01-12,1.07574,1.08669,1.07275,1.08511,86966,1.0,1.0,0.0,7122.930000000001,47,84,1,1.07326,1.0622,0.0,0.0
2023-01-13,1.08405,1.0868,1.07804,1.0833,75185,0.12270206,0.12270206,0.0,7122.930000000001,47,84,1,1.07326,1.0622,0.0,0.0
2023-01-16,1.08286,1.08742,1.08016,1.08223,52421,-0.6819414,-0.6819414,0.0,7333.240000000002,48,84,0,0.0,0.0,0.0,210.31
2023-01-17,1.08216,1.08694,1.07748,1.07883,76534,-0.1286976,-0.1286976,0.0,7333.240000000002,48,84,0,1.07883,1.0751,0.0,0.0
2023-01-18,1.07882,1.08876,1.07662,1.07944,93009,0.11834865,0.11834865,0.0,7333.240000000002,48,84,0,1.07883,1.0751,0.0,0.0
2023-01-19,1.07929,1.084,1.07825,1.0831,73688,0.14855604,0.14855604,0.0,7333.240000000002,48,84,0,1.07883,1.0751,0.0,0.0
2023-01-20,1.08306,1.0859,1.08024,1.08562,60018,-0.66016,-0.66016,0.0,7333.240000000002,48,84,2,1.08562,1.0907,0.0,0.0
2023-01-23,1.08681,1.09268,1.08462,1.08714,66997,-1.0,-1.0,0.0,7333.240000000002,48,84,2,1.08562,1.0907,0.0,0.0
2023-01-24,1.0871,1.0898,1.08352,1.08882,59121,0.13998654,0.13998654,0.0,7333.240000000002,48,84,2,1.08562,1.0907,0.0,0.0
2023-01-25,1.0885,1.09236,1.08572,1.09152,61062,-1.0,-1.0,0.0,7333.240000000002,48,84,2,1.08562,1.0907,0.0,0.0
2023-01-26,1.09149,1.09296,1.08507,1.08912,60676,-0.3769518,-0.3769518,0.0,7205.020000000001,48,85,0,0.0,0.0,0.0,-128.22
2023-01-27,1.08923,1.09004,1.08379,1.08688,55309,0.18322855,0.18322855,0.0,7205.020000000001,48,85,0,1.08912,1.0941,0.0,0.0
2023-01-30,1.08623,1.09138,1.08393,1.08519,60379,-1.0,-1.0,0.0,7205.020000000001,48,85,2,1.08519,1.0913,0.0,0.0
2023-01-31,1.08464,1.0875,1.08022,1.08621,62430,-0.90644175,-0.90644175,0.0,7205.020000000001,48,85,2,1.08519,1.0913,0.0,0.0
2023-02-01,1.08605,1.10006,1.08524,1.09901,67393,-1.0,-1.0,0.0,7205.020000000001,48,85,2,1.08519,1.0913,0.0,0.0
2023-02-02,1.09882,1.10329,1.08854,1.09108,81137,1.0,1.0,0.0,6907.930000000001,48,86,0,0.0,0.0,0.0,-297.09
2023-02-03,1.09091,1.09401,1.07926,1.0794,74404,-0.036109395,-0.036109395,0.0,6907.930000000001,48,86,0,0.0,0.0,0.0,0.0
2023-02-06,1.07824,1.0799,1.07095,1.07257,65120,-1.0,-1.0,0.0,6907.930000000001,48,86,2,1.07257,1.0763,0.0,0.0
2023-02-07,1.07255,1.07664,1.06692,1.07278,78256,-0.02379879,-0.02379879,0.0,6907.930000000001,48,86,2,1.07257,1.0763,0.0,0.0
2023-02-08,1.0723,1.07609,1.07094,1.07141,59078,-1.0,-1.0,0.0,6907.930000000001,48,86,2,1.07257,1.0763,0.0,0.0
2023-02-09,1.071,1.07907,1.07069,1.07386,63040,1.0,1.0,0.0,6931.230000000001,49,86,0,0.0,0.0,0.0,23.3
2023-02-10,1.07344,1.07528,1.06664,1.06772,66567,0.57656527,0.57656527,0.0,6931.230000000001,49,86,1,1.06772,1.064,0.0,0.0
2023-02-13,1.06807,1.073,1.06556,1.07252,56312,0.39832273,0.39832273,0.0,6931.230000000001,49,86,1,1.06772,1.064,0.0,0.0
2023-02-14,1.07178,1.08041,1.07068,1.07359,82007,-0.8073861,-0.8073861,0.0,7028.090000000001,50,86,0,0.0,0.0,0.0,96.86
2023-02-15,1.07355,1.07445,1.06606,1.06869,68377,-0.60509753,-0.60509753,0.0,7028.090000000001,50,86,2,1.06869,1.0749,0.0,0.0
2023-02-16,1.06875,1.07226,1.06546,1.06728,72626,0.30439892,0.30439892,0.0,7028.090000000001,50,86,2,1.06869,1.0749,0.0,0.0
2023-02-17,1.06705,1.06984,1.06128,1.06937,66014,0.07619621,0.07619621,0.0,7028.090000000001,50,86,2,1.06869,1.0749,0.0,0.0
2023-02-20,1.06851,1.07047,1.06704,1.06848,41944,0.008265194,0.008265194,0.0,7028.090000000001,50,86,2,1.06869,1.0749,0.0,0.0
2023-02-21,1.06855,1.06983,1.06376,1.06461,67239,0.3994395,0.3994395,0.0,7028.090000000001,50,86,2,1.06869,1.0749,0.0,0.0
2023-02-22,1.06421,1.06642,1.05992,1.06049,72337,-0.52535635,-0.52535635,0.0,7028.090000000001,50,86,2,1.06869,1.0749,0.0,0.0
2023-02-23,1.06032,1.06278,1.05772,1.05943,65319,-0.48036402,-0.48036402,0.0,7028.090000000001,50,86,2,1.06869,1.0749,0.0,0.0
2023-02-24,1.05944,1.06143,1.05362,1.05458,72766,1.0,1.0,0.0,7215.260000000001,51,86,0,0.0,0.0,0.0,187.17
2023-02-27,1.05429,1.06198,1.05329,1.06088,62161,1.0,1.0,0.0,7215.260000000001,51,86,1,1.06088,1.0498,0.0,0.0
2023-02-28,1.06091,1.06453,1.05739,1.05755,62145,1.0,1.0,0.0,7215.260000000001,51,86,1,1.06088,1.0498,0.0,0.0
2023-03-01,1.0575,1.06914,1.05653,1.0669,77315,0.44073033,0.44073033,0.0,7215.260000000001,51,86,1,1.06088,1.0498,0.0,0.0
2023-03-02,1.06653,1.06729,1.05766,1.05971,71373,0.31183425,0.31183425,0.0,7215.260000000001,51,86,1,1.06088,1.0498,0.0,0.0
2023-03-03,1.05954,1.06387,1.05884,1.06341,61658,-0.30859596,-0.30859596,0.0,7215.260000000001,51,86,1,1.06088,1.0498,0.0,0.0
2023-03-06,1.06239,1.06944,1.06211,1.06828,58470,-0.4004169,-0.4004169,0.0,7215.260000000001,51,86,1,1.06088,1.0498,0.0,0.0
2023-03-07,1.06794,1.06947,1.05461,1.05493,73106,-0.79048884,-0.79048884,0.0,7370.100000000001,52,86,0,0.0,0.0,0.0,154.84
2023-03-08,1.0549,1.05738,1.05243,1.05438,60447,0.4203756,0.4203756,0.0,7370.100000000001,52,86,0,1.05493,1.0598,0.0,0.0
2023-03-09,1.05439,1.05913,1.05375,1.05823,59035,0.2977409,0.2977409,0.0,7370.100000000001,52,86,0,1.05493,1.0598,0.0,0.0
2023-03-10,1.05778,1.07006,1.0574,1.06395,94743,-1.0,-1.0,0.0,7370.100000000001,52,86,2,1.06395,1.0676,0.0,0.0
2023-03-13,1.0681,1.07486,1.06504,1.07316,123342,1.0,1.0,0.0,7370.100000000001,52,86,2,1.06395,1.0676,0.0,0.0
2023-03-14,1.07304,1.07496,1.06789,1.07332,96038,0.78975034,0.78975034,0.0,7172.330000000001,52,87,0,0.0,0.0,0.0,-197.77
2023-03-15,1.07326,1.07599,1.05162,1.05758,102531,-0.83203596,-0.83203596,0.0,7172.330000000001,52,87,2,1.05758,1.0686,0.0,0.0
2023-03-16,1.05769,1.06356,1.05511,1.06138,99112,1.0,1.0,0.0,7172.330000000001,52,87,2,1.05758,1.0686,0.0,0.0
2023-03-17,1.06082,1.06854,1.06047,1.06647,76952,1.0,1.0,0.0,7093.790000000001,52,88,0,0.0,0.0,0.0,-78.54
2023-03-20,1.06884,1.07308,1.06313,1.07238,82870,0.34652334,0.34652334,0.0,7093.790000000001,52,88,0,1.06647,1.0702,0.0,0.0
2023-03-21,1.07181,1.07884,1.0704,1.07698,59125,-0.75657344,-0.75657344,0.0,7093.790000000001,52,88,2,1.07698,1.0807,0.0,0.0
2023-03-22,1.07662,1.09124,1.07591,1.08551,66509,-1.0,-1.0,0.0,7093.790000000001,52,88,2,1.07698,1.0807,0.0,0.0
2023-03-23,1.08555,1.093,1.08243,1.08327,74275,1.0,1.0,0.0,6915.460000000001,52,89,0,0.0,0.0,0.0,-178.33
2023-03-24,1.08273,1.08387,1.07132,1.07587,78082,1.0,1.0,0.0,6915.460000000001,52,89,1,1.07587,1.0722,0.0,0.0
2023-03-27,1.0775,1.08,1.0745,1.07987,58295,-1.0,-1.0,0.0,6915.460000000001,52,89,1,1.07587,1.0722,0.0,0.0
2023-03-28,1.0796,1.08486,1.07939,1.0846,53381,1.0,1.0,0.0,6915.460000000001,52,89,1,1.07587,1.0722,0.0,0.0
2023-03-29,1.08424,1.08713,1.08178,1.08445,54470,-1.0,-1.0,0.0,7093.210000000001,53,89,0,0.0,0.0,0.0,177.75
2023-03-30,1.08433,1.09263,1.08236,1.09056,54482,-1.0,-1.0,0.0,7093.210000000001,53,89,2,1.09056,1.0942,0.0,0.0
2023-03-31,1.09056,1.09258,1.08369,1.08415,58799,-0.03355359,-0.03355359,0.0,7093.210000000001,53,89,2,1.09056,1.0942,0.0,0.0
2023-04-03,1.08397,1.09168,1.07882,1.09027,60391,0.3093717,0.3093717,0.0,7093.210000000001,53,89,2,1.09056,1.0942,0.0,0.0
2023-04-04,1.08965,1.09733,1.08828,1.09559,58380,0.1875121,0.1875121,0.0,7093.210000000001,53,89,2,1.09056,1.0942,0.0,0.0
2023-04-05,1.09466,1.09696,1.08912,1.09073,54840,-1.0,-1.0,0.0,6987.080000000001,53,90,0,0.0,0.0,0.0,-106.13
2023-04-06,1.09019,1.09376,1.08846,1.09205,46775,0.41321522,0.41321522,0.0,6987.080000000001,53,90,0,1.09073,1.1018,0.0,0.0
2023-04-07,1.092,1.09241,1.08767,1.08986,18853,0.17190604,0.17190604,0.0,6987.080000000001,53,90,0,1.09073,1.1018,0.0,0.0
2023-04-10,1.08974,1.09174,1.08313,1.08605,41249,-1.0,-1.0,0.0,6987.080000000001,53,90,2,1.08605,1.0955,0.0,0.0
2023-04-11,1.08577,1.09281,1.08532,1.09131,48851,-0.6278083,-0.6278083,0.0,6987.080000000001,53,90,2,1.08605,1.0955,0.0,0.0
2023-04-12,1.09113,1.10002,1.0909,1.09915,51771,1.0,1.0,0.0,6878.1900000000005,53,91,0,0.0,0.0,0.0,-108.89
2023-04-13,1.09913,1.10677,1.09769,1.1047,50762,-1.0,-1.0,0.0,6878.1900000000005,53,91,2,1.1047,1.1106,0.0,0.0
2023-04-14,1.10462,1.10759,1.09724,1.09942,53035,0.5970938,0.5970938,0.0,6878.1900000000005,53,91,2,1.1047,1.1106,0.0,0.0
2023-04-17,1.09887,1.09998,1.09092,1.09275,50560,0.2297092,0.2297092,0.0,6878.1900000000005,53,91,2,1.1047,1.1106,0.0,0.0
2023-04-18,1.09216,1.0983,1.09215,1.09736,46537,0.19487518,0.19487518,0.0,6878.1900000000005,53,91,2,1.1047,1.1106,0.0,0.0
2023-04-19,1.09717,1.09841,1.09174,1.0956,50192,0.4502899,0.4502899,0.0,6878.1900000000005,53,91,2,1.1047,1.1106,0.0,0.0
2023-04-20,1.09539,1.09898,1.09335,1.09706,50449,-0.504929,-0.504929,0.0,6878.1900000000005,53,91,2,1.1047,1.1106,0.0,0.0
2023-04-21,1.0968,1.09938,1.09381,1.09894,49614,-0.7001018,-0.7001018,0.0,6878.1900000000005,53,91,2,1.1047,1.1106,0.0,0.0
2023-04-24,1.09912,1.10502,1.0966,1.10463,53921,0.5795645,0.5795645,0.0,6996.38,54,91,0,0.0,0.0,0.0,118.19
2023-04-25,1.10452,1.10672,1.09642,1.09739,49963,-0.3652942,-0.3652942,0.0,6996.38,54,91,0,1.09739,1.1077,0.0,0.0
2023-04-26,1.09715,1.10954,1.09664,1.1039,59602,-0.19375908,-0.19375908,0.0,6996.38,54,91,0,1.09739,1.1077,0.0,0.0
2023-04-27,1.10399,1.10635,1.09922,1.10289,52826,0.72951853,0.72951853,0.0,6996.38,54,91,1,1.10289,1.0962,0.0,0.0
2023-04-28,1.10264,1.10451,1.09625,1.10165,65502,-0.44934756,-0.44934756,0.0,6996.38,54,91,1,1.10289,1.0962,0.0,0.0
2023-05-01,1.10222,1.10356,1.09643,1.09764,47044,0.07003806,0.07003806,0.0,6996.38,54,91,1,1.10289,1.0962,0.0,0.0
2023-05-02,1.09718,1.1008,1.0942,1.09992,55250,-0.7359307,-0.7359307,0.0,6886.92,54,92,0,0.0,0.0,0.0,-109.46
2023-05-03,1.09972,1.1092,1.09966,1.10623,58022,0.054906443,0.054906443,0.0,6886.92,54,92,0,1.09739,1.1077,0.0,0.0
2023-05-04,1.10591,1.10917,1.09863,1.10122,68897,-0.5307897,-0.5307897,0.0,6886.92,54,92,2,1.10122,1.1086,0.0,0.0
2023-05-05,1.10075,1.10478,1.09668,1.10185,51197,-0.6863133,-0.6863133,0.0,6886.92,54,92,2,1.10122,1.1086,0.0,0.0
2023-05-08,1.10204,1.10537,1.10002,1.10039,41175,-0.14832363,-0.14832363,0.0,6886.92,54,92,2,1.10122,1.1086,0.0,0.0
2023-05-09,1.10038,1.1005,1.09412,1.09615,44638,0.34168094,0.34168094,0.0,6886.92,54,92,2,1.10122,1.1086,0.0,0.0
2023-05-10,1.096,1.1007,1.09415,1.09824,49373,1.0,1.0,0.0,6990.81,55,92,0,0.0,0.0,0.0,103.89
2023-05-11,1.09813,1.09981,1.09002,1.09157,53324,-0.4794217,-0.4794217,0.0,6990.81,55,92,0,1.09157,1.081,0.0,0.0
2023-05-12,1.09154,1.09356,1.0848,1.08496,45896,-0.56798613,-0.56798613,0.0,6990.81,55,92,2,1.08496,1.0886,0.0,0.0
2023-05-15,1.08562,1.08909,1.08456,1.08745,40054,1.0,1.0,0.0,6990.81,55,92,2,1.08496,1.0886,0.0,0.0
2023-05-16,1.08735,1.09047,1.0855,1.08627,45157,-0.35827544,-0.35827544,0.0,6990.81,55,92,2,1.08496,1.0886,0.0,0.0
2023-05-17,1.08605,1.08736,1.08102,1.08387,46951,-1.0,-1.0,0.0,6990.81,55,92,2,1.08496,1.0886,0.0,0.0
2023-05-18,1.08391,1.08481,1.07626,1.077,44181,0.88519275,0.88519275,0.0,7013.22,56,92,0,0.0,0.0,0.0,22.41
2023-05-19,1.0769,1.08288,1.07599,1.08059,51581,1.0,1.0,0.0,7013.22,56,92,1,1.08059,1.0769,0.0,0.0
2023-05-22,1.08046,1.08314,1.07955,1.08122,47326,0.345935,0.345935,0.0,7013.22,56,92,1,1.08059,1.0769,0.0,0.0
2023-05-23,1.08108,1.08206,1.07603,1.07706,48578,-0.29455188,-0.29455188,0.0,7013.22,56,92,1,1.08059,1.0769,0.0,0.0
2023-05-24,1.07693,1.08012,1.07482,1.07494,53255,0.50490797,0.50490797,0.0,7013.22,56,92,1,1.08059,1.0769,0.0,0.0
2023-05-25,1.07489,1.07568,1.07073,1.07252,51749,-1.0,-1.0,0.0,6897.58,56,93,0,0.0,0.0,0.0,-115.64
2023-05-26,1.07241,1.07588,1.07018,1.07251,48126,0.8510099,0.8510099,0.0,6897.58,56,93,1,1.07251,1.0618,0.0,0.0
2023-05-29,1.07158,1.07435,1.07056,1.0709,22916,0.56680506,0.56680506,0.0,6897.58,56,93,1,1.07251,1.0618,0.0,0.0
2023-05-30,1.0707,1.07466,1.06725,1.0734,50936,-0.16234925,-0.16234925,0.0,6897.58,56,93,1,1.07251,1.0618,0.0,0.0
2023-05-31,1.07341,1.07358,1.06352,1.06883,54770,-1.0,-1.0,0.0,6915.46,57,93,0,0.0,0.0,0.0,17.88
2023-06-01,1.06897,1.07685,1.06618,1.07624,52529,-0.30529144,-0.30529144,0.0,6915.46,57,93,0,1.07624,1.0726,0.0,0.0
2023-06-02,1.07618,1.0779,1.07054,1.07073,47083,-0.4027171,-0.4027171,0.0,6915.46,57,93,0,1.07624,1.0726,0.0,0.0
2023-06-05,1.0711,1.07223,1.06746,1.07122,42952,-0.14640719,-0.14640719,0.0,6915.46,57,93,0,0.0,0.0,0.0,0.0
2023-06-06,1.07118,1.07328,1.0667,1.06924,42614,-0.49201483,-0.49201483,0.0,6915.46,57,93,0,1.06924,1.0759,0.0,0.0
2023-06-07,1.06923,1.07397,1.06683,1.0699,44141,0.2272681,0.2272681,0.0,6915.46,57,93,0,1.06924,1.0759,0.0,0.0
2023-06-08,1.06974,1.07871,1.0693,1.07832,45159,0.45535535,0.45535535,0.0,6915.46,57,93,0,1.06924,1.0759,0.0,0.0
2023-06-09,1.07805,1.07852,1.0743,1.07491,40722,0.49012336,0.49012336,0.0,6915.46,57,93,0,0.0,0.0,0.0,0.0
2023-06-12,1.07462,1.07901,1.07331,1.07578,39811,-0.67218983,-0.67218983,0.0,6915.46,57,93,2,1.07578,1.0851,0.0,0.0
2023-06-13,1.07545,1.08236,1.07529,1.0793,50262,-1.0,-1.0,0.0,6915.46,57,93,2,1.07578,1.0851,0.0,0.0
2023-06-14,1.07934,1.08641,1.07741,1.0831,51041,-0.055535816,-0.055535816,0.0,6915.46,57,93,2,1.07578,1.0851,0.0,0.0
2023-06-15,1.08258,1.09527,1.08038,1.09456,52580,-0.81144893,-0.81144893,0.0,6915.46,57,93,2,1.07578,1.0851,0.0,0.0
2023-06-16,1.09444,1.09708,1.09182,1.09421,48462,-0.20989878,-0.20989878,0.0,6529.54,57,94,0,0.0,0.0,0.0,-385.92
2023-06-19,1.09399,1.09462,1.09072,1.09215,35479,-1.0,-1.0,0.0,6529.54,57,94,2,1.09215,1.0988,0.0,0.0
2023-06-20,1.09214,1.09462,1.08922,1.0918,49833,1.0,1.0,0.0,6529.54,57,94,2,1.09215,1.0988,0.0,0.0
2023-06-21,1.09172,1.09908,1.09058,1.09862,53242,-1.0,-1.0,0.0,6529.54,57,94,2,1.09215,1.0988,0.0,0.0
2023-06-22,1.09859,1.10123,1.09486,1.09559,51595,0.03959573,0.03959573,0.0,6529.54,57,94,2,1.09215,1.0988,0.0,0.0
2023-06-23,1.09556,1.09587,1.08446,1.08954,54706,-0.93652415,-0.93652415,0.0,6529.54,57,94,2,1.09215,1.0988,0.0,0.0
2023-06-26,1.0905,1.09202,1.08876,1.09053,44157,0.67878735,0.67878735,0.0,6579.94,58,94,0,0.0,0.0,0.0,50.4
2023-06-27,1.09057,1.09768,1.09022,1.09609,50809,0.15809727,0.15809727,0.0,6579.94,58,94,0,0.0,0.0,0.0,0.0
2023-06-28,1.09601,1.09627,1.0897,1.0913,50654,-0.744515,-0.744515,0.0,6579.94,58,94,2,1.0913,1.095,0.0,0.0
2023-06-29,1.09128,1.09413,1.08602,1.08642,52845,-0.39062467,-0.39062467,0.0,6579.94,58,94,2,1.0913,1.095,0.0,0.0
2023-06-30,1.08651,1.09318,1.08354,1.09098,51888,1.0,1.0,0.0,6674.629999999999,59,94,0,0.0,0.0,0.0,94.69
2023-07-03,1.09105,1.09337,1.08703,1.09139,44008,0.8705967,0.8705967,0.0,6674.629999999999,59,94,1,1.09139,1.0877,0.0,0.0
2023-07-04,1.09105,1.09164,1.08768,1.08793,28934,0.3331575,0.3331575,0.0,6674.629999999999,59,94,1,1.09139,1.0877,0.0,0.0
2023-07-05,1.08789,1.0908,1.0851,1.0854,45663,1.0,1.0,0.0,6674.629999999999,59,94,1,1.09139,1.0877,0.0,0.0
2023-07-06,1.08536,1.09006,1.08334,1.08922,58747,-0.17328891,-0.17328891,0.0,6556.8099999999995,59,95,0,0.0,0.0,0.0,-117.82
2023-07-07,1.08835,1.09733,1.08671,1.09681,54340,1.0,1.0,0.0,6556.8099999999995,59,95,1,1.09681,1.0931,0.0,0.0
2023-07-10,1.09571,1.10013,1.09436,1.10011,48493,1.0,1.0,0.0,6556.8099999999995,59,95,1,1.09681,1.0931,0.0,0.0
2023-07-11,1.10008,1.10271,1.09769,1.10086,47572,1.0,1.0,0.0,6556.8099999999995,59,95,1,1.09681,1.0931,0.0,0.0
2023-07-12,1.10072,1.11403,1.10013,1.11315,58803,0.57388437,0.57388437,0.0,6556.8099999999995,59,95,1,1.09681,1.0931,0.0,0.0
2023-07-13,1.11244,1.12279,1.11244,1.12263,57097,-1.0,-1.0,0.0,6880.5599999999995,60,95,0,0.0,0.0,0.0,323.75
2023-07-14,1.1226,1.12448,1.12042,1.12253,56935,0.7750246,0.7750246,0.0,6880.5599999999995,60,95,1,1.12253,1.1115,0.0,0.0
2023-07-17,1.12292,1.12489,1.12033,1.12381,45410,1.0,1.0,0.0,6880.5599999999995,60,95,1,1.12253,1.1115,0.0,0.0
2023-07-18,1.12305,1.12757,1.12089,1.12279,60323,-0.057770807,-0.057770807,0.0,6880.5599999999995,60,95,1,1.12253,1.1115,0.0,0.0
2023-07-19,1.12281,1.12401,1.11744,1.12026,59462,0.68841046,0.68841046,0.0,6880.5599999999995,60,95,1,1.12253,1.1115,0.0,0.0
2023-07-20,1.11979,1.12292,1.11185,1.11296,55962,-0.4751263,-0.4751263,0.0,6880.5599999999995,60,95,1,1.12253,1.1115,0.0,0.0
2023-07-21,1.1129,1.11449,1.11078,1.11254,51504,-1.0,-1.0,0.0,6681.599999999999,60,96,0,0.0,0.0,0.0,-198.96
2023-07-24,1.1123,1.11469,1.10602,1.10648,56536,-0.15639147,-0.15639147,0.0,6681.599999999999,60,96,0,1.11254,1.1025,0.0,0.0
2023-07-25,1.10637,1.1087,1.10208,1.10554,48273,0.5059138,0.5059138,0.0,6681.599999999999,60,96,1,1.10554,1.0945,0.0,0.0
2023-07-26,1.10491,1.11068,1.10377,1.10858,60344,-0.8519913,-0.8519913,0.0,6681.599999999999,60,96,1,1.10554,1.0945,0.0,0.0
2023-07-27,1.1085,1.11498,1.09659,1.09768,72457,-0.61881316,-0.61881316,0.0,6681.599999999999,60,96,1,1.10554,1.0945,0.0,0.0
2023-07-28,1.09763,1.10474,1.09435,1.10161,74756,1.0,1.0,0.0,6681.599999999999,60,96,1,1.10554,1.0945,0.0,0.0
2023-07-31,1.10204,1.10458,1.09936,1.09969,58249,-1.0,-1.0,0.0,6603.0599999999995,60,97,0,0.0,0.0,0.0,-78.54
2023-08-01,1.09965,1.1003,1.09524,1.09841,53463,-0.11304766,-0.11304766,0.0,6603.0599999999995,60,97,0,1.09969,1.0957,0.0,0.0
2023-08-02,1.09841,1.10191,1.09181,1.09384,66816,0.8847758,0.8847758,0.0,6603.0599999999995,60,97,1,1.09384,1.0828,0.0,0.0
2023-08-03,1.09376,1.09629,1.09123,1.09492,65638,-0.42814225,-0.42814225,0.0,6603.0599999999995,60,97,1,1.09384,1.0828,0.0,0.0
2023-08-04,1.09485,1.10418,1.0935,1.10099,62633,1.0,1.0,0.0,6603.0599999999995,60,97,1,1.09384,1.0828,0.0,0.0
2023-08-07,1.101,1.10167,1.09654,1.10032,46891,-0.33941418,-0.33941418,0.0,6603.0599999999995,60,97,1,1.09384,1.0828,0.0,0.0
2023-08-08,1.10024,1.10112,1.09291,1.09564,54048,-0.03744172,-0.03744172,0.0,6603.0599999999995,60,97,1,1.09384,1.0828,0.0,0.0
2023-08-09,1.09547,1.09954,1.09497,1.09737,49257,0.7760163,0.7760163,0.0,6603.0599999999995,60,97,1,1.09384,1.0828,0.0,0.0
2023-08-10,1.09735,1.1065,1.09674,1.09808,59399,-1.0,-1.0,0.0,6672.49,61,97,0,0.0,0.0,0.0,69.43
2023-08-11,1.09799,1.1005,1.09431,1.09466,52373,-0.18741481,-0.18741481,0.0,6672.49,61,97,0,1.09808,1.0923,0.0,0.0
2023-08-14,1.09497,1.09602,1.08748,1.09066,57885,-0.20178929,-0.20178929,0.0,6672.49,61,97,0,1.09808,1.0923,0.0,0.0
2023-08-15,1.09048,1.09524,1.08967,1.09049,62604,0.2345272,0.2345272,0.0,6672.49,61,97,0,0.0,0.0,0.0,0.0
2023-08-16,1.09033,1.09346,1.08716,1.08794,61730,-0.7465819,-0.7465819,0.0,6672.49,61,97,2,1.08794,1.0916,0.0,0.0
2023-08-17,1.08777,1.09184,1.08564,1.08727,61318,-0.76451874,-0.76451874,0.0,6672.49,61,97,2,1.08794,1.0916,0.0,0.0
2023-08-18,1.08712,1.08938,1.0845,1.08688,55502,-0.19225281,-0.19225281,0.0,6672.49,61,97,2,1.08794,1.0916,0.0,0.0
2023-08-21,1.08653,1.09137,1.08634,1.08955,51956,-0.27111003,-0.27111003,0.0,6672.49,61,97,2,1.08794,1.0916,0.0,0.0
2023-08-22,1.08951,1.09304,1.0833,1.08459,51239,-0.52119225,-0.52119225,0.0,6672.49,61,97,2,1.08794,1.0916,0.0,0.0
2023-08-23,1.08451,1.08714,1.08026,1.08636,55959,-1.0,-1.0,0.0,6672.49,61,97,2,1.08794,1.0916,0.0,0.0
2023-08-24,1.08626,1.08766,1.08051,1.08105,52245,-1.0,-1.0,0.0,6672.49,61,97,2,1.08794,1.0916,0.0,0.0
2023-08-25,1.08103,1.08418,1.07658,1.07941,57507,-0.28442162,-0.28442162,0.0,6672.49,61,97,2,1.08794,1.0916,0.0,0.0
2023-08-28,1.07959,1.08221,1.07934,1.08192,45434,-1.0,-1.0,0.0,6672.49,61,97,2,1.08794,1.0916,0.0,0.0
2023-08-29,1.08187,1.0892,1.07824,1.08791,54119,1.0,1.0,0.0,6790.46,62,97,0,0.0,0.0,0.0,117.97
2023-08-30,1.08791,1.09454,1.08551,1.09232,56027,-0.3100817,-0.3100817,0.0,6790.46,62,97,0,1.09232,1.0879,0.0,0.0
2023-08-31,1.09226,1.09395,1.08351,1.08438,52866,1.0,1.0,0.0,6790.46,62,97,1,1.08438,1.0749,0.0,0.0
2023-09-01,1.08428,1.0882,1.07722,1.07735,54671,-1.0,-1.0,0.0,6790.46,62,97,1,1.08438,1.0749,0.0,0.0
2023-09-04,1.07753,1.08089,1.07712,1.07965,29258,1.0,1.0,0.0,6790.46,62,97,1,1.08438,1.0749,0.0,0.0
2023-09-05,1.07936,1.07984,1.07064,1.0722,50123,-0.019322712,-0.019322712,0.0,6790.46,62,97,1,1.08438,1.0749,0.0,0.0
2023-09-06,1.07221,1.07489,1.07024,1.0726,51743,-0.62265617,-0.62265617,0.0,6549.71,62,98,0,0.0,0.0,0.0,-240.75
2023-09-07,1.07263,1.07318,1.06862,1.06958,45667,0.3945276,0.3945276,0.0,6549.71,62,98,0,0.0,0.0,0.0,0.0
2023-09-08,1.06966,1.07437,1.06941,1.07005,46505,-0.87299377,-0.87299377,0.0,6549.71,62,98,2,1.07005,1.0737,0.0,0.0
2023-09-11,1.07146,1.07594,1.07081,1.07501,50659,-0.13959742,-0.13959742,0.0,6549.71,62,98,2,1.07005,1.0737,0.0,0.0
2023-09-12,1.07499,1.07685,1.07056,1.07549,44355,0.15938416,0.15938416,0.0,6454.89,62,99,0,0.0,0.0,0.0,-94.82
2023-09-13,1.07539,1.07649,1.07112,1.07294,52830,-0.7088976,-0.7088976,0.0,6454.89,62,99,2,1.07294,1.084,0.0,0.0
2023-09-14,1.07291,1.0752,1.06319,1.06443,55379,0.24518117,0.24518117,0.0,6454.89,62,99,2,1.07294,1.084,0.0,0.0
2023-09-15,1.06423,1.06877,1.06329,1.06611,47832,0.6531503,0.6531503,0.0,6454.89,62,99,2,1.07294,1.084,0.0,0.0
2023-09-18,1.06566,1.06986,1.06548,1.06923,38513,0.12347762,0.12347762,0.0,6454.89,62,99,2,1.07294,1.084,0.0,0.0
2023-09-19,1.06912,1.07179,1.06752,1.06793,40616,1.0,1.0,0.0,6524.39,63,99,0,0.0,0.0,0.0,69.5
2023-09-20,1.06776,1.07368,1.06502,1.06605,49909,0.21924551,0.21924551,0.0,6524.39,63,99,0,1.06611,1.0624,0.0,0.0
2023-09-21,1.066,1.06736,1.06167,1.06612,54710,0.3621629,0.3621629,0.0,6524.39,63,99,0,1.06611,1.0624,0.0,0.0
2023-09-22,1.06585,1.06718,1.06149,1.06459,48991,-0.9664318,-0.9664318,0.0,6524.39,63,99,2,1.06459,1.0733,0.0,0.0
2023-09-25,1.0643,1.06557,1.05755,1.05921,44558,-1.0,-1.0,0.0,6524.39,63,99,2,1.06459,1.0733,0.0,0.0
2023-09-26,1.05931,1.0609,1.05622,1.05719,46154,-1.0,-1.0,0.0,6524.39,63,99,2,1.06459,1.0733,0.0,0.0
2023-09-27,1.05717,1.05741,1.04881,1.05031,56368,-1.0,-1.0,0.0,6524.39,63,99,2,1.06459,1.0733,0.0,0.0
2023-09-28,1.05009,1.05788,1.04912,1.05661,56406,-0.09794594,-0.09794594,0.0,6524.39,63,99,2,1.06459,1.0733,0.0,0.0
2023-09-29,1.05645,1.0617,1.0555,1.05732,55121,-0.44758585,-0.44758585,0.0,6524.39,63,99,2,1.06459,1.0733,0.0,0.0
2023-10-02,1.05665,1.05919,1.04775,1.04775,51377,0.8999246,0.8999246,0.0,6660.530000000001,64,99,0,0.0,0.0,0.0,136.14
2023-10-03,1.04772,1.04936,1.04483,1.04662,58075,-0.82681185,-0.82681185,0.0,6660.530000000001,64,99,2,1.04662,1.0503,0.0,0.0
2023-10-04,1.04666,1.05322,1.04514,1.05039,57128,-1.0,-1.0,0.0,6660.530000000001,64,99,2,1.04662,1.0503,0.0,0.0
2023-10-05,1.05035,1.05518,1.05001,1.05509,54925,0.6134999,0.6134999,0.0,6588.920000000001,64,100,0,0.0,0.0,0.0,-71.61
2023-10-06,1.05418,1.05999,1.04826,1.05845,60949,-0.66485775,-0.66485775,0.0,6588.920000000001,64,100,2,1.05845,1.0621,0.0,0.0
2023-10-09,1.05501,1.05744,1.05194,1.05665,52649,1.0,1.0,0.0,6588.920000000001,64,100,2,1.05845,1.0621,0.0,0.0
2023-10-10,1.05658,1.06198,1.05544,1.0605,60014,-1.0,-1.0,0.0,6588.920000000001,64,100,2,1.05845,1.0621,0.0,0.0
2023-10-11,1.06051,1.06347,1.05818,1.06191,56324,0.79916584,0.79916584,0.0,6550.020000000001,64,101,0,0.0,0.0,0.0,-38.9
2023-10-12,1.06194,1.06399,1.05258,1.05282,53203,0.35109454,0.35109454,0.0,6550.020000000001,64,101,0,0.0,0.0,0.0,0.0
2023-10-13,1.05277,1.05586,1.04955,1.05089,56144,0.41256776,0.41256776,0.0,6550.020000000001,64,101,0,1.05089,1.0456,0.0,0.0
2023-10-16,1.05054,1.05627,1.05031,1.05594,47191,-1.0,-1.0,0.0,6550.020000000001,64,101,2,1.05594,1.067,0.0,0.0
2023-10-17,1.05599,1.05949,1.05329,1.05762,50556,0.3898871,0.3898871,0.0,6550.020000000001,64,101,2,1.05594,1.067,0.0,0.0
2023-10-18,1.05766,1.05942,1.05232,1.05364,53660,0.53267026,0.53267026,0.0,6550.020000000001,64,101,2,1.05594,1.067,0.0,0.0
2023-10-19,1.05357,1.06167,1.05282,1.05821,62994,-1.0,-1.0,0.0,6550.020000000001,64,101,2,1.05594,1.067,0.0,0.0
2023-10-20,1.05819,1.06038,1.0565,1.05948,51041,1.0,1.0,0.0,6507.300000000001,64,102,0,0.0,0.0,0.0,-42.72
2023-10-23,1.05949,1.06778,1.05715,1.06684,47725,-1.0,-1.0,0.0,6507.300000000001,64,102,2,1.06684,1.0705,0.0,0.0
2023-10-24,1.06686,1.06942,1.0583,1.05908,51177,0.6171729,0.6171729,0.0,6507.300000000001,64,102,2,1.06684,1.0705,0.0,0.0
2023-10-25,1.05894,1.06067,1.05657,1.05661,46854,-0.47478053,-0.47478053,0.0,6507.300000000001,64,102,2,1.06684,1.0705,0.0,0.0
2023-10-26,1.05662,1.05692,1.05222,1.05629,53537,-0.70997006,-0.70997006,0.0,6507.300000000001,64,102,2,1.06684,1.0705,0.0,0.0
2023-10-27,1.0562,1.0597,1.05354,1.05659,46534,1.0,1.0,0.0,6704.1500000000015,65,102,0,0.0,0.0,0.0,196.85
2023-10-30,1.05642,1.06252,1.05471,1.06154,43273,-0.842843,-0.842843,0.0,6704.1500000000015,65,102,2,1.06154,1.0689,0.0,0.0
2023-10-31,1.06147,1.0675,1.05575,1.05756,53938,0.017845837,0.017845837,0.0,6704.1500000000015,65,102,2,1.06154,1.0689,0.0,0.0
2023-11-01,1.05723,1.05808,1.05168,1.057,56119,0.6178708,0.6178708,0.0,6704.1500000000015,65,102,2,1.06154,1.0689,0.0,0.0
2023-11-02,1.05696,1.06677,1.05618,1.06224,52426,-0.33622143,-0.33622143,0.0,6704.1500000000015,65,102,2,1.06154,1.0689,0.0,0.0
2023-11-03,1.06203,1.07468,1.06126,1.07266,52614,-0.7229475,-0.7229475,0.0,6704.1500000000015,65,102,2,1.06154,1.0689,0.0,0.0
2023-11-06,1.07234,1.07564,1.07164,1.07172,41189,0.09510964,0.09510964,0.0,6487.050000000001,65,103,0,0.0,0.0,0.0,-217.1
2023-11-07,1.07172,1.07224,1.06643,1.06996,46197,0.9427534,0.9427534,0.0,6487.050000000001,65,103,1,1.06996,1.0589,0.0,0.0
2023-11-08,1.06992,1.07162,1.06594,1.07088,44941,-0.642419,-0.642419,0.0,6487.050000000001,65,103,1,1.06996,1.0589,0.0,0.0
2023-11-09,1.07071,1.07254,1.06602,1.06683,51595,-0.73033196,-0.73033196,0.0,6487.050000000001,65,103,1,1.06996,1.0589,0.0,0.0
2023-11-10,1.06661,1.06928,1.06563,1.06846,43967,1.0,1.0,0.0,6487.050000000001,65,103,1,1.06996,1.0589,0.0,0.0
2023-11-13,1.06828,1.07061,1.06651,1.06988,37789,0.39045674,0.39045674,0.0,6487.050000000001,65,103,1,1.06996,1.0589,0.0,0.0
2023-11-14,1.06981,1.08874,1.06916,1.08787,49241,0.07490027,0.07490027,0.0,6487.050000000001,65,103,1,1.06996,1.0589,0.0,0.0
2023-11-15,1.08774,1.08857,1.08315,1.0847,50659,-0.3802027,-0.3802027,0.0,6487.050000000001,65,103,1,1.06996,1.0589,0.0,0.0
2023-11-16,1.0847,1.08956,1.083,1.08529,47068,-0.73395395,-0.73395395,0.0,6768.6100000000015,66,103,0,0.0,0.0,0.0,281.56
2023-11-17,1.08515,1.09142,1.08248,1.09136,48456,-0.5470812,-0.5470812,0.0,6768.6100000000015,66,103,2,1.09136,1.095,0.0,0.0
2023-11-20,1.091,1.09519,1.08976,1.09405,46902,0.2489346,0.2489346,0.0,6768.6100000000015,66,103,2,1.09136,1.095,0.0,0.0
2023-11-21,1.09387,1.09653,1.09002,1.09109,49448,-0.206004,-0.206004,0.0,6768.6100000000015,66,103,2,1.09136,1.095,0.0,0.0
2023-11-22,1.09099,1.0923,1.08532,1.08886,49671,0.30571464,0.30571464,0.0,6768.6100000000015,66,103,2,1.09136,1.095,0.0,0.0
2023-11-23,1.08884,1.09305,1.08818,1.09045,30452,-1.0,-1.0,0.0,6768.6100000000015,66,103,2,1.09136,1.095,0.0,0.0
2023-11-24,1.08997,1.09488,1.08951,1.09373,36991,0.0997371,0.0997371,0.0,6768.6100000000015,66,103,2,1.09136,1.095,0.0,0.0
2023-11-27,1.09444,1.09592,1.09251,1.09539,43702,-0.054952025,-0.054952025,0.0,6768.6100000000015,66,103,2,1.09136,1.095,0.0,0.0
2023-11-28,1.09528,1.10088,1.09345,1.09949,51858,-0.25447142,-0.25447142,0.0,6687.480000000001,66,104,0,0.0,0.0,0.0,-81.13
2023-11-29,1.09925,1.10172,1.096,1.09691,55561,-1.0,-1.0,0.0,6687.480000000001,66,104,2,1.09691,1.1006,0.0,0.0
2023-11-30,1.09691,1.0984,1.08794,1.08887,59011,1.0,1.0,0.0,6687.480000000001,66,104,2,1.09691,1.1006,0.0,0.0
2023-12-01,1.08873,1.09128,1.08286,1.0884,60411,-0.10741975,-0.10741975,0.0,6687.480000000001,66,104,2,1.09691,1.1006,0.0,0.0
2023-12-04,1.08743,1.0895,1.08041,1.08362,60233,0.3717078,0.3717078,0.0,6687.480000000001,66,104,2,1.09691,1.1006,0.0,0.0
2023-12-05,1.08354,1.08476,1.07781,1.07977,59553,0.22433707,0.22433707,0.0,6687.480000000001,66,104,2,1.09691,1.1006,0.0,0.0
2023-12-06,1.07955,1.08045,1.07587,1.07642,50347,-0.61858606,-0.61858606,0.0,6687.480000000001,66,104,2,1.09691,1.1006,0.0,0.0
2023-12-07,1.0762,1.0818,1.07553,1.07932,59770,-0.6004687,-0.6004687,0.0,6687.480000000001,66,104,2,1.09691,1.1006,0.0,0.0
2023-12-08,1.07933,1.08008,1.07234,1.07617,63022,-0.9950344,-0.9950344,0.0,6687.480000000001,66,104,2,1.09691,1.1006,0.0,0.0
2023-12-11,1.07586,1.07789,1.07416,1.07646,44780,1.0,1.0,0.0,7092.680000000001,67,104,0,0.0,0.0,0.0,405.2
2023-12-12,1.07636,1.0827,1.07552,1.07945,49266,-1.0,-1.0,0.0,7092.680000000001,67,104,2,1.07945,1.0831,0.0,0.0
2023-12-13,1.07936,1.08965,1.0773,1.08753,55673,0.061863583,0.061863583,0.0,7092.680000000001,67,104,2,1.07945,1.0831,0.0,0.0
2023-12-14,1.08723,1.10092,1.0868,1.09919,75259,0.26833716,0.26833716,0.0,6923.470000000001,67,105,0,0.0,0.0,0.0,-169.21
2023-12-15,1.09889,1.10036,1.08886,1.08939,63447,-0.09349847,-0.09349847,0.0,6923.470000000001,67,105,0,1.08939,1.08,0.0,0.0
2023-12-18,1.08974,1.09311,1.08922,1.09241,46847,1.0,1.0,0.0,6923.470000000001,67,105,1,1.09241,1.0887,0.0,0.0
2023-12-19,1.092,1.09875,1.09108,1.09809,53840,1.0,1.0,0.0,6923.470000000001,67,105,1,1.09241,1.0887,0.0,0.0
2023-12-20,1.09805,1.09834,1.09298,1.0943,50447,-1.0,-1.0,0.0,7040.690000000001,68,105,0,0.0,0.0,0.0,117.22
2023-12-21,1.09371,1.10126,1.09348,1.10109,56415,0.89604074,0.89604074,0.0,7040.690000000001,68,105,1,1.10109,1.0974,0.0,0.0
2023-12-22,1.10109,1.10402,1.09811,1.10137,53450,0.28238362,0.28238362,0.0,7040.690000000001,68,105,1,1.10109,1.0974,0.0,0.0
2023-12-26,1.10017,1.1045,1.10017,1.10416,27950,0.68464136,0.68464136,0.0,7040.690000000001,68,105,1,1.10109,1.0974,0.0,0.0
2023-12-27,1.1041,1.11226,1.10286,1.1106,36331,0.47402397,0.47402397,0.0,7040.690000000001,68,105,1,1.10109,1.0974,0.0,0.0
2023-12-28,1.11045,1.11394,1.10552,1.10624,47087,0.29372945,0.29372945,0.0,7040.690000000001,68,105,1,1.10109,1.0974,0.0,0.0
2023-12-29,1.10605,1.10844,1.10342,1.10372,46942,0.077871665,0.077871665,0.0,7040.690000000001,68,105,1,1.10109,1.0974,0.0,0.0
2024-01-02,1.10435,1.10446,1.09383,1.09414,51738,0.58055,0.58055,0.0,7040.690000000001,68,105,1,1.10109,1.0974,0.0,0.0
2024-01-03,1.09421,1.09654,1.08931,1.0922,59554,-1.0,-1.0,0.0,6895.330000000002,68,106,0,0.0,0.0,0.0,-145.36
2024-01-04,1.09203,1.09723,1.0907,1.09459,53437,0.07312425,0.07312425,0.0,6895.330000000002,68,106,0,1.09414,1.0842,0.0,0.0
2024-01-05,1.09441,1.09984,1.08769,1.09415,62561,-0.7769701,-0.7769701,0.0,6895.330000000002,68,106,2,1.09415,1.1019,0.0,0.0
2024-01-08,1.09326,1.09789,1.09227,1.09504,50867,1.0,1.0,0.0,6895.330000000002,68,106,2,1.09415,1.1019,0.0,0.0
2024-01-09,1.095,1.09664,1.09103,1.09312,53975,1.0,1.0,0.0,6877.080000000002,68,107,0,0.0,0.0,0.0,-18.25
2024-01-10,1.0931,1.09732,1.0923,1.09728,46043,0.033834733,0.033834733,0.0,6877.080000000002,68,107,0,1.09728,1.0862,0.0,0.0
2024-01-11,1.09721,1.09976,1.09304,1.09735,62940,0.7799238,0.7799238,0.0,6877.080000000002,68,107,1,1.09735,1.0937,0.0,0.0
2024-01-12,1.09721,1.0987,1.09361,1.09504,54863,1.0,1.0,0.0,6877.080000000002,68,107,1,1.09735,1.0937,0.0,0.0
2024-01-15,1.09457,1.09674,1.09336,1.09504,33897,-1.0,-1.0,0.0,6829.840000000002,68,108,0,0.0,0.0,0.0,-47.24
2024-01-16,1.09478,1.09509,1.08622,1.08752,64435,0.6742795,0.6742795,0.0,6829.840000000002,68,108,1,1.08752,1.0838,0.0,0.0
2024-01-17,1.087,1.08846,1.08446,1.0882,57617,-0.79816127,-0.79816127,0.0,6829.840000000002,68,108,1,1.08752,1.0838,0.0,0.0
2024-01-18,1.08809,1.09068,1.08467,1.08757,56212,1.0,1.0,0.0,6829.840000000002,68,108,1,1.08752,1.0838,0.0,0.0
2024-01-19,1.08714,1.08978,1.08585,1.0897,48301,-0.047242053,-0.047242053,0.0,6829.840000000002,68,108,1,1.08752,1.0838,0.0,0.0
2024-01-22,1.08899,1.09096,1.08801,1.08826,50091,0.7816298,0.7816298,0.0,6829.840000000002,68,108,1,1.08752,1.0838,0.0,0.0
2024-01-23,1.08813,1.09162,1.08217,1.08537,53017,-0.36241844,-0.36241844,0.0,6829.840000000002,68,108,1,1.08752,1.0838,0.0,0.0
2024-01-24,1.08414,1.09324,1.08414,1.08846,62835,-0.42179403,-0.42179403,0.0,6829.840000000002,68,108,1,1.08752,1.0838,0.0,0.0
2024-01-25,1.08823,1.0902,1.08218,1.08459,61603,0.44428775,0.44428775,0.0,6829.840000000002,68,108,1,1.08752,1.0838,0.0,0.0
2024-01-26,1.08392,1.08855,1.0813,1.08549,55760,-0.21375,-0.21375,0.0,6829.840000000002,68,108,1,1.08752,1.0838,0.0,0.0
2024-01-29,1.08427,1.08501,1.07959,1.08334,50164,-0.91803074,-0.91803074,0.0,6788.970000000002,68,109,0,0.0,0.0,0.0,-40.87
2024-01-30,1.08305,1.08575,1.08119,1.08456,57192,1.0,1.0,0.0,6788.970000000002,68,109,1,1.08456,1.0735,0.0,0.0
2024-01-31,1.08381,1.08875,1.0795,1.08177,84165,-0.19135003,-0.19135003,0.0,6788.970000000002,68,109,1,1.08456,1.0735,0.0,0.0
2024-02-01,1.08163,1.08749,1.078,1.08722,80501,1.0,1.0,0.0,6788.970000000002,68,109,1,1.08456,1.0735,0.0,0.0
2024-02-02,1.08708,1.08975,1.07806,1.07877,66035,0.7605822,0.7605822,0.0,6788.970000000002,68,109,1,1.08456,1.0735,0.0,0.0
2024-02-05,1.07849,1.07861,1.07233,1.07425,62386,-0.7179992,-0.7179992,0.0,6673.840000000002,68,110,0,0.0,0.0,0.0,-115.13
2024-02-06,1.07386,1.07624,1.07226,1.07542,59435,1.0,1.0,0.0,6673.840000000002,68,110,1,1.07542,1.0717,0.0,0.0
2024-02-07,1.07521,1.0784,1.07468,1.0773,57282,1.0,1.0,0.0,6673.840000000002,68,110,1,1.07542,1.0717,0.0,0.0
2024-02-08,1.07696,1.07889,1.07416,1.0778,53396,1.0,1.0,0.0,6673.840000000002,68,110,1,1.07542,1.0717,0.0,0.0
2024-02-09,1.07755,1.07952,1.07622,1.07854,54041,-1.0,-1.0,0.0,6720.310000000002,69,110,0,0.0,0.0,0.0,46.47
2024-02-12,1.07767,1.08057,1.0756,1.07716,41613,1.0,1.0,0.0,6720.310000000002,69,110,1,1.07716,1.0731,0.0,0.0
2024-02-13,1.07711,1.07949,1.07008,1.07091,56846,-1.0,-1.0,0.0,6720.310000000002,69,110,1,1.07716,1.0731,0.0,0.0
2024-02-14,1.07075,1.07346,1.06951,1.07276,53500,0.8543208,0.8543208,0.0,6598.190000000002,69,111,0,0.0,0.0,0.0,-122.12
2024-02-15,1.07249,1.07849,1.0724,1.07722,51996,-0.6137053,-0.6137053,0.0,6598.190000000002,69,111,2,1.07722,1.0868,0.0,0.0
2024-02-16,1.0765,1.07876,1.07321,1.07763,52972,-0.07688614,-0.07688614,0.0,6598.190000000002,69,111,2,1.07722,1.0868,0.0,0.0
2024-02-19,1.07716,1.07894,1.07621,1.07775,33461,1.0,1.0,0.0,6590.270000000002,69,112,0,0.0,0.0,0.0,-7.92
2024-02-20,1.07761,1.08389,1.07617,1.08078,57212,-1.0,-1.0,0.0,6590.270000000002,69,112,2,1.08078,1.0845,0.0,0.0
2024-02-21,1.08048,1.08244,1.079,1.08196,57459,-0.17343482,-0.17343482,0.0,6590.270000000002,69,112,2,1.08078,1.0845,0.0,0.0
2024-02-22,1.08128,1.08885,1.08028,1.08229,60229,-0.59144,-0.59144,0.0,6590.270000000002,69,112,2,1.08078,1.0845,0.0,0.0
2024-02-23,1.08158,1.08396,1.08119,1.08209,57904,-1.0,-1.0,0.0,6590.270000000002,69,112,2,1.08078,1.0845,0.0,0.0
2024-02-26,1.0831,1.08598,1.08127,1.08513,46625,-0.28716758,-0.28716758,0.0,6590.270000000002,69,112,2,1.08078,1.0845,0.0,0.0
2024-02-27,1.08464,1.0866,1.08331,1.0845,50141,0.12809427,0.12809427,0.0,6505.810000000002,69,113,0,0.0,0.0,0.0,-84.46
2024-02-28,1.08424,1.0846,1.07967,1.08385,54389,-1.0,-1.0,0.0,6505.810000000002,69,113,2,1.08385,1.0948,0.0,0.0
2024-02-29,1.08329,1.0856,1.07959,1.08049,73617,1.0,1.0,0.0,6505.810000000002,69,113,2,1.08385,1.0948,0.0,0.0
2024-03-01,1.07983,1.08428,1.07983,1.08401,60489,-0.25716045,-0.25716045,0.0,6505.810000000002,69,113,2,1.08385,1.0948,0.0,0.0
2024-03-04,1.08273,1.08669,1.08273,1.08556,52029,1.0,1.0,0.0,6502.7400000000025,69,114,0,0.0,0.0,0.0,-3.07
2024-03-05,1.08531,1.08762,1.0841,1.08565,55983,-1.0,-1.0,0.0,6502.7400000000025,69,114,2,1.08565,1.0925,0.0,0.0
2024-03-06,1.08533,1.09154,1.08422,1.08988,61696,0.28372008,0.28372008,0.0,6502.7400000000025,69,114,2,1.08565,1.0925,0.0,0.0
2024-03-07,1.08937,1.09493,1.08679,1.09481,61026,1.0,1.0,0.0,6421.340000000003,69,115,0,0.0,0.0,0.0,-81.4
2024-03-08,1.09464,1.09812,1.09183,1.09377,69425,-0.015521692,-0.015521692,0.0,6421.340000000003,69,115,0,0.0,0.0,0.0,0.0
2024-03-11,1.0942,1.09466,1.0933,1.09407,11057,-0.027594496,-0.027594496,0.0,6421.340000000003,69,115,0,1.09407,1.0978,0.0,0.0
