time,open,high,low,close,tick_volume,actDir,actRisk,eReward,eAccBalance,eWins,eLosses,pType,pOpenPrice,pSLPrice,pTPPrice,pProfit
2018-02-07 04:00:00,0.9355,0.936,0.9345,0.9349,11195,0.0,0.0,0.0,10000.0,0,0,0,0.0,0.0,0.0,0.0
2018-02-07 08:00:00,0.9349,0.938,0.934,0.938,26092,0.0,0.0,0.0,10000.0,0,0,0,0.0,0.0,0.0,0.0
2018-02-07 12:00:00,0.938,0.9411,0.9379,0.9407,17488,0.0,0.0,0.0,10000.0,0,0,0,0.0,0.0,0.0,0.0
2018-02-07 16:00:00,0.9407,0.9454,0.9402,0.9444,34519,0.0,0.0,0.0,10000.0,0,0,0,0.0,0.0,0.0,0.0
2018-02-07 20:00:00,0.9444,0.9447,0.9423,0.9426,24104,0.0,0.0,0.0,10000.0,0,0,0,0.0,0.0,0.0,0.0
2018-02-08 00:00:00,0.9433,0.944,0.9423,0.9429,15996,0.0,0.0,0.0,10000.0,0,0,0,0.0,0.0,0.0,0.0
2018-02-08 04:00:00,0.9429,0.9452,0.9425,0.944,12836,0.0,0.0,0.0,10000.0,0,0,0,0.0,0.0,0.0,0.0
2018-02-08 08:00:00,0.944,0.947,0.9428,0.9462,24331,0.0,0.0,0.0,10000.0,0,0,0,0.0,0.0,0.0,0.0
2018-02-08 12:00:00,0.9462,0.9465,0.9405,0.9407,30600,0.0,0.0,0.0,10000.0,0,0,0,0.0,0.0,0.0,0.0
2018-02-08 16:00:00,0.9407,0.9412,0.9354,0.9367,48343,0.0,0.0,0.0,10000.0,0,0,0,0.0,0.0,0.0,0.0
2018-02-08 20:00:00,0.9367,0.9382,0.9355,0.9358,30875,0.0,0.0,0.0,10000.0,0,0,0,0.0,0.0,0.0,0.0
2018-02-09 00:00:00,0.9358,0.9374,0.9348,0.9372,9744,-0.4506921,-0.4506921,0.0,10000.0,0,0,0,0.9372,0.939,0.0,0.0
2018-02-09 04:00:00,0.9372,0.9385,0.937,0.9381,12665,-0.18560591,-0.18560591,0.0,10000.0,0,0,0,0.9372,0.939,0.0,0.0
2018-02-09 08:00:00,0.9381,0.9398,0.9363,0.9386,23470,0.004799371,0.004799371,0.0,10000.0,0,0,0,0.0,0.0,0.0,0.0
2018-02-09 12:00:00,0.9386,0.939,0.9358,0.9374,36955,1.0,1.0,0.0,10000.0,0,0,1,0.9374,0.9362,0.0,0.0
2018-02-09 16:00:00,0.9374,0.9409,0.9374,0.9397,50043,0.506178,0.506178,0.0,10000.0,0,0,1,0.9374,0.9362,0.0,0.0
2018-02-09 20:00:00,0.9397,0.9404,0.9368,0.9392,33091,-0.68552464,-0.68552464,0.0,10000.0,0,0,1,0.9374,0.9362,0.0,0.0
2018-02-12 00:00:00,0.9389,0.9403,0.9379,0.9383,15088,-0.9901815,-0.9901815,0.0,10202.28,1,0,0,0.0,0.0,0.0,202.28
2018-02-12 04:00:00,0.9383,0.9387,0.9377,0.9382,12184,1.0,1.0,0.0,10202.28,1,0,1,0.9382,0.9357,0.0,0.0
2018-02-12 08:00:00,0.9382,0.9401,0.9367,0.9378,19992,-1.0,-1.0,0.0,10202.28,1,0,1,0.9382,0.9357,0.0,0.0
2018-02-12 12:00:00,0.9378,0.9395,0.9364,0.9388,14924,1.0,1.0,0.0,10202.28,1,0,1,0.9382,0.9357,0.0,0.0
2018-02-12 16:00:00,0.9388,0.9395,0.938,0.9385,20470,-0.0061574094,-0.0061574094,0.0,10202.28,1,0,1,0.9382,0.9357,0.0,0.0
2018-02-12 20:00:00,0.9385,0.9396,0.9377,0.939,10749,0.63162553,0.63162553,0.0,10202.28,1,0,1,0.9382,0.9357,0.0,0.0
2018-02-13 00:00:00,0.9389,0.9397,0.9382,0.9385,5581,-0.565831,-0.565831,0.0,10293.980000000001,2,0,0,0.0,0.0,0.0,91.7
2018-02-13 04:00:00,0.9385,0.9398,0.9374,0.9375,7109,-0.19067714,-0.19067714,0.0,10293.980000000001,2,0,0,0.9375,0.9351,0.0,0.0
2018-02-13 08:00:00,0.9375,0.9375,0.9335,0.9347,21759,-0.09559385,-0.09559385,0.0,10293.980000000001,2,0,0,0.9347,0.9339,0.0,0.0
2018-02-13 12:00:00,0.9347,0.9356,0.9322,0.9342,17020,0.40269879,0.40269879,0.0,10293.980000000001,2,0,0,0.9347,0.9339,0.0,0.0
2018-02-13 16:00:00,0.9342,0.935,0.9328,0.9338,23913,0.037580308,0.037580308,0.0,10293.980000000001,2,0,0,0.0,0.0,0.0,0.0
2018-02-13 20:00:00,0.9338,0.9354,0.9329,0.9347,11787,1.0,1.0,0.0,10293.980000000001,2,0,1,0.9347,0.9339,0.0,0.0
2018-02-14 00:00:00,0.9347,0.9356,0.9339,0.9348,6150,-1.0,-1.0,0.0,10293.980000000001,2,0,1,0.9347,0.9339,0.0,0.0
2018-02-14 04:00:00,0.9348,0.9351,0.9307,0.9328,17037,-1.0,-1.0,0.0,10305.480000000001,3,0,0,0.0,0.0,0.0,11.5
2018-02-14 08:00:00,0.9328,0.9355,0.9319,0.9351,16011,-1.0,-1.0,0.0,10305.480000000001,3,0,2,0.9351,0.9376,0.0,0.0
2018-02-14 12:00:00,0.9351,0.9371,0.9316,0.9358,25242,-1.0,-1.0,0.0,10305.480000000001,3,0,2,0.9351,0.9376,0.0,0.0
2018-02-14 16:00:00,0.9358,0.9374,0.9299,0.9301,41064,-0.6045137,-0.6045137,0.0,10305.480000000001,3,0,2,0.9351,0.9376,0.0,0.0
2018-02-14 20:00:00,0.9301,0.9309,0.9285,0.9293,21855,0.79122424,0.79122424,0.0,10878.940000000002,4,0,0,0.0,0.0,0.0,573.46
2018-02-15 00:00:00,0.9293,0.9293,0.927,0.9285,15876,0.5573639,0.5573639,0.0,10878.940000000002,4,0,1,0.9285,0.9271,0.0,0.0
2018-02-15 04:00:00,0.9285,0.9287,0.9263,0.9276,13434,-0.91682076,-0.91682076,0.0,10878.940000000002,4,0,1,0.9285,0.9271,0.0,0.0
2018-02-15 08:00:00,0.9276,0.9279,0.9229,0.9254,28925,-1.0,-1.0,0.0,10770.250000000002,4,1,0,0.0,0.0,0.0,-108.69
2018-02-15 12:00:00,0.9254,0.9267,0.9239,0.9249,15762,0.59139466,0.59139466,0.0,10770.250000000002,4,1,1,0.9249,0.9236,0.0,0.0
2018-02-15 16:00:00,0.9249,0.927,0.9222,0.9259,33497,-1.0,-1.0,0.0,10770.250000000002,4,1,1,0.9249,0.9236,0.0,0.0
2018-02-15 20:00:00,0.9259,0.9259,0.921,0.9219,16027,1.0,1.0,0.0,10770.250000000002,4,1,1,0.9249,0.9236,0.0,0.0
2018-02-16 00:00:00,0.9219,0.9226,0.9215,0.9218,6065,0.61511964,0.61511964,0.0,10413.810000000001,4,2,0,0.0,0.0,0.0,-356.44
2018-02-16 04:00:00,0.9219,0.9223,0.919,0.9193,13883,0.7429134,0.7429134,0.0,10413.810000000001,4,2,1,0.9193,0.9185,0.0,0.0
2018-02-16 08:00:00,0.9193,0.9213,0.9188,0.9202,18172,1.0,1.0,0.0,10413.810000000001,4,2,1,0.9193,0.9185,0.0,0.0
2018-02-16 12:00:00,0.9202,0.9249,0.9194,0.9248,24968,-1.0,-1.0,0.0,10517.000000000002,5,2,0,0.0,0.0,0.0,103.19
2018-02-16 16:00:00,0.9248,0.9264,0.9237,0.9257,26420,0.48005885,0.48005885,0.0,10517.000000000002,5,2,0,0.9248,0.9239,0.0,0.0
2018-02-16 20:00:00,0.9257,0.9288,0.9257,0.9275,15115,-0.8445595,-0.8445595,0.0,10517.000000000002,5,2,2,0.9275,0.93,0.0,0.0
2018-02-19 00:00:00,0.9269,0.9282,0.9263,0.9265,6653,-0.00582115,-0.00582115,0.0,10517.000000000002,5,2,2,0.9275,0.93,0.0,0.0
2018-02-19 04:00:00,0.9265,0.9288,0.9265,0.9287,4807,-0.14181213,-0.14181213,0.0,10517.000000000002,5,2,2,0.9275,0.93,0.0,0.0
2018-02-19 08:00:00,0.9287,0.93,0.9276,0.9277,18663,0.9263414,0.9263414,0.0,10376.740000000002,5,3,0,0.0,0.0,0.0,-140.26
2018-02-19 12:00:00,0.9277,0.9313,0.9263,0.9313,15012,-0.108720206,-0.108720206,0.0,10376.740000000002,5,3,0,0.9265,0.9255,0.0,0.0
2018-02-19 16:00:00,0.9313,0.932,0.9284,0.9286,16866,-0.17978133,-0.17978133,0.0,10376.740000000002,5,3,0,0.9265,0.9255,0.0,0.0
2018-02-19 20:00:00,0.9286,0.9292,0.928,0.9291,10530,0.7471435,0.7471435,0.0,10376.740000000002,5,3,1,0.9291,0.9283,0.0,0.0
2018-02-20 00:00:00,0.929,0.9307,0.9281,0.9302,7350,1.0,1.0,0.0,10376.740000000002,5,3,1,0.9291,0.9283,0.0,0.0
2018-02-20 04:00:00,0.9302,0.9315,0.9299,0.9312,5752,0.1338006,0.1338006,0.0,10376.740000000002,5,3,1,0.9291,0.9283,0.0,0.0
2018-02-20 08:00:00,0.9312,0.9342,0.9306,0.9341,22292,1.0,1.0,0.0,10376.740000000002,5,3,1,0.9291,0.9283,0.0,0.0
2018-02-20 12:00:00,0.9341,0.9365,0.9338,0.9361,17477,1.0,1.0,0.0,10376.740000000002,5,3,1,0.9291,0.9283,0.0,0.0
2018-02-20 16:00:00,0.9361,0.9363,0.9331,0.936,22997,-0.3679473,-0.3679473,0.0,10376.740000000002,5,3,1,0.9291,0.9283,0.0,0.0
2018-02-20 20:00:00,0.936,0.9369,0.9353,0.9359,12339,-0.43973684,-0.43973684,0.0,10376.740000000002,5,3,1,0.9291,0.9283,0.0,0.0
2018-02-21 00:00:00,0.9357,0.937,0.9357,0.9365,7683,-0.9385035,-0.9385035,0.0,11166.940000000002,6,3,0,0.0,0.0,0.0,790.2
2018-02-21 04:00:00,0.9365,0.9381,0.936,0.9376,8657,-0.73442686,-0.73442686,0.0,11166.940000000002,6,3,2,0.9376,0.9384,0.0,0.0
2018-02-21 08:00:00,0.9376,0.9384,0.9358,0.9366,19223,0.5764895,0.5764895,0.0,11166.940000000002,6,3,2,0.9376,0.9384,0.0,0.0
2018-02-21 12:00:00,0.9366,0.9388,0.9362,0.9371,22468,-1.0,-1.0,0.0,11166.940000000002,6,3,2,0.9376,0.9384,0.0,0.0
2018-02-21 16:00:00,0.9371,0.9386,0.9357,0.9367,28033,0.008842509,0.008842509,0.0,11166.940000000002,6,3,2,0.9376,0.9384,0.0,0.0
2018-02-21 20:00:00,0.9367,0.9396,0.9342,0.9388,37949,-1.0,-1.0,0.0,11166.940000000002,6,3,2,0.9376,0.9384,0.0,0.0
2018-02-22 00:00:00,0.9386,0.9398,0.9381,0.9383,8990,-1.0,-1.0,0.0,11016.400000000001,6,4,0,0.0,0.0,0.0,-150.54
2018-02-22 04:00:00,0.9383,0.9396,0.9383,0.9395,6880,1.0,1.0,0.0,11016.400000000001,6,4,1,0.9395,0.9387,0.0,0.0
2018-02-22 08:00:00,0.9395,0.9409,0.9374,0.9381,19426,-1.0,-1.0,0.0,11016.400000000001,6,4,1,0.9395,0.9387,0.0,0.0
2018-02-22 12:00:00,0.9381,0.9386,0.9355,0.9356,20464,-0.6359816,-0.6359816,0.0,10843.270000000002,6,5,0,0.0,0.0,0.0,-173.13
2018-02-22 16:00:00,0.9356,0.9363,0.9326,0.9336,24130,0.033610854,0.033610854,0.0,10843.270000000002,6,5,0,0.0,0.0,0.0,0.0
2018-02-22 20:00:00,0.9336,0.9343,0.9326,0.9326,11540,0.15450215,0.15450215,0.0,10843.270000000002,6,5,0,0.9383,0.9405,0.0,0.0
2018-02-23 00:00:00,0.9324,0.9337,0.9322,0.933,6086,-1.0,-1.0,0.0,10843.270000000002,6,5,2,0.933,0.9338,0.0,0.0
2018-02-23 04:00:00,0.933,0.9356,0.9329,0.935,7891,-0.38631457,-0.38631457,0.0,10843.270000000002,6,5,2,0.933,0.9338,0.0,0.0
2018-02-23 08:00:00,0.935,0.9363,0.9336,0.9341,15383,0.059600346,0.059600346,0.0,10600.630000000003,6,6,0,0.0,0.0,0.0,-242.64
2018-02-23 12:00:00,0.9341,0.9363,0.9336,0.936,15614,-0.68759155,-0.68759155,0.0,10600.630000000003,6,6,2,0.936,0.9368,0.0,0.0
2018-02-23 16:00:00,0.936,0.9374,0.9349,0.9351,18518,-0.79884446,-0.79884446,0.0,10600.630000000003,6,6,2,0.936,0.9368,0.0,0.0
2018-02-23 20:00:00,0.9351,0.9372,0.9351,0.9363,9220,1.0,1.0,0.0,10707.370000000003,7,6,0,0.0,0.0,0.0,106.74
2018-02-26 00:00:00,0.9352,0.9374,0.9345,0.9351,9847,-0.34442726,-0.34442726,0.0,10707.370000000003,7,6,0,0.9363,0.9371,0.0,0.0
2018-02-26 04:00:00,0.9351,0.9351,0.9334,0.9335,8153,0.44737613,0.44737613,0.0,10707.370000000003,7,6,0,0.9363,0.9371,0.0,0.0
2018-02-26 08:00:00,0.9335,0.9346,0.9325,0.9331,18274,1.0,1.0,0.0,10707.370000000003,7,6,1,0.9331,0.9323,0.0,0.0
2018-02-26 12:00:00,0.9331,0.9375,0.933,0.9374,14563,0.6488887,0.6488887,0.0,10707.370000000003,7,6,1,0.9331,0.9323,0.0,0.0
2018-02-26 16:00:00,0.9374,0.9391,0.9368,0.9377,19989,-0.4437852,-0.4437852,0.0,10707.370000000003,7,6,1,0.9331,0.9323,0.0,0.0
2018-02-26 20:00:00,0.9377,0.9384,0.9374,0.9379,7053,-1.0,-1.0,0.0,11260.010000000002,8,6,0,0.0,0.0,0.0,552.64
2018-02-27 00:00:00,0.9379,0.9389,0.9366,0.9369,8540,-0.33974552,-0.33974552,0.0,11260.010000000002,8,6,0,0.0,0.0,0.0,0.0
2018-02-27 04:00:00,0.9369,0.9381,0.9362,0.9373,6181,0.7379789,0.7379789,0.0,11260.010000000002,8,6,1,0.9373,0.9355,0.0,0.0
2018-02-27 08:00:00,0.9373,0.9377,0.9358,0.9369,15100,-0.077201515,-0.077201515,0.0,11260.010000000002,8,6,1,0.9373,0.9355,0.0,0.0
2018-02-27 12:00:00,0.9369,0.9393,0.9363,0.939,18399,0.13119687,0.13119687,0.0,11260.010000000002,8,6,1,0.9373,0.9355,0.0,0.0
2018-02-27 16:00:00,0.939,0.9417,0.9381,0.9389,38940,-0.5838036,-0.5838036,0.0,11260.010000000002,8,6,1,0.9373,0.9355,0.0,0.0
2018-02-27 20:00:00,0.9389,0.9394,0.938,0.9389,10240,-1.0,-1.0,0.0,11462.400000000001,9,6,0,0.0,0.0,0.0,202.39
2018-02-28 00:00:00,0.9385,0.9398,0.9385,0.9393,9547,-0.4088097,-0.4088097,0.0,11462.400000000001,9,6,0,0.0,0.0,0.0,0.0
2018-02-28 04:00:00,0.9392,0.9405,0.9392,0.9397,6536,-0.69466656,-0.69466656,0.0,11462.400000000001,9,6,2,0.9397,0.9405,0.0,0.0
2018-02-28 08:00:00,0.9397,0.943,0.9388,0.9427,19637,1.0,1.0,0.0,11462.400000000001,9,6,2,0.9397,0.9405,0.0,0.0
2018-02-28 12:00:00,0.9427,0.9438,0.9416,0.9428,18558,-0.33218673,-0.33218673,0.0,11074.500000000002,9,7,0,0.0,0.0,0.0,-387.9
2018-02-28 16:00:00,0.9428,0.9458,0.9421,0.9442,27883,-0.26224232,-0.26224232,0.0,11074.500000000002,9,7,0,0.9442,0.945,0.0,0.0
2018-02-28 20:00:00,0.9442,0.9447,0.9436,0.9444,10719,-0.99118686,-0.99118686,0.0,11074.500000000002,9,7,2,0.9444,0.9469,0.0,0.0
2018-03-01 00:00:00,0.9445,0.9455,0.9417,0.9451,8084,-0.65933293,-0.65933293,0.0,11074.500000000002,9,7,2,0.9444,0.9469,0.0,0.0
2018-03-01 04:00:00,0.9451,0.9457,0.9447,0.9452,6364,-1.0,-1.0,0.0,11074.500000000002,9,7,2,0.9444,0.9469,0.0,0.0
2018-03-01 08:00:00,0.9452,0.9462,0.944,0.9455,17800,-1.0,-1.0,0.0,11074.500000000002,9,7,2,0.9444,0.9469,0.0,0.0
2018-03-01 12:00:00,0.9455,0.9473,0.9451,0.9463,17702,-0.53199714,-0.53199714,0.0,11074.500000000002,9,7,2,0.9444,0.9469,0.0,0.0
2018-03-01 16:00:00,0.9462,0.949,0.9455,0.9462,36111,-1.0,-1.0,0.0,11074.500000000002,9,7,2,0.9444,0.9469,0.0,0.0
2018-03-01 20:00:00,0.9462,0.9475,0.941,0.9414,32646,-1.0,-1.0,0.0,11074.500000000002,9,7,2,0.9444,0.9469,0.0,0.0
2018-03-02 00:00:00,0.9417,0.9424,0.9408,0.9411,7860,-0.364138,-0.364138,0.0,11074.500000000002,9,7,2,0.9444,0.9469,0.0,0.0
2018-03-02 04:00:00,0.9411,0.9413,0.9387,0.9389,8146,0.12960437,0.12960437,0.0,11074.500000000002,9,7,2,0.9444,0.9469,0.0,0.0
2018-03-02 08:00:00,0.9389,0.9404,0.9365,0.9377,20125,0.44566435,0.44566435,0.0,11074.500000000002,9,7,2,0.9444,0.9469,0.0,0.0
2018-03-02 12:00:00,0.9377,0.938,0.9338,0.9354,26764,0.47363776,0.47363776,0.0,11074.500000000002,9,7,2,0.9444,0.9469,0.0,0.0
2018-03-02 16:00:00,0.9354,0.9388,0.9347,0.938,29126,1.0,1.0,0.0,12190.080000000002,10,7,0,0.0,0.0,0.0,1115.58
2018-03-02 20:00:00,0.9379,0.9383,0.9364,0.9377,10587,-0.4301342,-0.4301342,0.0,12190.080000000002,10,7,0,0.9377,0.9385,0.0,0.0
2018-03-05 00:00:00,0.9354,0.9381,0.9346,0.9361,21811,-1.0,-1.0,0.0,12190.080000000002,10,7,2,0.9361,0.9385,0.0,0.0
2018-03-05 04:00:00,0.9361,0.9367,0.9357,0.9363,7335,0.78117424,0.78117424,0.0,12190.080000000002,10,7,2,0.9361,0.9385,0.0,0.0
2018-03-05 08:00:00,0.9363,0.9382,0.9353,0.936,32135,0.006158183,0.006158183,0.0,12190.080000000002,10,7,2,0.9361,0.9385,0.0,0.0
2018-03-05 12:00:00,0.9361,0.9394,0.9354,0.9381,24117,0.64472777,0.64472777,0.0,12203.720000000001,11,7,0,0.0,0.0,0.0,13.64
2018-03-05 16:00:00,0.9381,0.9403,0.9375,0.94,30462,0.053187273,0.053187273,0.0,12203.720000000001,11,7,0,0.936,0.9342,0.0,0.0
2018-03-05 20:00:00,0.94,0.9408,0.9395,0.9397,11863,0.7897545,0.7897545,0.0,12203.720000000001,11,7,1,0.9397,0.9383,0.0,0.0
2018-03-06 00:00:00,0.9397,0.9401,0.9385,0.9389,7197,0.47584385,0.47584385,0.0,12203.720000000001,11,7,1,0.9397,0.9383,0.0,0.0
2018-03-06 04:00:00,0.9389,0.9398,0.9387,0.9395,6640,-0.74650496,-0.74650496,0.0,12203.720000000001,11,7,1,0.9397,0.9383,0.0,0.0
2018-03-06 08:00:00,0.9395,0.9419,0.9391,0.9396,18969,-1.0,-1.0,0.0,12176.27,11,8,0,0.0,0.0,0.0,-27.45
2018-03-06 12:00:00,0.9396,0.9409,0.936,0.9361,28023,-0.280947,-0.280947,0.0,12176.27,11,8,0,0.0,0.0,0.0,0.0
2018-03-06 16:00:00,0.9362,0.9404,0.9362,0.9401,27663,1.0,1.0,0.0,12176.27,11,8,1,0.9401,0.9393,0.0,0.0
2018-03-06 20:00:00,0.9401,0.9412,0.9391,0.9406,10703,-0.49752536,-0.49752536,0.0,12176.27,11,8,1,0.9401,0.9393,0.0,0.0
2018-03-07 00:00:00,0.9402,0.9407,0.9366,0.9383,11696,0.8355797,0.8355797,0.0,12176.27,11,8,1,0.9401,0.9393,0.0,0.0
2018-03-07 04:00:00,0.9383,0.9384,0.9366,0.9373,7769,1.0,1.0,0.0,11930.18,11,9,0,0.0,0.0,0.0,-246.09
2018-03-07 08:00:00,0.9374,0.9403,0.9357,0.9375,18597,0.8596244,0.8596244,0.0,11930.18,11,9,1,0.9375,0.9367,0.0,0.0
2018-03-07 12:00:00,0.9375,0.9413,0.9365,0.9409,21693,1.0,1.0,0.0,11930.18,11,9,1,0.9375,0.9367,0.0,0.0
2018-03-07 16:00:00,0.9409,0.944,0.9406,0.9437,27248,0.5339022,0.5339022,0.0,11930.18,11,9,1,0.9375,0.9367,0.0,0.0
2018-03-07 20:00:00,0.9437,0.9443,0.9428,0.9434,11810,-0.8023682,-0.8023682,0.0,12765.42,12,9,0,0.0,0.0,0.0,835.24
2018-03-08 00:00:00,0.9434,0.9441,0.9425,0.9432,8334,0.2834295,0.2834295,0.0,12765.42,12,9,0,0.9434,0.9442,0.0,0.0
2018-03-08 04:00:00,0.9432,0.9437,0.9427,0.9435,5022,0.9717717,0.9717717,0.0,12765.42,12,9,1,0.9435,0.9414,0.0,0.0
2018-03-08 08:00:00,0.9435,0.9452,0.9422,0.9451,13952,0.8085894,0.8085894,0.0,12765.42,12,9,1,0.9435,0.9414,0.0,0.0
2018-03-08 12:00:00,0.9452,0.9471,0.9433,0.9466,34150,-0.8317543,-0.8317543,0.0,12996.39,13,9,0,0.0,0.0,0.0,230.97
2018-03-08 16:00:00,0.9466,0.9504,0.9458,0.9496,33442,0.78987545,0.78987545,0.0,12996.39,13,9,1,0.9496,0.9488,0.0,0.0
2018-03-08 20:00:00,0.9496,0.952,0.9495,0.951,15236,1.0,1.0,0.0,12996.39,13,9,1,0.9496,0.9488,0.0,0.0
2018-03-09 00:00:00,0.951,0.9534,0.95,0.9529,10344,-0.8001676,-0.8001676,0.0,13203.43,14,9,0,0.0,0.0,0.0,207.04
2018-03-09 04:00:00,0.9529,0.953,0.9515,0.9519,6632,0.49251541,0.49251541,0.0,13203.43,14,9,0,0.9496,0.9479,0.0,0.0
2018-03-09 08:00:00,0.9519,0.9526,0.9495,0.9502,17742,-1.0,-1.0,0.0,13203.43,14,9,2,0.9502,0.951,0.0,0.0
2018-03-09 12:00:00,0.9502,0.9527,0.9496,0.9503,21913,1.0,1.0,0.0,13203.43,14,9,2,0.9502,0.951,0.0,0.0
2018-03-09 16:00:00,0.9503,0.9511,0.9487,0.95,24806,0.8452143,0.8452143,0.0,13188.41,14,10,0,0.0,0.0,0.0,-15.02
2018-03-09 20:00:00,0.9499,0.9517,0.9497,0.9517,9406,0.30105528,0.30105528,0.0,13188.41,14,10,0,0.95,0.9525,0.0,0.0
2018-03-12 00:00:00,0.951,0.9514,0.9499,0.9501,4573,0.41270837,0.41270837,0.0,13188.41,14,10,0,0.95,0.9525,0.0,0.0
2018-03-12 04:00:00,0.9501,0.9503,0.9492,0.95,5367,-1.0,-1.0,0.0,13188.41,14,10,2,0.95,0.9508,0.0,0.0
2018-03-12 08:00:00,0.95,0.9503,0.9485,0.9498,13375,1.0,1.0,0.0,13188.41,14,10,2,0.95,0.9508,0.0,0.0
2018-03-12 12:00:00,0.9498,0.9508,0.9487,0.9487,13623,1.0,1.0,0.0,13218.38,15,10,0,0.0,0.0,0.0,29.97
2018-03-12 16:00:00,0.9488,0.9499,0.9472,0.9476,16231,-0.24550901,-0.24550901,0.0,13218.38,15,10,0,0.9487,0.9476,0.0,0.0
2018-03-12 20:00:00,0.9476,0.948,0.9457,0.9475,7286,-0.6265563,-0.6265563,0.0,13218.38,15,10,2,0.9475,0.95,0.0,0.0
2018-03-13 00:00:00,0.9475,0.948,0.9465,0.947,4302,0.8249899,0.8249899,0.0,13218.38,15,10,2,0.9475,0.95,0.0,0.0
2018-03-13 04:00:00,0.947,0.9484,0.9466,0.9479,4210,-1.0,-1.0,0.0,13218.38,15,10,2,0.9475,0.95,0.0,0.0
2018-03-13 08:00:00,0.9479,0.9494,0.947,0.948,13817,-0.29595524,-0.29595524,0.0,13218.38,15,10,2,0.9475,0.95,0.0,0.0
2018-03-13 12:00:00,0.948,0.9485,0.9438,0.9448,28779,-0.119978815,-0.119978815,0.0,13218.38,15,10,2,0.9475,0.95,0.0,0.0
2018-03-13 16:00:00,0.9448,0.9471,0.9429,0.9443,28946,-0.8928098,-0.8928098,0.0,13218.38,15,10,2,0.9475,0.95,0.0,0.0
2018-03-13 20:00:00,0.9443,0.9448,0.9433,0.9433,11911,-0.77002114,-0.77002114,0.0,13218.38,15,10,2,0.9475,0.95,0.0,0.0
2018-03-14 00:00:00,0.9434,0.944,0.9426,0.9428,4358,-1.0,-1.0,0.0,13218.38,15,10,2,0.9475,0.95,0.0,0.0
2018-03-14 04:00:00,0.9428,0.9432,0.9424,0.9428,4808,-1.0,-1.0,0.0,13218.38,15,10,2,0.9475,0.95,0.0,0.0
2018-03-14 08:00:00,0.9428,0.9462,0.9428,0.9457,15894,-1.0,-1.0,0.0,13218.38,15,10,2,0.9475,0.95,0.0,0.0
2018-03-14 12:00:00,0.9457,0.948,0.9443,0.9474,18198,0.8548946,0.8548946,0.0,13487.609999999999,16,10,0,0.0,0.0,0.0,269.23
2018-03-14 16:00:00,0.9474,0.9478,0.9446,0.9451,22530,-0.5070199,-0.5070199,0.0,13487.609999999999,16,10,2,0.9451,0.9475,0.0,0.0
2018-03-14 20:00:00,0.9451,0.9454,0.9443,0.9447,9635,0.008789969,0.008789969,0.0,13487.609999999999,16,10,2,0.9451,0.9475,0.0,0.0
2018-03-15 00:00:00,0.9447,0.9452,0.9433,0.9443,5854,-0.0291781,-0.0291781,0.0,13487.609999999999,16,10,2,0.9451,0.9475,0.0,0.0
2018-03-15 04:00:00,0.9443,0.9447,0.9441,0.9445,5265,-1.0,-1.0,0.0,13487.609999999999,16,10,2,0.9451,0.9475,0.0,0.0
2018-03-15 08:00:00,0.9445,0.946,0.9445,0.9458,16460,-0.746041,-0.746041,0.0,13487.609999999999,16,10,2,0.9451,0.9475,0.0,0.0
2018-03-15 12:00:00,0.9457,0.9483,0.9445,0.9472,21880,0.7413953,0.7413953,0.0,13380.749999999998,16,11,0,0.0,0.0,0.0,-106.86
2018-03-15 16:00:00,0.9472,0.9511,0.9467,0.9485,26079,-0.07876285,-0.07876285,0.0,13380.749999999998,16,11,0,0.9472,0.9447,0.0,0.0
2018-03-15 20:00:00,0.9485,0.952,0.9484,0.9511,9930,1.0,1.0,0.0,13380.749999999998,16,11,1,0.9511,0.9492,0.0,0.0
2018-03-16 00:00:00,0.9511,0.9518,0.9511,0.9514,10699,-1.0,-1.0,0.0,13380.749999999998,16,11,1,0.9511,0.9492,0.0,0.0
2018-03-16 04:00:00,0.9514,0.9515,0.9502,0.9502,5581,0.054366298,0.054366298,0.0,13380.749999999998,16,11,1,0.9511,0.9492,0.0,0.0
2018-03-16 08:00:00,0.9502,0.9505,0.9485,0.9496,14929,-0.2816001,-0.2816001,0.0,13380.749999999998,16,11,1,0.9511,0.9492,0.0,0.0
2018-03-16 12:00:00,0.9496,0.9523,0.9487,0.9519,22647,-0.6201882,-0.6201882,0.0,13152.679999999998,16,12,0,0.0,0.0,0.0,-228.07
2018-03-16 16:00:00,0.9519,0.9547,0.9516,0.9526,22879,-0.11669334,-0.11669334,0.0,13152.679999999998,16,12,0,0.9472,0.9447,0.0,0.0
2018-03-16 20:00:00,0.9526,0.9529,0.952,0.952,5109,-0.19677703,-0.19677703,0.0,13152.679999999998,16,12,0,0.0,0.0,0.0,0.0
2018-03-19 00:00:00,0.9524,0.9536,0.9522,0.9535,5410,-0.83885324,-0.83885324,0.0,13152.679999999998,16,12,2,0.9535,0.9543,0.0,0.0
2018-03-19 04:00:00,0.9535,0.954,0.9533,0.9538,6229,0.781336,0.781336,0.0,13152.679999999998,16,12,2,0.9535,0.9543,0.0,0.0
2018-03-19 08:00:00,0.9538,0.9551,0.9529,0.9536,14972,0.039454803,0.039454803,0.0,13152.679999999998,16,12,2,0.9535,0.9543,0.0,0.0
2018-03-19 12:00:00,0.9536,0.9537,0.9507,0.9511,26971,-0.9322816,-0.9322816,0.0,13152.679999999998,16,12,2,0.9535,0.9543,0.0,0.0
2018-03-19 16:00:00,0.9511,0.9518,0.9497,0.9506,21244,-1.0,-1.0,0.0,13152.679999999998,16,12,2,0.9535,0.9543,0.0,0.0
2018-03-19 20:00:00,0.9506,0.9515,0.9495,0.9513,9658,-0.17019442,-0.17019442,0.0,13152.679999999998,16,12,2,0.9535,0.9543,0.0,0.0
2018-03-20 00:00:00,0.9513,0.9516,0.9506,0.9511,9702,1.0,1.0,0.0,13482.05,17,12,0,0.0,0.0,0.0,329.37
2018-03-20 04:00:00,0.9511,0.9523,0.9509,0.9521,4538,1.0,1.0,0.0,13482.05,17,12,1,0.9521,0.9513,0.0,0.0
2018-03-20 08:00:00,0.9521,0.9521,0.9502,0.9517,18549,1.0,1.0,0.0,13482.05,17,12,1,0.9521,0.9513,0.0,0.0
2018-03-20 12:00:00,0.9517,0.9555,0.9516,0.9551,19398,-0.24200968,-0.24200968,0.0,13482.05,17,12,1,0.9521,0.9513,0.0,0.0
2018-03-20 16:00:00,0.9551,0.9556,0.9534,0.9548,20519,-0.757315,-0.757315,0.0,13944.279999999999,18,12,0,0.0,0.0,0.0,462.23
2018-03-20 20:00:00,0.9548,0.9569,0.9545,0.9562,7859,-1.0,-1.0,0.0,13944.279999999999,18,12,2,0.9562,0.957,0.0,0.0
2018-03-21 00:00:00,0.9564,0.9564,0.9551,0.9554,4576,0.8873823,0.8873823,0.0,13944.279999999999,18,12,2,0.9562,0.957,0.0,0.0
2018-03-21 04:00:00,0.9554,0.9558,0.9547,0.9548,5342,1.0,1.0,0.0,14071.8,19,12,0,0.0,0.0,0.0,127.52
2018-03-21 08:00:00,0.9548,0.9553,0.952,0.9541,16992,0.28691697,0.28691697,0.0,14071.8,19,12,0,0.0,0.0,0.0,0.0
2018-03-21 12:00:00,0.9541,0.9545,0.952,0.953,24275,0.6624955,0.6624955,0.0,14071.8,19,12,1,0.953,0.9505,0.0,0.0
2018-03-21 16:00:00,0.953,0.9548,0.952,0.9522,19133,-1.0,-1.0,0.0,14071.8,19,12,1,0.953,0.9505,0.0,0.0
2018-03-21 20:00:00,0.9522,0.9549,0.9483,0.9489,48483,-0.13018143,-0.13018143,0.0,14071.8,19,12,1,0.953,0.9505,0.0,0.0
2018-03-22 00:00:00,0.949,0.9491,0.9468,0.9474,5746,0.2974091,0.2974091,0.0,13416.71,19,13,0,0.0,0.0,0.0,-655.09
2018-03-22 04:00:00,0.9474,0.9488,0.9473,0.9488,5307,-0.7159888,-0.7159888,0.0,13416.71,19,13,2,0.9488,0.9513,0.0,0.0
2018-03-22 08:00:00,0.9488,0.949,0.9459,0.9482,23646,0.2626436,0.2626436,0.0,13416.71,19,13,2,0.9488,0.9513,0.0,0.0
2018-03-22 12:00:00,0.9482,0.9489,0.9464,0.9475,31648,-0.85370773,-0.85370773,0.0,13416.71,19,13,2,0.9488,0.9513,0.0,0.0
2018-03-22 16:00:00,0.9475,0.9512,0.9472,0.9511,37782,-1.0,-1.0,0.0,13416.71,19,13,2,0.9488,0.9513,0.0,0.0
2018-03-22 20:00:00,0.9511,0.9515,0.9485,0.9488,20482,1.0,1.0,0.0,13065.509999999998,19,14,0,0.0,0.0,0.0,-351.2
2018-03-23 00:00:00,0.9488,0.949,0.9455,0.9463,16486,-0.5581788,-0.5581788,0.0,13065.509999999998,19,14,2,0.9463,0.9484,0.0,0.0
2018-03-23 04:00:00,0.9463,0.9465,0.945,0.9456,10291,-0.2033741,-0.2033741,0.0,13065.509999999998,19,14,2,0.9463,0.9484,0.0,0.0
2018-03-23 08:00:00,0.9456,0.9478,0.9445,0.9477,29681,0.15360862,0.15360862,0.0,13065.509999999998,19,14,2,0.9463,0.9484,0.0,0.0
2018-03-23 12:00:00,0.9477,0.9495,0.9467,0.9483,27344,-1.0,-1.0,0.0,13065.509999999998,19,14,2,0.9463,0.9484,0.0,0.0
2018-03-23 16:00:00,0.9483,0.9486,0.9461,0.9474,34956,1.0,1.0,0.0,12768.989999999998,19,15,0,0.0,0.0,0.0,-296.52
2018-03-23 20:00:00,0.9474,0.9478,0.9455,0.9472,10668,0.31522045,0.31522045,0.0,12768.989999999998,19,15,0,0.0,0.0,0.0,0.0
2018-03-26 00:00:00,0.9467,0.9474,0.9457,0.9467,5641,-0.66763335,-0.66763335,0.0,12768.989999999998,19,15,2,0.9467,0.9492,0.0,0.0
2018-03-26 04:00:00,0.9468,0.9471,0.9461,0.9468,5338,-0.039777428,-0.039777428,0.0,12768.989999999998,19,15,2,0.9467,0.9492,0.0,0.0
2018-03-26 08:00:00,0.9468,0.9489,0.9457,0.9461,20430,-1.0,-1.0,0.0,12768.989999999998,19,15,2,0.9467,0.9492,0.0,0.0
2018-03-26 12:00:00,0.9462,0.9467,0.9452,0.9465,19729,0.037464917,0.037464917,0.0,12768.989999999998,19,15,2,0.9467,0.9492,0.0,0.0
2018-03-26 16:00:00,0.9465,0.9466,0.9433,0.9446,30347,0.57351816,0.57351816,0.0,12797.899999999998,20,15,0,0.0,0.0,0.0,28.91
2018-03-26 20:00:00,0.9446,0.9456,0.9434,0.9453,16580,-1.0,-1.0,0.0,12797.899999999998,20,15,2,0.9453,0.9461,0.0,0.0
2018-03-27 00:00:00,0.9454,0.9459,0.9438,0.9452,5910,0.77638125,0.77638125,0.0,12797.899999999998,20,15,2,0.9453,0.9461,0.0,0.0
2018-03-27 04:00:00,0.9452,0.9462,0.9446,0.9449,8857,-1.0,-1.0,0.0,12797.899999999998,20,15,2,0.9453,0.9461,0.0,0.0
2018-03-27 08:00:00,0.9449,0.9468,0.9434,0.9463,23522,0.19931759,0.19931759,0.0,12797.899999999998,20,15,2,0.9453,0.9461,0.0,0.0
2018-03-27 12:00:00,0.9463,0.9509,0.946,0.9488,30213,-1.0,-1.0,0.0,12652.979999999998,20,16,0,0.0,0.0,0.0,-144.92
2018-03-27 16:00:00,0.9488,0.9496,0.9467,0.9472,36232,-0.25218642,-0.25218642,0.0,12652.979999999998,20,16,0,0.9463,0.9443,0.0,0.0
2018-03-27 20:00:00,0.9472,0.948,0.9465,0.9466,24275,-1.0,-1.0,0.0,12652.979999999998,20,16,2,0.9466,0.9474,0.0,0.0
2018-03-28 00:00:00,0.9466,0.9467,0.9458,0.9465,7087,0.57572794,0.57572794,0.0,12652.979999999998,20,16,2,0.9466,0.9474,0.0,0.0
2018-03-28 04:00:00,0.9465,0.9476,0.9462,0.9475,8021,0.37710005,0.37710005,0.0,12652.979999999998,20,16,2,0.9466,0.9474,0.0,0.0
2018-03-28 08:00:00,0.9475,0.9503,0.9475,0.9502,26460,-0.26303563,-0.26303563,0.0,12523.859999999997,20,17,0,0.0,0.0,0.0,-129.12
2018-03-28 12:00:00,0.9503,0.9526,0.9502,0.9522,26709,0.35200644,0.35200644,0.0,12523.859999999997,20,17,0,0.9502,0.9494,0.0,0.0
2018-03-28 16:00:00,0.9522,0.9563,0.9519,0.954,45076,0.6052301,0.6052301,0.0,12523.859999999997,20,17,1,0.954,0.9532,0.0,0.0
2018-03-28 20:00:00,0.954,0.9578,0.9537,0.9564,15916,-0.9955811,-0.9955811,0.0,12523.859999999997,20,17,1,0.954,0.9532,0.0,0.0
2018-03-29 00:00:00,0.9566,0.9575,0.9562,0.9569,7962,-1.0,-1.0,0.0,12867.829999999996,21,17,0,0.0,0.0,0.0,343.97
2018-03-29 04:00:00,0.9569,0.9569,0.9556,0.9556,10575,0.3430056,0.3430056,0.0,12867.829999999996,21,17,0,0.9502,0.9494,0.0,0.0
2018-03-29 08:00:00,0.9556,0.9578,0.9553,0.9574,24501,1.0,1.0,0.0,12867.829999999996,21,17,1,0.9574,0.9549,0.0,0.0
2018-03-29 12:00:00,0.9574,0.9584,0.9555,0.9563,22528,-0.06011174,-0.06011174,0.0,12867.829999999996,21,17,1,0.9574,0.9549,0.0,0.0
2018-03-29 16:00:00,0.9562,0.958,0.9547,0.9571,38026,0.7234647,0.7234647,0.0,12867.829999999996,21,17,1,0.9574,0.9549,0.0,0.0
2018-03-29 20:00:00,0.9571,0.9572,0.9558,0.9563,15081,0.874116,0.874116,0.0,12867.829999999996,21,17,1,0.9574,0.9549,0.0,0.0
2018-03-30 00:00:00,0.9564,0.9564,0.954,0.9547,3782,1.0,1.0,0.0,12867.829999999996,21,17,1,0.9574,0.9549,0.0,0.0
2018-03-30 04:00:00,0.9547,0.9557,0.954,0.9544,5089,0.743039,0.743039,0.0,12470.919999999996,21,18,0,0.0,0.0,0.0,-396.91
2018-03-30 08:00:00,0.9544,0.9549,0.9526,0.9532,6081,-1.0,-1.0,0.0,12470.919999999996,21,18,2,0.9532,0.9553,0.0,0.0
2018-03-30 12:00:00,0.9531,0.9536,0.9525,0.9527,3905,-0.46923694,-0.46923694,0.0,12470.919999999996,21,18,2,0.9532,0.9553,0.0,0.0
2018-03-30 16:00:00,0.9527,0.9542,0.9522,0.9531,5913,0.6396561,0.6396561,0.0,12470.919999999996,21,18,2,0.9532,0.9553,0.0,0.0
2018-03-30 20:00:00,0.9531,0.9545,0.9524,0.954,6371,-0.13973163,-0.13973163,0.0,12470.919999999996,21,18,2,0.9532,0.9553,0.0,0.0
2018-04-02 00:00:00,0.952,0.955,0.952,0.9542,5705,-0.4269288,-0.4269288,0.0,12470.919999999996,21,18,2,0.9532,0.9553,0.0,0.0
2018-04-02 04:00:00,0.9542,0.9545,0.9538,0.9544,6843,0.6657946,0.6657946,0.0,12328.519999999997,21,19,0,0.0,0.0,0.0,-142.4
2018-04-02 08:00:00,0.9544,0.955,0.9532,0.9533,5841,-0.60132074,-0.60132074,0.0,12328.519999999997,21,19,2,0.9533,0.955,0.0,0.0
2018-04-02 12:00:00,0.9533,0.9536,0.9526,0.9535,8691,-0.05248999,-0.05248999,0.0,12328.519999999997,21,19,2,0.9533,0.955,0.0,0.0
2018-04-02 16:00:00,0.9535,0.9565,0.953,0.9561,29149,0.6896448,0.6896448,0.0,12328.519999999997,21,19,2,0.9533,0.955,0.0,0.0
2018-04-02 20:00:00,0.9561,0.9563,0.954,0.9547,18531,0.20664401,0.20664401,0.0,11933.589999999997,21,20,0,0.0,0.0,0.0,-394.93
2018-04-03 00:00:00,0.9547,0.9556,0.9532,0.9551,4911,-0.6872048,-0.6872048,0.0,11933.589999999997,21,20,2,0.9551,0.9559,0.0,0.0
2018-04-03 04:00:00,0.9551,0.9557,0.9548,0.9551,5515,0.25588265,0.25588265,0.0,11933.589999999997,21,20,2,0.9551,0.9559,0.0,0.0
2018-04-03 08:00:00,0.9551,0.9557,0.9533,0.9538,23051,0.8023976,0.8023976,0.0,11933.579999999996,21,21,0,0.0,0.0,0.0,-0.01
2018-04-03 12:00:00,0.9538,0.9573,0.9538,0.9562,26071,-0.96111983,-0.96111983,0.0,11933.579999999996,21,21,2,0.9562,0.9585,0.0,0.0
2018-04-03 16:00:00,0.9562,0.9595,0.9556,0.9591,37661,-0.9325338,-0.9325338,0.0,11933.579999999996,21,21,2,0.9562,0.9585,0.0,0.0
2018-04-03 20:00:00,0.9591,0.9597,0.9584,0.9585,12637,0.614253,0.614253,0.0,11536.399999999996,21,22,0,0.0,0.0,0.0,-397.18
2018-04-04 00:00:00,0.9585,0.9591,0.9578,0.9582,4139,-1.0,-1.0,0.0,11536.399999999996,21,22,2,0.9582,0.9601,0.0,0.0
2018-04-04 04:00:00,0.9583,0.9585,0.9575,0.958,3997,0.7880531,0.7880531,0.0,11536.399999999996,21,22,2,0.9582,0.9601,0.0,0.0
2018-04-04 08:00:00,0.958,0.9599,0.9551,0.9581,19558,0.39082444,0.39082444,0.0,11536.399999999996,21,22,2,0.9582,0.9601,0.0,0.0
2018-04-04 12:00:00,0.9581,0.9594,0.9571,0.9584,18794,1.0,1.0,0.0,11549.619999999995,22,22,0,0.0,0.0,0.0,13.22
2018-04-04 16:00:00,0.9584,0.9599,0.9581,0.9595,24538,1.0,1.0,0.0,11549.619999999995,22,22,1,0.9595,0.957,0.0,0.0
2018-04-04 20:00:00,0.9595,0.9611,0.9594,0.9607,9207,0.8502149,0.8502149,0.0,11549.619999999995,22,22,1,0.9595,0.957,0.0,0.0
2018-04-05 00:00:00,0.9605,0.9609,0.96,0.9604,3572,-1.0,-1.0,0.0,11708.929999999995,23,22,0,0.0,0.0,0.0,159.31
2018-04-05 04:00:00,0.9604,0.9616,0.9602,0.9614,4656,0.96218705,0.96218705,0.0,11708.929999999995,23,22,1,0.9614,0.959,0.0,0.0
2018-04-05 08:00:00,0.9614,0.9631,0.961,0.9613,13442,0.07396957,0.07396957,0.0,11708.929999999995,23,22,1,0.9614,0.959,0.0,0.0
2018-04-05 12:00:00,0.9613,0.9638,0.9598,0.9628,10194,-0.8753234,-0.8753234,0.0,11695.449999999995,23,23,0,0.0,0.0,0.0,-13.48
2018-04-05 16:00:00,0.9628,0.964,0.9614,0.9627,13947,0.45304492,0.45304492,0.0,11695.449999999995,23,23,0,0.9627,0.9619,0.0,0.0
2018-04-05 20:00:00,0.9627,0.9639,0.9623,0.9635,5314,-0.6990656,-0.6990656,0.0,11695.449999999995,23,23,2,0.9635,0.9643,0.0,0.0
2018-04-06 00:00:00,0.9635,0.9637,0.9619,0.9621,4989,-0.2857735,-0.2857735,0.0,11695.449999999995,23,23,2,0.9635,0.9643,0.0,0.0
2018-04-06 04:00:00,0.9621,0.9633,0.9614,0.9629,7724,-0.27900666,-0.27900666,0.0,11695.449999999995,23,23,2,0.9635,0.9643,0.0,0.0
2018-04-06 08:00:00,0.9629,0.9644,0.962,0.9633,11713,-0.14570898,-0.14570898,0.0,11695.449999999995,23,23,2,0.9635,0.9643,0.0,0.0
2018-04-06 12:00:00,0.9633,0.9649,0.962,0.9629,15759,-0.7384614,-0.7384614,0.0,11695.449999999995,23,23,2,0.9635,0.9643,0.0,0.0
2018-04-06 16:00:00,0.9629,0.9633,0.9585,0.9604,27071,1.0,1.0,0.0,11776.289999999995,24,23,0,0.0,0.0,0.0,80.84
2018-04-06 20:00:00,0.9604,0.9609,0.9578,0.959,9595,-0.0025478862,-0.0025478862,0.0,11776.289999999995,24,23,0,0.9604,0.9596,0.0,0.0
2018-04-09 00:00:00,0.9581,0.9599,0.9579,0.9594,4067,-0.04683738,-0.04683738,0.0,11776.289999999995,24,23,0,0.0,0.0,0.0,0.0
2018-04-09 04:00:00,0.9594,0.9602,0.9593,0.9597,3007,-0.6058288,-0.6058288,0.0,11776.289999999995,24,23,2,0.9597,0.9605,0.0,0.0
2018-04-09 08:00:00,0.9597,0.9606,0.9588,0.9595,14266,0.051800396,0.051800396,0.0,11776.289999999995,24,23,2,0.9597,0.9605,0.0,0.0
2018-04-09 12:00:00,0.9595,0.961,0.9576,0.9576,11113,-0.20119703,-0.20119703,0.0,11776.289999999995,24,23,2,0.9597,0.9605,0.0,0.0
2018-04-09 16:00:00,0.9576,0.9582,0.9561,0.9573,14027,1.0,1.0,0.0,12059.649999999996,25,23,0,0.0,0.0,0.0,283.36
2018-04-09 20:00:00,0.9573,0.9574,0.956,0.9561,7045,-0.4298005,-0.4298005,0.0,12059.649999999996,25,23,0,0.0,0.0,0.0,0.0
2018-04-10 00:00:00,0.9558,0.9563,0.9556,0.9559,1686,-1.0,-1.0,0.0,12059.649999999996,25,23,2,0.9559,0.9572,0.0,0.0
2018-04-10 04:00:00,0.9559,0.9578,0.9558,0.9566,5035,1.0,1.0,0.0,12059.649999999996,25,23,2,0.9559,0.9572,0.0,0.0
2018-04-10 08:00:00,0.9566,0.9581,0.9545,0.9555,10207,-0.33920127,-0.33920127,0.0,12059.649999999996,25,23,2,0.9559,0.9572,0.0,0.0
2018-04-10 12:00:00,0.9555,0.9565,0.9534,0.9551,11905,0.5871204,0.5871204,0.0,12059.649999999996,25,23,2,0.9559,0.9572,0.0,0.0
2018-04-10 16:00:00,0.9552,0.9577,0.9534,0.957,15599,-1.0,-1.0,0.0,12059.649999999996,25,23,2,0.9559,0.9572,0.0,0.0
2018-04-10 20:00:00,0.957,0.9573,0.9558,0.9568,5778,-0.6873762,-0.6873762,0.0,12059.649999999996,25,23,2,0.9559,0.9572,0.0,0.0
2018-04-11 00:00:00,0.9568,0.9571,0.9562,0.9565,4379,-0.5790306,-0.5790306,0.0,12059.649999999996,25,23,2,0.9559,0.9572,0.0,0.0
2018-04-11 04:00:00,0.9565,0.957,0.9563,0.9563,2502,1.0,1.0,0.0,11976.819999999996,25,24,0,0.0,0.0,0.0,-82.83
2018-04-11 08:00:00,0.9563,0.9596,0.9556,0.9581,11106,-0.35658118,-0.35658118,0.0,11976.819999999996,25,24,0,0.9565,0.9585,0.0,0.0
2018-04-11 12:00:00,0.9581,0.959,0.9564,0.9578,12854,0.33619058,0.33619058,0.0,11976.819999999996,25,24,0,0.0,0.0,0.0,0.0
2018-04-11 16:00:00,0.9578,0.9586,0.9558,0.9582,15086,0.33417797,0.33417797,0.0,11976.819999999996,25,24,0,0.9582,0.9591,0.0,0.0
2018-04-11 20:00:00,0.9582,0.9596,0.9574,0.9575,7639,0.85705924,0.85705924,0.0,11976.819999999996,25,24,1,0.9575,0.955,0.0,0.0
2018-04-12 00:00:00,0.9566,0.9581,0.9564,0.9575,3120,-1.0,-1.0,0.0,11976.819999999996,25,24,1,0.9575,0.955,0.0,0.0
2018-04-12 04:00:00,0.9575,0.959,0.9575,0.9589,4509,1.0,1.0,0.0,11976.819999999996,25,24,1,0.9575,0.955,0.0,0.0
2018-04-12 08:00:00,0.9589,0.9611,0.9585,0.9609,11927,0.07519502,0.07519502,0.0,11976.819999999996,25,24,1,0.9575,0.955,0.0,0.0
2018-04-12 12:00:00,0.9609,0.9642,0.9609,0.9635,17973,-0.5383984,-0.5383984,0.0,11976.819999999996,25,24,1,0.9575,0.955,0.0,0.0
2018-04-12 16:00:00,0.9635,0.9647,0.9617,0.9618,16018,1.0,1.0,0.0,11976.819999999996,25,24,1,0.9575,0.955,0.0,0.0
2018-04-12 20:00:00,0.9618,0.9627,0.9612,0.962,8107,0.5178969,0.5178969,0.0,11976.819999999996,25,24,1,0.9575,0.955,0.0,0.0
2018-04-13 00:00:00,0.962,0.9629,0.9618,0.9627,2158,-0.4000365,-0.4000365,0.0,11976.819999999996,25,24,1,0.9575,0.955,0.0,0.0
2018-04-13 04:00:00,0.9627,0.9632,0.9623,0.9627,2942,0.35478464,0.35478464,0.0,11976.819999999996,25,24,1,0.9575,0.955,0.0,0.0
2018-04-13 08:00:00,0.9627,0.9639,0.9599,0.9615,12218,1.0,1.0,0.0,11976.819999999996,25,24,1,0.9575,0.955,0.0,0.0
2018-04-13 12:00:00,0.9615,0.9632,0.9608,0.9629,8505,1.0,1.0,0.0,11976.819999999996,25,24,1,0.9575,0.955,0.0,0.0
2018-04-13 16:00:00,0.9629,0.9633,0.9615,0.9617,11693,0.10213496,0.10213496,0.0,11976.819999999996,25,24,1,0.9575,0.955,0.0,0.0
2018-04-13 20:00:00,0.9617,0.9628,0.9615,0.9622,5164,-0.47213823,-0.47213823,0.0,11976.819999999996,25,24,1,0.9575,0.955,0.0,0.0
2018-04-16 00:00:00,0.9615,0.9637,0.961,0.9627,4616,1.0,1.0,0.0,11976.819999999996,25,24,1,0.9575,0.955,0.0,0.0
2018-04-16 04:00:00,0.9627,0.963,0.9621,0.963,1963,1.0,1.0,0.0,11976.819999999996,25,24,1,0.9575,0.955,0.0,0.0
2018-04-16 08:00:00,0.963,0.9635,0.9603,0.9604,8185,-0.8749003,-0.8749003,0.0,12735.859999999997,26,24,0,0.0,0.0,0.0,759.04
2018-04-16 12:00:00,0.9604,0.9608,0.9591,0.9594,7611,0.55786926,0.55786926,0.0,12735.859999999997,26,24,1,0.9594,0.9586,0.0,0.0
2018-04-16 16:00:00,0.9594,0.9602,0.9577,0.9589,10705,0.009478926,0.009478926,0.0,12735.859999999997,26,24,1,0.9594,0.9586,0.0,0.0
2018-04-16 20:00:00,0.9589,0.9603,0.9589,0.9599,3321,0.4259942,0.4259942,0.0,12735.859999999997,26,24,1,0.9594,0.9586,0.0,0.0
2018-04-17 00:00:00,0.9597,0.96,0.9594,0.9598,1913,0.74727994,0.74727994,0.0,12735.859999999997,26,24,1,0.9594,0.9586,0.0,0.0
2018-04-17 04:00:00,0.9598,0.9607,0.9595,0.9606,3531,-0.177598,-0.177598,0.0,12735.859999999997,26,24,1,0.9594,0.9586,0.0,0.0
2018-04-17 08:00:00,0.9606,0.9613,0.958,0.9613,9699,1.0,1.0,0.0,12735.859999999997,26,24,1,0.9594,0.9586,0.0,0.0
2018-04-17 12:00:00,0.9613,0.9646,0.9609,0.9644,9646,0.3690541,0.3690541,0.0,12735.859999999997,26,24,1,0.9594,0.9586,0.0,0.0
2018-04-17 16:00:00,0.9644,0.9678,0.9638,0.9665,13184,-0.35520205,-0.35520205,0.0,12735.859999999997,26,24,1,0.9594,0.9586,0.0,0.0
2018-04-17 20:00:00,0.9665,0.9667,0.9655,0.9662,4805,1.0,1.0,0.0,12735.859999999997,26,24,1,0.9594,0.9586,0.0,0.0
2018-04-18 00:00:00,0.9661,0.9674,0.9658,0.9673,2272,0.7997394,0.7997394,0.0,12735.859999999997,26,24,1,0.9594,0.9586,0.0,0.0
2018-04-18 04:00:00,0.9673,0.9676,0.9667,0.9673,3432,-0.078625344,-0.078625344,0.0,12735.859999999997,26,24,1,0.9594,0.9586,0.0,0.0
2018-04-18 08:00:00,0.9673,0.9698,0.9668,0.9688,13072,-0.37149745,-0.37149745,0.0,12735.859999999997,26,24,1,0.9594,0.9586,0.0,0.0
2018-04-18 12:00:00,0.9688,0.9695,0.9667,0.9668,12687,-0.27349785,-0.27349785,0.0,12735.859999999997,26,24,1,0.9594,0.9586,0.0,0.0
2018-04-18 16:00:00,0.9668,0.9678,0.965,0.9667,13729,-0.26183462,-0.26183462,0.0,12735.859999999997,26,24,1,0.9594,0.9586,0.0,0.0
2018-04-18 20:00:00,0.9667,0.9687,0.9667,0.9686,5221,1.0,1.0,0.0,12735.859999999997,26,24,1,0.9594,0.9586,0.0,0.0
2018-04-19 00:00:00,0.9685,0.969,0.9678,0.9689,2765,-0.9104098,-0.9104098,0.0,14093.859999999997,27,24,0,0.0,0.0,0.0,1358.0
2018-04-19 04:00:00,0.9689,0.9693,0.9679,0.9686,3110,-0.081917346,-0.081917346,0.0,14093.859999999997,27,24,0,0.9686,0.9678,0.0,0.0
2018-04-19 08:00:00,0.9686,0.9694,0.967,0.9688,11281,1.0,1.0,0.0,14093.859999999997,27,24,1,0.9688,0.9663,0.0,0.0
2018-04-19 12:00:00,0.9688,0.9711,0.9666,0.9673,14128,0.57751566,0.57751566,0.0,14093.859999999997,27,24,1,0.9688,0.9663,0.0,0.0
2018-04-19 16:00:00,0.9673,0.9724,0.9667,0.9709,16830,1.0,1.0,0.0,14093.859999999997,27,24,1,0.9688,0.9663,0.0,0.0
2018-04-19 20:00:00,0.9709,0.9722,0.9707,0.9712,8596,-1.0,-1.0,0.0,14437.699999999997,28,24,0,0.0,0.0,0.0,343.84
2018-04-20 00:00:00,0.9711,0.9718,0.9705,0.9712,3746,0.44034752,0.44034752,0.0,14437.699999999997,28,24,0,0.9712,0.9704,0.0,0.0
2018-04-20 04:00:00,0.9712,0.9723,0.9712,0.972,2863,-0.43725806,-0.43725806,0.0,14437.699999999997,28,24,0,0.9712,0.9704,0.0,0.0
2018-04-20 08:00:00,0.972,0.973,0.9707,0.9728,10713,-1.0,-1.0,0.0,14437.699999999997,28,24,2,0.9728,0.9736,0.0,0.0
2018-04-20 12:00:00,0.9728,0.9746,0.9721,0.9737,10939,0.72110885,0.72110885,0.0,14437.699999999997,28,24,2,0.9728,0.9736,0.0,0.0
2018-04-20 16:00:00,0.9737,0.9759,0.9734,0.9746,16258,-1.0,-1.0,0.0,14286.299999999997,28,25,0,0.0,0.0,0.0,-151.4
2018-04-20 20:00:00,0.9746,0.9754,0.9743,0.9747,4415,-0.58135873,-0.58135873,0.0,14286.299999999997,28,25,2,0.9747,0.9755,0.0,0.0
2018-04-23 00:00:00,0.9738,0.9763,0.9735,0.9758,11019,0.862916,0.862916,0.0,14286.299999999997,28,25,2,0.9747,0.9755,0.0,0.0
2018-04-23 04:00:00,0.9758,0.9763,0.9752,0.9756,2308,0.6403939,0.6403939,0.0,14102.799999999997,28,26,0,0.0,0.0,0.0,-183.5
2018-04-23 08:00:00,0.9756,0.9773,0.9747,0.9773,11970,-1.0,-1.0,0.0,14102.799999999997,28,26,2,0.9773,0.9781,0.0,0.0
2018-04-23 12:00:00,0.9773,0.9776,0.9749,0.9756,13532,0.0052129896,0.0052129896,0.0,14102.799999999997,28,26,2,0.9773,0.9781,0.0,0.0
2018-04-23 16:00:00,0.9756,0.9783,0.9753,0.9781,12736,0.10087395,0.10087395,0.0,14102.799999999997,28,26,2,0.9773,0.9781,0.0,0.0
2018-04-23 20:00:00,0.9781,0.9788,0.9776,0.9781,5005,0.017692244,0.017692244,0.0,13970.749999999998,28,27,0,0.0,0.0,0.0,-132.05
2018-04-24 00:00:00,0.9779,0.9785,0.9779,0.9781,2132,-0.24151875,-0.24151875,0.0,13970.749999999998,28,27,0,0.0,0.0,0.0,0.0
2018-04-24 04:00:00,0.9781,0.979,0.9779,0.9781,3648,1.0,1.0,0.0,13970.749999999998,28,27,1,0.9781,0.9756,0.0,0.0
2018-04-24 08:00:00,0.9781,0.9793,0.9768,0.9784,10929,-0.74559104,-0.74559104,0.0,13970.749999999998,28,27,1,0.9781,0.9756,0.0,0.0
2018-04-24 12:00:00,0.9784,0.9793,0.9767,0.9788,11100,0.30781358,0.30781358,0.0,13970.749999999998,28,27,1,0.9781,0.9756,0.0,0.0
2018-04-24 16:00:00,0.9788,0.981,0.9777,0.9781,15989,1.0,1.0,0.0,13970.749999999998,28,27,1,0.9781,0.9756,0.0,0.0
2018-04-24 20:00:00,0.9781,0.979,0.9781,0.9788,6743,-1.0,-1.0,0.0,13970.739999999998,28,28,0,0.0,0.0,0.0,-0.01
2018-04-25 00:00:00,0.9786,0.9804,0.9781,0.9799,2144,0.24602403,0.24602403,0.0,13970.739999999998,28,28,0,0.9799,0.9782,0.0,0.0
2018-04-25 04:00:00,0.9799,0.9811,0.9798,0.981,3091,-0.12409876,-0.12409876,0.0,13970.739999999998,28,28,0,0.9799,0.9782,0.0,0.0
2018-04-25 08:00:00,0.981,0.9826,0.9809,0.9817,12085,1.0,1.0,0.0,13970.739999999998,28,28,1,0.9817,0.9809,0.0,0.0
2018-04-25 12:00:00,0.9817,0.9842,0.981,0.9836,15242,-1.0,-1.0,0.0,13970.739999999998,28,28,1,0.9817,0.9809,0.0,0.0
2018-04-25 16:00:00,0.9836,0.9848,0.9821,0.9823,14016,-0.7247314,-0.7247314,0.0,13970.739999999998,28,28,1,0.9817,0.9809,0.0,0.0
2018-04-25 20:00:00,0.9823,0.9835,0.9819,0.9832,5414,-1.0,-1.0,0.0,14069.259999999998,29,28,0,0.0,0.0,0.0,98.52
2018-04-26 00:00:00,0.9835,0.9837,0.9823,0.9827,4477,-0.50428814,-0.50428814,0.0,14069.259999999998,29,28,2,0.9827,0.9852,0.0,0.0
2018-04-26 04:00:00,0.9827,0.983,0.9821,0.9827,2433,-0.2528165,-0.2528165,0.0,14069.259999999998,29,28,2,0.9827,0.9852,0.0,0.0
2018-04-26 08:00:00,0.9827,0.9848,0.9817,0.9839,12928,-1.0,-1.0,0.0,14069.259999999998,29,28,2,0.9827,0.9852,0.0,0.0
2018-04-26 12:00:00,0.9839,0.9849,0.9816,0.9824,20773,-0.04086239,-0.04086239,0.0,14069.259999999998,29,28,2,0.9827,0.9852,0.0,0.0
2018-04-26 16:00:00,0.9824,0.9888,0.9822,0.9879,20875,-0.6643663,-0.6643663,0.0,14069.259999999998,29,28,2,0.9827,0.9852,0.0,0.0
2018-04-26 20:00:00,0.9879,0.9896,0.9875,0.989,5112,0.67512196,0.67512196,0.0,13204.419999999998,29,29,0,0.0,0.0,0.0,-864.84
2018-04-27 00:00:00,0.9888,0.9896,0.9875,0.9891,2268,0.7186568,0.7186568,0.0,13204.419999999998,29,29,1,0.9891,0.9883,0.0,0.0
2018-04-27 04:00:00,0.9891,0.9897,0.9888,0.989,2251,-0.0073278877,-0.0073278877,0.0,13204.419999999998,29,29,1,0.9891,0.9883,0.0,0.0
2018-04-27 08:00:00,0.989,0.992,0.989,0.9916,13340,0.022728404,0.022728404,0.0,13204.419999999998,29,29,1,0.9891,0.9883,0.0,0.0
2018-04-27 12:00:00,0.9915,0.9921,0.9891,0.9896,16186,-1.0,-1.0,0.0,13596.099999999999,30,29,0,0.0,0.0,0.0,391.68
2018-04-27 16:00:00,0.9896,0.9905,0.9872,0.9881,15962,1.0,1.0,0.0,13596.099999999999,30,29,1,0.9881,0.9873,0.0,0.0
2018-04-27 20:00:00,0.9881,0.989,0.9874,0.9876,5732,-0.7749452,-0.7749452,0.0,13596.099999999999,30,29,1,0.9881,0.9873,0.0,0.0
2018-04-30 00:00:00,0.9875,0.9884,0.9872,0.9878,2411,-0.53973216,-0.53973216,0.0,13596.099999999999,30,29,1,0.9881,0.9873,0.0,0.0
2018-04-30 04:00:00,0.9878,0.9885,0.9875,0.9878,2848,-1.0,-1.0,0.0,13547.88,30,30,0,0.0,0.0,0.0,-48.22
2018-04-30 08:00:00,0.9878,0.9897,0.9872,0.9895,11309,-1.0,-1.0,0.0,13547.88,30,30,2,0.9895,0.9908,0.0,0.0
2018-04-30 12:00:00,0.9895,0.9914,0.988,0.9907,12945,1.0,1.0,0.0,13547.88,30,30,2,0.9895,0.9908,0.0,0.0
2018-04-30 16:00:00,0.9907,0.9921,0.9889,0.9894,20474,-0.64605546,-0.64605546,0.0,13547.88,30,30,2,0.9895,0.9908,0.0,0.0
2018-04-30 20:00:00,0.9894,0.9913,0.9893,0.9908,8699,-0.7272829,-0.7272829,0.0,13547.88,30,30,2,0.9895,0.9908,0.0,0.0
2018-05-01 00:00:00,0.9908,0.9911,0.99,0.991,5704,1.0,1.0,0.0,13339.06,30,31,0,0.0,0.0,0.0,-208.82
2018-05-01 04:00:00,0.991,0.9918,0.9909,0.9917,1396,0.831838,0.831838,0.0,13339.06,30,31,1,0.9917,0.9909,0.0,0.0
2018-05-01 08:00:00,0.9917,0.994,0.9914,0.9938,7099,0.34072042,0.34072042,0.0,13339.06,30,31,1,0.9917,0.9909,0.0,0.0
2018-05-01 12:00:00,0.9938,0.994,0.9927,0.9938,9414,-0.2930393,-0.2930393,0.0,13339.06,30,31,1,0.9917,0.9909,0.0,0.0
2018-05-01 16:00:00,0.9938,0.997,0.9934,0.9946,17533,-0.1279815,-0.1279815,0.0,13339.06,30,31,1,0.9917,0.9909,0.0,0.0
2018-05-01 20:00:00,0.9946,0.9969,0.9944,0.9964,8473,-0.8073825,-0.8073825,0.0,13799.43,31,31,0,0.0,0.0,0.0,460.37
2018-05-02 00:00:00,0.9964,0.9969,0.9953,0.9967,2808,0.24991532,0.24991532,0.0,13799.43,31,31,0,0.9946,0.9937,0.0,0.0
2018-05-02 04:00:00,0.9967,0.9969,0.9954,0.996,2689,-0.5832274,-0.5832274,0.0,13799.43,31,31,2,0.996,0.9971,0.0,0.0
2018-05-02 08:00:00,0.996,0.9967,0.9936,0.9953,15072,-1.0,-1.0,0.0,13799.43,31,31,2,0.996,0.9971,0.0,0.0
2018-05-02 12:00:00,0.9953,0.9964,0.9942,0.9956,14620,0.19403774,0.19403774,0.0,13799.43,31,31,2,0.996,0.9971,0.0,0.0
2018-05-02 16:00:00,0.9956,0.9989,0.9956,0.998,19272,0.05416945,0.05416945,0.0,13799.43,31,31,2,0.996,0.9971,0.0,0.0
2018-05-02 20:00:00,0.998,1.0,0.9941,0.9985,26456,1.0,1.0,0.0,13469.84,31,32,0,0.0,0.0,0.0,-329.59
2018-05-03 00:00:00,0.9985,0.9995,0.9967,0.9983,4508,-1.0,-1.0,0.0,13469.84,31,32,2,0.9983,1.0006,0.0,0.0
2018-05-03 04:00:00,0.9983,0.9985,0.9969,0.997,4207,0.19554226,0.19554226,0.0,13469.84,31,32,2,0.9983,1.0006,0.0,0.0
2018-05-03 08:00:00,0.997,0.998,0.9956,0.9973,15750,-1.0,-1.0,0.0,13469.84,31,32,2,0.9983,1.0006,0.0,0.0
2018-05-03 12:00:00,0.9973,0.999,0.9962,0.9981,21519,0.23029344,0.23029344,0.0,13469.84,31,32,2,0.9983,1.0006,0.0,0.0
2018-05-03 16:00:00,0.9981,0.9999,0.9972,0.9978,22724,0.017305708,0.017305708,0.0,13469.84,31,32,2,0.9983,1.0006,0.0,0.0
2018-05-03 20:00:00,0.9978,0.9988,0.9969,0.9973,10972,0.3506402,0.3506402,0.0,13469.84,31,32,2,0.9983,1.0006,0.0,0.0
2018-05-04 00:00:00,0.9973,0.9981,0.9967,0.9978,2759,0.8287658,0.8287658,0.0,13630.57,32,32,0,0.0,0.0,0.0,160.73
2018-05-04 04:00:00,0.9978,0.9979,0.997,0.9978,2409,0.8039021,0.8039021,0.0,13630.57,32,32,1,0.9978,0.996,0.0,0.0
2018-05-04 08:00:00,0.9978,0.9999,0.9978,0.999,9325,1.0,1.0,0.0,13630.57,32,32,1,0.9978,0.996,0.0,0.0
2018-05-04 12:00:00,0.999,1.0009,0.9965,0.9995,17730,0.81279147,0.81279147,0.0,13630.57,32,32,1,0.9978,0.996,0.0,0.0
2018-05-04 16:00:00,0.9995,1.0022,0.9994,0.9997,17289,0.33932754,0.33932754,0.0,13630.57,32,32,1,0.9978,0.996,0.0,0.0
2018-05-04 20:00:00,0.9997,1.0011,0.9997,0.9999,5063,-0.8530286,-0.8530286,0.0,13940.36,33,32,0,0.0,0.0,0.0,309.79
2018-05-07 00:00:00,0.9999,1.0006,0.9994,0.9994,2336,0.4444623,0.4444623,0.0,13940.36,33,32,0,0.9997,1.0005,0.0,0.0
2018-05-07 04:00:00,0.9994,0.9996,0.9984,0.9995,2793,-1.0,-1.0,0.0,13940.36,33,32,2,0.9995,1.002,0.0,0.0
2018-05-07 08:00:00,0.9995,1.0034,0.9995,1.0034,11201,0.94388384,0.94388384,0.0,13940.36,33,32,2,0.9995,1.002,0.0,0.0
2018-05-07 12:00:00,1.0034,1.0056,1.0034,1.0038,10803,-1.0,-1.0,0.0,13287.59,33,33,0,0.0,0.0,0.0,-652.77
2018-05-07 16:00:00,1.0038,1.0046,1.0017,1.0022,13673,1.0,1.0,0.0,13287.59,33,33,1,1.0022,1.0,0.0,0.0
2018-05-07 20:00:00,1.0022,1.003,1.0021,1.0026,7619,0.5012642,0.5012642,0.0,13287.59,33,33,1,1.0022,1.0,0.0,0.0
2018-05-08 00:00:00,1.0026,1.003,1.0015,1.0018,3064,1.0,1.0,0.0,13287.59,33,33,1,1.0022,1.0,0.0,0.0
2018-05-08 04:00:00,1.0018,1.0036,1.0018,1.0033,4480,-1.0,-1.0,0.0,13223.87,33,34,0,0.0,0.0,0.0,-63.72
2018-05-08 08:00:00,1.0033,1.0045,1.0016,1.0039,14021,0.57430476,0.57430476,0.0,13223.87,33,34,1,1.0039,1.0031,0.0,0.0
2018-05-08 12:00:00,1.0039,1.0041,1.0018,1.0025,10212,-0.2269698,-0.2269698,0.0,13223.87,33,34,1,1.0039,1.0031,0.0,0.0
2018-05-08 16:00:00,1.0025,1.0039,1.0002,1.0016,18117,-1.0,-1.0,0.0,13001.78,33,35,0,0.0,0.0,0.0,-222.09
2018-05-08 20:00:00,1.0016,1.0028,1.0006,1.0015,13507,0.47959083,0.47959083,0.0,13001.78,33,35,0,1.0018,0.9993,0.0,0.0
2018-05-09 00:00:00,1.0015,1.003,1.0008,1.003,4666,0.08675405,0.08675405,0.0,13001.78,33,35,0,1.0018,0.9993,0.0,0.0
2018-05-09 04:00:00,1.003,1.0043,1.0028,1.0029,6510,-0.37735787,-0.37735787,0.0,13001.78,33,35,0,1.0018,0.9993,0.0,0.0
2018-05-09 08:00:00,1.0029,1.0042,1.0025,1.0026,17193,1.0,1.0,0.0,13001.78,33,35,1,1.0026,1.0013,0.0,0.0
2018-05-09 12:00:00,1.0026,1.0032,1.0004,1.0013,19645,1.0,1.0,0.0,13001.78,33,35,1,1.0026,1.0013,0.0,0.0
2018-05-09 16:00:00,1.0013,1.005,1.0012,1.0045,16412,-0.99798286,-0.99798286,0.0,12799.26,33,36,0,0.0,0.0,0.0,-202.52
2018-05-09 20:00:00,1.0045,1.0056,1.0041,1.0048,5023,0.8212682,0.8212682,0.0,12799.26,33,36,1,1.0048,1.0025,0.0,0.0
2018-05-10 00:00:00,1.0048,1.0056,1.0034,1.0052,3960,-0.091071576,-0.091071576,0.0,12799.26,33,36,1,1.0048,1.0025,0.0,0.0
2018-05-10 04:00:00,1.0052,1.0053,1.0035,1.0035,4199,0.922314,0.922314,0.0,12799.26,33,36,1,1.0048,1.0025,0.0,0.0
2018-05-10 08:00:00,1.0035,1.0052,1.0035,1.004,14131,-0.48915663,-0.48915663,0.0,12799.26,33,36,1,1.0048,1.0025,0.0,0.0
2018-05-10 12:00:00,1.004,1.004,0.9997,1.0003,19617,0.49927592,0.49927592,0.0,12799.26,33,36,1,1.0048,1.0025,0.0,0.0
2018-05-10 16:00:00,1.0003,1.0044,0.9994,1.003,23926,1.0,1.0,0.0,12109.85,33,37,0,0.0,0.0,0.0,-689.41
2018-05-10 20:00:00,1.003,1.0032,1.0019,1.0025,6593,1.0,1.0,0.0,12109.85,33,37,1,1.0025,1.0017,0.0,0.0
2018-05-11 00:00:00,1.0025,1.0035,1.0018,1.0022,4227,-0.27133328,-0.27133328,0.0,12109.85,33,37,1,1.0025,1.0017,0.0,0.0
2018-05-11 04:00:00,1.0022,1.0033,1.0022,1.0031,3381,0.13085869,0.13085869,0.0,12109.85,33,37,1,1.0025,1.0017,0.0,0.0
2018-05-11 08:00:00,1.0031,1.004,1.0017,1.0017,11562,1.0,1.0,0.0,12109.85,33,37,1,1.0025,1.0017,0.0,0.0
2018-05-11 12:00:00,1.0017,1.0021,0.9976,0.9985,10522,-0.89565295,-0.89565295,0.0,11993.720000000001,33,38,0,0.0,0.0,0.0,-116.13
2018-05-11 16:00:00,0.9985,1.0011,0.9976,0.9998,15977,0.5383473,0.5383473,0.0,11993.720000000001,33,38,1,0.9998,0.999,0.0,0.0
2018-05-11 20:00:00,0.9998,1.0013,0.9998,1.0002,5272,1.0,1.0,0.0,11993.720000000001,33,38,1,0.9998,0.999,0.0,0.0
2018-05-14 00:00:00,0.9995,1.0007,0.9988,0.9988,2867,0.36170736,0.36170736,0.0,11993.720000000001,33,38,1,0.9998,0.999,0.0,0.0
2018-05-14 04:00:00,0.9988,0.9999,0.9988,0.9999,2103,1.0,1.0,0.0,11850.37,33,39,0,0.0,0.0,0.0,-143.35
2018-05-14 08:00:00,0.9998,1.0003,0.9979,0.9989,10393,0.66307086,0.66307086,0.0,11850.37,33,39,1,0.9989,0.9981,0.0,0.0
2018-05-14 12:00:00,0.9989,1.0001,0.9963,0.9969,9661,-1.0,-1.0,0.0,11850.37,33,39,1,0.9989,0.9981,0.0,0.0
2018-05-14 16:00:00,0.9969,0.9987,0.9958,0.998,11408,-0.68618405,-0.68618405,0.0,11567.640000000001,33,40,0,0.0,0.0,0.0,-282.73
2018-05-14 20:00:00,0.998,1.0005,0.9979,1.0004,5175,1.0,1.0,0.0,11567.640000000001,33,40,1,1.0004,0.9992,0.0,0.0
2018-05-15 00:00:00,1.0004,1.0011,0.9999,1.0001,3664,1.0,1.0,0.0,11567.640000000001,33,40,1,1.0004,0.9992,0.0,0.0
2018-05-15 04:00:00,1.0001,1.0019,1.0,1.0018,2198,-0.38455963,-0.38455963,0.0,11567.640000000001,33,40,1,1.0004,0.9992,0.0,0.0
2018-05-15 08:00:00,1.0018,1.002,0.9992,1.0005,9234,-0.53310895,-0.53310895,0.0,11567.640000000001,33,40,1,1.0004,0.9992,0.0,0.0
2018-05-15 12:00:00,1.0005,1.0037,0.9999,1.0028,13480,-0.40990987,-0.40990987,0.0,11567.640000000001,33,40,1,1.0004,0.9992,0.0,0.0
2018-05-15 16:00:00,1.0028,1.0041,0.9983,1.0005,19633,1.0,1.0,0.0,11567.640000000001,33,40,1,1.0004,0.9992,0.0,0.0
2018-05-15 20:00:00,1.0005,1.0028,1.0004,1.0012,9365,-1.0,-1.0,0.0,11581.480000000001,34,40,0,0.0,0.0,0.0,13.84
2018-05-16 00:00:00,1.001,1.0017,1.0005,1.0009,5174,0.8356864,0.8356864,0.0,11581.480000000001,34,40,1,1.0009,0.9988,0.0,0.0
2018-05-16 04:00:00,1.0009,1.0014,0.9999,1.0003,4781,0.70537037,0.70537037,0.0,11581.480000000001,34,40,1,1.0009,0.9988,0.0,0.0
2018-05-16 08:00:00,1.0003,1.0006,0.9984,0.9989,13926,0.50630987,0.50630987,0.0,11581.480000000001,34,40,1,1.0009,0.9988,0.0,0.0
2018-05-16 12:00:00,0.9989,1.0019,0.9985,1.0007,17888,0.067437135,0.067437135,0.0,11581.480000000001,34,40,1,1.0009,0.9988,0.0,0.0
2018-05-16 16:00:00,1.0007,1.0012,0.9985,0.9998,18211,0.7338681,0.7338681,0.0,11581.480000000001,34,40,1,1.0009,0.9988,0.0,0.0
2018-05-16 20:00:00,0.9998,1.0018,0.9995,1.0011,7516,-0.059869736,-0.059869736,0.0,11581.480000000001,34,40,1,1.0009,0.9988,0.0,0.0
2018-05-17 00:00:00,1.0011,1.0012,0.9995,1.0006,3851,1.0,1.0,0.0,11581.480000000001,34,40,1,1.0009,0.9988,0.0,0.0
2018-05-17 04:00:00,1.0006,1.0009,0.9987,0.9999,5049,-0.2708518,-0.2708518,0.0,11581.480000000001,34,40,1,1.0009,0.9988,0.0,0.0
2018-05-17 08:00:00,0.9999,1.0018,0.9992,1.0014,15799,-0.66264737,-0.66264737,0.0,11442.900000000001,34,41,0,0.0,0.0,0.0,-138.58
2018-05-17 12:00:00,1.0014,1.003,1.0008,1.0022,15706,0.42315343,0.42315343,0.0,11442.900000000001,34,41,0,1.0011,1.0019,0.0,0.0
2018-05-17 16:00:00,1.0022,1.0033,1.0002,1.0008,18323,0.7964759,0.7964759,0.0,11442.900000000001,34,41,1,1.0008,0.9991,0.0,0.0
2018-05-17 20:00:00,1.0008,1.0017,1.0006,1.0012,5430,0.05025894,0.05025894,0.0,11442.900000000001,34,41,1,1.0008,0.9991,0.0,0.0
2018-05-18 00:00:00,1.0011,1.0018,1.0006,1.0008,3603,-1.0,-1.0,0.0,11497.730000000001,35,41,0,0.0,0.0,0.0,54.83
2018-05-18 04:00:00,1.0008,1.0011,1.0005,1.0009,2879,1.0,1.0,0.0,11497.730000000001,35,41,1,1.0009,0.9984,0.0,0.0
2018-05-18 08:00:00,1.0009,1.0009,0.9987,0.9992,10123,-0.6629641,-0.6629641,0.0,11497.730000000001,35,41,1,1.0009,0.9984,0.0,0.0
2018-05-18 12:00:00,0.9992,1.0005,0.9987,1.0003,11782,-0.7480253,-0.7480253,0.0,11497.730000000001,35,41,1,1.0009,0.9984,0.0,0.0
2018-05-18 16:00:00,1.0003,1.0008,0.995,0.9966,17348,-0.57859397,-0.57859397,0.0,11497.730000000001,35,41,1,1.0009,0.9984,0.0,0.0
2018-05-18 20:00:00,0.9966,0.998,0.9963,0.9975,3695,0.07022755,0.07022755,0.0,10908.140000000001,35,42,0,0.0,0.0,0.0,-589.59
2018-05-21 00:00:00,0.9966,0.9997,0.9966,0.9995,3763,-0.31880766,-0.31880766,0.0,10908.140000000001,35,42,0,0.0,0.0,0.0,0.0
2018-05-21 04:00:00,0.9995,0.9997,0.9984,0.9992,4075,-0.3615338,-0.3615338,0.0,10908.140000000001,35,42,0,0.9992,0.9984,0.0,0.0
2018-05-21 08:00:00,0.9992,1.0001,0.9985,0.9992,10174,-0.9152363,-0.9152363,0.0,10908.140000000001,35,42,2,0.9992,1.0003,0.0,0.0
2018-05-21 12:00:00,0.9992,1.0001,0.9985,0.9988,9702,1.0,1.0,0.0,10908.140000000001,35,42,2,0.9992,1.0003,0.0,0.0
2018-05-21 16:00:00,0.9988,0.999,0.9971,0.9979,12438,-1.0,-1.0,0.0,10908.140000000001,35,42,2,0.9992,1.0003,0.0,0.0
2018-05-21 20:00:00,0.9979,0.9984,0.997,0.9971,3647,-0.75888366,-0.75888366,0.0,10908.140000000001,35,42,2,0.9992,1.0003,0.0,0.0
2018-05-22 00:00:00,0.9968,0.9974,0.9962,0.9967,3884,-0.03163162,-0.03163162,0.0,10908.140000000001,35,42,2,0.9992,1.0003,0.0,0.0
2018-05-22 04:00:00,0.9967,0.9972,0.996,0.9968,3732,1.0,1.0,0.0,11233.37,36,42,0,0.0,0.0,0.0,325.23
2018-05-22 08:00:00,0.9968,0.999,0.9945,0.9964,13543,-0.121245846,-0.121245846,0.0,11233.37,36,42,0,0.9968,0.9943,0.0,0.0
2018-05-22 12:00:00,0.9964,0.9964,0.9946,0.9949,10757,-1.0,-1.0,0.0,11233.37,36,42,2,0.9949,0.9958,0.0,0.0
2018-05-22 16:00:00,0.9949,0.9953,0.9918,0.9935,15620,1.0,1.0,0.0,11233.37,36,42,2,0.9949,0.9958,0.0,0.0
2018-05-22 20:00:00,0.9935,0.9942,0.9922,0.9926,5185,-0.077368766,-0.077368766,0.0,11233.37,36,42,2,0.9949,0.9958,0.0,0.0
2018-05-23 00:00:00,0.9926,0.9928,0.9918,0.9926,3127,-1.0,-1.0,0.0,11233.37,36,42,2,0.9949,0.9958,0.0,0.0
2018-05-23 04:00:00,0.9926,0.9936,0.9919,0.9926,6348,-0.79795086,-0.79795086,0.0,11233.37,36,42,2,0.9949,0.9958,0.0,0.0
2018-05-23 08:00:00,0.9926,0.993,0.9894,0.9915,18703,-0.25764412,-0.25764412,0.0,11233.37,36,42,2,0.9949,0.9958,0.0,0.0
2018-05-23 12:00:00,0.9915,0.9925,0.9896,0.9916,16897,0.16788307,0.16788307,0.0,11233.37,36,42,2,0.9949,0.9958,0.0,0.0
2018-05-23 16:00:00,0.9916,0.9965,0.9916,0.9961,18337,0.48637956,0.48637956,0.0,11233.37,36,42,2,0.9949,0.9958,0.0,0.0
2018-05-23 20:00:00,0.9961,0.9978,0.9952,0.9955,10462,-0.1681026,-0.1681026,0.0,11072.69,36,43,0,0.0,0.0,0.0,-160.68
2018-05-24 00:00:00,0.9954,0.9957,0.9939,0.9943,8995,0.25205183,0.25205183,0.0,11072.69,36,43,0,0.9915,0.9907,0.0,0.0
2018-05-24 04:00:00,0.9943,0.9947,0.9931,0.9931,6579,-0.25216502,-0.25216502,0.0,11072.69,36,43,0,0.9915,0.9907,0.0,0.0
2018-05-24 08:00:00,0.9931,0.9943,0.9916,0.9919,14898,-1.0,-1.0,0.0,11072.69,36,43,2,0.9919,0.9927,0.0,0.0
2018-05-24 12:00:00,0.9919,0.9919,0.9894,0.9903,11915,0.64661926,0.64661926,0.0,11072.69,36,43,2,0.9919,0.9927,0.0,0.0
2018-05-24 16:00:00,0.9903,0.992,0.9886,0.9917,16221,-1.0,-1.0,0.0,11072.69,36,43,2,0.9919,0.9927,0.0,0.0
2018-05-24 20:00:00,0.9917,0.992,0.9906,0.9911,5445,1.0,1.0,0.0,11098.960000000001,37,43,0,0.0,0.0,0.0,26.27
2018-05-25 00:00:00,0.9911,0.9926,0.9893,0.9921,7715,-1.0,-1.0,0.0,11098.960000000001,37,43,2,0.9921,0.9929,0.0,0.0
2018-05-25 04:00:00,0.9921,0.9928,0.992,0.9922,4672,1.0,1.0,0.0,11098.960000000001,37,43,2,0.9921,0.9929,0.0,0.0
2018-05-25 08:00:00,0.9922,0.9931,0.9915,0.9927,13193,0.5432305,0.5432305,0.0,11098.960000000001,37,43,2,0.9921,0.9929,0.0,0.0
2018-05-25 12:00:00,0.9927,0.9937,0.9913,0.9929,15604,0.32684666,0.32684666,0.0,11098.960000000001,37,43,2,0.9921,0.9929,0.0,0.0
2018-05-25 16:00:00,0.9929,0.993,0.9903,0.9918,15491,0.55245423,0.55245423,0.0,10993.460000000001,37,44,0,0.0,0.0,0.0,-105.5
2018-05-25 20:00:00,0.9918,0.9928,0.9892,0.9904,6405,-1.0,-1.0,0.0,10993.460000000001,37,44,2,0.9904,0.9912,0.0,0.0
2018-05-28 00:00:00,0.9907,0.993,0.9902,0.992,8436,-1.0,-1.0,0.0,10993.460000000001,37,44,2,0.9904,0.9912,0.0,0.0
2018-05-28 04:00:00,0.992,0.9921,0.9912,0.9914,4581,-1.0,-1.0,0.0,10784.660000000002,37,45,0,0.0,0.0,0.0,-208.8
2018-05-28 08:00:00,0.9914,0.9928,0.991,0.9919,9068,-0.26099694,-0.26099694,0.0,10784.660000000002,37,45,0,0.0,0.0,0.0,0.0
2018-05-28 12:00:00,0.9919,0.9958,0.9919,0.9954,13684,-1.0,-1.0,0.0,10784.660000000002,37,45,2,0.9954,0.9962,0.0,0.0
2018-05-28 16:00:00,0.9954,0.9955,0.9931,0.9934,9763,0.0076174554,0.0076174554,0.0,10784.660000000002,37,45,2,0.9954,0.9962,0.0,0.0
2018-05-28 20:00:00,0.9934,0.9939,0.9929,0.9932,2811,-0.31383848,-0.31383848,0.0,10784.660000000002,37,45,2,0.9954,0.9962,0.0,0.0
2018-05-29 00:00:00,0.9929,0.9937,0.9923,0.9933,4096,-1.0,-1.0,0.0,10784.660000000002,37,45,2,0.9954,0.9962,0.0,0.0
2018-05-29 04:00:00,0.9933,0.994,0.9922,0.9928,4659,1.0,1.0,0.0,11053.830000000002,38,45,0,0.0,0.0,0.0,269.17
2018-05-29 08:00:00,0.9928,0.9941,0.9921,0.9932,18009,0.69709057,0.69709057,0.0,11053.830000000002,38,45,1,0.9932,0.9924,0.0,0.0
2018-05-29 12:00:00,0.9932,0.9983,0.9929,0.9958,20978,0.19753566,0.19753566,0.0,11053.830000000002,38,45,1,0.9932,0.9924,0.0,0.0
2018-05-29 16:00:00,0.9958,0.9963,0.9914,0.9921,17761,1.0,1.0,0.0,11053.830000000002,38,45,1,0.9932,0.9924,0.0,0.0
2018-05-29 20:00:00,0.9921,0.9928,0.985,0.9913,12180,-0.2851728,-0.2851728,0.0,10909.470000000001,38,46,0,0.0,0.0,0.0,-144.36
2018-05-30 00:00:00,0.9912,0.9919,0.9884,0.9918,4142,-0.8220156,-0.8220156,0.0,10909.470000000001,38,46,2,0.9918,0.9928,0.0,0.0
2018-05-30 04:00:00,0.9918,0.9934,0.9915,0.9925,4507,-0.3500075,-0.3500075,0.0,10909.470000000001,38,46,2,0.9918,0.9928,0.0,0.0
2018-05-30 08:00:00,0.9925,0.9935,0.9899,0.9899,15940,-0.372176,-0.372176,0.0,10909.470000000001,38,46,2,0.9918,0.9928,0.0,0.0
2018-05-30 12:00:00,0.9899,0.9911,0.9881,0.9888,19508,0.55148196,0.55148196,0.0,10909.470000000001,38,46,2,0.9918,0.9928,0.0,0.0
2018-05-30 16:00:00,0.9888,0.9908,0.9878,0.9883,17967,0.17756075,0.17756075,0.0,10909.470000000001,38,46,2,0.9918,0.9928,0.0,0.0
2018-05-30 20:00:00,0.9883,0.9901,0.9881,0.989,4680,1.0,1.0,0.0,11361.010000000002,39,46,0,0.0,0.0,0.0,451.54
2018-05-31 00:00:00,0.9889,0.9892,0.9874,0.9881,4511,0.23850794,0.23850794,0.0,11361.010000000002,39,46,0,0.9925,0.9947,0.0,0.0
2018-05-31 04:00:00,0.9881,0.9888,0.988,0.9883,3138,1.0,1.0,0.0,11361.010000000002,39,46,1,0.9883,0.9875,0.0,0.0
2018-05-31 08:00:00,0.9883,0.9891,0.9868,0.987,11349,-0.22490443,-0.22490443,0.0,11361.010000000002,39,46,1,0.9883,0.9875,0.0,0.0
2018-05-31 12:00:00,0.987,0.9876,0.9848,0.9859,12888,-1.0,-1.0,0.0,11186.570000000002,39,47,0,0.0,0.0,0.0,-174.44
2018-05-31 16:00:00,0.9859,0.9864,0.9826,0.9846,22218,-1.0,-1.0,0.0,11186.570000000002,39,47,2,0.9846,0.9854,0.0,0.0
2018-05-31 20:00:00,0.9846,0.9862,0.9838,0.9856,6992,-0.6556991,-0.6556991,0.0,11186.570000000002,39,47,2,0.9846,0.9854,0.0,0.0
2018-06-01 00:00:00,0.9856,0.986,0.9841,0.9852,3377,0.1305019,0.1305019,0.0,11054.630000000001,39,48,0,0.0,0.0,0.0,-131.94
2018-06-01 04:00:00,0.9852,0.9879,0.9849,0.9878,3230,-0.851149,-0.851149,0.0,11054.630000000001,39,48,2,0.9878,0.9902,0.0,0.0
2018-06-01 08:00:00,0.9878,0.9892,0.9864,0.9864,10472,1.0,1.0,0.0,11054.630000000001,39,48,2,0.9878,0.9902,0.0,0.0
2018-06-01 12:00:00,0.9864,0.9902,0.9842,0.9902,15284,0.4890601,0.4890601,0.0,11054.630000000001,39,48,2,0.9878,0.9902,0.0,0.0
2018-06-01 16:00:00,0.9902,0.9912,0.9864,0.9879,21257,0.21558508,0.21558508,0.0,10740.26,39,49,0,0.0,0.0,0.0,-314.37
2018-06-01 20:00:00,0.9879,0.9892,0.9876,0.9878,4296,-0.104455575,-0.104455575,0.0,10740.26,39,49,0,0.0,0.0,0.0,0.0
2018-06-04 00:00:00,0.9879,0.9894,0.9875,0.9891,4997,-0.66054684,-0.66054684,0.0,10740.26,39,49,2,0.9891,0.9911,0.0,0.0
2018-06-04 04:00:00,0.9891,0.9894,0.9872,0.9879,3473,0.48277745,0.48277745,0.0,10740.26,39,49,2,0.9891,0.9911,0.0,0.0
2018-06-04 08:00:00,0.9879,0.9882,0.9849,0.985,11418,-0.6985404,-0.6985404,0.0,10740.26,39,49,2,0.9891,0.9911,0.0,0.0
2018-06-04 12:00:00,0.985,0.985,0.983,0.985,11519,0.48028764,0.48028764,0.0,10740.26,39,49,2,0.9891,0.9911,0.0,0.0
2018-06-04 16:00:00,0.9849,0.9892,0.9844,0.9888,12835,-1.0,-1.0,0.0,10740.26,39,49,2,0.9891,0.9911,0.0,0.0
2018-06-04 20:00:00,0.9888,0.9889,0.9875,0.9875,5167,0.23222885,0.23222885,0.0,10740.26,39,49,2,0.9891,0.9911,0.0,0.0
2018-06-05 00:00:00,0.9875,0.9885,0.9867,0.9881,4230,1.0,1.0,0.0,10943.31,40,49,0,0.0,0.0,0.0,203.05
2018-06-05 04:00:00,0.9881,0.9892,0.9879,0.989,3172,0.10899416,0.10899416,0.0,10943.31,40,49,0,0.9888,0.9913,0.0,0.0
2018-06-05 08:00:00,0.989,0.9893,0.9859,0.986,10979,0.2970962,0.2970962,0.0,10943.31,40,49,0,0.9888,0.9913,0.0,0.0
2018-06-05 12:00:00,0.986,0.9874,0.9852,0.9872,10167,0.47990122,0.47990122,0.0,10943.31,40,49,0,0.9888,0.9913,0.0,0.0
2018-06-05 16:00:00,0.9872,0.9892,0.984,0.9842,14527,0.018980512,0.018980512,0.0,10943.31,40,49,0,0.0,0.0,0.0,0.0
2018-06-05 20:00:00,0.9842,0.9849,0.983,0.9844,4782,-0.25511447,-0.25511447,0.0,10943.31,40,49,0,0.9844,0.9869,0.0,0.0
2018-06-06 00:00:00,0.9841,0.9854,0.9837,0.9839,4741,-0.27508795,-0.27508795,0.0,10943.31,40,49,0,0.9839,0.9831,0.0,0.0
2018-06-06 04:00:00,0.9839,0.9852,0.9835,0.9852,2699,-0.50527585,-0.50527585,0.0,10943.31,40,49,2,0.9852,0.986,0.0,0.0
2018-06-06 08:00:00,0.9852,0.986,0.9837,0.9857,14066,0.82583916,0.82583916,0.0,10943.31,40,49,2,0.9852,0.986,0.0,0.0
2018-06-06 12:00:00,0.9857,0.9886,0.9855,0.9872,11590,-1.0,-1.0,0.0,10943.31,40,49,2,0.9852,0.986,0.0,0.0
2018-06-06 16:00:00,0.9872,0.9873,0.9838,0.986,11152,-0.9408724,-0.9408724,0.0,10684.76,40,50,0,0.0,0.0,0.0,-258.55
2018-06-06 20:00:00,0.986,0.9868,0.9856,0.986,4555,-0.59828466,-0.59828466,0.0,10684.76,40,50,2,0.986,0.9868,0.0,0.0
2018-06-07 00:00:00,0.9862,0.9867,0.9845,0.9857,10126,0.3659342,0.3659342,0.0,10684.76,40,50,2,0.986,0.9868,0.0,0.0
2018-06-07 04:00:00,0.9857,0.9864,0.9845,0.9846,2569,-1.0,-1.0,0.0,10684.76,40,50,2,0.986,0.9868,0.0,0.0
2018-06-07 08:00:00,0.9846,0.9847,0.9817,0.9823,9364,0.47901493,0.47901493,0.0,10684.76,40,50,2,0.986,0.9868,0.0,0.0
2018-06-07 12:00:00,0.9823,0.9826,0.9804,0.981,10398,0.0805957,0.0805957,0.0,10684.76,40,50,2,0.986,0.9868,0.0,0.0
2018-06-07 16:00:00,0.981,0.9827,0.9803,0.9818,13736,-1.0,-1.0,0.0,10684.76,40,50,2,0.986,0.9868,0.0,0.0
2018-06-07 20:00:00,0.9818,0.9818,0.9788,0.9803,9684,-0.1282599,-0.1282599,0.0,10684.76,40,50,2,0.986,0.9868,0.0,0.0
2018-06-08 00:00:00,0.9803,0.9811,0.9791,0.9804,2997,-0.39724398,-0.39724398,0.0,10684.76,40,50,2,0.986,0.9868,0.0,0.0
2018-06-08 04:00:00,0.9804,0.981,0.9803,0.9804,3191,1.0,1.0,0.0,11386.69,41,50,0,0.0,0.0,0.0,701.93
2018-06-08 08:00:00,0.9804,0.9825,0.9802,0.9822,15084,-0.1358387,-0.1358387,0.0,11386.69,41,50,0,0.9804,0.9794,0.0,0.0
2018-06-08 12:00:00,0.9822,0.9885,0.9821,0.9883,13785,-1.0,-1.0,0.0,11386.69,41,50,2,0.9883,0.9901,0.0,0.0
2018-06-08 16:00:00,0.9883,0.9888,0.9851,0.9857,7795,0.646371,0.646371,0.0,11386.69,41,50,2,0.9883,0.9901,0.0,0.0
2018-06-08 20:00:00,0.9857,0.9861,0.9845,0.9852,4127,-0.73864144,-0.73864144,0.0,11386.69,41,50,2,0.9883,0.9901,0.0,0.0
2018-06-11 00:00:00,0.9842,0.9855,0.9841,0.9846,2514,0.09346276,0.09346276,0.0,11386.69,41,50,2,0.9883,0.9901,0.0,0.0
2018-06-11 04:00:00,0.9846,0.9861,0.9839,0.9852,3078,-1.0,-1.0,0.0,11386.69,41,50,2,0.9883,0.9901,0.0,0.0
2018-06-11 08:00:00,0.9852,0.9872,0.9842,0.9861,11286,-1.0,-1.0,0.0,11386.69,41,50,2,0.9883,0.9901,0.0,0.0
2018-06-11 12:00:00,0.9861,0.9874,0.9848,0.985,9126,-0.27428848,-0.27428848,0.0,11386.69,41,50,2,0.9883,0.9901,0.0,0.0
2018-06-11 16:00:00,0.985,0.986,0.9841,0.9856,7493,0.36330083,0.36330083,0.0,11386.69,41,50,2,0.9883,0.9901,0.0,0.0
2018-06-11 20:00:00,0.9856,0.9859,0.9849,0.9852,3606,0.9393022,0.9393022,0.0,11749.26,42,50,0,0.0,0.0,0.0,362.57
2018-06-12 00:00:00,0.9852,0.9876,0.9848,0.9867,4452,-1.0,-1.0,0.0,11749.26,42,50,2,0.9867,0.9883,0.0,0.0
2018-06-12 04:00:00,0.9867,0.9874,0.9865,0.9871,3141,1.0,1.0,0.0,11749.26,42,50,2,0.9867,0.9883,0.0,0.0
2018-06-12 08:00:00,0.9871,0.9883,0.9834,0.984,11272,0.46121454,0.46121454,0.0,11749.26,42,50,2,0.9867,0.9883,0.0,0.0
2018-06-12 12:00:00,0.984,0.9856,0.983,0.9836,9424,-0.29781953,-0.29781953,0.0,11749.26,42,50,2,0.9867,0.9883,0.0,0.0
2018-06-12 16:00:00,0.9836,0.9851,0.9836,0.9848,9090,-0.83888197,-0.83888197,0.0,11749.26,42,50,2,0.9867,0.9883,0.0,0.0
2018-06-12 20:00:00,0.9848,0.9874,0.9847,0.9869,6770,0.9699443,0.9699443,0.0,12012.31,43,50,0,0.0,0.0,0.0,263.05
2018-06-13 00:00:00,0.9866,0.9874,0.9866,0.9873,2177,0.5407432,0.5407432,0.0,12012.31,43,50,1,0.9873,0.9854,0.0,0.0
2018-06-13 04:00:00,0.9873,0.9879,0.9871,0.9875,1799,1.0,1.0,0.0,12012.31,43,50,1,0.9873,0.9854,0.0,0.0
2018-06-13 08:00:00,0.9875,0.9895,0.9871,0.9887,7209,-0.9347817,-0.9347817,0.0,12040.689999999999,44,50,0,0.0,0.0,0.0,28.38
2018-06-13 12:00:00,0.9887,0.9888,0.9855,0.9858,7349,0.23362754,0.23362754,0.0,12040.689999999999,44,50,0,0.9869,0.9894,0.0,0.0
2018-06-13 16:00:00,0.9858,0.9863,0.984,0.9845,7400,1.0,1.0,0.0,12040.689999999999,44,50,1,0.9845,0.9822,0.0,0.0
2018-06-13 20:00:00,0.9845,0.9889,0.9841,0.9853,19632,0.08996749,0.08996749,0.0,12040.689999999999,44,50,1,0.9845,0.9822,0.0,0.0
2018-06-14 00:00:00,0.9852,0.9856,0.9838,0.9854,4068,-0.2818646,-0.2818646,0.0,12040.689999999999,44,50,1,0.9845,0.9822,0.0,0.0
2018-06-14 04:00:00,0.9854,0.9857,0.9844,0.9845,3239,-0.0006445879,-0.0006445879,0.0,12040.689999999999,44,50,1,0.9845,0.9822,0.0,0.0
2018-06-14 08:00:00,0.9845,0.9849,0.9825,0.9829,6960,-1.0,-1.0,0.0,12040.679999999998,44,51,0,0.0,0.0,0.0,-0.01
2018-06-14 12:00:00,0.9829,0.9901,0.9826,0.9899,23022,1.0,1.0,0.0,12040.679999999998,44,51,1,0.9899,0.9891,0.0,0.0
2018-06-14 16:00:00,0.9899,0.995,0.9897,0.9943,18033,-0.3761663,-0.3761663,0.0,12040.679999999998,44,51,1,0.9899,0.9891,0.0,0.0
2018-06-14 20:00:00,0.9943,0.9973,0.9938,0.9968,8647,-0.55983025,-0.55983025,0.0,12040.679999999998,44,51,1,0.9899,0.9891,0.0,0.0
2018-06-15 00:00:00,0.9964,0.9976,0.996,0.9974,3565,-1.0,-1.0,0.0,13031.619999999999,45,51,0,0.0,0.0,0.0,990.94
2018-06-15 04:00:00,0.9974,0.9977,0.9967,0.9975,2668,0.50993013,0.50993013,0.0,13031.619999999999,45,51,1,0.9975,0.9952,0.0,0.0
2018-06-15 08:00:00,0.9975,0.9988,0.9959,0.9964,12091,1.0,1.0,0.0,13031.619999999999,45,51,1,0.9975,0.9952,0.0,0.0
2018-06-15 12:00:00,0.9964,0.9987,0.9954,0.997,16162,0.94955564,0.94955564,0.0,13031.619999999999,45,51,1,0.9975,0.9952,0.0,0.0
2018-06-15 16:00:00,0.997,0.9978,0.9945,0.9965,15935,-0.3477309,-0.3477309,0.0,13031.619999999999,45,51,1,0.9975,0.9952,0.0,0.0
2018-06-15 20:00:00,0.9965,0.9978,0.9959,0.9976,4150,-1.0,-1.0,0.0,12876.22,45,52,0,0.0,0.0,0.0,-155.4
2018-06-18 00:00:00,0.9958,0.998,0.9957,0.9979,2237,-0.188466,-0.188466,0.0,12876.22,45,52,0,0.9976,0.9989,0.0,0.0
2018-06-18 04:00:00,0.9979,0.998,0.9965,0.9969,2903,0.6344869,0.6344869,0.0,12876.22,45,52,1,0.9969,0.9961,0.0,0.0
2018-06-18 08:00:00,0.9969,0.999,0.9964,0.9965,8442,1.0,1.0,0.0,12876.22,45,52,1,0.9969,0.9961,0.0,0.0
2018-06-18 12:00:00,0.9965,0.997,0.9941,0.9949,9576,-1.0,-1.0,0.0,12814.8,45,53,0,0.0,0.0,0.0,-61.42
2018-06-18 16:00:00,0.9949,0.9955,0.9936,0.9949,9091,-1.0,-1.0,0.0,12814.8,45,53,2,0.9949,0.9957,0.0,0.0
2018-06-18 20:00:00,0.9949,0.9953,0.9944,0.9951,2945,-0.91357803,-0.91357803,0.0,12814.8,45,53,2,0.9949,0.9957,0.0,0.0
2018-06-19 00:00:00,0.995,0.9957,0.9931,0.9931,4809,-1.0,-1.0,0.0,12814.8,45,53,2,0.9949,0.9957,0.0,0.0
2018-06-19 04:00:00,0.9931,0.9934,0.9918,0.9928,4836,-0.6995212,-0.6995212,0.0,12814.8,45,53,2,0.9949,0.9957,0.0,0.0
2018-06-19 08:00:00,0.9928,0.9961,0.9918,0.996,18444,-1.0,-1.0,0.0,12814.8,45,53,2,0.9949,0.9957,0.0,0.0
2018-06-19 12:00:00,0.996,0.9977,0.9945,0.9952,15145,-0.1275811,-0.1275811,0.0,12646.789999999999,45,54,0,0.0,0.0,0.0,-168.01
2018-06-19 16:00:00,0.9952,0.9964,0.9936,0.9958,13244,-0.13159452,-0.13159452,0.0,12646.789999999999,45,54,0,0.9958,0.995,0.0,0.0
2018-06-19 20:00:00,0.9958,0.9958,0.9935,0.9936,4489,1.0,1.0,0.0,12646.789999999999,45,54,1,0.9936,0.9922,0.0,0.0
2018-06-20 00:00:00,0.9935,0.9951,0.9933,0.995,3770,1.0,1.0,0.0,12646.789999999999,45,54,1,0.9936,0.9922,0.0,0.0
2018-06-20 04:00:00,0.995,0.9958,0.9941,0.9958,5089,1.0,1.0,0.0,12646.789999999999,45,54,1,0.9936,0.9922,0.0,0.0
2018-06-20 08:00:00,0.9958,0.9979,0.9953,0.9968,12289,-0.39770314,-0.39770314,0.0,12646.789999999999,45,54,1,0.9936,0.9922,0.0,0.0
2018-06-20 12:00:00,0.9968,0.9983,0.9946,0.9949,8433,-0.3746332,-0.3746332,0.0,12646.789999999999,45,54,1,0.9936,0.9922,0.0,0.0
2018-06-20 16:00:00,0.9949,0.9967,0.9936,0.996,13866,1.0,1.0,0.0,12646.789999999999,45,54,1,0.9936,0.9922,0.0,0.0
2018-06-20 20:00:00,0.996,0.9963,0.9945,0.9961,4966,1.0,1.0,0.0,12646.789999999999,45,54,1,0.9936,0.9922,0.0,0.0
2018-06-21 00:00:00,0.996,0.9968,0.9954,0.9962,3575,-0.37797442,-0.37797442,0.0,12646.789999999999,45,54,1,0.9936,0.9922,0.0,0.0
2018-06-21 04:00:00,0.9962,0.998,0.9962,0.9978,3589,-0.8703453,-0.8703453,0.0,13038.74,46,54,0,0.0,0.0,0.0,391.95
2018-06-21 08:00:00,0.9978,0.9985,0.9948,0.9969,14813,1.0,1.0,0.0,13038.74,46,54,1,0.9969,0.9944,0.0,0.0
2018-06-21 12:00:00,0.9969,0.998,0.9915,0.9931,18642,-0.12998079,-0.12998079,0.0,13038.74,46,54,1,0.9969,0.9944,0.0,0.0
2018-06-21 16:00:00,0.9931,0.9935,0.9897,0.9916,16943,-1.0,-1.0,0.0,12449.95,46,55,0,0.0,0.0,0.0,-588.79
2018-06-21 20:00:00,0.9916,0.9921,0.9906,0.9916,5215,-1.0,-1.0,0.0,12449.95,46,55,2,0.9916,0.9924,0.0,0.0
2018-06-22 00:00:00,0.9915,0.9925,0.9902,0.9911,6561,-1.0,-1.0,0.0,12449.95,46,55,2,0.9916,0.9924,0.0,0.0
2018-06-22 04:00:00,0.9911,0.9919,0.9905,0.9909,3496,-0.2789574,-0.2789574,0.0,12449.95,46,55,2,0.9916,0.9924,0.0,0.0
2018-06-22 08:00:00,0.9909,0.9909,0.9885,0.9895,11550,-0.0129063,-0.0129063,0.0,12449.95,46,55,2,0.9916,0.9924,0.0,0.0
2018-06-22 12:00:00,0.9895,0.991,0.9891,0.9899,9854,0.66001743,0.66001743,0.0,12759.5,47,55,0,0.0,0.0,0.0,309.55
2018-06-22 16:00:00,0.9899,0.9915,0.9889,0.989,9939,-0.15869536,-0.15869536,0.0,12759.5,47,55,0,0.9899,0.9907,0.0,0.0
2018-06-22 20:00:00,0.989,0.9893,0.9873,0.9877,4335,-1.0,-1.0,0.0,12759.5,47,55,2,0.9877,0.9902,0.0,0.0
2018-06-25 00:00:00,0.9876,0.9885,0.9873,0.9876,3016,-0.5490228,-0.5490228,0.0,12759.5,47,55,2,0.9877,0.9902,0.0,0.0
2018-06-25 04:00:00,0.9876,0.9883,0.9873,0.9874,3668,-0.39087224,-0.39087224,0.0,12759.5,47,55,2,0.9877,0.9902,0.0,0.0
2018-06-25 08:00:00,0.9874,0.989,0.9869,0.9872,9420,0.37592328,0.37592328,0.0,12759.5,47,55,2,0.9877,0.9902,0.0,0.0
2018-06-25 12:00:00,0.9872,0.989,0.9868,0.9876,9125,-0.4261123,-0.4261123,0.0,12759.5,47,55,2,0.9877,0.9902,0.0,0.0
2018-06-25 16:00:00,0.9876,0.9888,0.9868,0.9871,8467,-0.08157181,-0.08157181,0.0,12759.5,47,55,2,0.9877,0.9902,0.0,0.0
2018-06-25 20:00:00,0.9871,0.9877,0.9856,0.9867,4848,0.24599655,0.24599655,0.0,12759.5,47,55,2,0.9877,0.9902,0.0,0.0
2018-06-26 00:00:00,0.9865,0.988,0.9858,0.9868,7254,-0.43532363,-0.43532363,0.0,12759.5,47,55,2,0.9877,0.9902,0.0,0.0
2018-06-26 04:00:00,0.9868,0.9869,0.9858,0.9863,2931,1.0,1.0,0.0,12895.09,48,55,0,0.0,0.0,0.0,135.59
2018-06-26 08:00:00,0.9863,0.9893,0.9863,0.9883,9206,-0.6156383,-0.6156383,0.0,12895.09,48,55,2,0.9883,0.9891,0.0,0.0
2018-06-26 12:00:00,0.9883,0.9898,0.9881,0.9891,10102,1.0,1.0,0.0,12895.09,48,55,2,0.9883,0.9891,0.0,0.0
2018-06-26 16:00:00,0.9891,0.9919,0.9886,0.9909,12029,0.69679177,0.69679177,0.0,12772.99,48,56,0,0.0,0.0,0.0,-122.1
2018-06-26 20:00:00,0.9909,0.9923,0.9901,0.9905,5916,-0.5876268,-0.5876268,0.0,12772.99,48,56,2,0.9905,0.993,0.0,0.0
2018-06-27 00:00:00,0.9902,0.9915,0.9901,0.9904,3686,0.14309114,0.14309114,0.0,12772.99,48,56,2,0.9905,0.993,0.0,0.0
2018-06-27 04:00:00,0.9904,0.9911,0.9901,0.991,4286,-0.06976476,-0.06976476,0.0,12772.99,48,56,2,0.9905,0.993,0.0,0.0
2018-06-27 08:00:00,0.991,0.9917,0.9891,0.9915,9757,-1.0,-1.0,0.0,12772.99,48,56,2,0.9905,0.993,0.0,0.0
2018-06-27 12:00:00,0.9915,0.9936,0.9911,0.9934,14204,0.2676595,0.2676595,0.0,12772.99,48,56,2,0.9905,0.993,0.0,0.0
2018-06-27 16:00:00,0.9934,0.9968,0.9932,0.9962,12518,0.27848557,0.27848557,0.0,12332.67,48,57,0,0.0,0.0,0.0,-440.32
2018-06-27 20:00:00,0.9962,0.9976,0.9953,0.9969,5658,-1.0,-1.0,0.0,12332.67,48,57,2,0.9969,0.9977,0.0,0.0
2018-06-28 00:00:00,0.9972,0.9973,0.9956,0.9961,18064,-0.69223756,-0.69223756,0.0,12332.67,48,57,2,0.9969,0.9977,0.0,0.0
2018-06-28 04:00:00,0.9961,0.9973,0.996,0.9973,3037,-0.85531753,-0.85531753,0.0,12332.67,48,57,2,0.9969,0.9977,0.0,0.0
2018-06-28 08:00:00,0.9973,0.9992,0.9966,0.9983,11729,0.6028565,0.6028565,0.0,12332.67,48,57,2,0.9969,0.9977,0.0,0.0
2018-06-28 12:00:00,0.9983,0.9986,0.9963,0.9984,11112,0.14251211,0.14251211,0.0,12126.41,48,58,0,0.0,0.0,0.0,-206.26
2018-06-28 16:00:00,0.9984,0.9991,0.996,0.9971,13628,-1.0,-1.0,0.0,12126.41,48,58,2,0.9971,0.9979,0.0,0.0
2018-06-28 20:00:00,0.9971,0.9986,0.9967,0.9974,5710,-1.0,-1.0,0.0,12126.41,48,58,2,0.9971,0.9979,0.0,0.0
2018-06-29 00:00:00,0.9971,0.998,0.9964,0.9971,3350,-1.0,-1.0,0.0,12126.41,48,58,2,0.9971,0.9979,0.0,0.0
2018-06-29 04:00:00,0.9971,0.9978,0.9932,0.9938,8741,-0.17735499,-0.17735499,0.0,12126.41,48,58,2,0.9971,0.9979,0.0,0.0
2018-06-29 08:00:00,0.9938,0.9957,0.9928,0.993,11792,0.9656552,0.9656552,0.0,12602.27,49,58,0,0.0,0.0,0.0,475.86
2018-06-29 12:00:00,0.993,0.9943,0.9918,0.9927,14270,1.0,1.0,0.0,12602.27,49,58,1,0.9927,0.9919,0.0,0.0
2018-06-29 16:00:00,0.9927,0.9943,0.9913,0.9919,13555,0.22988236,0.22988236,0.0,12602.27,49,58,1,0.9927,0.9919,0.0,0.0
2018-06-29 20:00:00,0.9919,0.9922,0.9894,0.9904,4771,0.5673174,0.5673174,0.0,12482.6,49,59,0,0.0,0.0,0.0,-119.67
2018-07-02 00:00:00,0.9901,0.9914,0.9892,0.9911,4351,-1.0,-1.0,0.0,12482.6,49,59,2,0.9911,0.9921,0.0,0.0
2018-07-02 04:00:00,0.9911,0.9923,0.9909,0.9922,4806,-0.0057288324,-0.0057288324,0.0,12482.6,49,59,2,0.9911,0.9921,0.0,0.0
2018-07-02 08:00:00,0.9922,0.9929,0.991,0.9915,9350,-1.0,-1.0,0.0,12319.57,49,60,0,0.0,0.0,0.0,-163.03
2018-07-02 12:00:00,0.9915,0.9951,0.9914,0.9951,7925,-0.1428661,-0.1428661,0.0,12319.57,49,60,0,0.9951,0.9959,0.0,0.0
2018-07-02 16:00:00,0.9951,0.9965,0.9942,0.9955,9324,-0.058760542,-0.058760542,0.0,12319.57,49,60,0,0.9951,0.9959,0.0,0.0
2018-07-02 20:00:00,0.9955,0.9956,0.9931,0.9934,5233,-0.9879901,-0.9879901,0.0,12319.57,49,60,2,0.9934,0.9942,0.0,0.0
2018-07-03 00:00:00,0.9934,0.9941,0.9921,0.994,3913,-0.5404039,-0.5404039,0.0,12319.57,49,60,2,0.9934,0.9942,0.0,0.0
2018-07-03 04:00:00,0.994,0.9949,0.9939,0.9945,6334,0.91017085,0.91017085,0.0,12231.64,49,61,0,0.0,0.0,0.0,-87.93
2018-07-03 08:00:00,0.9945,0.9949,0.9913,0.9932,10884,1.0,1.0,0.0,12231.64,49,61,1,0.9932,0.9923,0.0,0.0
2018-07-03 12:00:00,0.9932,0.9942,0.9918,0.9927,8757,-0.3703782,-0.3703782,0.0,12231.64,49,61,1,0.9932,0.9923,0.0,0.0
2018-07-03 16:00:00,0.9927,0.9933,0.9919,0.9927,8721,-0.93735725,-0.93735725,0.0,12158.98,49,62,0,0.0,0.0,0.0,-72.66
2018-07-03 20:00:00,0.9927,0.9928,0.9916,0.9924,2434,-0.43770275,-0.43770275,0.0,12158.98,49,62,0,0.0,0.0,0.0,0.0
2018-07-04 00:00:00,0.9923,0.9928,0.9907,0.9907,6799,1.0,1.0,0.0,12158.98,49,62,1,0.9907,0.9889,0.0,0.0
2018-07-04 04:00:00,0.9907,0.9922,0.9905,0.992,4166,1.0,1.0,0.0,12158.98,49,62,1,0.9907,0.9889,0.0,0.0
2018-07-04 08:00:00,0.992,0.9932,0.9907,0.9929,9972,0.24302194,0.24302194,0.0,12158.98,49,62,1,0.9907,0.9889,0.0,0.0
2018-07-04 12:00:00,0.9929,0.9933,0.9922,0.9923,6945,0.2825652,0.2825652,0.0,12158.98,49,62,1,0.9907,0.9889,0.0,0.0
2018-07-04 16:00:00,0.9923,0.9939,0.992,0.9925,8085,0.6107489,0.6107489,0.0,12158.98,49,62,1,0.9907,0.9889,0.0,0.0
2018-07-04 20:00:00,0.9925,0.993,0.9916,0.992,37180,0.40800145,0.40800145,0.0,12158.98,49,62,1,0.9907,0.9889,0.0,0.0
2018-07-05 00:00:00,0.992,0.9929,0.9916,0.9925,11539,1.0,1.0,0.0,12158.98,49,62,1,0.9907,0.9889,0.0,0.0
2018-07-05 04:00:00,0.9925,0.9939,0.9924,0.9935,3915,-0.13270114,-0.13270114,0.0,12158.98,49,62,1,0.9907,0.9889,0.0,0.0
2018-07-05 08:00:00,0.9935,0.994,0.991,0.9928,11892,-0.9020143,-0.9020143,0.0,12563.699999999999,50,62,0,0.0,0.0,0.0,404.72
2018-07-05 12:00:00,0.9928,0.9935,0.991,0.9917,8193,0.63238305,0.63238305,0.0,12563.699999999999,50,62,1,0.9917,0.9892,0.0,0.0
2018-07-05 16:00:00,0.9917,0.9934,0.9916,0.9929,12432,-0.46808067,-0.46808067,0.0,12563.699999999999,50,62,1,0.9917,0.9892,0.0,0.0
2018-07-05 20:00:00,0.9929,0.9944,0.9921,0.9921,6396,0.24479319,0.24479319,0.0,12563.699999999999,50,62,1,0.9917,0.9892,0.0,0.0
2018-07-06 00:00:00,0.9921,0.9936,0.9913,0.9933,31092,-1.0,-1.0,0.0,12623.349999999999,51,62,0,0.0,0.0,0.0,59.65
2018-07-06 04:00:00,0.9934,0.9943,0.9932,0.9937,4147,-0.57087743,-0.57087743,0.0,12623.349999999999,51,62,2,0.9937,0.9962,0.0,0.0
2018-07-06 08:00:00,0.9937,0.9938,0.9916,0.9924,8258,-0.21179804,-0.21179804,0.0,12623.349999999999,51,62,2,0.9937,0.9962,0.0,0.0
2018-07-06 12:00:00,0.9924,0.9931,0.9892,0.9904,11060,1.0,1.0,0.0,12818.21,52,62,0,0.0,0.0,0.0,194.86
2018-07-06 16:00:00,0.9904,0.9904,0.9884,0.9896,11141,-1.0,-1.0,0.0,12818.21,52,62,2,0.9896,0.9904,0.0,0.0
2018-07-06 20:00:00,0.9896,0.9907,0.9895,0.9899,3325,0.2391011,0.2391011,0.0,12818.21,52,62,2,0.9896,0.9904,0.0,0.0
2018-07-09 00:00:00,0.9892,0.9905,0.9885,0.989,3908,1.0,1.0,0.0,12772.65,52,63,0,0.0,0.0,0.0,-45.56
2018-07-09 04:00:00,0.989,0.9891,0.9878,0.9884,2991,1.0,1.0,0.0,12772.65,52,63,1,0.9884,0.9863,0.0,0.0
2018-07-09 08:00:00,0.9884,0.9885,0.9858,0.9869,13330,-1.0,-1.0,0.0,12772.65,52,63,1,0.9884,0.9863,0.0,0.0
2018-07-09 12:00:00,0.9869,0.9888,0.9869,0.9888,10144,0.7412034,0.7412034,0.0,12772.65,52,63,1,0.9884,0.9863,0.0,0.0
2018-07-09 16:00:00,0.9888,0.9922,0.9884,0.9921,13166,-0.3799866,-0.3799866,0.0,12772.65,52,63,1,0.9884,0.9863,0.0,0.0
2018-07-09 20:00:00,0.9921,0.993,0.9911,0.9913,4894,-0.5406898,-0.5406898,0.0,12772.65,52,63,1,0.9884,0.9863,0.0,0.0
2018-07-10 00:00:00,0.9911,0.992,0.991,0.9912,14036,-0.17566842,-0.17566842,0.0,12772.65,52,63,1,0.9884,0.9863,0.0,0.0
2018-07-10 04:00:00,0.9912,0.9927,0.9911,0.9927,2816,0.3794752,0.3794752,0.0,12772.65,52,63,1,0.9884,0.9863,0.0,0.0
2018-07-10 08:00:00,0.9927,0.9935,0.9912,0.993,10589,-0.6191256,-0.6191256,0.0,13425.029999999999,53,63,0,0.0,0.0,0.0,652.38
2018-07-10 12:00:00,0.993,0.9961,0.9929,0.9942,14795,-1.0,-1.0,0.0,13425.029999999999,53,63,2,0.9942,0.9967,0.0,0.0
2018-07-10 16:00:00,0.9942,0.9944,0.9918,0.9927,12762,-0.23820509,-0.23820509,0.0,13425.029999999999,53,63,2,0.9942,0.9967,0.0,0.0
2018-07-10 20:00:00,0.9927,0.9927,0.9917,0.9917,4078,-1.0,-1.0,0.0,13425.029999999999,53,63,2,0.9942,0.9967,0.0,0.0
2018-07-11 00:00:00,0.9917,0.9928,0.9917,0.9926,3995,0.19327146,0.19327146,0.0,13425.029999999999,53,63,2,0.9942,0.9967,0.0,0.0
2018-07-11 04:00:00,0.9926,0.9927,0.9918,0.9921,4898,-0.058893744,-0.058893744,0.0,13425.029999999999,53,63,2,0.9942,0.9967,0.0,0.0
2018-07-11 08:00:00,0.9921,0.9931,0.9906,0.9931,12479,-1.0,-1.0,0.0,13425.029999999999,53,63,2,0.9942,0.9967,0.0,0.0
2018-07-11 12:00:00,0.9931,0.9952,0.9913,0.9915,18545,0.9900685,0.9900685,0.0,13600.509999999998,54,63,0,0.0,0.0,0.0,175.48
2018-07-11 16:00:00,0.9915,0.9949,0.9905,0.9945,17193,0.7511851,0.7511851,0.0,13600.509999999998,54,63,1,0.9945,0.9932,0.0,0.0
2018-07-11 20:00:00,0.9945,0.9966,0.9945,0.9959,10885,0.90551853,0.90551853,0.0,13600.509999999998,54,63,1,0.9945,0.9932,0.0,0.0
2018-07-12 00:00:00,0.9958,0.9959,0.9948,0.9959,10338,0.29499975,0.29499975,0.0,13600.509999999998,54,63,1,0.9945,0.9932,0.0,0.0
2018-07-12 04:00:00,0.9959,0.9961,0.9953,0.9955,3596,0.9039226,0.9039226,0.0,13600.509999999998,54,63,1,0.9945,0.9932,0.0,0.0
2018-07-12 08:00:00,0.9955,0.9973,0.9947,0.9972,11609,0.8830415,0.8830415,0.0,13600.509999999998,54,63,1,0.9945,0.9932,0.0,0.0
2018-07-12 12:00:00,0.9972,0.9995,0.9967,0.9989,14620,-0.8012868,-0.8012868,0.0,14038.669999999998,55,63,0,0.0,0.0,0.0,438.16
2018-07-12 16:00:00,0.9989,1.0023,0.9987,1.0014,16879,-0.488988,-0.488988,0.0,14038.669999999998,55,63,0,1.0014,1.0006,0.0,0.0
2018-07-12 20:00:00,1.0014,1.0027,1.0009,1.0022,6507,-0.25951514,-0.25951514,0.0,14038.669999999998,55,63,0,1.0014,1.0006,0.0,0.0
2018-07-13 00:00:00,1.0021,1.0034,1.0017,1.0029,5391,0.12579781,0.12579781,0.0,14038.669999999998,55,63,0,0.0,0.0,0.0,0.0
2018-07-13 04:00:00,1.0029,1.0031,1.0014,1.0023,3901,0.008774141,0.008774141,0.0,14038.669999999998,55,63,0,0.0,0.0,0.0,0.0
2018-07-13 08:00:00,1.0023,1.0042,1.0021,1.0033,10392,0.12382427,0.12382427,0.0,14038.669999999998,55,63,0,1.0033,1.0041,0.0,0.0
2018-07-13 12:00:00,1.0033,1.0068,1.0032,1.0049,13469,0.08849906,0.08849906,0.0,14038.669999999998,55,63,0,1.0033,1.0041,0.0,0.0
2018-07-13 16:00:00,1.0049,1.0053,1.0022,1.0026,14002,-0.49534395,-0.49534395,0.0,14038.669999999998,55,63,0,0.0,0.0,0.0,0.0
2018-07-13 20:00:00,1.0026,1.003,1.0015,1.0016,4681,0.73785925,0.73785925,0.0,14038.669999999998,55,63,1,1.0016,0.9995,0.0,0.0
2018-07-16 00:00:00,1.0011,1.0024,1.0009,1.0019,2246,0.6775005,0.6775005,0.0,14038.669999999998,55,63,1,1.0016,0.9995,0.0,0.0
2018-07-16 04:00:00,1.0019,1.0021,1.0013,1.0014,3545,-0.556669,-0.556669,0.0,14038.669999999998,55,63,1,1.0016,0.9995,0.0,0.0
2018-07-16 08:00:00,1.0014,1.0014,0.9996,1.0003,9936,1.0,1.0,0.0,14038.669999999998,55,63,1,1.0016,0.9995,0.0,0.0
2018-07-16 12:00:00,1.0003,1.0005,0.9969,0.9977,9942,-0.19317186,-0.19317186,0.0,14038.669999999998,55,63,1,1.0016,0.9995,0.0,0.0
2018-07-16 16:00:00,0.9977,0.9987,0.9963,0.9971,13041,1.0,1.0,0.0,13385.029999999999,55,64,0,0.0,0.0,0.0,-653.64
2018-07-16 20:00:00,0.9971,0.9972,0.9964,0.9965,4529,-0.45644307,-0.45644307,0.0,13385.029999999999,55,64,0,0.0,0.0,0.0,0.0
2018-07-17 00:00:00,0.9966,0.9972,0.9964,0.9967,4750,0.917366,0.917366,0.0,13385.029999999999,55,64,1,0.9967,0.9959,0.0,0.0
2018-07-17 04:00:00,0.9967,0.9974,0.9959,0.9963,3907,-0.224866,-0.224866,0.0,13385.029999999999,55,64,1,0.9967,0.9959,0.0,0.0
2018-07-17 08:00:00,0.9963,0.9965,0.9927,0.9937,8635,-1.0,-1.0,0.0,13321.189999999999,55,65,0,0.0,0.0,0.0,-63.84
2018-07-17 12:00:00,0.9937,0.9958,0.9931,0.9955,12480,1.0,1.0,0.0,13321.189999999999,55,65,1,0.9955,0.993,0.0,0.0
2018-07-17 16:00:00,0.9955,0.9999,0.9952,0.9998,19469,0.16118878,0.16118878,0.0,13321.189999999999,55,65,1,0.9955,0.993,0.0,0.0
2018-07-17 20:00:00,0.9998,1.0002,0.9987,1.0,6285,0.21614946,0.21614946,0.0,13321.189999999999,55,65,1,0.9955,0.993,0.0,0.0
2018-07-18 00:00:00,1.0,1.0005,0.999,1.0003,1800,0.7979223,0.7979223,0.0,13321.189999999999,55,65,1,0.9955,0.993,0.0,0.0
2018-07-18 04:00:00,1.0003,1.0016,0.9999,1.0016,3542,-0.11035906,-0.11035906,0.0,13321.189999999999,55,65,1,0.9955,0.993,0.0,0.0
2018-07-18 08:00:00,1.0016,1.0034,1.0013,1.0023,10553,-0.05124866,-0.05124866,0.0,13321.189999999999,55,65,1,0.9955,0.993,0.0,0.0
2018-07-18 12:00:00,1.0023,1.0025,0.9984,0.9995,12288,0.8844339,0.8844339,0.0,13321.189999999999,55,65,1,0.9955,0.993,0.0,0.0
2018-07-18 16:00:00,0.9995,1.0003,0.9983,0.999,13924,0.10326981,0.10326981,0.0,13321.189999999999,55,65,1,0.9955,0.993,0.0,0.0
2018-07-18 20:00:00,0.999,0.9997,0.9984,0.999,3712,-0.74259657,-0.74259657,0.0,13878.519999999999,56,65,0,0.0,0.0,0.0,557.33
2018-07-19 00:00:00,0.9989,0.9992,0.9981,0.9982,4393,-0.021023165,-0.021023165,0.0,13878.519999999999,56,65,0,0.9995,1.0003,0.0,0.0
2018-07-19 04:00:00,0.9982,0.9991,0.9981,0.999,3737,1.0,1.0,0.0,13878.519999999999,56,65,1,0.999,0.9982,0.0,0.0
2018-07-19 08:00:00,0.999,1.0019,0.9989,1.0011,12838,-0.29049933,-0.29049933,0.0,13878.519999999999,56,65,1,0.999,0.9982,0.0,0.0
2018-07-19 12:00:00,1.0011,1.0043,1.0009,1.0037,15041,0.53220826,0.53220826,0.0,13878.519999999999,56,65,1,0.999,0.9982,0.0,0.0
2018-07-19 16:00:00,1.0037,1.0037,1.0006,1.0011,14942,0.11897674,0.11897674,0.0,13878.519999999999,56,65,1,0.999,0.9982,0.0,0.0
2018-07-19 20:00:00,1.0011,1.0013,0.9958,0.9989,14754,0.9048899,0.9048899,0.0,13878.519999999999,56,65,1,0.999,0.9982,0.0,0.0
2018-07-20 00:00:00,0.9986,0.9997,0.9963,0.999,11315,0.6171093,0.6171093,0.0,13878.519999999999,56,65,1,0.999,0.9982,0.0,0.0
2018-07-20 04:00:00,0.999,1.001,0.9983,0.9983,10537,1.0,1.0,0.0,13878.519999999999,56,65,1,0.999,0.9982,0.0,0.0
2018-07-20 08:00:00,0.9983,0.9999,0.9981,0.9993,13601,0.2858624,0.2858624,0.0,13878.519999999999,56,65,1,0.999,0.9982,0.0,0.0
2018-07-20 12:00:00,0.9993,0.9995,0.9938,0.994,16693,-0.028118417,-0.028118417,0.0,13878.519999999999,56,65,1,0.999,0.9982,0.0,0.0
2018-07-20 16:00:00,0.994,0.9954,0.9938,0.9944,15253,-0.6367606,-0.6367606,0.0,13053.149999999998,56,66,0,0.0,0.0,0.0,-825.37
2018-07-20 20:00:00,0.9944,0.9944,0.9915,0.9924,5802,-0.009497647,-0.009497647,0.0,13053.149999999998,56,66,0,1.0037,1.0045,0.0,0.0
2018-07-23 00:00:00,0.9917,0.9926,0.9904,0.9905,4193,-0.3441622,-0.3441622,0.0,13053.149999999998,56,66,0,0.0,0.0,0.0,0.0
2018-07-23 04:00:00,0.9905,0.9914,0.99,0.991,6564,-1.0,-1.0,0.0,13053.149999999998,56,66,2,0.991,0.9935,0.0,0.0
2018-07-23 08:00:00,0.991,0.9921,0.9901,0.9914,12992,1.0,1.0,0.0,13053.149999999998,56,66,2,0.991,0.9935,0.0,0.0
2018-07-23 12:00:00,0.9914,0.9929,0.9907,0.9916,11374,0.87408155,0.87408155,0.0,12991.199999999997,56,67,0,0.0,0.0,0.0,-61.95
2018-07-23 16:00:00,0.9916,0.9936,0.991,0.9927,12818,-0.8747067,-0.8747067,0.0,12991.199999999997,56,67,2,0.9927,0.9947,0.0,0.0
2018-07-23 20:00:00,0.9927,0.9941,0.9922,0.9922,5814,0.7203752,0.7203752,0.0,12991.199999999997,56,67,2,0.9927,0.9947,0.0,0.0
2018-07-24 00:00:00,0.9922,0.9934,0.991,0.9928,8999,-0.36805153,-0.36805153,0.0,12991.199999999997,56,67,2,0.9927,0.9947,0.0,0.0
2018-07-24 04:00:00,0.9928,0.9939,0.9921,0.9938,7280,0.44273567,0.44273567,0.0,12991.199999999997,56,67,2,0.9927,0.9947,0.0,0.0
2018-07-24 08:00:00,0.9938,0.9954,0.9927,0.9943,13030,0.37576783,0.37576783,0.0,12991.199999999997,56,67,2,0.9927,0.9947,0.0,0.0
2018-07-24 12:00:00,0.9943,0.9945,0.9923,0.9936,12570,1.0,1.0,0.0,12743.889999999998,56,68,0,0.0,0.0,0.0,-247.31
2018-07-24 16:00:00,0.9936,0.9949,0.9925,0.9941,14094,-0.9904869,-0.9904869,0.0,12743.889999999998,56,68,2,0.9941,0.9966,0.0,0.0
2018-07-24 20:00:00,0.9941,0.9945,0.9933,0.9935,6650,1.0,1.0,0.0,12743.889999999998,56,68,2,0.9941,0.9966,0.0,0.0
2018-07-25 00:00:00,0.9934,0.9943,0.9929,0.9933,3928,-0.5633825,-0.5633825,0.0,12743.889999999998,56,68,2,0.9941,0.9966,0.0,0.0
2018-07-25 04:00:00,0.9933,0.9944,0.9929,0.9939,6209,0.063263975,0.063263975,0.0,12743.889999999998,56,68,2,0.9941,0.9966,0.0,0.0
2018-07-25 08:00:00,0.9939,0.9939,0.9922,0.9924,11226,-0.9013698,-0.9013698,0.0,12743.889999999998,56,68,2,0.9941,0.9966,0.0,0.0
2018-07-25 12:00:00,0.9924,0.9928,0.9907,0.9923,12029,-0.49986762,-0.49986762,0.0,12743.889999999998,56,68,2,0.9941,0.9966,0.0,0.0
2018-07-25 16:00:00,0.9923,0.9949,0.9915,0.9938,16237,0.3192316,0.3192316,0.0,12743.889999999998,56,68,2,0.9941,0.9966,0.0,0.0
2018-07-25 20:00:00,0.9937,0.9941,0.9908,0.9917,12254,0.46702942,0.46702942,0.0,12743.889999999998,56,68,2,0.9941,0.9966,0.0,0.0
2018-07-26 00:00:00,0.992,0.992,0.9905,0.9907,6338,0.18134014,0.18134014,0.0,12743.889999999998,56,68,2,0.9941,0.9966,0.0,0.0
2018-07-26 04:00:00,0.9907,0.9915,0.9902,0.9914,5823,-1.0,-1.0,0.0,12743.889999999998,56,68,2,0.9941,0.9966,0.0,0.0
2018-07-26 08:00:00,0.9914,0.9929,0.9909,0.9928,10343,-1.0,-1.0,0.0,12743.889999999998,56,68,2,0.9941,0.9966,0.0,0.0
2018-07-26 12:00:00,0.9928,0.9938,0.9908,0.9927,15569,0.14012587,0.14012587,0.0,12743.889999999998,56,68,2,0.9941,0.9966,0.0,0.0
2018-07-26 16:00:00,0.9927,0.994,0.9918,0.993,15406,1.0,1.0,0.0,12955.809999999998,57,68,0,0.0,0.0,0.0,211.92
2018-07-26 20:00:00,0.993,0.9949,0.993,0.994,5464,-0.71603596,-0.71603596,0.0,12955.809999999998,57,68,2,0.994,0.9953,0.0,0.0
2018-07-27 00:00:00,0.994,0.9945,0.9934,0.994,4870,-0.12508799,-0.12508799,0.0,12955.809999999998,57,68,2,0.994,0.9953,0.0,0.0
2018-07-27 04:00:00,0.994,0.9943,0.9931,0.9939,6286,-0.90522975,-0.90522975,0.0,12955.809999999998,57,68,2,0.994,0.9953,0.0,0.0
2018-07-27 08:00:00,0.9939,0.997,0.9938,0.9969,9994,1.0,1.0,0.0,12971.209999999997,58,68,0,0.0,0.0,0.0,15.4
2018-07-27 12:00:00,0.9969,0.9978,0.9958,0.9967,10525,0.12622026,0.12622026,0.0,12971.209999999997,58,68,0,0.994,0.9932,0.0,0.0
2018-07-27 16:00:00,0.9967,0.9969,0.9935,0.9937,12566,-1.0,-1.0,0.0,12971.209999999997,58,68,2,0.9937,0.9962,0.0,0.0
2018-07-27 20:00:00,0.9937,0.9948,0.9934,0.9942,4785,-0.679485,-0.679485,0.0,12971.209999999997,58,68,2,0.9937,0.9962,0.0,0.0
2018-07-30 00:00:00,0.9932,0.9947,0.9928,0.9943,2230,0.408087,0.408087,0.0,12971.209999999997,58,68,2,0.9937,0.9962,0.0,0.0
2018-07-30 04:00:00,0.9943,0.9954,0.9942,0.9948,3375,-0.5596135,-0.5596135,0.0,12971.209999999997,58,68,2,0.9937,0.9962,0.0,0.0
2018-07-30 08:00:00,0.9948,0.9956,0.993,0.9932,6751,1.0,1.0,0.0,12801.359999999997,58,69,0,0.0,0.0,0.0,-169.85
2018-07-30 12:00:00,0.9932,0.9934,0.9916,0.9916,6804,-0.14649041,-0.14649041,0.0,12801.359999999997,58,69,0,0.0,0.0,0.0,0.0
2018-07-30 16:00:00,0.9916,0.9922,0.9879,0.988,9371,-0.11367301,-0.11367301,0.0,12801.359999999997,58,69,0,0.988,0.9888,0.0,0.0
2018-07-30 20:00:00,0.988,0.9886,0.9877,0.988,3327,-0.008772497,-0.008772497,0.0,12801.359999999997,58,69,0,0.988,0.9888,0.0,0.0
2018-07-31 00:00:00,0.988,0.9885,0.9876,0.9878,2494,-0.85139465,-0.85139465,0.0,12801.359999999997,58,69,2,0.9878,0.9886,0.0,0.0
2018-07-31 04:00:00,0.9878,0.9884,0.9871,0.9872,5086,0.14945242,0.14945242,0.0,12801.359999999997,58,69,2,0.9878,0.9886,0.0,0.0
2018-07-31 08:00:00,0.9872,0.9888,0.9869,0.9877,9936,-1.0,-1.0,0.0,12801.359999999997,58,69,2,0.9878,0.9886,0.0,0.0
2018-07-31 12:00:00,0.9877,0.9889,0.9867,0.9875,8874,0.29916096,0.29916096,0.0,12801.359999999997,58,69,2,0.9878,0.9886,0.0,0.0
2018-07-31 16:00:00,0.9875,0.9904,0.9875,0.9895,15996,1.0,1.0,0.0,12846.729999999998,59,69,0,0.0,0.0,0.0,45.37
2018-07-31 20:00:00,0.9895,0.9905,0.9892,0.9901,4820,0.034339525,0.034339525,0.0,12846.729999999998,59,69,0,0.0,0.0,0.0,0.0
2018-08-01 00:00:00,0.99,0.9905,0.9896,0.9905,5526,-0.7180977,-0.7180977,0.0,12846.729999999998,59,69,2,0.9905,0.9913,0.0,0.0
2018-08-01 04:00:00,0.9904,0.993,0.9904,0.9929,4672,0.91412395,0.91412395,0.0,12846.729999999998,59,69,2,0.9905,0.9913,0.0,0.0
2018-08-01 08:00:00,0.9929,0.9934,0.9911,0.9923,7931,1.0,1.0,0.0,12480.409999999998,59,70,0,0.0,0.0,0.0,-366.32
2018-08-01 12:00:00,0.9923,0.9924,0.9902,0.9914,8466,-1.0,-1.0,0.0,12480.409999999998,59,70,2,0.9914,0.9939,0.0,0.0
2018-08-01 16:00:00,0.9914,0.9931,0.9912,0.9918,11491,-1.0,-1.0,0.0,12480.409999999998,59,70,2,0.9914,0.9939,0.0,0.0
2018-08-01 20:00:00,0.9918,0.9923,0.9904,0.992,6694,1.0,1.0,0.0,12421.149999999998,59,71,0,0.0,0.0,0.0,-59.26
2018-08-02 00:00:00,0.992,0.9924,0.9908,0.992,3116,-0.48335233,-0.48335233,0.0,12421.149999999998,59,71,0,0.9918,0.9928,0.0,0.0
2018-08-02 04:00:00,0.992,0.993,0.9916,0.9929,5175,1.0,1.0,0.0,12421.149999999998,59,71,1,0.9929,0.9917,0.0,0.0
2018-08-02 08:00:00,0.9929,0.9947,0.9923,0.9944,7922,-0.26065576,-0.26065576,0.0,12421.149999999998,59,71,1,0.9929,0.9917,0.0,0.0
2018-08-02 12:00:00,0.9944,0.995,0.9929,0.994,10704,-0.479524,-0.479524,0.0,12421.149999999998,59,71,1,0.9929,0.9917,0.0,0.0
2018-08-02 16:00:00,0.994,0.9948,0.9933,0.9945,10467,0.3089578,0.3089578,0.0,12421.149999999998,59,71,1,0.9929,0.9917,0.0,0.0
2018-08-02 20:00:00,0.9945,0.9956,0.994,0.9949,5650,0.82028776,0.82028776,0.0,12421.149999999998,59,71,1,0.9929,0.9917,0.0,0.0
2018-08-03 00:00:00,0.9949,0.9959,0.993,0.9955,3287,0.9095819,0.9095819,0.0,12421.149999999998,59,71,1,0.9929,0.9917,0.0,0.0
2018-08-03 04:00:00,0.9955,0.9959,0.9952,0.9954,3069,-1.0,-1.0,0.0,12805.839999999998,60,71,0,0.0,0.0,0.0,384.69
2018-08-03 08:00:00,0.9954,0.9965,0.9947,0.9947,6412,-0.4823626,-0.4823626,0.0,12805.839999999998,60,71,0,0.9954,0.9962,0.0,0.0
2018-08-03 12:00:00,0.9947,0.9955,0.993,0.9942,11311,-0.68554735,-0.68554735,0.0,12805.839999999998,60,71,2,0.9942,0.9955,0.0,0.0
2018-08-03 16:00:00,0.9942,0.9953,0.992,0.9926,13057,0.6582089,0.6582089,0.0,12805.839999999998,60,71,2,0.9942,0.9955,0.0,0.0
2018-08-03 20:00:00,0.9926,0.9944,0.9926,0.9944,4504,-0.0033882032,-0.0033882032,0.0,12805.839999999998,60,71,2,0.9942,0.9955,0.0,0.0
2018-08-06 00:00:00,0.9929,0.9949,0.992,0.9946,2067,-1.0,-1.0,0.0,12805.839999999998,60,71,2,0.9942,0.9955,0.0,0.0
2018-08-06 04:00:00,0.9946,0.9954,0.9941,0.9953,3583,0.24549577,0.24549577,0.0,12805.839999999998,60,71,2,0.9942,0.9955,0.0,0.0
2018-08-06 08:00:00,0.9953,0.9961,0.9949,0.9954,6178,-0.757241,-0.757241,0.0,12805.839999999998,60,71,2,0.9942,0.9955,0.0,0.0
2018-08-06 12:00:00,0.9954,0.998,0.9949,0.9975,7422,-1.0,-1.0,0.0,12805.839999999998,60,71,2,0.9942,0.9955,0.0,0.0
2018-08-06 16:00:00,0.9975,0.9984,0.9958,0.9965,7449,0.1667829,0.1667829,0.0,12301.429999999998,60,72,0,0.0,0.0,0.0,-504.41
2018-08-06 20:00:00,0.9965,0.997,0.9962,0.9966,3754,-1.0,-1.0,0.0,12301.429999999998,60,72,2,0.9966,0.9974,0.0,0.0
2018-08-07 00:00:00,0.9963,0.9967,0.9957,0.9962,4685,1.0,1.0,0.0,12301.429999999998,60,72,2,0.9966,0.9974,0.0,0.0
2018-08-07 04:00:00,0.9962,0.9965,0.996,0.9961,3306,-0.0547384,-0.0547384,0.0,12301.429999999998,60,72,2,0.9966,0.9974,0.0,0.0
2018-08-07 08:00:00,0.9961,0.9967,0.9951,0.9953,6645,-1.0,-1.0,0.0,12301.429999999998,60,72,2,0.9966,0.9974,0.0,0.0
2018-08-07 12:00:00,0.9953,0.9956,0.993,0.9935,6576,0.8415984,0.8415984,0.0,12491.88,61,72,0,0.0,0.0,0.0,190.45
2018-08-07 16:00:00,0.9935,0.9953,0.9934,0.995,8046,-0.11036851,-0.11036851,0.0,12491.88,61,72,0,0.995,0.9942,0.0,0.0
2018-08-07 20:00:00,0.995,0.996,0.9948,0.9955,4544,1.0,1.0,0.0,12491.88,61,72,1,0.9955,0.9947,0.0,0.0
2018-08-08 00:00:00,0.9954,0.9961,0.9949,0.9953,3178,0.3517334,0.3517334,0.0,12491.88,61,72,1,0.9955,0.9947,0.0,0.0
2018-08-08 04:00:00,0.9953,0.9955,0.9937,0.994,3962,0.73494154,0.73494154,0.0,12491.88,61,72,1,0.9955,0.9947,0.0,0.0
2018-08-08 08:00:00,0.994,0.9966,0.9938,0.9964,6547,1.0,1.0,0.0,12269.0,61,73,0,0.0,0.0,0.0,-222.88
2018-08-08 12:00:00,0.9964,0.997,0.995,0.9969,7841,0.83809197,0.83809197,0.0,12269.0,61,73,1,0.9969,0.9961,0.0,0.0
2018-08-08 16:00:00,0.9969,0.9969,0.9938,0.9944,8685,0.45460185,0.45460185,0.0,12269.0,61,73,1,0.9969,0.9961,0.0,0.0
2018-08-08 20:00:00,0.9944,0.9944,0.9927,0.9931,4166,0.65414786,0.65414786,0.0,11904.02,61,74,0,0.0,0.0,0.0,-364.98
2018-08-09 00:00:00,0.9931,0.9935,0.9919,0.9933,8919,-0.6669227,-0.6669227,0.0,11904.02,61,74,2,0.9933,0.9948,0.0,0.0
2018-08-09 04:00:00,0.9933,0.9938,0.9924,0.9934,4092,1.0,1.0,0.0,11904.02,61,74,2,0.9933,0.9948,0.0,0.0
2018-08-09 08:00:00,0.9934,0.995,0.9931,0.9939,8630,-0.74634767,-0.74634767,0.0,11904.02,61,74,2,0.9933,0.9948,0.0,0.0
2018-08-09 12:00:00,0.9939,0.9943,0.9919,0.9923,7368,1.0,1.0,0.0,11819.07,61,75,0,0.0,0.0,0.0,-84.95
2018-08-09 16:00:00,0.9923,0.9928,0.9894,0.9916,10749,-0.80032736,-0.80032736,0.0,11819.07,61,75,2,0.9916,0.9924,0.0,0.0
2018-08-09 20:00:00,0.9916,0.9937,0.9915,0.9935,4785,0.9304472,0.9304472,0.0,11819.07,61,75,2,0.9916,0.9924,0.0,0.0
2018-08-10 00:00:00,0.9934,0.9944,0.9909,0.9932,3961,-0.21209808,-0.21209808,0.0,11552.1,61,76,0,0.0,0.0,0.0,-266.97
2018-08-10 04:00:00,0.9932,0.9942,0.9931,0.9942,4646,-0.08657342,-0.08657342,0.0,11552.1,61,76,0,0.0,0.0,0.0,0.0
2018-08-10 08:00:00,0.9942,0.9975,0.9935,0.9943,21023,-1.0,-1.0,0.0,11552.1,61,76,2,0.9943,0.9952,0.0,0.0
2018-08-10 12:00:00,0.9943,0.9952,0.9933,0.9943,13623,0.024919327,0.024919327,0.0,11552.1,61,76,2,0.9943,0.9952,0.0,0.0
2018-08-10 16:00:00,0.9943,0.9957,0.9928,0.9953,18287,-0.24769315,-0.24769315,0.0,11552.1,61,76,2,0.9943,0.9952,0.0,0.0
2018-08-10 20:00:00,0.9953,0.9959,0.9947,0.9953,7764,-0.12655601,-0.12655601,0.0,11414.51,61,77,0,0.0,0.0,0.0,-137.59
2018-08-13 00:00:00,0.9933,0.9952,0.9924,0.9945,5460,-1.0,-1.0,0.0,11414.51,61,77,2,0.9945,0.9956,0.0,0.0
2018-08-13 04:00:00,0.9945,0.9946,0.9926,0.993,9843,0.47283852,0.47283852,0.0,11414.51,61,77,2,0.9945,0.9956,0.0,0.0
2018-08-13 08:00:00,0.993,0.9953,0.992,0.9947,11933,0.26296958,0.26296958,0.0,11414.51,61,77,2,0.9945,0.9956,0.0,0.0
2018-08-13 12:00:00,0.9947,0.9952,0.9939,0.9945,10269,0.7446117,0.7446117,0.0,11387.33,61,78,0,0.0,0.0,0.0,-27.18
2018-08-13 16:00:00,0.9945,0.9946,0.993,0.9938,11333,0.83834577,0.83834577,0.0,11387.33,61,78,1,0.9938,0.993,0.0,0.0
2018-08-13 20:00:00,0.9938,0.9941,0.9929,0.9931,5774,0.20025134,0.20025134,0.0,11387.33,61,78,1,0.9938,0.993,0.0,0.0
2018-08-14 00:00:00,0.9929,0.994,0.9907,0.9939,3198,-1.0,-1.0,0.0,11292.6,61,79,0,0.0,0.0,0.0,-94.73
2018-08-14 04:00:00,0.9939,0.9944,0.9935,0.9943,3768,0.21752776,0.21752776,0.0,11292.6,61,79,0,0.9943,0.9934,0.0,0.0
2018-08-14 08:00:00,0.9943,0.9944,0.9909,0.9931,9131,0.93232405,0.93232405,0.0,11292.6,61,79,1,0.9931,0.9923,0.0,0.0
2018-08-14 12:00:00,0.9931,0.9933,0.99,0.9915,8698,0.32136533,0.32136533,0.0,11292.6,61,79,1,0.9931,0.9923,0.0,0.0
2018-08-14 16:00:00,0.9915,0.994,0.9901,0.9936,11745,-0.26444227,-0.26444227,0.0,11078.23,61,80,0,0.0,0.0,0.0,-214.37
2018-08-14 20:00:00,0.9936,0.995,0.9934,0.9941,6671,-0.781412,-0.781412,0.0,11078.23,61,80,2,0.9941,0.9964,0.0,0.0
2018-08-15 00:00:00,0.994,0.9954,0.9926,0.9953,4028,1.0,1.0,0.0,11078.23,61,80,2,0.9941,0.9964,0.0,0.0
2018-08-15 04:00:00,0.9953,0.9964,0.9952,0.9962,3336,0.81004584,0.81004584,0.0,10919.9,61,81,0,0.0,0.0,0.0,-158.33
2018-08-15 08:00:00,0.9962,0.9977,0.9958,0.9971,7351,-0.8282513,-0.8282513,0.0,10919.9,61,81,2,0.9971,0.9979,0.0,0.0
2018-08-15 12:00:00,0.9971,0.9982,0.9964,0.9973,9731,-0.3453288,-0.3453288,0.0,10919.9,61,81,2,0.9971,0.9979,0.0,0.0
2018-08-15 16:00:00,0.9973,0.9976,0.9936,0.994,14242,-1.0,-1.0,0.0,10919.9,61,81,2,0.9971,0.9979,0.0,0.0
2018-08-15 20:00:00,0.994,0.9947,0.9926,0.9935,6478,1.0,1.0,0.0,11322.52,62,81,0,0.0,0.0,0.0,402.62
2018-08-16 00:00:00,0.9933,0.9938,0.9932,0.9933,3689,-1.0,-1.0,0.0,11322.52,62,81,2,0.9933,0.9941,0.0,0.0
2018-08-16 04:00:00,0.9933,0.9938,0.9921,0.9923,8615,-1.0,-1.0,0.0,11322.52,62,81,2,0.9933,0.9941,0.0,0.0
2018-08-16 08:00:00,0.9923,0.9942,0.9915,0.9931,10504,-0.1688307,-0.1688307,0.0,11322.52,62,81,2,0.9933,0.9941,0.0,0.0
2018-08-16 12:00:00,0.9931,0.9941,0.9924,0.9938,8089,-0.7645877,-0.7645877,0.0,11322.52,62,81,2,0.9933,0.9941,0.0,0.0
2018-08-16 16:00:00,0.9938,0.9968,0.9927,0.9963,11948,-1.0,-1.0,0.0,11322.52,62,81,2,0.9933,0.9941,0.0,0.0
2018-08-16 20:00:00,0.9963,0.9974,0.9959,0.9968,5676,-0.44695762,-0.44695762,0.0,10917.560000000001,62,82,0,0.0,0.0,0.0,-404.96
2018-08-17 00:00:00,0.9967,0.9977,0.9954,0.9974,3901,1.0,1.0,0.0,10917.560000000001,62,82,1,0.9974,0.9965,0.0,0.0
2018-08-17 04:00:00,0.9974,0.9974,0.9963,0.9968,4556,-0.040116772,-0.040116772,0.0,10917.560000000001,62,82,1,0.9974,0.9965,0.0,0.0
2018-08-17 08:00:00,0.9968,0.9972,0.9946,0.9962,9305,0.17805506,0.17805506,0.0,10917.560000000001,62,82,1,0.9974,0.9965,0.0,0.0
2018-08-17 12:00:00,0.9962,0.9971,0.9943,0.9944,12567,-0.96839446,-0.96839446,0.0,10761.380000000001,62,83,0,0.0,0.0,0.0,-156.18
2018-08-17 16:00:00,0.9944,0.9954,0.9932,0.9944,10726,-0.16835013,-0.16835013,0.0,10761.380000000001,62,83,0,0.0,0.0,0.0,0.0
2018-08-17 20:00:00,0.9944,0.9961,0.9942,0.9958,7184,-0.44780445,-0.44780445,0.0,10761.380000000001,62,83,0,0.9958,0.9966,0.0,0.0
2018-08-20 00:00:00,0.9949,0.9956,0.9934,0.9948,2797,0.50405526,0.50405526,0.0,10761.380000000001,62,83,1,0.9948,0.9937,0.0,0.0
2018-08-20 04:00:00,0.9948,0.9948,0.9942,0.9948,3485,1.0,1.0,0.0,10761.380000000001,62,83,1,0.9948,0.9937,0.0,0.0
2018-08-20 08:00:00,0.9948,0.9963,0.9945,0.9961,9476,-1.0,-1.0,0.0,10761.37,62,84,0,0.0,0.0,0.0,-0.01
2018-08-20 12:00:00,0.9961,0.9968,0.9943,0.9944,8612,-0.6552046,-0.6552046,0.0,10761.37,62,84,2,0.9944,0.9961,0.0,0.0
2018-08-20 16:00:00,0.9944,0.9948,0.9926,0.9931,9465,0.37261155,0.37261155,0.0,10761.37,62,84,2,0.9944,0.9961,0.0,0.0
2018-08-20 20:00:00,0.9931,0.9933,0.991,0.9913,4254,0.3845179,0.3845179,0.0,10761.37,62,84,2,0.9944,0.9961,0.0,0.0
2018-08-21 00:00:00,0.9915,0.9919,0.9872,0.9882,5235,0.5910587,0.5910587,0.0,10761.37,62,84,2,0.9944,0.9961,0.0,0.0
2018-08-21 04:00:00,0.9882,0.9888,0.9879,0.9883,3894,0.47864357,0.47864357,0.0,10761.37,62,84,2,0.9944,0.9961,0.0,0.0
2018-08-21 08:00:00,0.9883,0.989,0.9868,0.9871,9279,-1.0,-1.0,0.0,10761.37,62,84,2,0.9944,0.9961,0.0,0.0
2018-08-21 12:00:00,0.9871,0.989,0.9867,0.9874,9099,1.0,1.0,0.0,11689.240000000002,63,84,0,0.0,0.0,0.0,927.87
2018-08-21 16:00:00,0.9874,0.9888,0.9857,0.986,11313,-0.6084224,-0.6084224,0.0,11689.240000000002,63,84,2,0.986,0.9868,0.0,0.0
2018-08-21 20:00:00,0.986,0.9863,0.9842,0.9848,7490,-1.0,-1.0,0.0,11689.240000000002,63,84,2,0.986,0.9868,0.0,0.0
2018-08-22 00:00:00,0.9846,0.9854,0.9836,0.9842,3028,-1.0,-1.0,0.0,11689.240000000002,63,84,2,0.986,0.9868,0.0,0.0
2018-08-22 04:00:00,0.9841,0.9846,0.9837,0.9844,3211,-0.46505672,-0.46505672,0.0,11689.240000000002,63,84,2,0.986,0.9868,0.0,0.0
2018-08-22 08:00:00,0.9844,0.9853,0.9837,0.9838,7531,0.6297307,0.6297307,0.0,11909.530000000002,64,84,0,0.0,0.0,0.0,220.29
2018-08-22 12:00:00,0.9839,0.9839,0.9808,0.9813,11456,-0.20012172,-0.20012172,0.0,11909.530000000002,64,84,0,0.986,0.9868,0.0,0.0
2018-08-22 16:00:00,0.9813,0.9839,0.9808,0.9835,10457,-0.4386317,-0.4386317,0.0,11909.530000000002,64,84,0,0.0,0.0,0.0,0.0
2018-08-22 20:00:00,0.9835,0.984,0.9817,0.9829,7034,0.51425284,0.51425284,0.0,11909.530000000002,64,84,1,0.9829,0.9821,0.0,0.0
2018-08-23 00:00:00,0.9832,0.9842,0.9826,0.984,4076,-0.09094372,-0.09094372,0.0,11909.530000000002,64,84,1,0.9829,0.9821,0.0,0.0
2018-08-23 04:00:00,0.984,0.9853,0.984,0.9847,4657,-0.3514745,-0.3514745,0.0,11909.530000000002,64,84,1,0.9829,0.9821,0.0,0.0
2018-08-23 08:00:00,0.9847,0.9853,0.9829,0.9829,8036,1.0,1.0,0.0,11909.530000000002,64,84,1,0.9829,0.9821,0.0,0.0
2018-08-23 12:00:00,0.9829,0.9844,0.9821,0.9838,8686,0.38636822,0.38636822,0.0,11909.530000000002,64,84,1,0.9829,0.9821,0.0,0.0
2018-08-23 16:00:00,0.9838,0.9858,0.9838,0.9856,11096,-1.0,-1.0,0.0,12035.700000000003,65,84,0,0.0,0.0,0.0,126.17
2018-08-23 20:00:00,0.9856,0.9866,0.9855,0.986,4698,1.0,1.0,0.0,12035.700000000003,65,84,1,0.986,0.9846,0.0,0.0
2018-08-24 00:00:00,0.9851,0.9865,0.9835,0.9861,5013,0.30865553,0.30865553,0.0,12035.700000000003,65,84,1,0.986,0.9846,0.0,0.0
2018-08-24 04:00:00,0.9861,0.9864,0.9855,0.9855,4347,1.0,1.0,0.0,12035.700000000003,65,84,1,0.986,0.9846,0.0,0.0
2018-08-24 08:00:00,0.9855,0.9856,0.9843,0.9845,7737,0.6755285,0.6755285,0.0,12035.700000000003,65,84,1,0.986,0.9846,0.0,0.0
2018-08-24 12:00:00,0.9845,0.9848,0.9832,0.9838,10596,-1.0,-1.0,0.0,11823.010000000002,65,85,0,0.0,0.0,0.0,-212.69
2018-08-24 16:00:00,0.9838,0.9842,0.981,0.9828,16098,0.17444506,0.17444506,0.0,11823.010000000002,65,85,0,0.9845,0.9837,0.0,0.0
2018-08-24 20:00:00,0.9828,0.9834,0.982,0.9834,4617,-0.91779935,-0.91779935,0.0,11823.010000000002,65,85,2,0.9834,0.9849,0.0,0.0
2018-08-27 00:00:00,0.9838,0.9839,0.9817,0.9825,4411,1.0,1.0,0.0,11823.010000000002,65,85,2,0.9834,0.9849,0.0,0.0
2018-08-27 04:00:00,0.9825,0.9839,0.9823,0.9838,5069,0.5438902,0.5438902,0.0,11823.010000000002,65,85,2,0.9834,0.9849,0.0,0.0
2018-08-27 08:00:00,0.9838,0.9845,0.9829,0.9835,7335,-1.0,-1.0,0.0,11823.010000000002,65,85,2,0.9834,0.9849,0.0,0.0
2018-08-27 12:00:00,0.9835,0.9836,0.982,0.9823,8530,1.0,1.0,0.0,11809.090000000002,65,86,0,0.0,0.0,0.0,-13.92
2018-08-27 16:00:00,0.9823,0.9825,0.979,0.979,11709,0.74659216,0.74659216,0.0,11809.090000000002,65,86,1,0.979,0.9772,0.0,0.0
2018-08-27 20:00:00,0.979,0.9798,0.9787,0.9798,4163,-0.7928328,-0.7928328,0.0,11809.090000000002,65,86,1,0.979,0.9772,0.0,0.0
2018-08-28 00:00:00,0.9798,0.9799,0.9791,0.9796,3502,-1.0,-1.0,0.0,11919.840000000002,66,86,0,0.0,0.0,0.0,110.75
2018-08-28 04:00:00,0.9796,0.9808,0.9795,0.9804,3991,-0.050331403,-0.050331403,0.0,11919.840000000002,66,86,0,0.9798,0.979,0.0,0.0
2018-08-28 08:00:00,0.9803,0.9807,0.9764,0.977,9098,0.029442348,0.029442348,0.0,11919.840000000002,66,86,0,0.9798,0.979,0.0,0.0
2018-08-28 12:00:00,0.977,0.9773,0.9751,0.9758,10637,-0.7209726,-0.7209726,0.0,11919.840000000002,66,86,2,0.9758,0.9778,0.0,0.0
2018-08-28 16:00:00,0.9758,0.9763,0.9745,0.9748,12094,-0.4998725,-0.4998725,0.0,11919.840000000002,66,86,2,0.9758,0.9778,0.0,0.0
2018-08-28 20:00:00,0.9748,0.977,0.9745,0.9759,5945,0.62075233,0.62075233,0.0,11919.840000000002,66,86,2,0.9758,0.9778,0.0,0.0
2018-08-29 00:00:00,0.9759,0.9772,0.9754,0.977,5275,0.41489753,0.41489753,0.0,11919.840000000002,66,86,2,0.9758,0.9778,0.0,0.0
2018-08-29 04:00:00,0.977,0.9772,0.9764,0.9764,2302,1.0,1.0,0.0,11752.610000000002,66,87,0,0.0,0.0,0.0,-167.23
2018-08-29 08:00:00,0.9764,0.9774,0.9761,0.9769,9851,-1.0,-1.0,0.0,11752.610000000002,66,87,2,0.9769,0.9794,0.0,0.0
2018-08-29 12:00:00,0.9769,0.9775,0.9752,0.9754,9945,1.0,1.0,0.0,11752.610000000002,66,87,2,0.9769,0.9794,0.0,0.0
2018-08-29 16:00:00,0.9754,0.9757,0.9708,0.9718,17635,-0.474442,-0.474442,0.0,11752.610000000002,66,87,2,0.9769,0.9794,0.0,0.0
2018-08-29 20:00:00,0.9718,0.9723,0.9702,0.9704,5151,1.0,1.0,0.0,12449.590000000002,67,87,0,0.0,0.0,0.0,696.98
2018-08-30 00:00:00,0.9704,0.9709,0.9701,0.9705,2752,0.048323035,0.048323035,0.0,12449.590000000002,67,87,0,0.0,0.0,0.0,0.0
2018-08-30 04:00:00,0.9705,0.971,0.9703,0.9709,4043,0.0017133756,0.0017133756,0.0,12449.590000000002,67,87,0,0.9709,0.9699,0.0,0.0
2018-08-30 08:00:00,0.9709,0.9715,0.9686,0.9696,8567,0.5539369,0.5539369,0.0,12449.590000000002,67,87,1,0.9696,0.9671,0.0,0.0
2018-08-30 12:00:00,0.9696,0.9708,0.9694,0.9703,9942,0.9147964,0.9147964,0.0,12449.590000000002,67,87,1,0.9696,0.9671,0.0,0.0
2018-08-30 16:00:00,0.9703,0.9715,0.9699,0.9707,14582,0.23642568,0.23642568,0.0,12449.590000000002,67,87,1,0.9696,0.9671,0.0,0.0
2018-08-30 20:00:00,0.9707,0.9712,0.9687,0.9689,8414,0.52179176,0.52179176,0.0,12449.590000000002,67,87,1,0.9696,0.9671,0.0,0.0
2018-08-31 00:00:00,0.9689,0.9697,0.9681,0.9683,3543,-0.8717992,-0.8717992,0.0,12348.540000000003,67,88,0,0.0,0.0,0.0,-101.05
2018-08-31 04:00:00,0.9683,0.9685,0.9676,0.9682,3291,1.0,1.0,0.0,12348.540000000003,67,88,1,0.9682,0.9674,0.0,0.0
2018-08-31 08:00:00,0.9682,0.9683,0.9651,0.9678,12725,-0.9713254,-0.9713254,0.0,12348.540000000003,67,88,1,0.9682,0.9674,0.0,0.0
2018-08-31 12:00:00,0.9678,0.9686,0.9659,0.9684,15699,-0.29550496,-0.29550496,0.0,12348.540000000003,67,88,1,0.9682,0.9674,0.0,0.0
2018-08-31 16:00:00,0.9684,0.9702,0.9658,0.97,17040,-0.23623766,-0.23623766,0.0,12348.540000000003,67,88,1,0.9682,0.9674,0.0,0.0
2018-08-31 20:00:00,0.97,0.9703,0.9685,0.9686,6390,1.0,1.0,0.0,12348.540000000003,67,88,1,0.9682,0.9674,0.0,0.0
2018-09-03 00:00:00,0.9689,0.9701,0.9688,0.9697,2397,-0.59678096,-0.59678096,0.0,12405.780000000002,68,88,0,0.0,0.0,0.0,57.24
2018-09-03 04:00:00,0.9697,0.9702,0.9696,0.9697,2960,-0.74818814,-0.74818814,0.0,12405.780000000002,68,88,2,0.9697,0.9705,0.0,0.0
2018-09-03 08:00:00,0.9697,0.9706,0.9684,0.9705,9165,-0.37823844,-0.37823844,0.0,12405.780000000002,68,88,2,0.9697,0.9705,0.0,0.0
2018-09-03 12:00:00,0.9705,0.9707,0.9693,0.9701,7700,0.38411164,0.38411164,0.0,12290.520000000002,68,89,0,0.0,0.0,0.0,-115.26
2018-09-03 16:00:00,0.9701,0.9703,0.9683,0.9692,4363,0.38442576,0.38442576,0.0,12290.520000000002,68,89,0,0.9697,0.9713,0.0,0.0
2018-09-03 20:00:00,0.9692,0.9697,0.9684,0.969,2735,-0.6598165,-0.6598165,0.0,12290.520000000002,68,89,2,0.969,0.9715,0.0,0.0
2018-09-04 00:00:00,0.969,0.97,0.9687,0.9699,2030,0.5302995,0.5302995,0.0,12290.520000000002,68,89,2,0.969,0.9715,0.0,0.0
2018-09-04 04:00:00,0.9699,0.9703,0.9697,0.9698,3322,0.3153366,0.3153366,0.0,12290.520000000002,68,89,2,0.969,0.9715,0.0,0.0
2018-09-04 08:00:00,0.9698,0.974,0.9692,0.9726,10809,1.0,1.0,0.0,12176.410000000002,68,90,0,0.0,0.0,0.0,-114.11
2018-09-04 12:00:00,0.9726,0.9745,0.9724,0.974,10804,0.89391553,0.89391553,0.0,12176.410000000002,68,90,1,0.974,0.9715,0.0,0.0
2018-09-04 16:00:00,0.974,0.9767,0.9739,0.9745,13374,-0.5659835,-0.5659835,0.0,12176.410000000002,68,90,1,0.974,0.9715,0.0,0.0
2018-09-04 20:00:00,0.9745,0.9752,0.974,0.9742,5904,-0.5773325,-0.5773325,0.0,12176.410000000002,68,90,1,0.974,0.9715,0.0,0.0
2018-09-05 00:00:00,0.9743,0.9744,0.9729,0.974,3382,-1.0,-1.0,0.0,12204.79,69,90,0,0.0,0.0,0.0,28.38
2018-09-05 04:00:00,0.974,0.9743,0.9729,0.9735,4784,-0.9833378,-0.9833378,0.0,12204.79,69,90,2,0.9735,0.976,0.0,0.0
2018-09-05 08:00:00,0.9735,0.9753,0.9729,0.9745,10301,0.0045839017,0.0045839017,0.0,12204.79,69,90,2,0.9735,0.976,0.0,0.0
2018-09-05 12:00:00,0.9745,0.9751,0.9734,0.9743,9804,-1.0,-1.0,0.0,12204.79,69,90,2,0.9735,0.976,0.0,0.0
2018-09-05 16:00:00,0.9742,0.9743,0.9708,0.9715,15890,-0.99885905,-0.99885905,0.0,12204.79,69,90,2,0.9735,0.976,0.0,0.0
2018-09-05 20:00:00,0.9715,0.9724,0.9714,0.9717,6164,0.18396929,0.18396929,0.0,12204.79,69,90,2,0.9735,0.976,0.0,0.0
2018-09-06 00:00:00,0.9715,0.9721,0.9694,0.9694,3995,0.6997478,0.6997478,0.0,12460.210000000001,70,90,0,0.0,0.0,0.0,255.42
2018-09-06 04:00:00,0.9694,0.9707,0.9693,0.9704,4051,-0.2710336,-0.2710336,0.0,12460.210000000001,70,90,0,0.0,0.0,0.0,0.0
2018-09-06 08:00:00,0.9704,0.971,0.969,0.9695,9564,-1.0,-1.0,0.0,12460.210000000001,70,90,2,0.9695,0.9703,0.0,0.0
2018-09-06 12:00:00,0.9695,0.9704,0.9676,0.9686,10249,0.39731705,0.39731705,0.0,12460.210000000001,70,90,2,0.9695,0.9703,0.0,0.0
2018-09-06 16:00:00,0.9686,0.9691,0.9665,0.9666,13357,-0.45547247,-0.45547247,0.0,12460.210000000001,70,90,2,0.9695,0.9703,0.0,0.0
2018-09-06 20:00:00,0.9666,0.9675,0.965,0.9651,5840,-0.4918765,-0.4918765,0.0,12460.210000000001,70,90,2,0.9695,0.9703,0.0,0.0
2018-09-07 00:00:00,0.965,0.9656,0.9648,0.9652,3358,-1.0,-1.0,0.0,12460.210000000001,70,90,2,0.9695,0.9703,0.0,0.0
2018-09-07 04:00:00,0.9652,0.9656,0.9649,0.9649,4187,0.5625132,0.5625132,0.0,13079.0,71,90,0,0.0,0.0,0.0,618.79
2018-09-07 08:00:00,0.9649,0.9659,0.9641,0.965,8626,-0.644449,-0.644449,0.0,13079.0,71,90,2,0.965,0.9664,0.0,0.0
2018-09-07 12:00:00,0.965,0.9684,0.9648,0.9677,13692,1.0,1.0,0.0,13079.0,71,90,2,0.965,0.9664,0.0,0.0
2018-09-07 16:00:00,0.9676,0.9697,0.9654,0.9692,17491,0.86181086,0.86181086,0.0,12670.09,71,91,0,0.0,0.0,0.0,-408.91
2018-09-07 20:00:00,0.9692,0.9699,0.9685,0.969,4906,-0.7430418,-0.7430418,0.0,12670.09,71,91,2,0.969,0.9715,0.0,0.0
2018-09-10 00:00:00,0.9684,0.9694,0.9684,0.9688,2471,-0.9594153,-0.9594153,0.0,12670.09,71,91,2,0.969,0.9715,0.0,0.0
2018-09-10 04:00:00,0.9688,0.9701,0.9687,0.9698,3918,0.09021401,0.09021401,0.0,12670.09,71,91,2,0.969,0.9715,0.0,0.0
2018-09-10 08:00:00,0.9698,0.9714,0.9691,0.9712,8338,0.042607345,0.042607345,0.0,12670.09,71,91,2,0.969,0.9715,0.0,0.0
2018-09-10 12:00:00,0.9712,0.9747,0.971,0.9737,9502,-0.7553538,-0.7553538,0.0,12670.09,71,91,2,0.969,0.9715,0.0,0.0
2018-09-10 16:00:00,0.9737,0.9753,0.9722,0.9746,10876,-0.95612556,-0.95612556,0.0,11976.26,71,92,0,0.0,0.0,0.0,-693.83
2018-09-10 20:00:00,0.9746,0.9754,0.9743,0.9749,3796,-0.1871471,-0.1871471,0.0,11976.26,71,92,0,0.0,0.0,0.0,0.0
2018-09-11 00:00:00,0.9746,0.9755,0.9741,0.9755,1942,0.84790367,0.84790367,0.0,11976.26,71,92,1,0.9755,0.9739,0.0,0.0
2018-09-11 04:00:00,0.9755,0.9758,0.9744,0.9747,3679,0.6162259,0.6162259,0.0,11976.26,71,92,1,0.9755,0.9739,0.0,0.0
2018-09-11 08:00:00,0.9747,0.9757,0.9729,0.9741,8675,1.0,1.0,0.0,11976.26,71,92,1,0.9755,0.9739,0.0,0.0
2018-09-11 12:00:00,0.9741,0.975,0.9731,0.9741,9164,-0.54616463,-0.54616463,0.0,11976.26,71,92,1,0.9755,0.9739,0.0,0.0
2018-09-11 16:00:00,0.9741,0.9747,0.9727,0.9737,7943,0.106313765,0.106313765,0.0,11976.26,71,92,1,0.9755,0.9739,0.0,0.0
2018-09-11 20:00:00,0.9737,0.9738,0.9719,0.9721,4230,0.83453494,0.83453494,0.0,11725.08,71,93,0,0.0,0.0,0.0,-251.18
2018-09-12 00:00:00,0.9719,0.9734,0.9719,0.9733,2001,-1.0,-1.0,0.0,11725.08,71,93,2,0.9733,0.9741,0.0,0.0
2018-09-12 04:00:00,0.9733,0.9744,0.9733,0.9742,2200,-0.77298874,-0.77298874,0.0,11725.08,71,93,2,0.9733,0.9741,0.0,0.0
2018-09-12 08:00:00,0.9742,0.9749,0.9733,0.9743,7797,1.0,1.0,0.0,11602.06,71,94,0,0.0,0.0,0.0,-123.02
2018-09-12 12:00:00,0.9743,0.9745,0.9724,0.9733,9656,-1.0,-1.0,0.0,11602.06,71,94,2,0.9733,0.9741,0.0,0.0
2018-09-12 16:00:00,0.9733,0.9733,0.9699,0.9704,11538,-0.5168106,-0.5168106,0.0,11602.06,71,94,2,0.9733,0.9741,0.0,0.0
2018-09-12 20:00:00,0.9704,0.9708,0.9695,0.9706,3895,0.293711,0.293711,0.0,11602.06,71,94,2,0.9733,0.9741,0.0,0.0
2018-09-13 00:00:00,0.9704,0.9708,0.9698,0.9701,3457,0.7315462,0.7315462,0.0,11965.869999999999,72,94,0,0.0,0.0,0.0,363.81
2018-09-13 04:00:00,0.9701,0.9701,0.969,0.9698,2765,-1.0,-1.0,0.0,11965.869999999999,72,94,2,0.9698,0.9706,0.0,0.0
2018-09-13 08:00:00,0.9698,0.9703,0.9688,0.9703,6559,1.0,1.0,0.0,11965.869999999999,72,94,2,0.9698,0.9706,0.0,0.0
2018-09-13 12:00:00,0.9703,0.9704,0.9663,0.9665,10737,-0.5011806,-0.5011806,0.0,11965.869999999999,72,94,2,0.9698,0.9706,0.0,0.0
2018-09-13 16:00:00,0.9665,0.9683,0.9658,0.9675,10964,0.17231993,0.17231993,0.0,11965.869999999999,72,94,2,0.9698,0.9706,0.0,0.0
2018-09-13 20:00:00,0.9675,0.9675,0.9651,0.9653,3806,1.0,1.0,0.0,12284.47,73,94,0,0.0,0.0,0.0,318.6
2018-09-14 00:00:00,0.9653,0.9664,0.965,0.9662,4030,-1.0,-1.0,0.0,12284.47,73,94,2,0.9662,0.967,0.0,0.0
2018-09-14 04:00:00,0.9662,0.9662,0.9645,0.9649,2225,-0.35405576,-0.35405576,0.0,12284.47,73,94,2,0.9662,0.967,0.0,0.0
2018-09-14 08:00:00,0.9649,0.9655,0.9634,0.9641,6218,0.010920606,0.010920606,0.0,12284.47,73,94,2,0.9662,0.967,0.0,0.0
2018-09-14 12:00:00,0.9641,0.9661,0.9635,0.9661,8108,-0.3499143,-0.3499143,0.0,12284.47,73,94,2,0.9662,0.967,0.0,0.0
2018-09-14 16:00:00,0.9661,0.9671,0.9656,0.9667,11682,-0.7148668,-0.7148668,0.0,12284.47,73,94,2,0.9662,0.967,0.0,0.0
2018-09-14 20:00:00,0.9667,0.9675,0.9667,0.9672,3770,-0.18329532,-0.18329532,0.0,12284.47,73,94,2,0.9662,0.967,0.0,0.0
2018-09-17 00:00:00,0.9674,0.9679,0.9662,0.9673,2207,1.0,1.0,0.0,12142.289999999999,73,95,0,0.0,0.0,0.0,-142.18
2018-09-17 04:00:00,0.9673,0.9676,0.9668,0.9672,2431,1.0,1.0,0.0,12142.289999999999,73,95,1,0.9672,0.9664,0.0,0.0
2018-09-17 08:00:00,0.9672,0.9676,0.9647,0.9651,6504,0.4305913,0.4305913,0.0,12142.289999999999,73,95,1,0.9672,0.9664,0.0,0.0
2018-09-17 12:00:00,0.9651,0.9654,0.9621,0.9627,9165,-1.0,-1.0,0.0,11847.81,73,96,0,0.0,0.0,0.0,-294.48
2018-09-17 16:00:00,0.9627,0.9632,0.9611,0.9623,7099,-1.0,-1.0,0.0,11847.81,73,96,2,0.9623,0.9631,0.0,0.0
2018-09-17 20:00:00,0.9623,0.9625,0.9616,0.9625,3770,0.7709245,0.7709245,0.0,11847.81,73,96,2,0.9623,0.9631,0.0,0.0
2018-09-18 00:00:00,0.9624,0.9629,0.9619,0.9626,3225,0.9615299,0.9615299,0.0,11820.51,73,97,0,0.0,0.0,0.0,-27.3
2018-09-18 04:00:00,0.9626,0.9629,0.9616,0.9622,4598,-0.2708244,-0.2708244,0.0,11820.51,73,97,0,0.9627,0.9652,0.0,0.0
2018-09-18 08:00:00,0.9622,0.9624,0.9605,0.9605,11024,-0.13691698,-0.13691698,0.0,11820.51,73,97,0,0.9627,0.9652,0.0,0.0
2018-09-18 12:00:00,0.9605,0.9624,0.9601,0.961,8573,-0.25175017,-0.25175017,0.0,11820.51,73,97,0,0.9627,0.9652,0.0,0.0
2018-09-18 16:00:00,0.961,0.9646,0.96,0.9645,12544,0.84007525,0.84007525,0.0,11820.51,73,97,1,0.9645,0.962,0.0,0.0
2018-09-18 20:00:00,0.9644,0.9655,0.964,0.9645,4408,-1.0,-1.0,0.0,11820.51,73,97,1,0.9645,0.962,0.0,0.0
2018-09-19 00:00:00,0.9646,0.965,0.9629,0.9643,2652,1.0,1.0,0.0,11820.51,73,97,1,0.9645,0.962,0.0,0.0
2018-09-19 04:00:00,0.9643,0.965,0.9639,0.9641,3553,-1.0,-1.0,0.0,11793.22,73,98,0,0.0,0.0,0.0,-27.29
2018-09-19 08:00:00,0.9641,0.9653,0.9634,0.9651,8681,-0.6855441,-0.6855441,0.0,11793.22,73,98,2,0.9651,0.9659,0.0,0.0
2018-09-19 12:00:00,0.9651,0.9695,0.9651,0.9689,11559,1.0,1.0,0.0,11793.22,73,98,2,0.9651,0.9659,0.0,0.0
2018-09-19 16:00:00,0.9689,0.97,0.9663,0.9664,12232,0.07996091,0.07996091,0.0,11273.65,73,99,0,0.0,0.0,0.0,-519.57
2018-09-19 20:00:00,0.9664,0.9675,0.9664,0.967,3403,-0.049811974,-0.049811974,0.0,11273.65,73,99,0,0.9689,0.9697,0.0,0.0
2018-09-20 00:00:00,0.967,0.9678,0.9663,0.9672,4077,0.8563773,0.8563773,0.0,11273.65,73,99,1,0.9672,0.965,0.0,0.0
2018-09-20 04:00:00,0.9672,0.9676,0.9666,0.9674,2846,0.015235727,0.015235727,0.0,11273.65,73,99,1,0.9672,0.965,0.0,0.0
2018-09-20 08:00:00,0.9674,0.9675,0.9655,0.9662,7924,-0.27457586,-0.27457586,0.0,11273.65,73,99,1,0.9672,0.965,0.0,0.0
2018-09-20 12:00:00,0.9662,0.9667,0.9607,0.9614,12383,-1.0,-1.0,0.0,11143.3,73,100,0,0.0,0.0,0.0,-130.35
2018-09-20 16:00:00,0.9614,0.9625,0.959,0.9612,13404,0.6841378,0.6841378,0.0,11143.3,73,100,1,0.9612,0.9597,0.0,0.0
2018-09-20 20:00:00,0.9612,0.9612,0.9588,0.9588,4226,-0.5176822,-0.5176822,0.0,11143.3,73,100,1,0.9612,0.9597,0.0,0.0
2018-09-21 00:00:00,0.9588,0.959,0.9583,0.9586,2548,-0.01943162,-0.01943162,0.0,10836.46,73,101,0,0.0,0.0,0.0,-306.84
2018-09-21 04:00:00,0.9586,0.959,0.9583,0.9589,2557,-0.96519536,-0.96519536,0.0,10836.46,73,101,2,0.9589,0.9597,0.0,0.0
2018-09-21 08:00:00,0.9589,0.9593,0.9554,0.9554,12120,0.9896001,0.9896001,0.0,10836.46,73,101,2,0.9589,0.9597,0.0,0.0
2018-09-21 12:00:00,0.9554,0.9569,0.9542,0.9563,10945,1.0,1.0,0.0,11270.039999999999,74,101,0,0.0,0.0,0.0,433.58
2018-09-21 16:00:00,0.9563,0.9598,0.9562,0.9591,12495,0.27181518,0.27181518,0.0,11270.039999999999,74,101,0,0.9588,0.9604,0.0,0.0
2018-09-21 20:00:00,0.9591,0.9594,0.9577,0.9578,3157,0.2166524,0.2166524,0.0,11270.039999999999,74,101,0,0.0,0.0,0.0,0.0
2018-09-24 00:00:00,0.9581,0.9593,0.9576,0.9592,2155,-0.42563227,-0.42563227,0.0,11270.039999999999,74,101,0,0.9563,0.9555,0.0,0.0
2018-09-24 04:00:00,0.9592,0.9597,0.9591,0.9596,2189,0.72309816,0.72309816,0.0,11270.039999999999,74,101,1,0.9596,0.9581,0.0,0.0
2018-09-24 08:00:00,0.9596,0.9605,0.9589,0.9592,7567,0.099150196,0.099150196,0.0,11270.039999999999,74,101,1,0.9596,0.9581,0.0,0.0
2018-09-24 12:00:00,0.9591,0.9604,0.9583,0.9603,7658,-0.56813145,-0.56813145,0.0,11270.039999999999,74,101,1,0.9596,0.9581,0.0,0.0
2018-09-24 16:00:00,0.9604,0.9625,0.9579,0.9621,11305,-1.0,-1.0,0.0,11360.679999999998,75,101,0,0.0,0.0,0.0,90.64
2018-09-24 20:00:00,0.9621,0.965,0.9621,0.9639,2883,0.35903853,0.35903853,0.0,11360.679999999998,75,101,0,0.9639,0.9631,0.0,0.0
2018-09-25 00:00:00,0.9639,0.965,0.9618,0.9647,2334,-0.080603965,-0.080603965,0.0,11360.679999999998,75,101,0,0.9639,0.9631,0.0,0.0
2018-09-25 04:00:00,0.9647,0.9664,0.9642,0.9662,2989,-1.0,-1.0,0.0,11360.679999999998,75,101,2,0.9662,0.9672,0.0,0.0
2018-09-25 08:00:00,0.9662,0.967,0.9648,0.9665,10114,-0.9539113,-0.9539113,0.0,11360.679999999998,75,101,2,0.9662,0.9672,0.0,0.0
2018-09-25 12:00:00,0.9665,0.9668,0.965,0.9659,8789,-0.8108767,-0.8108767,0.0,11360.679999999998,75,101,2,0.9662,0.9672,0.0,0.0
2018-09-25 16:00:00,0.9659,0.9662,0.9635,0.9639,9427,0.42076284,0.42076284,0.0,11360.679999999998,75,101,2,0.9662,0.9672,0.0,0.0
2018-09-25 20:00:00,0.9639,0.9651,0.9637,0.9649,2631,1.0,1.0,0.0,11662.039999999999,76,101,0,0.0,0.0,0.0,301.36
2018-09-26 00:00:00,0.9647,0.9657,0.9647,0.9656,2243,-0.37852216,-0.37852216,0.0,11662.039999999999,76,101,0,0.9656,0.9648,0.0,0.0
2018-09-26 04:00:00,0.9656,0.9657,0.9642,0.9646,3703,0.5518449,0.5518449,0.0,11662.039999999999,76,101,1,0.9646,0.9638,0.0,0.0
2018-09-26 08:00:00,0.9646,0.9654,0.9641,0.9653,6181,0.54657996,0.54657996,0.0,11662.039999999999,76,101,1,0.9646,0.9638,0.0,0.0
2018-09-26 12:00:00,0.9653,0.9696,0.9652,0.9692,8663,1.0,1.0,0.0,11662.039999999999,76,101,1,0.9646,0.9638,0.0,0.0
2018-09-26 16:00:00,0.9692,0.9701,0.9659,0.9663,8423,1.0,1.0,0.0,11662.039999999999,76,101,1,0.9646,0.9638,0.0,0.0
2018-09-26 20:00:00,0.9662,0.9673,0.9623,0.9658,13403,-0.46153715,-0.46153715,0.0,11662.039999999999,76,101,1,0.9646,0.9638,0.0,0.0
2018-09-27 00:00:00,0.9658,0.9659,0.9647,0.9653,3458,0.2873499,0.2873499,0.0,11662.039999999999,76,101,1,0.9646,0.9638,0.0,0.0
2018-09-27 04:00:00,0.9653,0.9663,0.9653,0.9657,4382,-0.003782514,-0.003782514,0.0,11662.039999999999,76,101,1,0.9646,0.9638,0.0,0.0
2018-09-27 08:00:00,0.9657,0.9699,0.9657,0.9698,14759,-0.29932478,-0.29932478,0.0,11662.039999999999,76,101,1,0.9646,0.9638,0.0,0.0
2018-09-27 12:00:00,0.9698,0.9737,0.9683,0.9734,10322,-1.0,-1.0,0.0,12365.75,77,101,0,0.0,0.0,0.0,703.71
2018-09-27 16:00:00,0.9734,0.9782,0.9734,0.9776,10556,0.75767404,0.75767404,0.0,12365.75,77,101,1,0.9776,0.976,0.0,0.0
2018-09-27 20:00:00,0.9776,0.978,0.9761,0.9771,5172,1.0,1.0,0.0,12365.75,77,101,1,0.9776,0.976,0.0,0.0
2018-09-28 00:00:00,0.9771,0.9774,0.9762,0.9767,2987,-0.4090188,-0.4090188,0.0,12365.75,77,101,1,0.9776,0.976,0.0,0.0
2018-09-28 04:00:00,0.9767,0.977,0.9764,0.9764,3914,0.39850911,0.39850911,0.0,12365.75,77,101,1,0.9776,0.976,0.0,0.0
2018-09-28 08:00:00,0.9764,0.9776,0.9754,0.977,9319,1.0,1.0,0.0,12365.75,77,101,1,0.9776,0.976,0.0,0.0
2018-09-28 12:00:00,0.9771,0.9777,0.9737,0.9764,11491,-0.9006271,-0.9006271,0.0,12279.0,77,102,0,0.0,0.0,0.0,-86.75
2018-09-28 16:00:00,0.9764,0.9779,0.9751,0.9763,8847,-0.30121633,-0.30121633,0.0,12279.0,77,102,0,0.9763,0.9771,0.0,0.0
2018-09-28 20:00:00,0.9763,0.9819,0.9762,0.9816,4495,0.11534137,0.11534137,0.0,12279.0,77,102,0,0.9763,0.9771,0.0,0.0
2018-10-01 00:00:00,0.9801,0.9815,0.9797,0.981,2647,-0.6754915,-0.6754915,0.0,12279.0,77,102,2,0.981,0.9834,0.0,0.0
2018-10-01 04:00:00,0.981,0.9818,0.9807,0.9817,3633,-0.2529787,-0.2529787,0.0,12279.0,77,102,2,0.981,0.9834,0.0,0.0
2018-10-01 08:00:00,0.9817,0.9847,0.9807,0.9844,7860,0.11647623,0.11647623,0.0,12279.0,77,102,2,0.981,0.9834,0.0,0.0
2018-10-01 12:00:00,0.9844,0.9844,0.9822,0.9833,9464,-0.010013378,-0.010013378,0.0,11787.23,77,103,0,0.0,0.0,0.0,-491.77
2018-10-01 16:00:00,0.9833,0.9856,0.983,0.9839,9817,1.0,1.0,0.0,11787.23,77,103,1,0.9839,0.9814,0.0,0.0
2018-10-01 20:00:00,0.9839,0.9846,0.9834,0.9836,3357,1.0,1.0,0.0,11787.23,77,103,1,0.9839,0.9814,0.0,0.0
2018-10-02 00:00:00,0.9827,0.9843,0.9823,0.984,3446,0.68424964,0.68424964,0.0,11787.23,77,103,1,0.9839,0.9814,0.0,0.0
2018-10-02 04:00:00,0.984,0.9843,0.9836,0.9843,3162,-0.6549459,-0.6549459,0.0,11801.1,78,103,0,0.0,0.0,0.0,13.87
2018-10-02 08:00:00,0.9843,0.9853,0.9829,0.9831,9700,-0.92681414,-0.92681414,0.0,11801.1,78,103,2,0.9831,0.984,0.0,0.0
2018-10-02 12:00:00,0.9831,0.9849,0.9829,0.9834,8814,-0.16002536,-0.16002536,0.0,11801.1,78,103,2,0.9831,0.984,0.0,0.0
2018-10-02 16:00:00,0.9834,0.9852,0.9832,0.9851,9112,1.0,1.0,0.0,11759.43,78,104,0,0.0,0.0,0.0,-41.67
2018-10-02 20:00:00,0.9851,0.9862,0.9837,0.9837,3721,0.2098341,0.2098341,0.0,11759.43,78,104,0,0.9834,0.9822,0.0,0.0
2018-10-03 00:00:00,0.9829,0.9844,0.9829,0.9842,2879,-0.6621929,-0.6621929,0.0,11759.43,78,104,2,0.9842,0.9867,0.0,0.0
2018-10-03 04:00:00,0.9842,0.9846,0.9833,0.9841,6554,-0.4401808,-0.4401808,0.0,11759.43,78,104,2,0.9842,0.9867,0.0,0.0
2018-10-03 08:00:00,0.9841,0.9865,0.9841,0.9855,9755,-1.0,-1.0,0.0,11759.43,78,104,2,0.9842,0.9867,0.0,0.0
2018-10-03 12:00:00,0.9855,0.989,0.9855,0.9886,10011,0.35348606,0.35348606,0.0,11759.43,78,104,2,0.9842,0.9867,0.0,0.0
2018-10-03 16:00:00,0.9886,0.9897,0.9878,0.9896,9525,0.45033705,0.45033705,0.0,11147.35,78,105,0,0.0,0.0,0.0,-612.08
2018-10-03 20:00:00,0.9896,0.9925,0.9891,0.9923,5181,0.12956946,0.12956946,0.0,11147.35,78,105,0,0.9886,0.9901,0.0,0.0
2018-10-04 00:00:00,0.9921,0.9923,0.9899,0.9918,4326,-0.85683787,-0.85683787,0.0,11147.35,78,105,2,0.9918,0.9926,0.0,0.0
2018-10-04 04:00:00,0.9917,0.9925,0.9911,0.9921,3961,0.009706196,0.009706196,0.0,11147.35,78,105,2,0.9918,0.9926,0.0,0.0
2018-10-04 08:00:00,0.9921,0.9926,0.99,0.9919,9643,-0.82510865,-0.82510865,0.0,11147.35,78,105,2,0.9918,0.9926,0.0,0.0
2018-10-04 12:00:00,0.9919,0.9926,0.991,0.992,9064,-0.2637654,-0.2637654,0.0,11147.35,78,105,2,0.9918,0.9926,0.0,0.0
2018-10-04 16:00:00,0.992,0.993,0.9891,0.9925,12121,-0.092163086,-0.092163086,0.0,11147.35,78,105,2,0.9918,0.9926,0.0,0.0
2018-10-04 20:00:00,0.9925,0.9933,0.9911,0.9916,4973,-0.3704512,-0.3704512,0.0,11147.35,78,105,2,0.9918,0.9926,0.0,0.0
2018-10-05 00:00:00,0.9914,0.9923,0.9912,0.9922,2431,-1.0,-1.0,0.0,11147.35,78,105,2,0.9918,0.9926,0.0,0.0
2018-10-05 04:00:00,0.9922,0.9935,0.9919,0.9935,3806,-0.625794,-0.625794,0.0,11147.35,78,105,2,0.9918,0.9926,0.0,0.0
2018-10-05 08:00:00,0.9935,0.9942,0.9926,0.994,8092,-0.32832786,-0.32832786,0.0,10922.06,78,106,0,0.0,0.0,0.0,-225.29
2018-10-05 12:00:00,0.994,0.9955,0.9916,0.9921,11578,-1.0,-1.0,0.0,10922.06,78,106,2,0.9921,0.9929,0.0,0.0
2018-10-05 16:00:00,0.9921,0.9928,0.991,0.9919,13268,0.19439448,0.19439448,0.0,10922.06,78,106,2,0.9921,0.9929,0.0,0.0
2018-10-05 20:00:00,0.9919,0.9925,0.9912,0.9919,4531,-0.4374041,-0.4374041,0.0,10922.06,78,106,2,0.9921,0.9929,0.0,0.0
2018-10-08 00:00:00,0.9918,0.9929,0.9912,0.9916,3027,-1.0,-1.0,0.0,10922.06,78,106,2,0.9921,0.9929,0.0,0.0
2018-10-08 04:00:00,0.9916,0.9922,0.9913,0.9914,2621,1.0,1.0,0.0,10986.85,79,106,0,0.0,0.0,0.0,64.79
2018-10-08 08:00:00,0.9914,0.9925,0.9907,0.9921,6679,-0.15728505,-0.15728505,0.0,10986.85,79,106,0,0.9914,0.9906,0.0,0.0
2018-10-08 12:00:00,0.9921,0.9944,0.9918,0.994,6535,1.0,1.0,0.0,10986.85,79,106,1,0.994,0.9932,0.0,0.0
2018-10-08 16:00:00,0.994,0.9943,0.9923,0.9931,8344,1.0,1.0,0.0,10986.85,79,106,1,0.994,0.9932,0.0,0.0
2018-10-08 20:00:00,0.9931,0.9935,0.9918,0.9922,3918,0.121544085,0.121544085,0.0,10869.34,79,107,0,0.0,0.0,0.0,-117.51
2018-10-09 00:00:00,0.9921,0.9932,0.992,0.9927,2706,-1.0,-1.0,0.0,10869.34,79,107,2,0.9927,0.994,0.0,0.0
2018-10-09 04:00:00,0.9927,0.9929,0.9921,0.9924,3339,1.0,1.0,0.0,10869.34,79,107,2,0.9927,0.994,0.0,0.0
2018-10-09 08:00:00,0.9924,0.995,0.9923,0.9937,10080,-1.0,-1.0,0.0,10869.34,79,107,2,0.9927,0.994,0.0,0.0
2018-10-09 12:00:00,0.9937,0.9955,0.9936,0.9947,11009,-0.45421383,-0.45421383,0.0,10869.34,79,107,2,0.9927,0.994,0.0,0.0
2018-10-09 16:00:00,0.9947,0.9951,0.992,0.9922,12711,0.65203315,0.65203315,0.0,10610.59,79,108,0,0.0,0.0,0.0,-258.75
2018-10-09 20:00:00,0.9922,0.9928,0.9911,0.9916,3988,0.034440104,0.034440104,0.0,10610.59,79,108,0,0.9947,0.9959,0.0,0.0
2018-10-10 00:00:00,0.9917,0.9921,0.9909,0.991,2451,-0.2386314,-0.2386314,0.0,10610.59,79,108,0,0.9947,0.9959,0.0,0.0
2018-10-10 04:00:00,0.991,0.9912,0.9906,0.9912,2942,-1.0,-1.0,0.0,10610.59,79,108,2,0.9912,0.9937,0.0,0.0
2018-10-10 08:00:00,0.9912,0.993,0.9908,0.993,8789,-1.0,-1.0,0.0,10610.59,79,108,2,0.9912,0.9937,0.0,0.0
2018-10-10 12:00:00,0.993,0.9933,0.9916,0.9929,8547,-0.3814033,-0.3814033,0.0,10610.59,79,108,2,0.9912,0.9937,0.0,0.0
2018-10-10 16:00:00,0.9929,0.9933,0.9895,0.9908,12926,1.0,1.0,0.0,10396.27,79,109,0,0.0,0.0,0.0,-214.32
2018-10-10 20:00:00,0.9908,0.9922,0.9899,0.99,6716,1.0,1.0,0.0,10396.27,79,109,1,0.99,0.9892,0.0,0.0
2018-10-11 00:00:00,0.9899,0.9902,0.9877,0.9892,6260,-0.26320967,-0.26320967,0.0,10396.27,79,109,1,0.99,0.9892,0.0,0.0
2018-10-11 04:00:00,0.9891,0.9895,0.9856,0.9863,8810,-0.07194079,-0.07194079,0.0,10297.810000000001,79,110,0,0.0,0.0,0.0,-98.46
2018-10-11 08:00:00,0.9863,0.9891,0.9863,0.9888,12076,0.20626675,0.20626675,0.0,10297.810000000001,79,110,0,0.9863,0.9876,0.0,0.0
2018-10-11 12:00:00,0.9888,0.9897,0.9857,0.9878,13220,-1.0,-1.0,0.0,10297.810000000001,79,110,2,0.9878,0.9886,0.0,0.0
2018-10-11 16:00:00,0.9878,0.9922,0.9875,0.9916,19778,0.84172,0.84172,0.0,10297.810000000001,79,110,2,0.9878,0.9886,0.0,0.0
2018-10-11 20:00:00,0.9916,0.9917,0.9884,0.9893,8743,0.15555519,0.15555519,0.0,9833.490000000002,79,111,0,0.0,0.0,0.0,-464.32
2018-10-12 00:00:00,0.9893,0.9904,0.9886,0.9896,4472,-0.64534515,-0.64534515,0.0,9833.490000000002,79,111,2,0.9896,0.9904,0.0,0.0
2018-10-12 04:00:00,0.9896,0.9901,0.9892,0.9898,4500,-0.7175274,-0.7175274,0.0,9833.490000000002,79,111,2,0.9896,0.9904,0.0,0.0
2018-10-12 08:00:00,0.9898,0.9907,0.9881,0.9903,8912,-1.0,-1.0,0.0,9833.490000000002,79,111,2,0.9896,0.9904,0.0,0.0
2018-10-12 12:00:00,0.9903,0.9919,0.9902,0.9914,10893,-0.32648194,-0.32648194,0.0,9833.490000000002,79,111,2,0.9896,0.9904,0.0,0.0
2018-10-12 16:00:00,0.9914,0.993,0.9905,0.9908,12368,1.0,1.0,0.0,9623.500000000002,79,112,0,0.0,0.0,0.0,-209.99
2018-10-12 20:00:00,0.9908,0.9919,0.9904,0.9917,4545,0.6914239,0.6914239,0.0,9623.500000000002,79,112,1,0.9917,0.9897,0.0,0.0
2018-10-15 00:00:00,0.9895,0.992,0.9895,0.9909,4723,1.0,1.0,0.0,9623.500000000002,79,112,1,0.9917,0.9897,0.0,0.0
2018-10-15 04:00:00,0.9909,0.9911,0.9901,0.9902,3905,1.0,1.0,0.0,9623.500000000002,79,112,1,0.9917,0.9897,0.0,0.0
2018-10-15 08:00:00,0.9902,0.9909,0.989,0.989,10259,1.0,1.0,0.0,9623.500000000002,79,112,1,0.9917,0.9897,0.0,0.0
2018-10-15 12:00:00,0.989,0.9891,0.9847,0.9854,11105,-0.61156297,-0.61156297,0.0,9316.000000000002,79,113,0,0.0,0.0,0.0,-307.5
2018-10-15 16:00:00,0.9854,0.9879,0.9853,0.9873,11513,1.0,1.0,0.0,9316.000000000002,79,113,1,0.9873,0.9865,0.0,0.0
2018-10-15 20:00:00,0.9873,0.9883,0.9867,0.9868,4307,-0.3763806,-0.3763806,0.0,9316.000000000002,79,113,1,0.9873,0.9865,0.0,0.0
2018-10-16 00:00:00,0.9875,0.9876,0.9865,0.9865,4214,-0.0756641,-0.0756641,0.0,9316.000000000002,79,113,1,0.9873,0.9865,0.0,0.0
2018-10-16 04:00:00,0.9865,0.9887,0.9865,0.9887,7151,0.51726735,0.51726735,0.0,9228.020000000002,79,114,0,0.0,0.0,0.0,-87.98
2018-10-16 08:00:00,0.9887,0.9898,0.9868,0.9874,8628,-0.4682022,-0.4682022,0.0,9228.020000000002,79,114,0,0.0,0.0,0.0,0.0
2018-10-16 12:00:00,0.9874,0.9893,0.9872,0.988,9442,-0.50823784,-0.50823784,0.0,9228.020000000002,79,114,2,0.988,0.9888,0.0,0.0
2018-10-16 16:00:00,0.988,0.9909,0.9859,0.9896,10605,0.89990646,0.89990646,0.0,9228.020000000002,79,114,2,0.988,0.9888,0.0,0.0
2018-10-16 20:00:00,0.9896,0.9907,0.9893,0.9906,2883,-0.14263904,-0.14263904,0.0,9053.170000000002,79,115,0,0.0,0.0,0.0,-174.85
2018-10-17 00:00:00,0.9905,0.9907,0.9898,0.9906,4184,-1.0,-1.0,0.0,9053.170000000002,79,115,2,0.9906,0.9929,0.0,0.0
2018-10-17 04:00:00,0.9906,0.9917,0.9906,0.9914,4504,-0.74603677,-0.74603677,0.0,9053.170000000002,79,115,2,0.9906,0.9929,0.0,0.0
2018-10-17 08:00:00,0.9914,0.9917,0.9902,0.9911,9260,-0.25467092,-0.25467092,0.0,9053.170000000002,79,115,2,0.9906,0.9929,0.0,0.0
2018-10-17 12:00:00,0.9911,0.9938,0.991,0.992,11445,0.04273067,0.04273067,0.0,9053.170000000002,79,115,2,0.9906,0.9929,0.0,0.0
2018-10-17 16:00:00,0.992,0.9931,0.9915,0.9929,11460,1.0,1.0,0.0,8902.710000000003,79,116,0,0.0,0.0,0.0,-150.46
2018-10-17 20:00:00,0.9929,0.9954,0.9929,0.9952,6603,0.08202972,0.08202972,0.0,8902.710000000003,79,116,0,0.9914,0.9906,0.0,0.0
2018-10-18 00:00:00,0.9945,0.9956,0.9941,0.9946,5965,-0.9675965,-0.9675965,0.0,8902.710000000003,79,116,2,0.9946,0.9964,0.0,0.0
2018-10-18 04:00:00,0.9946,0.9951,0.9944,0.9947,6016,1.0,1.0,0.0,8902.710000000003,79,116,2,0.9946,0.9964,0.0,0.0
2018-10-18 08:00:00,0.9947,0.9959,0.9925,0.9936,9216,0.53870934,0.53870934,0.0,8902.710000000003,79,116,2,0.9946,0.9964,0.0,0.0
2018-10-18 12:00:00,0.9936,0.9968,0.992,0.9964,9323,1.0,1.0,0.0,9008.550000000003,80,116,0,0.0,0.0,0.0,105.84
2018-10-18 16:00:00,0.9964,0.9974,0.9934,0.9944,15627,-0.619067,-0.619067,0.0,9008.550000000003,80,116,2,0.9944,0.9952,0.0,0.0
2018-10-18 20:00:00,0.9944,0.9963,0.9944,0.9956,7909,1.0,1.0,0.0,9008.550000000003,80,116,2,0.9944,0.9952,0.0,0.0
2018-10-19 00:00:00,0.9954,0.997,0.995,0.9969,3982,-0.57855827,-0.57855827,0.0,8879.760000000002,80,117,0,0.0,0.0,0.0,-128.79
2018-10-19 04:00:00,0.9969,0.9972,0.996,0.9961,5601,1.0,1.0,0.0,8879.760000000002,80,117,1,0.9961,0.9953,0.0,0.0
2018-10-19 08:00:00,0.9961,0.9976,0.9957,0.9961,8992,1.0,1.0,0.0,8879.760000000002,80,117,1,0.9961,0.9953,0.0,0.0
2018-10-19 12:00:00,0.9961,0.9965,0.9949,0.9964,10072,-0.343244,-0.343244,0.0,8879.760000000002,80,117,1,0.9961,0.9953,0.0,0.0
2018-10-19 16:00:00,0.9964,0.9977,0.9954,0.9967,13968,0.72684574,0.72684574,0.0,8879.760000000002,80,117,1,0.9961,0.9953,0.0,0.0
2018-10-19 20:00:00,0.9966,0.9977,0.9954,0.996,5224,-1.0,-1.0,0.0,8943.290000000003,81,117,0,0.0,0.0,0.0,63.53
2018-10-22 00:00:00,0.995,0.997,0.9943,0.9967,5561,-0.54279494,-0.54279494,0.0,8943.290000000003,81,117,2,0.9967,0.999,0.0,0.0
2018-10-22 04:00:00,0.9967,0.997,0.9959,0.9964,4205,0.13937424,0.13937424,0.0,8943.290000000003,81,117,2,0.9967,0.999,0.0,0.0
2018-10-22 08:00:00,0.9964,0.9973,0.9939,0.9969,8444,-0.20880541,-0.20880541,0.0,8943.290000000003,81,117,2,0.9967,0.999,0.0,0.0
2018-10-22 12:00:00,0.9969,0.998,0.9959,0.9967,8764,-0.42762402,-0.42762402,0.0,8943.290000000003,81,117,2,0.9967,0.999,0.0,0.0
2018-10-22 16:00:00,0.9965,0.9975,0.9956,0.9967,10824,-0.49500766,-0.49500766,0.0,8943.290000000003,81,117,2,0.9967,0.999,0.0,0.0
2018-10-22 20:00:00,0.9967,0.997,0.9954,0.9959,3776,0.79779917,0.79779917,0.0,8943.280000000002,81,118,0,0.0,0.0,0.0,-0.01
2018-10-23 00:00:00,0.996,0.9965,0.9954,0.9963,5353,0.7767139,0.7767139,0.0,8943.280000000002,81,118,1,0.9963,0.9955,0.0,0.0
2018-10-23 04:00:00,0.9963,0.9968,0.996,0.9963,3093,-0.44856757,-0.44856757,0.0,8943.280000000002,81,118,1,0.9963,0.9955,0.0,0.0
2018-10-23 08:00:00,0.9963,0.997,0.9949,0.995,9387,-0.24156606,-0.24156606,0.0,8943.280000000002,81,118,1,0.9963,0.9955,0.0,0.0
2018-10-23 12:00:00,0.995,0.9962,0.994,0.9959,9968,-0.04215983,-0.04215983,0.0,8804.850000000002,81,119,0,0.0,0.0,0.0,-138.43
2018-10-23 16:00:00,0.9959,0.9959,0.9937,0.9947,12337,1.0,1.0,0.0,8804.850000000002,81,119,1,0.9947,0.9922,0.0,0.0
2018-10-23 20:00:00,0.9947,0.9959,0.9937,0.9947,5997,-1.0,-1.0,0.0,8804.850000000002,81,119,1,0.9947,0.9922,0.0,0.0
2018-10-24 00:00:00,0.9948,0.9954,0.9942,0.9954,4289,-1.0,-1.0,0.0,8804.840000000002,81,120,0,0.0,0.0,0.0,-0.01
2018-10-24 04:00:00,0.9954,0.9957,0.9947,0.9949,3401,1.0,1.0,0.0,8804.840000000002,81,120,1,0.9949,0.9934,0.0,0.0
2018-10-24 08:00:00,0.9949,0.9975,0.9941,0.9972,11181,-0.40060547,-0.40060547,0.0,8804.840000000002,81,120,1,0.9949,0.9934,0.0,0.0
2018-10-24 12:00:00,0.9972,0.9988,0.9964,0.9979,11031,0.6538135,0.6538135,0.0,8804.840000000002,81,120,1,0.9949,0.9934,0.0,0.0
2018-10-24 16:00:00,0.9979,0.9985,0.9965,0.9977,12298,0.7381589,0.7381589,0.0,8804.840000000002,81,120,1,0.9949,0.9934,0.0,0.0
2018-10-24 20:00:00,0.9977,0.9989,0.9966,0.9978,7281,0.74545294,0.74545294,0.0,8804.840000000002,81,120,1,0.9949,0.9934,0.0,0.0
2018-10-25 00:00:00,0.9976,0.9978,0.9961,0.9967,5325,0.6231507,0.6231507,0.0,8804.840000000002,81,120,1,0.9949,0.9934,0.0,0.0
2018-10-25 04:00:00,0.9967,0.9968,0.996,0.9963,4121,-0.26903045,-0.26903045,0.0,8804.840000000002,81,120,1,0.9949,0.9934,0.0,0.0
2018-10-25 08:00:00,0.9963,0.9987,0.9954,0.9978,9457,0.08273267,0.08273267,0.0,8804.840000000002,81,120,1,0.9949,0.9934,0.0,0.0
2018-10-25 12:00:00,0.9978,0.9999,0.9973,0.9984,10215,1.0,1.0,0.0,8804.840000000002,81,120,1,0.9949,0.9934,0.0,0.0
2018-10-25 16:00:00,0.9984,1.0017,0.9981,1.0,14362,0.015126387,0.015126387,0.0,8804.840000000002,81,120,1,0.9949,0.9934,0.0,0.0
2018-10-25 20:00:00,1.0,1.0012,0.9989,0.9989,4987,0.50513625,0.50513625,0.0,8804.840000000002,81,120,1,0.9949,0.9934,0.0,0.0
2018-10-26 00:00:00,0.9991,1.0006,0.9985,1.0006,6236,-1.0,-1.0,0.0,9225.790000000003,82,120,0,0.0,0.0,0.0,420.95
2018-10-26 04:00:00,1.0006,1.0007,0.9997,1.0,7944,-0.28403568,-0.28403568,0.0,9225.790000000003,82,120,0,0.9989,1.0014,0.0,0.0
2018-10-26 08:00:00,1.0,1.0006,0.9983,1.0002,9971,-1.0,-1.0,0.0,9225.790000000003,82,120,2,1.0002,1.0014,0.0,0.0
2018-10-26 12:00:00,1.0002,1.0026,0.9999,1.0023,10938,-1.0,-1.0,0.0,9225.790000000003,82,120,2,1.0002,1.0014,0.0,0.0
2018-10-26 16:00:00,1.0023,1.0023,0.9968,0.9983,17255,-1.0,-1.0,0.0,8993.420000000002,82,121,0,0.0,0.0,0.0,-232.37
2018-10-26 20:00:00,0.9983,0.9986,0.9963,0.9969,10186,-0.42705482,-0.42705482,0.0,8993.420000000002,82,121,0,0.9983,1.0005,0.0,0.0
2018-10-29 00:00:00,0.9966,0.9985,0.9964,0.9982,4383,-0.5449358,-0.5449358,0.0,8993.420000000002,82,121,2,0.9982,1.0007,0.0,0.0
2018-10-29 04:00:00,0.9982,0.9986,0.9977,0.998,4578,-0.8057607,-0.8057607,0.0,8993.420000000002,82,121,2,0.9982,1.0007,0.0,0.0
2018-10-29 08:00:00,0.998,1.0009,0.9974,1.0001,9406,0.7674737,0.7674737,0.0,9014.890000000001,83,121,0,0.0,0.0,0.0,21.47
2018-10-29 12:00:00,1.0001,1.0007,0.9984,1.0004,12282,-0.72177684,-0.72177684,0.0,9014.890000000001,83,121,2,1.0004,1.0028,0.0,0.0
2018-10-29 16:00:00,1.0004,1.0024,0.9991,1.0013,10798,1.0,1.0,0.0,9014.890000000001,83,121,2,1.0004,1.0028,0.0,0.0
2018-10-29 20:00:00,1.0013,1.002,1.0006,1.0018,7518,-0.62916243,-0.62916243,0.0,9014.890000000001,83,121,2,1.0004,1.0028,0.0,0.0
2018-10-30 00:00:00,1.0018,1.0023,1.0015,1.002,6876,-0.5565424,-0.5565424,0.0,9014.890000000001,83,121,2,1.0004,1.0028,0.0,0.0
2018-10-30 04:00:00,1.002,1.0023,1.0016,1.0016,5118,0.7362322,0.7362322,0.0,8841.94,83,122,0,0.0,0.0,0.0,-172.95
2018-10-30 08:00:00,1.0016,1.0033,1.0008,1.0021,9242,1.0,1.0,0.0,8841.94,83,122,1,1.0021,1.0001,0.0,0.0
2018-10-30 12:00:00,1.0021,1.003,1.0009,1.0027,12100,-1.0,-1.0,0.0,8841.94,83,122,1,1.0021,1.0001,0.0,0.0
2018-10-30 16:00:00,1.0027,1.0051,1.0021,1.0046,10615,0.4648267,0.4648267,0.0,8841.94,83,122,1,1.0021,1.0001,0.0,0.0
2018-10-30 20:00:00,1.0046,1.0053,1.0043,1.0051,2873,1.0,1.0,0.0,8841.94,83,122,1,1.0021,1.0001,0.0,0.0
2018-10-31 00:00:00,1.0051,1.0057,1.005,1.0052,3838,0.7251756,0.7251756,0.0,8841.94,83,122,1,1.0021,1.0001,0.0,0.0
2018-10-31 04:00:00,1.0052,1.0056,1.0047,1.005,4178,0.821247,0.821247,0.0,8841.94,83,122,1,1.0021,1.0001,0.0,0.0
2018-10-31 08:00:00,1.005,1.0059,1.0033,1.0057,8136,1.0,1.0,0.0,8841.94,83,122,1,1.0021,1.0001,0.0,0.0
2018-10-31 12:00:00,1.0057,1.0076,1.0044,1.0064,10473,0.6241873,0.6241873,0.0,8841.94,83,122,1,1.0021,1.0001,0.0,0.0
2018-10-31 16:00:00,1.0064,1.0094,1.0033,1.0092,14521,-1.0,-1.0,0.0,9299.79,84,122,0,0.0,0.0,0.0,457.85
2018-10-31 20:00:00,1.0091,1.0092,1.007,1.0078,5292,1.0,1.0,0.0,9299.79,84,122,1,1.0078,1.007,0.0,0.0
2018-11-01 00:00:00,1.0077,1.0085,1.0068,1.0069,6420,1.0,1.0,0.0,9299.79,84,122,1,1.0078,1.007,0.0,0.0
2018-11-01 04:00:00,1.0069,1.0071,1.006,1.0064,4821,-0.5914866,-0.5914866,0.0,9198.94,84,123,0,0.0,0.0,0.0,-100.85
2018-11-01 08:00:00,1.0064,1.0066,1.0027,1.0036,9964,1.0,1.0,0.0,9198.94,84,123,1,1.0036,1.0013,0.0,0.0
2018-11-01 12:00:00,1.0036,1.0041,1.0021,1.0035,11168,0.42561698,0.42561698,0.0,9198.94,84,123,1,1.0036,1.0013,0.0,0.0
2018-11-01 16:00:00,1.0034,1.004,1.0,1.0012,11939,-0.49126327,-0.49126327,0.0,9198.94,84,123,1,1.0036,1.0013,0.0,0.0
2018-11-01 20:00:00,1.0012,1.0025,1.0006,1.0022,4622,-0.21919131,-0.21919131,0.0,8934.44,84,124,0,0.0,0.0,0.0,-264.5
2018-11-02 00:00:00,1.0022,1.0027,1.0018,1.0024,3531,1.0,1.0,0.0,8934.44,84,124,1,1.0024,1.0016,0.0,0.0
2018-11-02 04:00:00,1.0024,1.0024,1.0011,1.0014,6104,-1.0,-1.0,0.0,8934.44,84,124,1,1.0024,1.0016,0.0,0.0
2018-11-02 08:00:00,1.0014,1.0019,0.999,0.9994,9365,0.084916845,0.084916845,0.0,8827.37,84,125,0,0.0,0.0,0.0,-107.07
2018-11-02 12:00:00,0.9993,1.0013,0.9968,1.0005,12542,-0.40466598,-0.40466598,0.0,8827.37,84,125,0,0.0,0.0,0.0,0.0
2018-11-02 16:00:00,1.0005,1.0044,0.9999,1.0038,11052,0.10056725,0.10056725,0.0,8827.37,84,125,0,0.0,0.0,0.0,0.0
2018-11-02 20:00:00,1.0038,1.0048,1.0032,1.0033,2911,-0.6220793,-0.6220793,0.0,8827.37,84,125,2,1.0033,1.0045,0.0,0.0
2018-11-05 00:00:00,1.0026,1.0038,1.0021,1.0037,6876,0.067317285,0.067317285,0.0,8827.37,84,125,2,1.0033,1.0045,0.0,0.0
2018-11-05 04:00:00,1.0037,1.0046,1.0036,1.0041,3163,-0.40513718,-0.40513718,0.0,8827.37,84,125,2,1.0033,1.0045,0.0,0.0
2018-11-05 08:00:00,1.0041,1.0053,1.0031,1.0049,7173,0.64903194,0.64903194,0.0,8742.51,84,126,0,0.0,0.0,0.0,-84.86
2018-11-05 12:00:00,1.0049,1.0069,1.0043,1.005,8297,0.7723109,0.7723109,0.0,8742.51,84,126,1,1.005,1.0025,0.0,0.0
2018-11-05 16:00:00,1.005,1.0056,1.0035,1.0047,7471,0.2994687,0.2994687,0.0,8742.51,84,126,1,1.005,1.0025,0.0,0.0
2018-11-05 20:00:00,1.0048,1.0048,1.003,1.0043,3542,-1.0,-1.0,0.0,8710.97,84,127,0,0.0,0.0,0.0,-31.54
2018-11-06 00:00:00,1.0043,1.0048,1.0032,1.0046,3380,0.08725761,0.08725761,0.0,8710.97,84,127,0,1.005,1.0037,0.0,0.0
2018-11-06 04:00:00,1.0046,1.0055,1.0043,1.0043,3272,-0.10194715,-0.10194715,0.0,8710.97,84,127,0,1.005,1.0037,0.0,0.0
2018-11-06 08:00:00,1.0043,1.005,1.0033,1.0046,6550,0.05498866,0.05498866,0.0,8710.97,84,127,0,1.005,1.0037,0.0,0.0
2018-11-06 12:00:00,1.0046,1.005,1.0022,1.0024,7823,-0.2318516,-0.2318516,0.0,8710.97,84,127,0,1.005,1.0037,0.0,0.0
2018-11-06 16:00:00,1.0024,1.0042,1.0023,1.0036,7576,0.9167599,0.9167599,0.0,8710.97,84,127,1,1.0036,1.0011,0.0,0.0
2018-11-06 20:00:00,1.0036,1.0041,1.0022,1.0024,2921,-1.0,-1.0,0.0,8710.97,84,127,1,1.0036,1.0011,0.0,0.0
2018-11-07 00:00:00,1.0022,1.0044,0.9988,1.0037,9879,0.6915613,0.6915613,0.0,8710.97,84,127,1,1.0036,1.0011,0.0,0.0
2018-11-07 04:00:00,1.0037,1.005,0.999,1.0004,9537,1.0,1.0,0.0,8710.97,84,127,1,1.0036,1.0011,0.0,0.0
2018-11-07 08:00:00,1.0004,1.0019,0.9962,0.9965,10568,1.0,1.0,0.0,8377.279999999999,84,128,0,0.0,0.0,0.0,-333.69
2018-11-07 12:00:00,0.9966,0.9973,0.9952,0.9969,9150,1.0,1.0,0.0,8377.279999999999,84,128,1,0.9969,0.9951,0.0,0.0
2018-11-07 16:00:00,0.9969,1.0,0.9969,0.9994,9488,1.0,1.0,0.0,8377.279999999999,84,128,1,0.9969,0.9951,0.0,0.0
2018-11-07 20:00:00,0.9994,1.0027,0.999,1.0019,5455,-1.0,-1.0,0.0,8627.72,85,128,0,0.0,0.0,0.0,250.44
2018-11-08 00:00:00,1.0015,1.0025,1.0009,1.0021,3900,0.8927623,0.8927623,0.0,8627.72,85,128,1,1.0021,0.9996,0.0,0.0
2018-11-08 04:00:00,1.0021,1.0028,1.0017,1.0018,5567,0.01031773,0.01031773,0.0,8627.72,85,128,1,1.0021,0.9996,0.0,0.0
2018-11-08 08:00:00,1.0018,1.0031,1.0007,1.0025,8427,-1.0,-1.0,0.0,8596.679999999998,85,129,0,0.0,0.0,0.0,-31.04
2018-11-08 12:00:00,1.0025,1.0035,1.002,1.0025,8631,-0.14481768,-0.14481768,0.0,8596.679999999998,85,129,0,1.0025,1.0017,0.0,0.0
2018-11-08 16:00:00,1.0025,1.0046,1.0017,1.0045,9328,-1.0,-1.0,0.0,8596.679999999998,85,129,2,1.0045,1.0055,0.0,0.0
2018-11-08 20:00:00,1.0045,1.007,1.0032,1.0058,7870,0.31771943,0.31771943,0.0,8596.679999999998,85,129,2,1.0045,1.0055,0.0,0.0
2018-11-09 00:00:00,1.0061,1.0067,1.0048,1.0067,4868,0.7654547,0.7654547,0.0,8462.169999999998,85,130,0,0.0,0.0,0.0,-134.51
2018-11-09 04:00:00,1.0067,1.0075,1.0065,1.0068,4119,-0.19339828,-0.19339828,0.0,8462.169999999998,85,130,0,1.0025,1.0017,0.0,0.0
2018-11-09 08:00:00,1.0068,1.0085,1.0067,1.008,8803,1.0,1.0,0.0,8462.169999999998,85,130,1,1.008,1.0059,0.0,0.0
2018-11-09 12:00:00,1.008,1.0083,1.0053,1.0061,8875,-0.8623406,-0.8623406,0.0,8462.169999999998,85,130,1,1.008,1.0059,0.0,0.0
2018-11-09 16:00:00,1.0061,1.0069,1.0044,1.0054,11204,-1.0,-1.0,0.0,8268.599999999999,85,131,0,0.0,0.0,0.0,-193.57
2018-11-09 20:00:00,1.0054,1.006,1.0048,1.0054,4357,-0.15755813,-0.15755813,0.0,8268.599999999999,85,131,0,1.0054,1.0046,0.0,0.0
2018-11-12 00:00:00,1.005,1.0063,1.0047,1.006,4409,-0.49467626,-0.49467626,0.0,8268.599999999999,85,131,0,0.0,0.0,0.0,0.0
2018-11-12 04:00:00,1.006,1.007,1.0055,1.0069,3549,-0.5042795,-0.5042795,0.0,8268.599999999999,85,131,2,1.0069,1.0092,0.0,0.0
2018-11-12 08:00:00,1.0069,1.0103,1.0068,1.0093,10683,1.0,1.0,0.0,8268.599999999999,85,131,2,1.0069,1.0092,0.0,0.0
2018-11-12 12:00:00,1.0093,1.0106,1.0079,1.0083,8873,1.0,1.0,0.0,8028.919999999998,85,132,0,0.0,0.0,0.0,-239.68
2018-11-12 16:00:00,1.0083,1.0097,1.0079,1.0086,9273,-0.57533616,-0.57533616,0.0,8028.919999999998,85,132,2,1.0086,1.0094,0.0,0.0
2018-11-12 20:00:00,1.0086,1.0111,1.0085,1.0108,4867,-1.0,-1.0,0.0,8028.919999999998,85,132,2,1.0086,1.0094,0.0,0.0
2018-11-13 00:00:00,1.0108,1.011,1.0093,1.0095,3980,-1.0,-1.0,0.0,7815.269999999999,85,133,0,0.0,0.0,0.0,-213.65
2018-11-13 04:00:00,1.0095,1.0106,1.0095,1.0105,5315,0.28565055,0.28565055,0.0,7815.269999999999,85,133,0,1.0108,1.0116,0.0,0.0
2018-11-13 08:00:00,1.0105,1.0117,1.0095,1.0107,9589,-0.7355339,-0.7355339,0.0,7815.269999999999,85,133,2,1.0107,1.0132,0.0,0.0
2018-11-13 12:00:00,1.0107,1.0128,1.0089,1.0097,10486,1.0,1.0,0.0,7815.269999999999,85,133,2,1.0107,1.0132,0.0,0.0
2018-11-13 16:00:00,1.0097,1.0101,1.0078,1.009,13306,-0.55422294,-0.55422294,0.0,7815.269999999999,85,133,2,1.0107,1.0132,0.0,0.0
2018-11-13 20:00:00,1.009,1.01,1.0068,1.0068,5853,-0.17005849,-0.17005849,0.0,7815.269999999999,85,133,2,1.0107,1.0132,0.0,0.0
2018-11-14 00:00:00,1.0068,1.0078,1.0057,1.0064,5395,-0.9265278,-0.9265278,0.0,7815.269999999999,85,133,2,1.0107,1.0132,0.0,0.0
2018-11-14 04:00:00,1.0064,1.0076,1.0062,1.007,3841,0.97685796,0.97685796,0.0,8219.949999999999,86,133,0,0.0,0.0,0.0,404.68
2018-11-14 08:00:00,1.0069,1.0098,1.0063,1.0096,8099,-1.0,-1.0,0.0,8219.949999999999,86,133,2,1.0096,1.0121,0.0,0.0
2018-11-14 12:00:00,1.0096,1.0103,1.0079,1.0099,8088,0.9835626,0.9835626,0.0,8219.949999999999,86,133,2,1.0096,1.0121,0.0,0.0
2018-11-14 16:00:00,1.0099,1.0104,1.0061,1.0073,15375,-1.0,-1.0,0.0,8219.949999999999,86,133,2,1.0096,1.0121,0.0,0.0
2018-11-14 20:00:00,1.0073,1.0084,1.0041,1.006,14217,-1.0,-1.0,0.0,8219.949999999999,86,133,2,1.0096,1.0121,0.0,0.0
2018-11-15 00:00:00,1.006,1.0073,1.0049,1.0072,5047,-0.2505262,-0.2505262,0.0,8219.949999999999,86,133,2,1.0096,1.0121,0.0,0.0
2018-11-15 04:00:00,1.0072,1.0072,1.0052,1.0064,4640,-0.56893367,-0.56893367,0.0,8219.949999999999,86,133,2,1.0096,1.0121,0.0,0.0
2018-11-15 08:00:00,1.0064,1.0068,1.0038,1.0067,12273,-0.44736364,-0.44736364,0.0,8219.949999999999,86,133,2,1.0096,1.0121,0.0,0.0
2018-11-15 12:00:00,1.0067,1.0077,1.0047,1.0061,12039,-1.0,-1.0,0.0,8219.949999999999,86,133,2,1.0096,1.0121,0.0,0.0
2018-11-15 16:00:00,1.0061,1.007,1.0035,1.0062,15302,0.3396124,0.3396124,0.0,8219.949999999999,86,133,2,1.0096,1.0121,0.0,0.0
2018-11-15 20:00:00,1.0062,1.0079,1.0049,1.0059,9255,1.0,1.0,0.0,8556.429999999998,87,133,0,0.0,0.0,0.0,336.48
2018-11-16 00:00:00,1.0066,1.0074,1.0053,1.006,4356,-0.6854795,-0.6854795,0.0,8556.429999999998,87,133,2,1.006,1.0068,0.0,0.0
2018-11-16 04:00:00,1.006,1.0069,1.0058,1.0061,2994,-0.35725734,-0.35725734,0.0,8556.429999999998,87,133,2,1.006,1.0068,0.0,0.0
2018-11-16 08:00:00,1.0061,1.0074,1.0052,1.007,9140,0.6713674,0.6713674,0.0,8556.429999999998,87,133,2,1.006,1.0068,0.0,0.0
2018-11-16 12:00:00,1.0069,1.0087,1.0031,1.0034,10174,0.5571415,0.5571415,0.0,8453.319999999998,87,134,0,0.0,0.0,0.0,-103.11
2018-11-16 16:00:00,1.0034,1.0034,0.9999,1.0,12639,0.2653206,0.2653206,0.0,8453.319999999998,87,134,0,1.0064,1.0088,0.0,0.0
2018-11-16 20:00:00,1.0,1.0004,0.9991,0.9996,4865,-0.5686189,-0.5686189,0.0,8453.319999999998,87,134,2,0.9996,1.0004,0.0,0.0
2018-11-19 00:00:00,0.9991,1.0,0.9988,0.9997,5942,1.0,1.0,0.0,8453.319999999998,87,134,2,0.9996,1.0004,0.0,0.0
2018-11-19 04:00:00,0.9997,1.0005,0.9995,1.0005,3132,-0.10317668,-0.10317668,0.0,8453.319999999998,87,134,2,0.9996,1.0004,0.0,0.0
2018-11-19 08:00:00,1.0005,1.0007,0.9969,0.9971,6786,0.10230889,0.10230889,0.0,8362.229999999998,87,135,0,0.0,0.0,0.0,-91.09
2018-11-19 12:00:00,0.9971,0.9974,0.9957,0.9963,9235,0.88619995,0.88619995,0.0,8362.229999999998,87,135,1,0.9963,0.9955,0.0,0.0
2018-11-19 16:00:00,0.9963,0.9969,0.9924,0.9925,11305,0.09951974,0.09951974,0.0,8362.229999999998,87,135,1,0.9963,0.9955,0.0,0.0
2018-11-19 20:00:00,0.9925,0.994,0.9924,0.9935,4516,1.0,1.0,0.0,7984.839999999997,87,136,0,0.0,0.0,0.0,-377.39
2018-11-20 00:00:00,0.9936,0.994,0.9925,0.9933,4536,-1.0,-1.0,0.0,7984.839999999997,87,136,2,0.9933,0.9958,0.0,0.0
2018-11-20 04:00:00,0.9933,0.9934,0.992,0.9929,3119,0.29394084,0.29394084,0.0,7984.839999999997,87,136,2,0.9933,0.9958,0.0,0.0
2018-11-20 08:00:00,0.9929,0.9932,0.9908,0.9928,8600,0.103250176,0.103250176,0.0,7984.839999999997,87,136,2,0.9933,0.9958,0.0,0.0
2018-11-20 12:00:00,0.9928,0.9933,0.9914,0.9924,9287,-0.46081161,-0.46081161,0.0,7984.839999999997,87,136,2,0.9933,0.9958,0.0,0.0
2018-11-20 16:00:00,0.9924,0.9951,0.9921,0.995,11716,1.0,1.0,0.0,8070.169999999997,88,136,0,0.0,0.0,0.0,85.33
2018-11-20 20:00:00,0.995,0.9958,0.9947,0.995,5411,0.19028983,0.19028983,0.0,8070.169999999997,88,136,0,0.995,0.9941,0.0,0.0
2018-11-21 00:00:00,0.9949,0.9954,0.9942,0.9951,3234,0.0942807,0.0942807,0.0,8070.169999999997,88,136,0,0.995,0.9941,0.0,0.0
2018-11-21 04:00:00,0.9951,0.9952,0.9942,0.9944,3334,0.9148455,0.9148455,0.0,8070.169999999997,88,136,1,0.9944,0.9919,0.0,0.0
2018-11-21 08:00:00,0.9944,0.9954,0.9932,0.9947,6802,1.0,1.0,0.0,8070.169999999997,88,136,1,0.9944,0.9919,0.0,0.0
2018-11-21 12:00:00,0.9947,0.9956,0.9927,0.9937,11369,0.29985648,0.29985648,0.0,8070.169999999997,88,136,1,0.9944,0.9919,0.0,0.0
2018-11-21 16:00:00,0.9937,0.9958,0.9936,0.9942,9131,-1.0,-1.0,0.0,8002.989999999997,88,137,0,0.0,0.0,0.0,-67.18
2018-11-21 20:00:00,0.9942,0.9949,0.9939,0.9944,3793,-0.40497532,-0.40497532,0.0,8002.989999999997,88,137,0,0.9937,0.9921,0.0,0.0
2018-11-22 00:00:00,0.9944,0.9948,0.9933,0.9946,3948,-0.55534136,-0.55534136,0.0,8002.989999999997,88,137,2,0.9946,0.9954,0.0,0.0
2018-11-22 04:00:00,0.9946,0.9946,0.9937,0.9939,2552,-0.28828767,-0.28828767,0.0,8002.989999999997,88,137,2,0.9946,0.9954,0.0,0.0
2018-11-22 08:00:00,0.9939,0.9945,0.9932,0.9937,4412,-0.27103317,-0.27103317,0.0,8002.989999999997,88,137,2,0.9946,0.9954,0.0,0.0
2018-11-22 12:00:00,0.9937,0.9955,0.9921,0.9954,8737,-1.0,-1.0,0.0,8002.989999999997,88,137,2,0.9946,0.9954,0.0,0.0
2018-11-22 16:00:00,0.9954,0.9955,0.9941,0.9949,5329,-0.7801394,-0.7801394,0.0,7926.719999999997,88,138,0,0.0,0.0,0.0,-76.27
2018-11-22 20:00:00,0.9949,0.9953,0.9938,0.994,4889,-0.5707979,-0.5707979,0.0,7926.719999999997,88,138,2,0.994,0.9965,0.0,0.0
2018-11-23 00:00:00,0.9942,0.9952,0.9927,0.994,2469,0.19600488,0.19600488,0.0,7926.719999999997,88,138,2,0.994,0.9965,0.0,0.0
2018-11-23 04:00:00,0.994,0.9944,0.9935,0.9943,2844,1.0,1.0,0.0,7926.709999999996,88,139,0,0.0,0.0,0.0,-0.01
2018-11-23 08:00:00,0.9943,0.9968,0.9934,0.9955,6418,0.13977869,0.13977869,0.0,7926.709999999996,88,139,0,0.0,0.0,0.0,0.0
2018-11-23 12:00:00,0.9955,0.9979,0.995,0.9962,7505,0.54996216,0.54996216,0.0,7926.709999999996,88,139,1,0.9962,0.9954,0.0,0.0
2018-11-23 16:00:00,0.9962,0.9979,0.9958,0.9976,7912,-1.0,-1.0,0.0,7926.709999999996,88,139,1,0.9962,0.9954,0.0,0.0
2018-11-23 20:00:00,0.9976,0.9978,0.9965,0.9965,3377,0.45702988,0.45702988,0.0,7926.709999999996,88,139,1,0.9962,0.9954,0.0,0.0
2018-11-26 00:00:00,0.997,0.9982,0.9964,0.998,4993,-1.0,-1.0,0.0,7955.059999999997,89,139,0,0.0,0.0,0.0,28.35
2018-11-26 04:00:00,0.998,0.9984,0.9969,0.9971,3484,-1.0,-1.0,0.0,7955.059999999997,89,139,2,0.9971,0.9979,0.0,0.0
2018-11-26 08:00:00,0.9971,0.9973,0.9954,0.9965,8838,-0.36875686,-0.36875686,0.0,7955.059999999997,89,139,2,0.9971,0.9979,0.0,0.0
2018-11-26 12:00:00,0.9965,0.998,0.9963,0.9976,7638,-0.50630033,-0.50630033,0.0,7955.059999999997,89,139,2,0.9971,0.9979,0.0,0.0
2018-11-26 16:00:00,0.9977,0.9993,0.9975,0.9982,8475,-0.20776513,-0.20776513,0.0,7955.059999999997,89,139,2,0.9971,0.9979,0.0,0.0
2018-11-26 20:00:00,0.9982,0.9992,0.9979,0.9983,3976,-0.37289178,-0.37289178,0.0,7850.529999999997,89,140,0,0.0,0.0,0.0,-104.53
2018-11-27 00:00:00,0.9983,0.9987,0.9976,0.9985,3515,-0.3021753,-0.3021753,0.0,7850.529999999997,89,140,0,0.9985,0.9993,0.0,0.0
2018-11-27 04:00:00,0.9985,0.9987,0.9975,0.9976,3056,0.36107546,0.36107546,0.0,7850.529999999997,89,140,0,0.9985,0.9993,0.0,0.0
2018-11-27 08:00:00,0.9976,1.0003,0.9975,0.9999,10693,0.038203444,0.038203444,0.0,7850.529999999997,89,140,0,0.9985,0.9993,0.0,0.0
2018-11-27 12:00:00,0.9999,1.0,0.9975,0.9989,9562,-0.3373284,-0.3373284,0.0,7850.529999999997,89,140,0,0.0,0.0,0.0,0.0
2018-11-27 16:00:00,0.999,1.0001,0.9979,0.9994,11601,1.0,1.0,0.0,7850.529999999997,89,140,1,0.9994,0.9973,0.0,0.0
2018-11-27 20:00:00,0.9994,0.9995,0.9979,0.9989,6090,0.44691265,0.44691265,0.0,7850.529999999997,89,140,1,0.9994,0.9973,0.0,0.0
2018-11-28 00:00:00,0.9985,0.9993,0.998,0.999,3421,0.28592762,0.28592762,0.0,7850.529999999997,89,140,1,0.9994,0.9973,0.0,0.0
2018-11-28 04:00:00,0.999,0.9994,0.9989,0.9993,2699,-0.16018674,-0.16018674,0.0,7850.529999999997,89,140,1,0.9994,0.9973,0.0,0.0
2018-11-28 08:00:00,0.9993,1.0002,0.9987,0.9993,7091,-0.98366034,-0.98366034,0.0,7841.129999999997,89,141,0,0.0,0.0,0.0,-9.4
2018-11-28 12:00:00,0.9993,0.9996,0.9981,0.9987,8126,-0.6664963,-0.6664963,0.0,7841.129999999997,89,141,2,0.9987,1.0003,0.0,0.0
2018-11-28 16:00:00,0.9987,1.0005,0.9943,0.9954,15880,-0.2511685,-0.2511685,0.0,7841.129999999997,89,141,2,0.9987,1.0003,0.0,0.0
2018-11-28 20:00:00,0.9954,0.9959,0.9925,0.9936,8230,-0.46316886,-0.46316886,0.0,7841.129999999997,89,141,2,0.9987,1.0003,0.0,0.0
2018-11-29 00:00:00,0.9936,0.994,0.9928,0.9929,3335,-1.0,-1.0,0.0,7841.129999999997,89,141,2,0.9987,1.0003,0.0,0.0
2018-11-29 04:00:00,0.9929,0.993,0.9917,0.9922,3561,1.0,1.0,0.0,8381.439999999997,90,141,0,0.0,0.0,0.0,540.31
2018-11-29 08:00:00,0.9922,0.9942,0.9919,0.9938,8778,0.46150243,0.46150243,0.0,8381.439999999997,90,141,0,0.9929,0.9954,0.0,0.0
2018-11-29 12:00:00,0.9938,0.9965,0.9937,0.9959,10829,1.0,1.0,0.0,8381.439999999997,90,141,1,0.9959,0.9951,0.0,0.0
2018-11-29 16:00:00,0.9959,0.9975,0.9954,0.997,11840,0.7351049,0.7351049,0.0,8381.439999999997,90,141,1,0.9959,0.9951,0.0,0.0
2018-11-29 20:00:00,0.997,0.9976,0.9955,0.9958,5612,-1.0,-1.0,0.0,8491.419999999996,91,141,0,0.0,0.0,0.0,109.98
2018-11-30 00:00:00,0.9955,0.9966,0.9942,0.9963,3240,0.9524832,0.9524832,0.0,8491.419999999996,91,141,1,0.9963,0.9955,0.0,0.0
2018-11-30 04:00:00,0.9963,0.9969,0.9956,0.9967,2749,1.0,1.0,0.0,8491.419999999996,91,141,1,0.9963,0.9955,0.0,0.0
2018-11-30 08:00:00,0.9967,0.997,0.9951,0.9961,7455,0.4796068,0.4796068,0.0,8491.419999999996,91,141,1,0.9963,0.9955,0.0,0.0
2018-11-30 12:00:00,0.9961,0.9985,0.9959,0.998,8900,-1.0,-1.0,0.0,8471.169999999996,91,142,0,0.0,0.0,0.0,-20.25
2018-11-30 16:00:00,0.998,1.0004,0.9976,0.9987,11637,0.769354,0.769354,0.0,8471.169999999996,91,142,1,0.9987,0.9979,0.0,0.0
2018-11-30 20:00:00,0.9987,0.9999,0.9985,0.9986,4035,-0.05067324,-0.05067324,0.0,8471.169999999996,91,142,1,0.9987,0.9979,0.0,0.0
2018-12-03 00:00:00,0.9979,0.9995,0.9978,0.9984,2860,-0.13581908,-0.13581908,0.0,8471.169999999996,91,142,1,0.9987,0.9979,0.0,0.0
2018-12-03 04:00:00,0.9984,0.9984,0.9969,0.9974,3360,-0.0054341545,-0.0054341545,0.0,8471.169999999996,91,142,1,0.9987,0.9979,0.0,0.0
2018-12-03 08:00:00,0.9974,0.998,0.9964,0.9974,7244,0.6409188,0.6409188,0.0,8339.729999999996,91,143,0,0.0,0.0,0.0,-131.44
2018-12-03 12:00:00,0.9974,0.9996,0.9974,0.9983,8596,-1.0,-1.0,0.0,8339.729999999996,91,143,2,0.9983,0.9995,0.0,0.0
2018-12-03 16:00:00,0.9983,0.9983,0.9964,0.998,9916,0.023314398,0.023314398,0.0,8339.729999999996,91,143,2,0.9983,0.9995,0.0,0.0
2018-12-03 20:00:00,0.998,0.9989,0.9977,0.9977,3964,1.0,1.0,0.0,8369.599999999997,92,143,0,0.0,0.0,0.0,29.87
2018-12-04 00:00:00,0.9977,0.9982,0.9969,0.9969,4470,-0.094304375,-0.094304375,0.0,8369.599999999997,92,143,0,0.9969,0.9958,0.0,0.0
2018-12-04 04:00:00,0.9969,0.9971,0.9958,0.9963,3725,0.91455376,0.91455376,0.0,8369.599999999997,92,143,1,0.9963,0.9938,0.0,0.0
2018-12-04 08:00:00,0.9963,0.9964,0.993,0.9934,9614,1.0,1.0,0.0,8369.599999999997,92,143,1,0.9963,0.9938,0.0,0.0
2018-12-04 12:00:00,0.9934,0.9962,0.9932,0.996,10011,-0.77341896,-0.77341896,0.0,8081.069999999997,92,144,0,0.0,0.0,0.0,-288.53
2018-12-04 16:00:00,0.996,0.999,0.9949,0.9978,13014,-1.0,-1.0,0.0,8081.069999999997,92,144,2,0.9978,0.9999,0.0,0.0
2018-12-04 20:00:00,0.9978,0.9981,0.997,0.9973,6111,1.0,1.0,0.0,8081.069999999997,92,144,2,0.9978,0.9999,0.0,0.0
2018-12-05 00:00:00,0.9974,0.999,0.9966,0.9988,4280,-1.0,-1.0,0.0,8081.069999999997,92,144,2,0.9978,0.9999,0.0,0.0
2018-12-05 04:00:00,0.9988,1.0001,0.9987,1.0,3255,0.35214084,0.35214084,0.0,8081.069999999997,92,144,2,0.9978,0.9999,0.0,0.0
2018-12-05 08:00:00,1.0,1.0005,0.9982,0.9983,6240,-1.0,-1.0,0.0,7868.329999999997,92,145,0,0.0,0.0,0.0,-212.74
2018-12-05 12:00:00,0.9983,0.9986,0.997,0.9975,6423,0.83325213,0.83325213,0.0,7868.329999999997,92,145,1,0.9975,0.995,0.0,0.0
2018-12-05 16:00:00,0.9975,1.0008,0.9972,0.9975,7988,-1.0,-1.0,0.0,7868.329999999997,92,145,1,0.9975,0.995,0.0,0.0
2018-12-05 20:00:00,0.9975,0.9979,0.9971,0.9976,3079,-0.33582458,-0.33582458,0.0,7868.329999999997,92,145,1,0.9975,0.995,0.0,0.0
2018-12-06 00:00:00,0.9975,0.9976,0.9962,0.9965,3748,-1.0,-1.0,0.0,7877.709999999997,93,145,0,0.0,0.0,0.0,9.38
2018-12-06 04:00:00,0.9965,0.9968,0.9957,0.9961,3475,-1.0,-1.0,0.0,7877.709999999997,93,145,2,0.9961,0.9979,0.0,0.0
2018-12-06 08:00:00,0.9961,0.9989,0.9961,0.997,9761,-1.0,-1.0,0.0,7877.709999999997,93,145,2,0.9961,0.9979,0.0,0.0
2018-12-06 12:00:00,0.997,0.9987,0.9945,0.995,10553,-1.0,-1.0,0.0,7877.709999999997,93,145,2,0.9961,0.9979,0.0,0.0
2018-12-06 16:00:00,0.995,0.9951,0.9894,0.9924,19361,0.99292684,0.99292684,0.0,7980.869999999997,94,145,0,0.0,0.0,0.0,103.16
2018-12-06 20:00:00,0.9924,0.9938,0.9918,0.9926,6167,1.0,1.0,0.0,7980.869999999997,94,145,1,0.9926,0.9918,0.0,0.0
2018-12-07 00:00:00,0.9924,0.9933,0.9917,0.9924,3427,0.21317118,0.21317118,0.0,7980.869999999997,94,145,1,0.9926,0.9918,0.0,0.0
2018-12-07 04:00:00,0.9924,0.993,0.9921,0.9927,2749,-0.8888442,-0.8888442,0.0,7961.909999999997,94,146,0,0.0,0.0,0.0,-18.96
2018-12-07 08:00:00,0.9926,0.9941,0.9924,0.9939,6843,0.50032604,0.50032604,0.0,7961.909999999997,94,146,1,0.9939,0.9918,0.0,0.0
2018-12-07 12:00:00,0.9939,0.9943,0.9904,0.9926,12096,-0.8027025,-0.8027025,0.0,7961.909999999997,94,146,1,0.9939,0.9918,0.0,0.0
2018-12-07 16:00:00,0.9926,0.9935,0.9908,0.9916,15357,-1.0,-1.0,0.0,7838.959999999997,94,147,0,0.0,0.0,0.0,-122.95
2018-12-07 20:00:00,0.9916,0.9916,0.9889,0.9897,5856,0.1335472,0.1335472,0.0,7838.959999999997,94,147,0,0.9939,0.9958,0.0,0.0
2018-12-10 00:00:00,0.9901,0.9907,0.9877,0.9877,4239,-0.008986734,-0.008986734,0.0,7838.959999999997,94,147,0,0.9939,0.9958,0.0,0.0
2018-12-10 04:00:00,0.9877,0.9885,0.987,0.9876,2963,1.0,1.0,0.0,7838.959999999997,94,147,1,0.9876,0.9868,0.0,0.0
2018-12-10 08:00:00,0.9876,0.9902,0.9876,0.9896,7294,1.0,1.0,0.0,7838.959999999997,94,147,1,0.9876,0.9868,0.0,0.0
2018-12-10 12:00:00,0.9896,0.99,0.988,0.9894,9948,0.08009234,0.08009234,0.0,7838.959999999997,94,147,1,0.9876,0.9868,0.0,0.0
2018-12-10 16:00:00,0.9894,0.9906,0.9867,0.99,16391,-0.5051006,-0.5051006,0.0,7838.959999999997,94,147,1,0.9876,0.9868,0.0,0.0
2018-12-10 20:00:00,0.99,0.9904,0.9894,0.9903,5227,0.6063209,0.6063209,0.0,7838.959999999997,94,147,1,0.9876,0.9868,0.0,0.0
2018-12-11 00:00:00,0.9902,0.9903,0.9886,0.9888,3915,-1.0,-1.0,0.0,8089.749999999997,95,147,0,0.0,0.0,0.0,250.79
2018-12-11 04:00:00,0.9888,0.9891,0.9883,0.9884,3023,-0.6447264,-0.6447264,0.0,8089.749999999997,95,147,2,0.9884,0.9901,0.0,0.0
2018-12-11 08:00:00,0.9884,0.9893,0.9862,0.9867,6287,0.14641812,0.14641812,0.0,8089.749999999997,95,147,2,0.9884,0.9901,0.0,0.0
2018-12-11 12:00:00,0.9867,0.9895,0.9866,0.9893,10944,1.0,1.0,0.0,8252.109999999997,96,147,0,0.0,0.0,0.0,162.36
2018-12-11 16:00:00,0.9893,0.9937,0.9891,0.9932,16186,-0.763511,-0.763511,0.0,8252.109999999997,96,147,2,0.9932,0.9955,0.0,0.0
2018-12-11 20:00:00,0.9932,0.9938,0.9925,0.9931,6960,0.64592415,0.64592415,0.0,8252.109999999997,96,147,2,0.9932,0.9955,0.0,0.0
2018-12-12 00:00:00,0.9931,0.9933,0.9921,0.9924,3336,1.0,1.0,0.0,8261.909999999996,97,147,0,0.0,0.0,0.0,9.8
2018-12-12 04:00:00,0.9924,0.9929,0.992,0.9921,2495,-0.7671765,-0.7671765,0.0,8261.909999999996,97,147,2,0.9921,0.9929,0.0,0.0
2018-12-12 08:00:00,0.9921,0.9937,0.9921,0.9932,9284,-1.0,-1.0,0.0,8261.909999999996,97,147,2,0.9921,0.9929,0.0,0.0
2018-12-12 12:00:00,0.9932,0.9965,0.9931,0.9941,10777,-0.1863134,-0.1863134,0.0,8153.889999999996,97,148,0,0.0,0.0,0.0,-108.02
2018-12-12 16:00:00,0.9941,0.9953,0.9915,0.9918,15512,0.883351,0.883351,0.0,8153.889999999996,97,148,1,0.9918,0.991,0.0,0.0
2018-12-12 20:00:00,0.9918,0.9937,0.9913,0.9934,6252,-0.06888059,-0.06888059,0.0,8153.889999999996,97,148,1,0.9918,0.991,0.0,0.0
2018-12-13 00:00:00,0.9934,0.9936,0.9918,0.9935,5514,0.24693699,0.24693699,0.0,8153.889999999996,97,148,1,0.9918,0.991,0.0,0.0
2018-12-13 04:00:00,0.9935,0.9941,0.9935,0.9938,2639,-0.35129583,-0.35129583,0.0,8153.889999999996,97,148,1,0.9918,0.991,0.0,0.0
2018-12-13 08:00:00,0.9938,0.9939,0.9914,0.9921,7259,-0.0448848,-0.0448848,0.0,8153.889999999996,97,148,1,0.9918,0.991,0.0,0.0
2018-12-13 12:00:00,0.9921,0.9945,0.9911,0.9938,12081,0.0851843,0.0851843,0.0,8153.889999999996,97,148,1,0.9918,0.991,0.0,0.0
2018-12-13 16:00:00,0.9938,0.9954,0.9924,0.9939,15440,0.8861688,0.8861688,0.0,8153.889999999996,97,148,1,0.9918,0.991,0.0,0.0
2018-12-13 20:00:00,0.9939,0.994,0.9929,0.9939,4990,-0.37104613,-0.37104613,0.0,8153.889999999996,97,148,1,0.9918,0.991,0.0,0.0
2018-12-14 00:00:00,0.994,0.9941,0.9924,0.9935,5838,-0.8130773,-0.8130773,0.0,8357.519999999995,98,148,0,0.0,0.0,0.0,203.63
2018-12-14 04:00:00,0.9935,0.9942,0.9934,0.994,3650,-1.0,-1.0,0.0,8357.519999999995,98,148,2,0.994,0.9948,0.0,0.0
2018-12-14 08:00:00,0.994,0.9976,0.9938,0.9972,10301,1.0,1.0,0.0,8357.519999999995,98,148,2,0.994,0.9948,0.0,0.0
2018-12-14 12:00:00,0.9972,0.9979,0.9961,0.9975,10743,0.7252051,0.7252051,0.0,8038.389999999995,98,149,0,0.0,0.0,0.0,-319.13
2018-12-14 16:00:00,0.9975,0.9983,0.9962,0.9969,9326,-1.0,-1.0,0.0,8038.389999999995,98,149,2,0.9969,0.9977,0.0,0.0
2018-12-14 20:00:00,0.9969,0.9989,0.9968,0.9981,3329,-0.22495085,-0.22495085,0.0,8038.389999999995,98,149,2,0.9969,0.9977,0.0,0.0
2018-12-17 00:00:00,0.9948,0.9985,0.9946,0.9975,25454,-1.0,-1.0,0.0,7923.179999999995,98,150,0,0.0,0.0,0.0,-115.21
2018-12-17 04:00:00,0.9975,0.9982,0.9972,0.9978,2403,-0.21106397,-0.21106397,0.0,7923.179999999995,98,150,0,0.0,0.0,0.0,0.0
2018-12-17 08:00:00,0.9978,0.9979,0.9958,0.9959,5873,-0.27862,-0.27862,0.0,7923.179999999995,98,150,0,0.9959,0.9967,0.0,0.0
2018-12-17 12:00:00,0.9959,0.9962,0.9917,0.9919,9589,-1.0,-1.0,0.0,7923.179999999995,98,150,2,0.9919,0.9938,0.0,0.0
2018-12-17 16:00:00,0.9919,0.9945,0.9918,0.9924,10434,-0.6108596,-0.6108596,0.0,7923.179999999995,98,150,2,0.9919,0.9938,0.0,0.0
2018-12-17 20:00:00,0.9924,0.9934,0.9921,0.9929,5363,0.64625174,0.64625174,0.0,7923.179999999995,98,150,2,0.9919,0.9938,0.0,0.0
2018-12-18 00:00:00,0.9931,0.9935,0.9921,0.9923,3493,0.2700057,0.2700057,0.0,7923.179999999995,98,150,2,0.9919,0.9938,0.0,0.0
2018-12-18 04:00:00,0.9923,0.9931,0.9921,0.9926,2773,0.063795075,0.063795075,0.0,7923.179999999995,98,150,2,0.9919,0.9938,0.0,0.0
2018-12-18 08:00:00,0.9926,0.9936,0.9908,0.9915,9713,0.80394554,0.80394554,0.0,7857.299999999995,98,151,0,0.0,0.0,0.0,-65.88
2018-12-18 12:00:00,0.9915,0.9918,0.9899,0.9904,9274,0.9808423,0.9808423,0.0,7857.299999999995,98,151,1,0.9904,0.9896,0.0,0.0
2018-12-18 16:00:00,0.9904,0.9933,0.9903,0.9933,10822,0.38664937,0.38664937,0.0,7857.299999999995,98,151,1,0.9904,0.9896,0.0,0.0
2018-12-18 20:00:00,0.9933,0.9937,0.992,0.9926,7909,0.17462176,0.17462176,0.0,7857.299999999995,98,151,1,0.9904,0.9896,0.0,0.0
2018-12-19 00:00:00,0.9925,0.9927,0.9914,0.9922,3214,0.34852389,0.34852389,0.0,7857.299999999995,98,151,1,0.9904,0.9896,0.0,0.0
2018-12-19 04:00:00,0.9922,0.9925,0.9915,0.9921,3056,1.0,1.0,0.0,7857.299999999995,98,151,1,0.9904,0.9896,0.0,0.0
2018-12-19 08:00:00,0.9921,0.9931,0.9911,0.9931,9099,-0.321457,-0.321457,0.0,7857.299999999995,98,151,1,0.9904,0.9896,0.0,0.0
2018-12-19 12:00:00,0.9931,0.9942,0.9923,0.9928,9523,0.49789983,0.49789983,0.0,7857.299999999995,98,151,1,0.9904,0.9896,0.0,0.0
2018-12-19 16:00:00,0.9928,0.993,0.9906,0.9919,10903,-0.13766852,-0.13766852,0.0,7857.299999999995,98,151,1,0.9904,0.9896,0.0,0.0
2018-12-19 20:00:00,0.9919,0.9955,0.9907,0.9945,19403,0.9451204,0.9451204,0.0,7857.299999999995,98,151,1,0.9904,0.9896,0.0,0.0
2018-12-20 00:00:00,0.9945,0.9952,0.9914,0.9948,11294,-0.34098065,-0.34098065,0.0,7857.299999999995,98,151,1,0.9904,0.9896,0.0,0.0
2018-12-20 04:00:00,0.9948,0.9951,0.9938,0.9939,3389,0.93791425,0.93791425,0.0,7857.299999999995,98,151,1,0.9904,0.9896,0.0,0.0
2018-12-20 08:00:00,0.9939,0.9939,0.9874,0.9875,12584,-0.38512528,-0.38512528,0.0,7857.299999999995,98,151,1,0.9904,0.9896,0.0,0.0
2018-12-20 12:00:00,0.9875,0.99,0.9864,0.9899,13337,-0.5969166,-0.5969166,0.0,7588.0399999999945,98,152,0,0.0,0.0,0.0,-269.26
2018-12-20 16:00:00,0.9899,0.9939,0.9885,0.9891,17311,-0.2378583,-0.2378583,0.0,7588.0399999999945,98,152,0,0.9899,0.9891,0.0,0.0
2018-12-20 20:00:00,0.9891,0.9893,0.984,0.9878,9743,-0.00022142357,-0.00022142357,0.0,7588.0399999999945,98,152,0,0.0,0.0,0.0,0.0
2018-12-21 00:00:00,0.9878,0.9878,0.9866,0.9866,6376,0.9026817,0.9026817,0.0,7588.0399999999945,98,152,1,0.9866,0.9841,0.0,0.0
2018-12-21 04:00:00,0.9866,0.9878,0.9865,0.9872,3331,1.0,1.0,0.0,7588.0399999999945,98,152,1,0.9866,0.9841,0.0,0.0
2018-12-21 08:00:00,0.9872,0.99,0.9861,0.9897,10217,-0.36144996,-0.36144996,0.0,7588.0399999999945,98,152,1,0.9866,0.9841,0.0,0.0
2018-12-21 12:00:00,0.9896,0.9919,0.9894,0.9915,11640,0.5808751,0.5808751,0.0,7588.0399999999945,98,152,1,0.9866,0.9841,0.0,0.0
2018-12-21 16:00:00,0.9915,0.993,0.99,0.9927,18746,-0.63049686,-0.63049686,0.0,8029.149999999994,99,152,0,0.0,0.0,0.0,441.11
2018-12-21 20:00:00,0.9927,0.9957,0.9927,0.995,6723,0.23784105,0.23784105,0.0,8029.149999999994,99,152,0,0.9927,0.9935,0.0,0.0
2018-12-24 00:00:00,0.9949,0.9949,0.9929,0.9935,4079,-0.85091233,-0.85091233,0.0,8029.149999999994,99,152,2,0.9935,0.996,0.0,0.0
2018-12-24 04:00:00,0.9935,0.9937,0.9931,0.9931,1744,0.30615783,0.30615783,0.0,8029.149999999994,99,152,2,0.9935,0.996,0.0,0.0
2018-12-24 08:00:00,0.9931,0.9951,0.9929,0.9949,5826,0.40263766,0.40263766,0.0,8029.149999999994,99,152,2,0.9935,0.996,0.0,0.0
2018-12-24 12:00:00,0.9949,0.995,0.9897,0.9899,6659,-1.0,-1.0,0.0,8029.149999999994,99,152,2,0.9935,0.996,0.0,0.0
2018-12-24 16:00:00,0.9899,0.991,0.9862,0.9882,17807,-0.9804856,-0.9804856,0.0,8029.149999999994,99,152,2,0.9935,0.996,0.0,0.0
2018-12-24 20:00:00,0.9883,0.9883,0.9865,0.9866,354,-1.0,-1.0,0.0,8029.149999999994,99,152,2,0.9935,0.996,0.0,0.0
2018-12-26 04:00:00,0.9858,0.9868,0.9858,0.9865,1926,0.7953999,0.7953999,0.0,8683.179999999995,100,152,0,0.0,0.0,0.0,654.03
2018-12-26 08:00:00,0.9865,0.9893,0.9861,0.9892,2069,0.16221167,0.16221167,0.0,8683.179999999995,100,152,0,0.9866,0.9874,0.0,0.0
2018-12-26 12:00:00,0.9892,0.9915,0.9889,0.991,2661,0.7037335,0.7037335,0.0,8683.179999999995,100,152,1,0.991,0.9885,0.0,0.0
2018-12-26 16:00:00,0.991,0.9943,0.9892,0.9943,8289,-1.0,-1.0,0.0,8683.179999999995,100,152,1,0.991,0.9885,0.0,0.0
2018-12-26 20:00:00,0.9943,0.9963,0.993,0.9956,8188,-0.41255763,-0.41255763,0.0,8683.179999999995,100,152,1,0.991,0.9885,0.0,0.0
2018-12-27 00:00:00,0.9956,0.9957,0.9922,0.9923,4277,1.0,1.0,0.0,8683.179999999995,100,152,1,0.991,0.9885,0.0,0.0
2018-12-27 04:00:00,0.9923,0.9934,0.9919,0.993,3511,-0.19131397,-0.19131397,0.0,8683.179999999995,100,152,1,0.991,0.9885,0.0,0.0
2018-12-27 08:00:00,0.993,0.9933,0.9911,0.9914,8112,-1.0,-1.0,0.0,8889.519999999995,101,152,0,0.0,0.0,0.0,206.34
2018-12-27 12:00:00,0.9914,0.9924,0.9875,0.9879,12183,0.27004474,0.27004474,0.0,8889.519999999995,101,152,0,0.993,0.9905,0.0,0.0
2018-12-27 16:00:00,0.9879,0.991,0.984,0.9878,16508,-0.3298346,-0.3298346,0.0,8889.519999999995,101,152,0,0.0,0.0,0.0,0.0
2018-12-27 20:00:00,0.9878,0.9885,0.9853,0.9878,9958,-0.14431772,-0.14431772,0.0,8889.519999999995,101,152,0,0.9878,0.99,0.0,0.0
2018-12-28 00:00:00,0.9877,0.989,0.985,0.985,3513,-0.89055955,-0.89055955,0.0,8889.519999999995,101,152,2,0.985,0.9858,0.0,0.0
2018-12-28 04:00:00,0.985,0.9854,0.9843,0.9852,3426,0.0026757494,0.0026757494,0.0,8889.519999999995,101,152,2,0.985,0.9858,0.0,0.0
2018-12-28 08:00:00,0.9852,0.9864,0.984,0.985,7560,0.9323875,0.9323875,0.0,8868.549999999996,101,153,0,0.0,0.0,0.0,-20.97
2018-12-28 12:00:00,0.985,0.9856,0.979,0.9793,10896,-0.47451404,-0.47451404,0.0,8868.549999999996,101,153,0,0.9852,0.9827,0.0,0.0
2018-12-28 16:00:00,0.9793,0.9852,0.979,0.9845,14388,-1.0,-1.0,0.0,8868.549999999996,101,153,2,0.9845,0.9853,0.0,0.0
2018-12-28 20:00:00,0.9845,0.9858,0.9831,0.9841,5860,-0.75525045,-0.75525045,0.0,8868.549999999996,101,153,2,0.9845,0.9853,0.0,0.0
2018-12-31 00:00:00,0.9821,0.9845,0.9821,0.9843,3145,-1.0,-1.0,0.0,8868.549999999996,101,153,2,0.9845,0.9853,0.0,0.0
2018-12-31 04:00:00,0.9843,0.9859,0.984,0.9853,3000,-0.5785082,-0.5785082,0.0,8868.549999999996,101,153,2,0.9845,0.9853,0.0,0.0
2018-12-31 08:00:00,0.9853,0.9863,0.9832,0.9849,7129,1.0,1.0,0.0,8784.889999999996,101,154,0,0.0,0.0,0.0,-83.66
2018-12-31 12:00:00,0.9849,0.985,0.9828,0.984,8056,-0.67814046,-0.67814046,0.0,8784.889999999996,101,154,2,0.984,0.9848,0.0,0.0
2018-12-31 16:00:00,0.984,0.9874,0.9827,0.9827,13486,-0.7826661,-0.7826661,0.0,8784.889999999996,101,154,2,0.984,0.9848,0.0,0.0
2018-12-31 20:00:00,0.9827,0.9839,0.9825,0.9828,2727,0.31966642,0.31966642,0.0,8784.889999999996,101,154,2,0.984,0.9848,0.0,0.0
2019-01-02 04:00:00,0.9837,0.9837,0.9816,0.9817,1940,-0.6738503,-0.6738503,0.0,8784.889999999996,101,154,2,0.984,0.9848,0.0,0.0
2019-01-02 08:00:00,0.9817,0.9838,0.9797,0.9837,10996,-0.38227162,-0.38227162,0.0,8784.889999999996,101,154,2,0.984,0.9848,0.0,0.0
2019-01-02 12:00:00,0.9837,0.9884,0.9831,0.9883,11104,-1.0,-1.0,0.0,8784.889999999996,101,154,2,0.984,0.9848,0.0,0.0
2019-01-02 16:00:00,0.9883,0.9904,0.9878,0.9902,13965,-0.42697176,-0.42697176,0.0,8338.159999999996,101,155,0,0.0,0.0,0.0,-446.73
2019-01-02 20:00:00,0.9902,0.992,0.9896,0.99,4944,1.0,1.0,0.0,8338.159999999996,101,155,1,0.99,0.9889,0.0,0.0
2019-01-03 00:00:00,0.9899,0.9908,0.986,0.9874,7469,0.14990866,0.14990866,0.0,8338.159999999996,101,155,1,0.99,0.9889,0.0,0.0
2019-01-03 04:00:00,0.9874,0.9877,0.9858,0.9861,4316,-0.4144734,-0.4144734,0.0,8082.009999999997,101,156,0,0.0,0.0,0.0,-256.15
2019-01-03 08:00:00,0.9861,0.9881,0.9846,0.9864,12993,-1.0,-1.0,0.0,8082.009999999997,101,156,2,0.9864,0.9872,0.0,0.0
2019-01-03 12:00:00,0.9864,0.99,0.9862,0.9884,12035,-0.28860158,-0.28860158,0.0,8082.009999999997,101,156,2,0.9864,0.9872,0.0,0.0
2019-01-03 16:00:00,0.9884,0.99,0.9851,0.9886,22919,-0.9222342,-0.9222342,0.0,7890.829999999996,101,157,0,0.0,0.0,0.0,-191.18
2019-01-03 20:00:00,0.9886,0.9894,0.9862,0.9867,8215,-0.12872003,-0.12872003,0.0,7890.829999999996,101,157,0,0.9867,0.9859,0.0,0.0
2019-01-04 00:00:00,0.9867,0.9874,0.9853,0.9862,3222,0.6785106,0.6785106,0.0,7890.829999999996,101,157,1,0.9862,0.9837,0.0,0.0
2019-01-04 04:00:00,0.9862,0.9879,0.9861,0.9871,2886,1.0,1.0,0.0,7890.829999999996,101,157,1,0.9862,0.9837,0.0,0.0
2019-01-04 08:00:00,0.9871,0.9873,0.9852,0.9869,7251,0.0176004,0.0176004,0.0,7890.829999999996,101,157,1,0.9862,0.9837,0.0,0.0
2019-01-04 12:00:00,0.9869,0.9901,0.9862,0.9891,10876,0.27491048,0.27491048,0.0,7890.829999999996,101,157,1,0.9862,0.9837,0.0,0.0
2019-01-04 16:00:00,0.9891,0.9907,0.9852,0.9859,22604,0.8090594,0.8090594,0.0,7890.829999999996,101,157,1,0.9862,0.9837,0.0,0.0
2019-01-04 20:00:00,0.9859,0.9869,0.9855,0.9862,8136,1.0,1.0,0.0,7890.829999999996,101,157,1,0.9862,0.9837,0.0,0.0
2019-01-07 00:00:00,0.986,0.9872,0.9842,0.9843,4505,-1.0,-1.0,0.0,7890.819999999996,101,158,0,0.0,0.0,0.0,-0.01
2019-01-07 04:00:00,0.9843,0.9846,0.9838,0.9843,2175,1.0,1.0,0.0,7890.819999999996,101,158,1,0.9843,0.9828,0.0,0.0
2019-01-07 08:00:00,0.9843,0.9851,0.9821,0.9824,6747,-0.25551477,-0.25551477,0.0,7890.819999999996,101,158,1,0.9843,0.9828,0.0,0.0
2019-01-07 12:00:00,0.9824,0.9829,0.9801,0.9803,7077,-1.0,-1.0,0.0,7714.569999999996,101,159,0,0.0,0.0,0.0,-176.25
2019-01-07 16:00:00,0.9803,0.982,0.9787,0.9806,14442,1.0,1.0,0.0,7714.569999999996,101,159,1,0.9806,0.9791,0.0,0.0
2019-01-07 20:00:00,0.9806,0.9807,0.9794,0.9796,4812,-0.10124423,-0.10124423,0.0,7714.569999999996,101,159,1,0.9806,0.9791,0.0,0.0
2019-01-08 00:00:00,0.9795,0.9808,0.9788,0.9807,4791,-0.6594706,-0.6594706,0.0,7714.569999999996,101,159,1,0.9806,0.9791,0.0,0.0
2019-01-08 04:00:00,0.9807,0.9826,0.9806,0.9811,2953,-0.40071073,-0.40071073,0.0,7714.569999999996,101,159,1,0.9806,0.9791,0.0,0.0
2019-01-08 08:00:00,0.9811,0.9815,0.9797,0.9804,7007,1.0,1.0,0.0,7714.569999999996,101,159,1,0.9806,0.9791,0.0,0.0
2019-01-08 12:00:00,0.9804,0.9834,0.9789,0.9826,9213,-0.53354704,-0.53354704,0.0,7696.459999999996,101,160,0,0.0,0.0,0.0,-18.11
2019-01-08 16:00:00,0.9826,0.9828,0.9802,0.9807,11038,0.3866971,0.3866971,0.0,7696.459999999996,101,160,0,0.0,0.0,0.0,0.0
2019-01-08 20:00:00,0.9807,0.982,0.9804,0.9812,4479,-1.0,-1.0,0.0,7696.459999999996,101,160,2,0.9812,0.982,0.0,0.0
2019-01-09 00:00:00,0.9811,0.9817,0.9801,0.9809,4021,-0.27389476,-0.27389476,0.0,7696.459999999996,101,160,2,0.9812,0.982,0.0,0.0
2019-01-09 04:00:00,0.9809,0.9817,0.9807,0.9812,5085,0.747573,0.747573,0.0,7696.459999999996,101,160,2,0.9812,0.982,0.0,0.0
2019-01-09 08:00:00,0.9812,0.9815,0.979,0.9798,11889,-0.23520434,-0.23520434,0.0,7696.459999999996,101,160,2,0.9812,0.982,0.0,0.0
2019-01-09 12:00:00,0.9798,0.9814,0.9778,0.978,12591,1.0,1.0,0.0,7822.779999999996,102,160,0,0.0,0.0,0.0,126.32
2019-01-09 16:00:00,0.978,0.9784,0.9732,0.9758,28118,0.66420007,0.66420007,0.0,7822.779999999996,102,160,1,0.9758,0.9734,0.0,0.0
2019-01-09 20:00:00,0.9758,0.9762,0.9734,0.9743,16206,-1.0,-1.0,0.0,7822.779999999996,102,160,1,0.9758,0.9734,0.0,0.0
2019-01-10 00:00:00,0.9743,0.9746,0.9728,0.9728,9888,-0.84963036,-0.84963036,0.0,7685.969999999996,102,161,0,0.0,0.0,0.0,-136.81
2019-01-10 04:00:00,0.9728,0.9732,0.9716,0.9727,5936,-1.0,-1.0,0.0,7685.969999999996,102,161,2,0.9727,0.9744,0.0,0.0
2019-01-10 08:00:00,0.9727,0.9766,0.9727,0.976,13255,1.0,1.0,0.0,7685.969999999996,102,161,2,0.9727,0.9744,0.0,0.0
2019-01-10 12:00:00,0.976,0.9796,0.9757,0.9796,14535,-1.0,-1.0,0.0,7389.749999999995,102,162,0,0.0,0.0,0.0,-296.22
2019-01-10 16:00:00,0.9796,0.9834,0.9789,0.9829,19325,0.43314415,0.43314415,0.0,7389.749999999995,102,162,0,0.9796,0.9821,0.0,0.0
2019-01-10 20:00:00,0.9829,0.9849,0.9823,0.9843,10150,0.6357146,0.6357146,0.0,7389.749999999995,102,162,1,0.9843,0.9835,0.0,0.0
2019-01-11 00:00:00,0.9844,0.9844,0.9834,0.9836,5121,-0.49219728,-0.49219728,0.0,7389.749999999995,102,162,1,0.9843,0.9835,0.0,0.0
2019-01-11 04:00:00,0.9836,0.9839,0.9824,0.9829,4856,0.24603745,0.24603745,0.0,7389.749999999995,102,162,1,0.9843,0.9835,0.0,0.0
2019-01-11 08:00:00,0.9829,0.9837,0.9813,0.9827,7196,-0.26551333,-0.26551333,0.0,7268.059999999996,102,163,0,0.0,0.0,0.0,-121.69
2019-01-11 12:00:00,0.9827,0.9834,0.9814,0.982,10927,0.7550685,0.7550685,0.0,7268.059999999996,102,163,1,0.982,0.9809,0.0,0.0
2019-01-11 16:00:00,0.982,0.9855,0.9816,0.9828,16157,-1.0,-1.0,0.0,7268.059999999996,102,163,1,0.982,0.9809,0.0,0.0
2019-01-11 20:00:00,0.9828,0.9845,0.9828,0.9839,3757,0.4924606,0.4924606,0.0,7268.059999999996,102,163,1,0.982,0.9809,0.0,0.0
2019-01-14 00:00:00,0.9837,0.9847,0.9828,0.9829,2103,-1.0,-1.0,0.0,7430.629999999996,103,163,0,0.0,0.0,0.0,162.57
2019-01-14 04:00:00,0.9829,0.9834,0.9827,0.9832,2329,1.0,1.0,0.0,7430.629999999996,103,163,1,0.9832,0.9807,0.0,0.0
2019-01-14 08:00:00,0.9832,0.9844,0.982,0.9826,6792,-1.0,-1.0,0.0,7430.629999999996,103,163,1,0.9832,0.9807,0.0,0.0
2019-01-14 12:00:00,0.9826,0.9831,0.9812,0.9823,9842,-0.5605853,-0.5605853,0.0,7430.629999999996,103,163,1,0.9832,0.9807,0.0,0.0
2019-01-14 16:00:00,0.9823,0.9824,0.98,0.9802,9827,-0.9181729,-0.9181729,0.0,7352.009999999996,103,164,0,0.0,0.0,0.0,-78.62
2019-01-14 20:00:00,0.9802,0.9816,0.98,0.9808,3898,-0.17146233,-0.17146233,0.0,7352.009999999996,103,164,0,0.0,0.0,0.0,0.0
2019-01-15 00:00:00,0.9808,0.9815,0.9802,0.9803,2769,1.0,1.0,0.0,7352.009999999996,103,164,1,0.9803,0.9795,0.0,0.0
2019-01-15 04:00:00,0.9803,0.9812,0.9802,0.9809,2832,0.18951575,0.18951575,0.0,7352.009999999996,103,164,1,0.9803,0.9795,0.0,0.0
2019-01-15 08:00:00,0.9809,0.9852,0.9805,0.9849,7406,1.0,1.0,0.0,7352.009999999996,103,164,1,0.9803,0.9795,0.0,0.0
2019-01-15 12:00:00,0.9849,0.9869,0.9843,0.9848,9562,0.1327706,0.1327706,0.0,7352.009999999996,103,164,1,0.9803,0.9795,0.0,0.0
2019-01-15 16:00:00,0.9848,0.9893,0.9846,0.9885,14514,0.045267932,0.045267932,0.0,7352.009999999996,103,164,1,0.9803,0.9795,0.0,0.0
2019-01-15 20:00:00,0.9885,0.9893,0.9871,0.9877,9915,-0.3761396,-0.3761396,0.0,7352.009999999996,103,164,1,0.9803,0.9795,0.0,0.0
2019-01-16 00:00:00,0.9876,0.9881,0.9872,0.988,2613,0.26536548,0.26536548,0.0,7352.009999999996,103,164,1,0.9803,0.9795,0.0,0.0
2019-01-16 04:00:00,0.988,0.9884,0.9876,0.9883,2232,1.0,1.0,0.0,7352.009999999996,103,164,1,0.9803,0.9795,0.0,0.0
2019-01-16 08:00:00,0.9883,0.9892,0.9873,0.9882,6769,-0.16632462,-0.16632462,0.0,7352.009999999996,103,164,1,0.9803,0.9795,0.0,0.0
2019-01-16 12:00:00,0.9882,0.9902,0.9879,0.9895,8557,-0.10973196,-0.10973196,0.0,7352.009999999996,103,164,1,0.9803,0.9795,0.0,0.0
2019-01-16 16:00:00,0.9895,0.9909,0.9889,0.9897,10587,0.2501779,0.2501779,0.0,7352.009999999996,103,164,1,0.9803,0.9795,0.0,0.0
2019-01-16 20:00:00,0.9897,0.9907,0.989,0.9902,5565,0.9335458,0.9335458,0.0,7352.009999999996,103,164,1,0.9803,0.9795,0.0,0.0
2019-01-17 00:00:00,0.9903,0.9906,0.9891,0.9906,3152,1.0,1.0,0.0,7352.009999999996,103,164,1,0.9803,0.9795,0.0,0.0
2019-01-17 04:00:00,0.9906,0.9919,0.9905,0.9915,1963,0.18982437,0.18982437,0.0,7352.009999999996,103,164,1,0.9803,0.9795,0.0,0.0
2019-01-17 08:00:00,0.9915,0.9925,0.9909,0.9922,6019,-1.0,-1.0,0.0,8328.919999999996,104,164,0,0.0,0.0,0.0,976.91
2019-01-17 12:00:00,0.9922,0.9933,0.9918,0.9925,7834,-0.63976574,-0.63976574,0.0,8328.919999999996,104,164,2,0.9925,0.9933,0.0,0.0
2019-01-17 16:00:00,0.9925,0.9954,0.9923,0.994,10577,-1.0,-1.0,0.0,8328.919999999996,104,164,2,0.9925,0.9933,0.0,0.0
2019-01-17 20:00:00,0.994,0.9942,0.9931,0.9941,7420,0.48917118,0.48917118,0.0,8180.309999999997,104,165,0,0.0,0.0,0.0,-148.61
2019-01-18 00:00:00,0.9941,0.9942,0.9933,0.9938,2741,-0.8476007,-0.8476007,0.0,8180.309999999997,104,165,2,0.9938,0.9963,0.0,0.0
2019-01-18 04:00:00,0.9938,0.9941,0.9935,0.994,2417,0.06998687,0.06998687,0.0,8180.309999999997,104,165,2,0.9938,0.9963,0.0,0.0
2019-01-18 08:00:00,0.994,0.9946,0.9935,0.994,5043,-1.0,-1.0,0.0,8180.309999999997,104,165,2,0.9938,0.9963,0.0,0.0
2019-01-18 12:00:00,0.994,0.9943,0.9932,0.9941,6463,-0.33926365,-0.33926365,0.0,8180.309999999997,104,165,2,0.9938,0.9963,0.0,0.0
2019-01-18 16:00:00,0.9941,0.9958,0.9937,0.9957,12276,0.2831448,0.2831448,0.0,8180.309999999997,104,165,2,0.9938,0.9963,0.0,0.0
2019-01-18 20:00:00,0.9957,0.9957,0.9949,0.9955,4389,-1.0,-1.0,0.0,8180.309999999997,104,165,2,0.9938,0.9963,0.0,0.0
2019-01-21 00:00:00,0.9933,0.9956,0.9929,0.9951,4604,0.11868192,0.11868192,0.0,8180.309999999997,104,165,2,0.9938,0.9963,0.0,0.0
2019-01-21 04:00:00,0.9951,0.9955,0.9948,0.9952,2134,1.0,1.0,0.0,8053.669999999996,104,166,0,0.0,0.0,0.0,-126.64
2019-01-21 08:00:00,0.9952,0.9977,0.9947,0.9975,4470,1.0,1.0,0.0,8053.669999999996,104,166,1,0.9975,0.995,0.0,0.0
2019-01-21 12:00:00,0.9975,0.9987,0.9964,0.9981,4595,-1.0,-1.0,0.0,8053.669999999996,104,166,1,0.9975,0.995,0.0,0.0
2019-01-21 16:00:00,0.9981,0.9982,0.9969,0.9974,5446,-0.3489093,-0.3489093,0.0,8053.669999999996,104,166,1,0.9975,0.995,0.0,0.0
2019-01-21 20:00:00,0.9975,0.9978,0.9967,0.9972,3233,0.7881214,0.7881214,0.0,8053.669999999996,104,166,1,0.9975,0.995,0.0,0.0
2019-01-22 00:00:00,0.997,0.9977,0.9959,0.9975,4579,1.0,1.0,0.0,8053.669999999996,104,166,1,0.9975,0.995,0.0,0.0
2019-01-22 04:00:00,0.9975,0.9982,0.9972,0.9977,2884,0.03446508,0.03446508,0.0,8053.669999999996,104,166,1,0.9975,0.995,0.0,0.0
2019-01-22 08:00:00,0.9978,0.9981,0.9968,0.9969,8420,-0.10153799,-0.10153799,0.0,8053.669999999996,104,166,1,0.9975,0.995,0.0,0.0
2019-01-22 12:00:00,0.9969,0.9985,0.9961,0.9981,8642,0.26601675,0.26601675,0.0,8053.669999999996,104,166,1,0.9975,0.995,0.0,0.0
2019-01-22 16:00:00,0.9981,0.9984,0.9966,0.9968,12387,1.0,1.0,0.0,8053.669999999996,104,166,1,0.9975,0.995,0.0,0.0
2019-01-22 20:00:00,0.9968,0.9976,0.9963,0.9972,6249,0.313205,0.313205,0.0,8053.669999999996,104,166,1,0.9975,0.995,0.0,0.0
2019-01-23 00:00:00,0.9972,0.9976,0.996,0.9975,4895,0.0656269,0.0656269,0.0,8053.669999999996,104,166,1,0.9975,0.995,0.0,0.0
2019-01-23 04:00:00,0.9975,0.9977,0.997,0.9971,3514,0.2158562,0.2158562,0.0,8053.669999999996,104,166,1,0.9975,0.995,0.0,0.0
2019-01-23 08:00:00,0.9971,0.9984,0.9971,0.9981,7755,0.7364741,0.7364741,0.0,8053.669999999996,104,166,1,0.9975,0.995,0.0,0.0
2019-01-23 12:00:00,0.9981,0.9989,0.9969,0.998,11417,0.21170473,0.21170473,0.0,8053.669999999996,104,166,1,0.9975,0.995,0.0,0.0
2019-01-23 16:00:00,0.998,0.9981,0.9943,0.9945,15471,0.5160867,0.5160867,0.0,8053.669999999996,104,166,1,0.9975,0.995,0.0,0.0
2019-01-23 20:00:00,0.9945,0.9949,0.9939,0.9947,5113,1.0,1.0,0.0,7766.139999999997,104,167,0,0.0,0.0,0.0,-287.53
2019-01-24 00:00:00,0.9948,0.9958,0.9939,0.9943,5604,0.5771161,0.5771161,0.0,7766.139999999997,104,167,1,0.9943,0.9924,0.0,0.0
2019-01-24 04:00:00,0.9943,0.9947,0.9938,0.9941,2955,-0.8870047,-0.8870047,0.0,7766.139999999997,104,167,1,0.9943,0.9924,0.0,0.0
2019-01-24 08:00:00,0.9941,0.9968,0.9936,0.9937,11954,-0.41288888,-0.41288888,0.0,7766.139999999997,104,167,1,0.9943,0.9924,0.0,0.0
2019-01-24 12:00:00,0.9937,0.9967,0.9936,0.9957,16010,-1.0,-1.0,0.0,7710.719999999997,104,168,0,0.0,0.0,0.0,-55.42
2019-01-24 16:00:00,0.9957,0.9973,0.9934,0.997,21057,0.278545,0.278545,0.0,7710.719999999997,104,168,0,0.0,0.0,0.0,0.0
2019-01-24 20:00:00,0.997,0.9976,0.9961,0.9962,8477,0.63378775,0.63378775,0.0,7710.719999999997,104,168,1,0.9962,0.9937,0.0,0.0
2019-01-25 00:00:00,0.9961,0.9966,0.9952,0.9958,12613,1.0,1.0,0.0,7710.719999999997,104,168,1,0.9962,0.9937,0.0,0.0
2019-01-25 04:00:00,0.9958,0.9959,0.995,0.9953,3662,0.10266102,0.10266102,0.0,7710.719999999997,104,168,1,0.9962,0.9937,0.0,0.0
2019-01-25 08:00:00,0.9953,0.9965,0.9951,0.996,9896,-0.46948713,-0.46948713,0.0,7710.719999999997,104,168,1,0.9962,0.9937,0.0,0.0
2019-01-25 12:00:00,0.996,0.9974,0.9954,0.9964,11845,-0.11217902,-0.11217902,0.0,7710.719999999997,104,168,1,0.9962,0.9937,0.0,0.0
2019-01-25 16:00:00,0.9964,0.9965,0.9921,0.9931,20286,0.8478549,0.8478549,0.0,7710.719999999997,104,168,1,0.9962,0.9937,0.0,0.0
2019-01-25 20:00:00,0.9931,0.9935,0.9922,0.9931,9618,-0.56810755,-0.56810755,0.0,7426.659999999996,104,169,0,0.0,0.0,0.0,-284.06
2019-01-28 00:00:00,0.9928,0.9935,0.9921,0.9923,4419,0.7144285,0.7144285,0.0,7426.659999999996,104,169,1,0.9923,0.9898,0.0,0.0
2019-01-28 04:00:00,0.9923,0.9927,0.9917,0.9922,3454,1.0,1.0,0.0,7426.659999999996,104,169,1,0.9923,0.9898,0.0,0.0
2019-01-28 08:00:00,0.9922,0.9933,0.9913,0.9919,8399,0.1571256,0.1571256,0.0,7426.659999999996,104,169,1,0.9923,0.9898,0.0,0.0
2019-01-28 12:00:00,0.9919,0.9929,0.9912,0.9923,9306,-0.4234844,-0.4234844,0.0,7426.659999999996,104,169,1,0.9923,0.9898,0.0,0.0
2019-01-28 16:00:00,0.9923,0.9926,0.9906,0.991,15302,-0.71427053,-0.71427053,0.0,7426.649999999996,104,170,0,0.0,0.0,0.0,-0.01
2019-01-28 20:00:00,0.991,0.9919,0.9905,0.9918,5584,-0.23318937,-0.23318937,0.0,7426.649999999996,104,170,0,0.9923,0.9944,0.0,0.0
2019-01-29 00:00:00,0.9918,0.9926,0.9905,0.9923,3371,0.954517,0.954517,0.0,7426.649999999996,104,170,1,0.9923,0.9911,0.0,0.0
2019-01-29 04:00:00,0.9923,0.9924,0.9916,0.9918,3745,-1.0,-1.0,0.0,7426.649999999996,104,170,1,0.9923,0.9911,0.0,0.0
2019-01-29 08:00:00,0.9918,0.9925,0.9907,0.9919,10992,0.41970506,0.41970506,0.0,7426.649999999996,104,170,1,0.9923,0.9911,0.0,0.0
2019-01-29 12:00:00,0.9919,0.9943,0.9915,0.9937,11767,0.88967395,0.88967395,0.0,7426.649999999996,104,170,1,0.9923,0.9911,0.0,0.0
2019-01-29 16:00:00,0.9937,0.9956,0.9932,0.9953,17218,-1.0,-1.0,0.0,7550.269999999996,105,170,0,0.0,0.0,0.0,123.62
2019-01-29 20:00:00,0.9953,0.9957,0.9944,0.9945,12787,-0.00974601,-0.00974601,0.0,7550.269999999996,105,170,0,0.9945,0.9925,0.0,0.0
2019-01-30 00:00:00,0.9946,0.995,0.9935,0.9946,5761,-0.6056548,-0.6056548,0.0,7550.269999999996,105,170,2,0.9946,0.9971,0.0,0.0
2019-01-30 04:00:00,0.9946,0.9954,0.9943,0.9946,3937,-1.0,-1.0,0.0,7550.269999999996,105,170,2,0.9946,0.9971,0.0,0.0
2019-01-30 08:00:00,0.9946,0.9967,0.9946,0.9961,11188,0.87887293,0.87887293,0.0,7550.259999999996,105,171,0,0.0,0.0,0.0,-0.01
2019-01-30 12:00:00,0.9961,0.9984,0.9956,0.9984,12436,0.6969516,0.6969516,0.0,7550.259999999996,105,171,1,0.9984,0.9976,0.0,0.0
2019-01-30 16:00:00,0.9984,0.9994,0.9979,0.9991,14718,-0.5880397,-0.5880397,0.0,7550.259999999996,105,171,1,0.9984,0.9976,0.0,0.0
2019-01-30 20:00:00,0.9991,0.9992,0.9931,0.9941,16252,-1.0,-1.0,0.0,7613.429999999996,106,171,0,0.0,0.0,0.0,63.17
2019-01-31 00:00:00,0.9941,0.9941,0.9926,0.993,4906,1.0,1.0,0.0,7613.429999999996,106,171,1,0.993,0.9914,0.0,0.0
2019-01-31 04:00:00,0.993,0.9932,0.9922,0.9927,4555,0.796967,0.796967,0.0,7613.429999999996,106,171,1,0.993,0.9914,0.0,0.0
2019-01-31 08:00:00,0.9927,0.9938,0.9919,0.9932,13469,0.780301,0.780301,0.0,7613.429999999996,106,171,1,0.993,0.9914,0.0,0.0
2019-01-31 12:00:00,0.9932,0.9935,0.9921,0.9931,15342,-0.3324015,-0.3324015,0.0,7613.429999999996,106,171,1,0.993,0.9914,0.0,0.0
2019-01-31 16:00:00,0.9931,0.9952,0.9907,0.9937,17932,-0.7359387,-0.7359387,0.0,7622.469999999996,107,171,0,0.0,0.0,0.0,9.04
2019-01-31 20:00:00,0.9937,0.9948,0.9935,0.9942,7804,1.0,1.0,0.0,7622.469999999996,107,171,1,0.9942,0.9934,0.0,0.0
2019-02-01 00:00:00,0.9944,0.9946,0.9924,0.9943,5167,-0.6045215,-0.6045215,0.0,7622.469999999996,107,171,1,0.9942,0.9934,0.0,0.0
2019-02-01 04:00:00,0.9943,0.9953,0.9939,0.9952,4490,-1.0,-1.0,0.0,7631.529999999996,108,171,0,0.0,0.0,0.0,9.06
2019-02-01 08:00:00,0.9952,0.9957,0.9927,0.9928,9759,-0.9091677,-0.9091677,0.0,7631.529999999996,108,171,2,0.9928,0.994,0.0,0.0
2019-02-01 12:00:00,0.9928,0.9948,0.9921,0.993,15795,0.3995539,0.3995539,0.0,7631.529999999996,108,171,2,0.9928,0.994,0.0,0.0
2019-02-01 16:00:00,0.993,0.9963,0.9928,0.9945,18718,0.4590313,0.4590313,0.0,7631.529999999996,108,171,2,0.9928,0.994,0.0,0.0
2019-02-01 20:00:00,0.9946,0.9955,0.9943,0.9953,5661,-0.43064994,-0.43064994,0.0,7477.1299999999965,108,172,0,0.0,0.0,0.0,-154.4
2019-02-04 00:00:00,0.994,0.9958,0.9936,0.9956,3922,-0.11207568,-0.11207568,0.0,7477.1299999999965,108,172,0,0.9956,0.9964,0.0,0.0
2019-02-04 04:00:00,0.9956,0.9971,0.9956,0.9968,4224,1.0,1.0,0.0,7477.1299999999965,108,172,1,0.9968,0.9951,0.0,0.0
2019-02-04 08:00:00,0.9968,0.9974,0.9963,0.9971,8602,-0.41493407,-0.41493407,0.0,7477.1299999999965,108,172,1,0.9968,0.9951,0.0,0.0
2019-02-04 12:00:00,0.9971,0.998,0.9969,0.9975,9534,0.85945296,0.85945296,0.0,7477.1299999999965,108,172,1,0.9968,0.9951,0.0,0.0
2019-02-04 16:00:00,0.9975,0.9994,0.9972,0.9979,15333,-0.9896939,-0.9896939,0.0,7539.5899999999965,109,172,0,0.0,0.0,0.0,62.46
2019-02-04 20:00:00,0.9979,0.9983,0.9976,0.9977,5465,0.84569806,0.84569806,0.0,7539.5899999999965,109,172,1,0.9977,0.9969,0.0,0.0
2019-02-05 00:00:00,0.9978,0.9983,0.9971,0.998,3408,-0.35153085,-0.35153085,0.0,7539.5899999999965,109,172,1,0.9977,0.9969,0.0,0.0
2019-02-05 04:00:00,0.998,0.9986,0.9979,0.9982,3925,-0.61157113,-0.61157113,0.0,7539.5899999999965,109,172,1,0.9977,0.9969,0.0,0.0
2019-02-05 08:00:00,0.9982,1.0005,0.998,1.0005,9000,0.60813224,0.60813224,0.0,7539.5899999999965,109,172,1,0.9977,0.9969,0.0,0.0
2019-02-05 12:00:00,1.0005,1.002,0.9993,0.9997,10807,-0.82119095,-0.82119095,0.0,7792.309999999997,110,172,0,0.0,0.0,0.0,252.72
2019-02-05 16:00:00,0.9997,1.0007,0.9993,1.0002,14768,1.0,1.0,0.0,7792.309999999997,110,172,1,1.0002,0.9994,0.0,0.0
2019-02-05 20:00:00,1.0002,1.0004,0.9996,0.9997,6530,-0.5454502,-0.5454502,0.0,7792.309999999997,110,172,1,1.0002,0.9994,0.0,0.0
2019-02-06 00:00:00,0.9999,1.0,0.9992,1.0,5851,-1.0,-1.0,0.0,7745.689999999997,110,173,0,0.0,0.0,0.0,-46.62
2019-02-06 04:00:00,1.0,1.0002,0.9985,0.9994,6643,0.8823971,0.8823971,0.0,7745.689999999997,110,173,1,0.9994,0.9986,0.0,0.0
2019-02-06 08:00:00,0.9994,1.0013,0.9991,1.0005,9520,-1.0,-1.0,0.0,7745.689999999997,110,173,1,0.9994,0.9986,0.0,0.0
2019-02-06 12:00:00,1.0005,1.0008,0.9996,1.0004,8407,0.74663025,0.74663025,0.0,7745.689999999997,110,173,1,0.9994,0.9986,0.0,0.0
2019-02-06 16:00:00,1.0004,1.0016,0.9999,1.0015,13035,-0.19999637,-0.19999637,0.0,7745.689999999997,110,173,1,0.9994,0.9986,0.0,0.0
2019-02-06 20:00:00,1.0015,1.0026,1.0015,1.0022,7772,1.0,1.0,0.0,7745.689999999997,110,173,1,0.9994,0.9986,0.0,0.0
2019-02-07 00:00:00,1.0024,1.0027,1.0015,1.0026,3082,-1.0,-1.0,0.0,8005.759999999997,111,173,0,0.0,0.0,0.0,260.07
2019-02-07 04:00:00,1.0026,1.0028,1.0024,1.0026,2799,-0.33810085,-0.33810085,0.0,8005.759999999997,111,173,0,0.0,0.0,0.0,0.0
2019-02-07 08:00:00,1.0026,1.0028,1.0017,1.0026,8901,-0.13889766,-0.13889766,0.0,8005.759999999997,111,173,0,1.0026,1.0034,0.0,0.0
2019-02-07 12:00:00,1.0026,1.0028,1.0005,1.0017,13337,-1.0,-1.0,0.0,8005.759999999997,111,173,2,1.0017,1.0025,0.0,0.0
2019-02-07 16:00:00,1.0017,1.0018,1.0,1.0014,14419,-0.53349495,-0.53349495,0.0,8005.759999999997,111,173,2,1.0017,1.0025,0.0,0.0
2019-02-07 20:00:00,1.0014,1.0024,1.001,1.0022,6994,-1.0,-1.0,0.0,8005.759999999997,111,173,2,1.0017,1.0025,0.0,0.0
2019-02-08 00:00:00,1.0023,1.0027,1.0012,1.0022,3924,-0.046935316,-0.046935316,0.0,8005.759999999997,111,173,2,1.0017,1.0025,0.0,0.0
2019-02-08 04:00:00,1.0022,1.0023,1.0016,1.0019,3429,1.0,1.0,0.0,7957.749999999996,111,174,0,0.0,0.0,0.0,-48.01
2019-02-08 08:00:00,1.0019,1.0023,1.0013,1.0021,7919,1.0,1.0,0.0,7957.749999999996,111,174,1,1.0021,0.9997,0.0,0.0
2019-02-08 12:00:00,1.0021,1.0022,1.0008,1.0013,7314,0.15833361,0.15833361,0.0,7957.749999999996,111,174,1,1.0021,0.9997,0.0,0.0
2019-02-08 16:00:00,1.0013,1.0019,0.9995,0.9997,13361,-1.0,-1.0,0.0,7881.459999999996,111,175,0,0.0,0.0,0.0,-76.29
2019-02-08 20:00:00,0.9997,1.0005,0.9995,1.0,5171,1.0,1.0,0.0,7881.459999999996,111,175,1,1.0,0.9992,0.0,0.0
2019-02-11 00:00:00,0.9999,1.0097,0.9973,0.9994,3978,-0.8987252,-0.8987252,0.0,7881.459999999996,111,175,1,1.0,0.9992,0.0,0.0
2019-02-11 04:00:00,0.9994,1.0003,0.9994,0.9997,2331,1.0,1.0,0.0,7881.459999999996,111,175,1,1.0,0.9992,0.0,0.0
2019-02-11 08:00:00,0.9997,1.0029,0.9997,1.0029,5248,-0.23829319,-0.23829319,0.0,7881.459999999996,111,175,1,1.0,0.9992,0.0,0.0
2019-02-11 12:00:00,1.0029,1.004,1.0023,1.0037,5877,1.0,1.0,0.0,7881.459999999996,111,175,1,1.0,0.9992,0.0,0.0
2019-02-11 16:00:00,1.0037,1.0053,1.0032,1.0048,9948,-1.0,-1.0,0.0,8231.679999999997,112,175,0,0.0,0.0,0.0,350.22
2019-02-11 20:00:00,1.0048,1.0049,1.0037,1.0039,5065,0.91143805,0.91143805,0.0,8231.679999999997,112,175,1,1.0039,1.0031,0.0,0.0
2019-02-12 00:00:00,1.004,1.0045,1.0033,1.0043,7583,0.57382226,0.57382226,0.0,8231.679999999997,112,175,1,1.0039,1.0031,0.0,0.0
2019-02-12 04:00:00,1.0043,1.0047,1.0039,1.0045,2570,0.1666557,0.1666557,0.0,8231.679999999997,112,175,1,1.0039,1.0031,0.0,0.0
2019-02-12 08:00:00,1.0045,1.0076,1.0039,1.0074,6915,1.0,1.0,0.0,8231.679999999997,112,175,1,1.0039,1.0031,0.0,0.0
2019-02-12 12:00:00,1.0073,1.0092,1.007,1.009,6467,1.0,1.0,0.0,8231.679999999997,112,175,1,1.0039,1.0031,0.0,0.0
2019-02-12 16:00:00,1.009,1.0091,1.0062,1.0066,11337,0.027008157,0.027008157,0.0,8231.679999999997,112,175,1,1.0039,1.0031,0.0,0.0
2019-02-12 20:00:00,1.0067,1.0067,1.0055,1.0065,5883,0.8617059,0.8617059,0.0,8231.679999999997,112,175,1,1.0039,1.0031,0.0,0.0
2019-02-13 00:00:00,1.0062,1.0067,1.0056,1.0061,8724,-1.0,-1.0,0.0,8489.429999999997,113,175,0,0.0,0.0,0.0,257.75
2019-02-13 04:00:00,1.0061,1.0062,1.0051,1.0052,3587,-0.12896708,-0.12896708,0.0,8489.429999999997,113,175,0,1.0066,1.0074,0.0,0.0
2019-02-13 08:00:00,1.0052,1.0071,1.0051,1.0058,8274,-1.0,-1.0,0.0,8489.429999999997,113,175,2,1.0058,1.0066,0.0,0.0
2019-02-13 12:00:00,1.0058,1.0073,1.0043,1.0071,9933,0.38641366,0.38641366,0.0,8489.429999999997,113,175,2,1.0058,1.0066,0.0,0.0
2019-02-13 16:00:00,1.0071,1.0087,1.0056,1.0085,11234,-1.0,-1.0,0.0,8356.419999999996,113,176,0,0.0,0.0,0.0,-133.01
2019-02-13 20:00:00,1.0085,1.0092,1.0082,1.009,5654,0.12769851,0.12769851,0.0,8356.419999999996,113,176,0,0.0,0.0,0.0,0.0
2019-02-14 00:00:00,1.0092,1.0095,1.0085,1.0085,3073,0.7227094,0.7227094,0.0,8356.419999999996,113,176,1,1.0085,1.0077,0.0,0.0
2019-02-14 04:00:00,1.0085,1.0087,1.0077,1.0077,4050,0.8457483,0.8457483,0.0,8356.419999999996,113,176,1,1.0085,1.0077,0.0,0.0
2019-02-14 08:00:00,1.0077,1.0097,1.0075,1.0086,13802,-0.42824116,-0.42824116,0.0,8275.799999999996,113,177,0,0.0,0.0,0.0,-80.62
2019-02-14 12:00:00,1.0086,1.0092,1.0058,1.0059,12131,0.6511377,0.6511377,0.0,8275.799999999996,113,177,1,1.0059,1.0041,0.0,0.0
2019-02-14 16:00:00,1.0059,1.0079,1.0047,1.0049,14797,1.0,1.0,0.0,8275.799999999996,113,177,1,1.0059,1.0041,0.0,0.0
2019-02-14 20:00:00,1.0049,1.0054,1.0044,1.0048,5485,0.529237,0.529237,0.0,8275.799999999996,113,177,1,1.0059,1.0041,0.0,0.0
2019-02-15 00:00:00,1.005,1.0058,1.0045,1.0057,2783,0.71775156,0.71775156,0.0,8275.799999999996,113,177,1,1.0059,1.0041,0.0,0.0
2019-02-15 04:00:00,1.0057,1.0058,1.0051,1.0054,2084,-0.7993645,-0.7993645,0.0,8255.869999999995,113,178,0,0.0,0.0,0.0,-19.93
2019-02-15 08:00:00,1.0054,1.0069,1.0049,1.0063,7840,1.0,1.0,0.0,8255.869999999995,113,178,1,1.0063,1.0041,0.0,0.0
2019-02-15 12:00:00,1.0063,1.0089,1.0058,1.0078,10881,1.0,1.0,0.0,8255.869999999995,113,178,1,1.0063,1.0041,0.0,0.0
2019-02-15 16:00:00,1.0078,1.0079,1.0055,1.0064,14570,-0.60428184,-0.60428184,0.0,8255.869999999995,113,178,1,1.0063,1.0041,0.0,0.0
2019-02-15 20:00:00,1.0064,1.0066,1.0044,1.0049,6036,0.011411637,0.011411637,0.0,8255.869999999995,113,178,1,1.0063,1.0041,0.0,0.0
2019-02-18 00:00:00,1.0045,1.0054,1.0034,1.0034,2607,0.005665291,0.005665291,0.0,8255.869999999995,113,178,1,1.0063,1.0041,0.0,0.0
2019-02-18 04:00:00,1.0034,1.004,1.0028,1.0038,3458,1.0,1.0,0.0,7968.399999999995,113,179,0,0.0,0.0,0.0,-287.47
2019-02-18 08:00:00,1.0038,1.005,1.003,1.0033,7379,-1.0,-1.0,0.0,7968.399999999995,113,179,2,1.0033,1.0041,0.0,0.0
2019-02-18 12:00:00,1.0033,1.0035,1.0025,1.003,5739,0.09922181,0.09922181,0.0,7968.399999999995,113,179,2,1.0033,1.0041,0.0,0.0
2019-02-18 16:00:00,1.003,1.0046,1.0023,1.0041,5862,-0.7792421,-0.7792421,0.0,7968.399999999995,113,179,2,1.0033,1.0041,0.0,0.0
2019-02-18 20:00:00,1.0041,1.0045,1.0037,1.004,2282,-1.0,-1.0,0.0,7891.799999999995,113,180,0,0.0,0.0,0.0,-76.6
2019-02-19 00:00:00,1.004,1.005,1.0035,1.0049,3841,0.25928143,0.25928143,0.0,7891.799999999995,113,180,0,1.0038,1.0046,0.0,0.0
2019-02-19 04:00:00,1.0049,1.0056,1.0047,1.0051,5804,0.028165454,0.028165454,0.0,7891.799999999995,113,180,0,1.0051,1.0059,0.0,0.0
2019-02-19 08:00:00,1.0051,1.0055,1.0034,1.0044,8748,-0.39360133,-0.39360133,0.0,7891.799999999995,113,180,0,1.0051,1.0059,0.0,0.0
2019-02-19 12:00:00,1.0044,1.006,1.0039,1.0044,10563,0.70976955,0.70976955,0.0,7891.799999999995,113,180,1,1.0044,1.0036,0.0,0.0
2019-02-19 16:00:00,1.0044,1.0044,1.0001,1.0005,13994,1.0,1.0,0.0,7891.799999999995,113,180,1,1.0044,1.0036,0.0,0.0
2019-02-19 20:00:00,1.0005,1.0012,1.0002,1.0009,5555,-0.5180218,-0.5180218,0.0,7523.319999999994,113,181,0,0.0,0.0,0.0,-368.48
2019-02-20 00:00:00,1.0011,1.0015,1.0002,1.0007,5275,0.20117193,0.20117193,0.0,7523.319999999994,113,181,0,1.0005,1.0029,0.0,0.0
2019-02-20 04:00:00,1.0006,1.0015,1.0006,1.0015,4878,-0.26702973,-0.26702973,0.0,7523.319999999994,113,181,0,0.0,0.0,0.0,0.0
2019-02-20 08:00:00,1.0015,1.002,1.0003,1.0008,9450,0.5051109,0.5051109,0.0,7523.319999999994,113,181,1,1.0008,0.9983,0.0,0.0
2019-02-20 12:00:00,1.0008,1.0015,0.9997,0.9999,9424,0.76467305,0.76467305,0.0,7523.319999999994,113,181,1,1.0008,0.9983,0.0,0.0
2019-02-20 16:00:00,0.9999,1.0011,0.9982,0.9984,14887,-0.16778128,-0.16778128,0.0,7523.319999999994,113,181,1,1.0008,0.9983,0.0,0.0
2019-02-20 20:00:00,0.9984,1.001,0.9981,1.0006,10242,-0.19591355,-0.19591355,0.0,7523.319999999994,113,181,1,1.0008,0.9983,0.0,0.0
2019-02-21 00:00:00,1.0009,1.0014,0.9992,1.0012,7687,-0.48809764,-0.48809764,0.0,7523.319999999994,113,181,1,1.0008,0.9983,0.0,0.0
2019-02-21 04:00:00,1.0012,1.0014,1.0004,1.0011,8109,1.0,1.0,0.0,7523.319999999994,113,181,1,1.0008,0.9983,0.0,0.0
2019-02-21 08:00:00,1.0011,1.002,1.0001,1.0019,16087,-0.09573001,-0.09573001,0.0,7523.319999999994,113,181,1,1.0008,0.9983,0.0,0.0
2019-02-21 12:00:00,1.0019,1.0022,0.9997,0.9999,12318,-1.0,-1.0,0.0,7622.519999999994,114,181,0,0.0,0.0,0.0,99.2
2019-02-21 16:00:00,0.9999,1.0023,0.9994,1.0014,13918,0.32237947,0.32237947,0.0,7622.519999999994,114,181,0,1.0012,1.002,0.0,0.0
2019-02-21 20:00:00,1.0014,1.002,1.0006,1.001,6174,0.16637275,0.16637275,0.0,7622.519999999994,114,181,0,1.0012,1.002,0.0,0.0
2019-02-22 00:00:00,1.0013,1.0013,1.0003,1.0012,5488,0.58366674,0.58366674,0.0,7622.519999999994,114,181,1,1.0012,1.0004,0.0,0.0
2019-02-22 04:00:00,1.0012,1.0014,1.0008,1.0009,4149,-0.004338691,-0.004338691,0.0,7622.519999999994,114,181,1,1.0012,1.0004,0.0,0.0
2019-02-22 08:00:00,1.0009,1.001,0.9996,1.0008,8378,-1.0,-1.0,0.0,7595.119999999994,114,182,0,0.0,0.0,0.0,-27.4
2019-02-22 12:00:00,1.0008,1.0024,1.0002,1.0008,10274,0.18487793,0.18487793,0.0,7595.119999999994,114,182,0,1.0008,1.0,0.0,0.0
2019-02-22 16:00:00,1.0008,1.001,0.9987,0.9991,14954,0.09859765,0.09859765,0.0,7595.119999999994,114,182,0,1.0008,1.0,0.0,0.0
2019-02-22 20:00:00,0.9991,1.0005,0.9991,1.0005,5273,1.0,1.0,0.0,7595.119999999994,114,182,1,1.0005,0.9997,0.0,0.0
2019-02-25 00:00:00,0.9989,1.0005,0.9989,0.9994,2843,1.0,1.0,0.0,7595.119999999994,114,182,1,1.0005,0.9997,0.0,0.0
2019-02-25 04:00:00,0.9994,0.9997,0.9988,0.9991,4783,-0.32288426,-0.32288426,0.0,7495.199999999994,114,183,0,0.0,0.0,0.0,-99.92
2019-02-25 08:00:00,0.9991,1.0,0.9989,0.9994,8791,1.0,1.0,0.0,7495.199999999994,114,183,1,0.9994,0.9986,0.0,0.0
2019-02-25 12:00:00,0.9994,1.0007,0.9983,1.0004,10580,-0.11352781,-0.11352781,0.0,7495.199999999994,114,183,1,0.9994,0.9986,0.0,0.0
2019-02-25 16:00:00,1.0004,1.0011,0.9997,1.0008,15206,0.48323706,0.48323706,0.0,7495.199999999994,114,183,1,0.9994,0.9986,0.0,0.0
2019-02-25 20:00:00,1.0008,1.0011,1.0,1.0005,5020,-0.7091302,-0.7091302,0.0,7620.849999999994,115,183,0,0.0,0.0,0.0,125.65
2019-02-26 00:00:00,1.0003,1.0007,0.9997,1.0003,3717,0.7272055,0.7272055,0.0,7620.849999999994,115,183,1,1.0003,0.9995,0.0,0.0
2019-02-26 04:00:00,1.0003,1.0003,0.9996,1.0001,2845,-0.09594898,-0.09594898,0.0,7620.849999999994,115,183,1,1.0003,0.9995,0.0,0.0
2019-02-26 08:00:00,1.0001,1.0009,0.9993,0.9994,8054,-0.18963993,-0.18963993,0.0,7620.849999999994,115,183,1,1.0003,0.9995,0.0,0.0
2019-02-26 12:00:00,0.9994,1.0012,0.9993,1.0002,10624,-1.0,-1.0,0.0,7538.819999999994,115,184,0,0.0,0.0,0.0,-82.03
2019-02-26 16:00:00,1.0002,1.0019,0.9997,0.9999,16167,-1.0,-1.0,0.0,7538.819999999994,115,184,2,0.9999,1.0007,0.0,0.0
2019-02-26 20:00:00,0.9999,1.0005,0.9987,0.9997,6747,0.97893316,0.97893316,0.0,7538.819999999994,115,184,2,0.9999,1.0007,0.0,0.0
2019-02-27 00:00:00,1.0,1.0005,0.9988,1.0002,4263,-0.2569774,-0.2569774,0.0,7538.819999999994,115,184,2,0.9999,1.0007,0.0,0.0
2019-02-27 04:00:00,1.0002,1.0006,1.0001,1.0004,2604,1.0,1.0,0.0,7511.739999999994,115,185,0,0.0,0.0,0.0,-27.08
2019-02-27 08:00:00,1.0004,1.0005,0.9968,0.9969,9727,0.9507984,0.9507984,0.0,7511.739999999994,115,185,1,0.9969,0.9961,0.0,0.0
2019-02-27 12:00:00,0.9969,0.9979,0.9962,0.9976,10093,1.0,1.0,0.0,7511.739999999994,115,185,1,0.9969,0.9961,0.0,0.0
2019-02-27 16:00:00,0.9976,1.0012,0.997,1.001,14538,-0.6575835,-0.6575835,0.0,7511.739999999994,115,185,1,0.9969,0.9961,0.0,0.0
2019-02-27 20:00:00,1.001,1.0014,1.0008,1.0013,5077,-0.43919852,-0.43919852,0.0,7511.739999999994,115,185,1,0.9969,0.9961,0.0,0.0
2019-02-28 00:00:00,1.0013,1.0014,0.9996,1.0002,4274,-0.6511719,-0.6511719,0.0,7907.729999999994,116,185,0,0.0,0.0,0.0,395.99
2019-02-28 04:00:00,1.0002,1.0002,0.9985,0.9985,3010,-0.9085375,-0.9085375,0.0,7907.729999999994,116,185,2,0.9985,0.9993,0.0,0.0
2019-02-28 08:00:00,0.9985,0.9987,0.9955,0.9957,11128,0.77379453,0.77379453,0.0,7907.729999999994,116,185,2,0.9985,0.9993,0.0,0.0
2019-02-28 12:00:00,0.9957,0.9963,0.9926,0.9957,13410,0.45997444,0.45997444,0.0,7907.729999999994,116,185,2,0.9985,0.9993,0.0,0.0
2019-02-28 16:00:00,0.9957,0.9995,0.9952,0.9974,18691,1.0,1.0,0.0,8171.519999999994,117,185,0,0.0,0.0,0.0,263.79
2019-02-28 20:00:00,0.9974,0.9983,0.997,0.9978,8188,0.16986208,0.16986208,0.0,8171.519999999994,117,185,0,0.9974,0.9966,0.0,0.0
2019-03-01 00:00:00,0.9978,0.9983,0.9964,0.9976,5558,0.28278837,0.28278837,0.0,8171.519999999994,117,185,0,0.9976,1.0001,0.0,0.0
2019-03-01 04:00:00,0.9976,0.9986,0.9975,0.9986,3124,0.1991592,0.1991592,0.0,8171.519999999994,117,185,0,0.9976,1.0001,0.0,0.0
2019-03-01 08:00:00,0.9986,1.0008,0.9979,1.0001,9059,0.63127166,0.63127166,0.0,8171.519999999994,117,185,1,1.0001,0.9993,0.0,0.0
2019-03-01 12:00:00,1.0001,1.0006,0.9975,0.9983,11576,-0.4537731,-0.4537731,0.0,8171.519999999994,117,185,1,1.0001,0.9993,0.0,0.0
2019-03-01 16:00:00,0.9983,0.9992,0.9962,0.9992,16347,0.46320406,0.46320406,0.0,7995.809999999994,117,186,0,0.0,0.0,0.0,-175.71
2019-03-01 20:00:00,0.9992,1.0,0.9988,0.9989,9502,0.7097378,0.7097378,0.0,7995.809999999994,117,186,1,0.9989,0.9974,0.0,0.0
2019-03-04 00:00:00,0.9972,0.999,0.9972,0.9989,3533,-1.0,-1.0,0.0,7995.809999999994,117,186,1,0.9989,0.9974,0.0,0.0
2019-03-04 04:00:00,0.9989,0.9996,0.9989,0.9996,2398,-0.584484,-0.584484,0.0,7995.809999999994,117,186,1,0.9989,0.9974,0.0,0.0
2019-03-04 08:00:00,0.9996,1.0019,0.9992,1.001,9385,-1.0,-1.0,0.0,8062.749999999994,118,186,0,0.0,0.0,0.0,66.94
2019-03-04 12:00:00,1.001,1.0017,0.9995,0.9999,10740,0.27022997,0.27022997,0.0,8062.749999999994,118,186,0,0.9983,0.9975,0.0,0.0
2019-03-04 16:00:00,0.9999,1.001,0.9992,0.9997,11012,-1.0,-1.0,0.0,8062.749999999994,118,186,2,0.9997,1.0016,0.0,0.0
2019-03-04 20:00:00,0.9997,0.9999,0.9985,0.9988,4402,0.6233156,0.6233156,0.0,8062.749999999994,118,186,2,0.9997,1.0016,0.0,0.0
2019-03-05 00:00:00,0.9989,0.9996,0.9978,0.9993,3702,-0.624525,-0.624525,0.0,8062.749999999994,118,186,2,0.9997,1.0016,0.0,0.0
2019-03-05 04:00:00,0.9993,0.9999,0.9991,0.9995,3851,1.0,1.0,0.0,8101.299999999994,119,186,0,0.0,0.0,0.0,38.55
2019-03-05 08:00:00,0.9995,1.0014,0.9994,1.0009,9418,1.0,1.0,0.0,8101.299999999994,119,186,1,1.0009,0.9984,0.0,0.0
2019-03-05 12:00:00,1.0009,1.0014,1.0002,1.0007,8721,1.0,1.0,0.0,8101.299999999994,119,186,1,1.0009,0.9984,0.0,0.0
2019-03-05 16:00:00,1.0007,1.0054,0.9996,1.0051,15137,1.0,1.0,0.0,8101.299999999994,119,186,1,1.0009,0.9984,0.0,0.0
2019-03-05 20:00:00,1.0051,1.0054,1.0038,1.0038,5371,-1.0,-1.0,0.0,8510.509999999993,120,186,0,0.0,0.0,0.0,409.21
2019-03-06 00:00:00,1.0044,1.005,1.0037,1.0048,3943,0.1214079,0.1214079,0.0,8510.509999999993,120,186,0,1.0048,1.0033,0.0,0.0
2019-03-06 04:00:00,1.0048,1.0055,1.0046,1.0052,3593,-1.0,-1.0,0.0,8510.509999999993,120,186,2,1.0052,1.006,0.0,0.0
2019-03-06 08:00:00,1.0052,1.0054,1.0041,1.0051,9155,0.45931593,0.45931593,0.0,8510.509999999993,120,186,2,1.0052,1.006,0.0,0.0
2019-03-06 12:00:00,1.0051,1.0056,1.0042,1.0051,10873,1.0,1.0,0.0,8520.739999999993,121,186,0,0.0,0.0,0.0,10.23
2019-03-06 16:00:00,1.0051,1.0052,1.0031,1.0046,12557,-0.5284787,-0.5284787,0.0,8520.739999999993,121,186,2,1.0046,1.0056,0.0,0.0
2019-03-06 20:00:00,1.0046,1.0051,1.0045,1.0049,4918,0.12839353,0.12839353,0.0,8520.739999999993,121,186,2,1.0046,1.0056,0.0,0.0
2019-03-07 00:00:00,1.0049,1.0051,1.0033,1.0039,6670,-0.07209487,-0.07209487,0.0,8520.739999999993,121,186,2,1.0046,1.0056,0.0,0.0
2019-03-07 04:00:00,1.0039,1.0044,1.0038,1.0042,3942,-1.0,-1.0,0.0,8520.739999999993,121,186,2,1.0046,1.0056,0.0,0.0
2019-03-07 08:00:00,1.0042,1.0053,1.0042,1.0046,9360,0.06929656,0.06929656,0.0,8520.739999999993,121,186,2,1.0046,1.0056,0.0,0.0
2019-03-07 12:00:00,1.0045,1.0084,1.0035,1.0075,14221,0.30656362,0.30656362,0.0,8520.739999999993,121,186,2,1.0046,1.0056,0.0,0.0
2019-03-07 16:00:00,1.0075,1.0113,1.0074,1.0104,19048,-0.65560806,-0.65560806,0.0,8222.839999999993,121,187,0,0.0,0.0,0.0,-297.9
2019-03-07 20:00:00,1.0104,1.0124,1.0104,1.0111,8923,-1.0,-1.0,0.0,8222.839999999993,121,187,2,1.0111,1.0119,0.0,0.0
2019-03-08 00:00:00,1.0112,1.0118,1.0104,1.0116,6447,-1.0,-1.0,0.0,8222.839999999993,121,187,2,1.0111,1.0119,0.0,0.0
2019-03-08 04:00:00,1.0116,1.0117,1.01,1.01,4291,-0.91735995,-0.91735995,0.0,8222.839999999993,121,187,2,1.0111,1.0119,0.0,0.0
2019-03-08 08:00:00,1.01,1.0103,1.0091,1.0099,10174,-0.061390627,-0.061390627,0.0,8222.839999999993,121,187,2,1.0111,1.0119,0.0,0.0
2019-03-08 12:00:00,1.0099,1.0103,1.007,1.0082,12890,0.12514828,0.12514828,0.0,8222.839999999993,121,187,2,1.0111,1.0119,0.0,0.0
2019-03-08 16:00:00,1.0082,1.0085,1.0069,1.0071,18504,0.34508574,0.34508574,0.0,8222.839999999993,121,187,2,1.0111,1.0119,0.0,0.0
2019-03-08 20:00:00,1.0071,1.0082,1.0069,1.0079,6211,0.8316445,0.8316445,0.0,8619.199999999993,122,187,0,0.0,0.0,0.0,396.36
2019-03-11 00:00:00,1.0075,1.0086,1.0075,1.0085,3310,-1.0,-1.0,0.0,8619.199999999993,122,187,2,1.0085,1.0093,0.0,0.0
2019-03-11 04:00:00,1.0085,1.0086,1.0083,1.0085,2146,0.9700851,0.9700851,0.0,8619.199999999993,122,187,2,1.0085,1.0093,0.0,0.0
2019-03-11 08:00:00,1.0085,1.0086,1.0069,1.0077,10905,0.30446896,0.30446896,0.0,8619.199999999993,122,187,2,1.0085,1.0093,0.0,0.0
2019-03-11 12:00:00,1.0077,1.0099,1.0077,1.0092,12231,1.0,1.0,0.0,8702.329999999993,123,187,0,0.0,0.0,0.0,83.13
2019-03-11 16:00:00,1.0092,1.0119,1.0091,1.011,11612,0.493841,0.493841,0.0,8702.329999999993,123,187,0,1.0085,1.0067,0.0,0.0
2019-03-11 20:00:00,1.011,1.0113,1.0101,1.0102,5833,-1.0,-1.0,0.0,8702.329999999993,123,187,2,1.0102,1.011,0.0,0.0
2019-03-12 00:00:00,1.0102,1.0106,1.0094,1.01,3804,0.92702717,0.92702717,0.0,8702.329999999993,123,187,2,1.0102,1.011,0.0,0.0
2019-03-12 04:00:00,1.01,1.011,1.0099,1.0109,2593,1.0,1.0,0.0,8723.349999999993,124,187,0,0.0,0.0,0.0,21.02
2019-03-12 08:00:00,1.0109,1.0112,1.0077,1.0081,10944,-0.5617295,-0.5617295,0.0,8723.349999999993,124,187,2,1.0081,1.0089,0.0,0.0
2019-03-12 12:00:00,1.0082,1.0102,1.0075,1.0076,17782,-1.0,-1.0,0.0,8723.349999999993,124,187,2,1.0081,1.0089,0.0,0.0
2019-03-12 16:00:00,1.0076,1.008,1.0063,1.0072,12258,0.33971798,0.33971798,0.0,8723.349999999993,124,187,2,1.0081,1.0089,0.0,0.0
2019-03-12 20:00:00,1.0072,1.008,1.0065,1.0076,6682,-1.0,-1.0,0.0,8723.349999999993,124,187,2,1.0081,1.0089,0.0,0.0
2019-03-13 00:00:00,1.0076,1.0077,1.0072,1.0075,2889,1.0,1.0,0.0,8775.929999999993,125,187,0,0.0,0.0,0.0,52.58
2019-03-13 04:00:00,1.0075,1.0077,1.0072,1.0074,2442,1.0,1.0,0.0,8775.929999999993,125,187,1,1.0074,1.0049,0.0,0.0
2019-03-13 08:00:00,1.0075,1.0084,1.0057,1.0058,10457,0.550579,0.550579,0.0,8775.929999999993,125,187,1,1.0074,1.0049,0.0,0.0
2019-03-13 12:00:00,1.0058,1.0068,1.0052,1.0059,14520,0.032646332,0.032646332,0.0,8775.929999999993,125,187,1,1.0074,1.0049,0.0,0.0
2019-03-13 16:00:00,1.0058,1.0064,1.0042,1.0047,11690,0.51024526,0.51024526,0.0,8775.929999999993,125,187,1,1.0074,1.0049,0.0,0.0
2019-03-13 20:00:00,1.0047,1.0048,1.0026,1.0035,8701,0.12860589,0.12860589,0.0,8491.059999999992,125,188,0,0.0,0.0,0.0,-284.87
2019-03-14 00:00:00,1.0035,1.0038,1.0029,1.0037,3803,-0.33197585,-0.33197585,0.0,8491.059999999992,125,188,0,1.0035,1.0043,0.0,0.0
2019-03-14 04:00:00,1.0037,1.0046,1.0034,1.0043,4419,0.0050258636,0.0050258636,0.0,8491.059999999992,125,188,0,0.0,0.0,0.0,0.0
2019-03-14 08:00:00,1.0043,1.0048,1.003,1.0043,12744,0.70772225,0.70772225,0.0,8491.059999999992,125,188,1,1.0043,1.0035,0.0,0.0
2019-03-14 12:00:00,1.0043,1.005,1.0035,1.0046,16112,-0.48907116,-0.48907116,0.0,8491.059999999992,125,188,1,1.0043,1.0035,0.0,0.0
2019-03-14 16:00:00,1.0046,1.0051,1.0037,1.0039,12123,0.026650209,0.026650209,0.0,8491.059999999992,125,188,1,1.0043,1.0035,0.0,0.0
2019-03-14 20:00:00,1.0039,1.0043,1.0035,1.0037,3824,0.5030659,0.5030659,0.0,8491.059999999992,125,188,1,1.0043,1.0035,0.0,0.0
2019-03-15 00:00:00,1.0037,1.004,1.0032,1.0037,2217,-1.0,-1.0,0.0,8429.859999999991,125,189,0,0.0,0.0,0.0,-61.2
2019-03-15 04:00:00,1.0037,1.0037,1.0018,1.0026,3097,-1.0,-1.0,0.0,8429.859999999991,125,189,2,1.0026,1.0046,0.0,0.0
2019-03-15 08:00:00,1.0026,1.0044,1.002,1.0038,7478,-0.4751241,-0.4751241,0.0,8429.859999999991,125,189,2,1.0026,1.0046,0.0,0.0
2019-03-15 12:00:00,1.0038,1.0052,1.0027,1.0027,12123,0.14531879,0.14531879,0.0,8429.859999999991,125,189,2,1.0026,1.0046,0.0,0.0
2019-03-15 16:00:00,1.0028,1.0033,1.001,1.0025,13456,1.0,1.0,0.0,8419.73999999999,125,190,0,0.0,0.0,0.0,-10.12
2019-03-15 20:00:00,1.0025,1.0026,1.0015,1.002,3593,0.14002728,0.14002728,0.0,8419.73999999999,125,190,0,1.002,1.0045,0.0,0.0
2019-03-18 00:00:00,1.0019,1.0025,1.0017,1.0021,4780,1.0,1.0,0.0,8419.73999999999,125,190,1,1.0021,0.9996,0.0,0.0
2019-03-18 04:00:00,1.0021,1.0023,1.0014,1.0019,5702,0.99011457,0.99011457,0.0,8419.73999999999,125,190,1,1.0021,0.9996,0.0,0.0
2019-03-18 08:00:00,1.0019,1.002,1.0007,1.0009,9395,-0.25471607,-0.25471607,0.0,8419.73999999999,125,190,1,1.0021,0.9996,0.0,0.0
2019-03-18 12:00:00,1.0009,1.0017,0.9997,1.0014,9358,-0.2359939,-0.2359939,0.0,8419.73999999999,125,190,1,1.0021,0.9996,0.0,0.0
2019-03-18 16:00:00,1.0014,1.0019,1.0001,1.0014,10494,-0.29349783,-0.29349783,0.0,8419.73999999999,125,190,1,1.0021,0.9996,0.0,0.0
2019-03-18 20:00:00,1.0014,1.0015,1.0002,1.0012,4857,-1.0,-1.0,0.0,8349.109999999991,125,191,0,0.0,0.0,0.0,-70.63
2019-03-19 00:00:00,1.0012,1.0014,1.0007,1.0008,5869,-0.4539259,-0.4539259,0.0,8349.109999999991,125,191,0,0.0,0.0,0.0,0.0
2019-03-19 04:00:00,1.0008,1.0009,1.0,1.0007,4864,0.8769689,0.8769689,0.0,8349.109999999991,125,191,1,1.0007,0.9999,0.0,0.0
2019-03-19 08:00:00,1.0007,1.0007,0.9996,0.9998,8022,0.1349326,0.1349326,0.0,8349.109999999991,125,191,1,1.0007,0.9999,0.0,0.0
2019-03-19 12:00:00,0.9998,1.0007,0.9991,0.9997,11540,1.0,1.0,0.0,8259.199999999992,125,192,0,0.0,0.0,0.0,-89.91
2019-03-19 16:00:00,0.9997,1.0002,0.9984,0.9991,11864,0.49352458,0.49352458,0.0,8259.199999999992,125,192,0,0.0,0.0,0.0,0.0
2019-03-19 20:00:00,0.9991,0.9995,0.9986,0.9993,3815,0.6765264,0.6765264,0.0,8259.199999999992,125,192,1,0.9993,0.9985,0.0,0.0
2019-03-20 00:00:00,0.9993,1.0,0.9986,0.9994,6038,-0.97133505,-0.97133505,0.0,8259.199999999992,125,192,1,0.9993,0.9985,0.0,0.0
2019-03-20 04:00:00,0.9994,0.9997,0.9993,0.9994,3997,-0.10104756,-0.10104756,0.0,8259.199999999992,125,192,1,0.9993,0.9985,0.0,0.0
2019-03-20 08:00:00,0.9994,1.001,0.9991,0.9997,10085,0.4664808,0.4664808,0.0,8259.199999999992,125,192,1,0.9993,0.9985,0.0,0.0
2019-03-20 12:00:00,0.9997,0.9998,0.9977,0.9979,10484,0.36717367,0.36717367,0.0,8259.199999999992,125,192,1,0.9993,0.9985,0.0,0.0
2019-03-20 16:00:00,0.9979,0.998,0.9967,0.9974,14257,1.0,1.0,0.0,8121.119999999992,125,193,0,0.0,0.0,0.0,-138.08
2019-03-20 20:00:00,0.9974,0.9974,0.9894,0.991,19564,-1.0,-1.0,0.0,8121.119999999992,125,193,2,0.991,0.993,0.0,0.0
2019-03-21 00:00:00,0.991,0.9914,0.9904,0.9907,5510,0.8570398,0.8570398,0.0,8121.119999999992,125,193,2,0.991,0.993,0.0,0.0
2019-03-21 04:00:00,0.9907,0.9916,0.9903,0.9916,5860,0.7286561,0.7286561,0.0,8121.119999999992,125,193,2,0.991,0.993,0.0,0.0
2019-03-21 08:00:00,0.9916,0.9933,0.9909,0.9928,13793,1.0,1.0,0.0,8063.289999999992,125,194,0,0.0,0.0,0.0,-57.83
2019-03-21 12:00:00,0.9928,0.9943,0.9914,0.9917,16385,1.0,1.0,0.0,8063.289999999992,125,194,1,0.9917,0.9892,0.0,0.0
2019-03-21 16:00:00,0.9917,0.9945,0.9917,0.9935,19685,0.13651629,0.13651629,0.0,8063.289999999992,125,194,1,0.9917,0.9892,0.0,0.0
2019-03-21 20:00:00,0.9935,0.9941,0.9913,0.9916,10564,0.009802351,0.009802351,0.0,8063.289999999992,125,194,1,0.9917,0.9892,0.0,0.0
2019-03-22 00:00:00,0.9916,0.9931,0.9916,0.9926,5910,0.9276331,0.9276331,0.0,8063.289999999992,125,194,1,0.9917,0.9892,0.0,0.0
2019-03-22 04:00:00,0.9926,0.9929,0.9924,0.9927,4845,-1.0,-1.0,0.0,8149.469999999992,126,194,0,0.0,0.0,0.0,86.18
2019-03-22 08:00:00,0.9927,0.997,0.9914,0.9963,21960,1.0,1.0,0.0,8149.469999999992,126,194,1,0.9963,0.9955,0.0,0.0
2019-03-22 12:00:00,0.9963,0.9967,0.9932,0.994,22016,0.18754834,0.18754834,0.0,8149.469999999992,126,194,1,0.9963,0.9955,0.0,0.0
2019-03-22 16:00:00,0.994,0.9955,0.9931,0.9943,22993,-1.0,-1.0,0.0,7926.519999999992,126,195,0,0.0,0.0,0.0,-222.95
2019-03-22 20:00:00,0.9943,0.9954,0.9932,0.9933,5398,-0.4366719,-0.4366719,0.0,7926.519999999992,126,195,0,0.9943,0.9935,0.0,0.0
2019-03-25 00:00:00,0.9937,0.9943,0.9932,0.9938,4694,-1.0,-1.0,0.0,7926.519999999992,126,195,2,0.9938,0.9951,0.0,0.0
2019-03-25 04:00:00,0.9938,0.9949,0.9936,0.9947,6586,0.3514078,0.3514078,0.0,7926.519999999992,126,195,2,0.9938,0.9951,0.0,0.0
2019-03-25 08:00:00,0.9947,0.9948,0.9932,0.9942,12620,-0.85509616,-0.85509616,0.0,7926.519999999992,126,195,2,0.9938,0.9951,0.0,0.0
2019-03-25 12:00:00,0.9942,0.9943,0.992,0.9926,12478,-0.9341366,-0.9341366,0.0,7926.519999999992,126,195,2,0.9938,0.9951,0.0,0.0
2019-03-25 16:00:00,0.9926,0.993,0.9914,0.9919,13355,-1.0,-1.0,0.0,7926.519999999992,126,195,2,0.9938,0.9951,0.0,0.0
2019-03-25 20:00:00,0.9919,0.9926,0.9909,0.9921,7426,-0.38145038,-0.38145038,0.0,7926.519999999992,126,195,2,0.9938,0.9951,0.0,0.0
2019-03-26 00:00:00,0.9922,0.9924,0.9918,0.9921,6729,-1.0,-1.0,0.0,7926.519999999992,126,195,2,0.9938,0.9951,0.0,0.0
2019-03-26 04:00:00,0.9921,0.9931,0.9919,0.9928,7303,1.0,1.0,0.0,8086.479999999992,127,195,0,0.0,0.0,0.0,159.96
2019-03-26 08:00:00,0.9928,0.9937,0.9924,0.9927,12603,-0.27729273,-0.27729273,0.0,8086.479999999992,127,195,0,0.9928,0.9936,0.0,0.0
2019-03-26 12:00:00,0.9927,0.9952,0.9923,0.9945,16729,-0.94997233,-0.94997233,0.0,8086.479999999992,127,195,2,0.9945,0.9953,0.0,0.0
2019-03-26 16:00:00,0.9945,0.9949,0.9929,0.9935,13425,-0.862312,-0.862312,0.0,8086.479999999992,127,195,2,0.9945,0.9953,0.0,0.0
2019-03-26 20:00:00,0.9935,0.9949,0.993,0.9943,6456,0.08031022,0.08031022,0.0,8086.479999999992,127,195,2,0.9945,0.9953,0.0,0.0
2019-03-27 00:00:00,0.9943,0.9953,0.9936,0.9953,8149,-0.033904534,-0.033904534,0.0,8086.479999999992,127,195,2,0.9945,0.9953,0.0,0.0
2019-03-27 04:00:00,0.9953,0.9961,0.9951,0.996,7501,0.33701292,0.33701292,0.0,8009.419999999992,127,196,0,0.0,0.0,0.0,-77.06
2019-03-27 08:00:00,0.9959,0.9966,0.9927,0.9931,13689,-0.16996624,-0.16996624,0.0,8009.419999999992,127,196,0,0.9931,0.9939,0.0,0.0
2019-03-27 12:00:00,0.9931,0.995,0.9905,0.9943,19128,0.8575715,0.8575715,0.0,8009.419999999992,127,196,1,0.9943,0.9935,0.0,0.0
2019-03-27 16:00:00,0.9943,0.9956,0.9931,0.9952,19417,-1.0,-1.0,0.0,8009.419999999992,127,196,1,0.9943,0.9935,0.0,0.0
2019-03-27 20:00:00,0.9952,0.996,0.9939,0.9939,7972,0.65092677,0.65092677,0.0,8009.419999999992,127,196,1,0.9943,0.9935,0.0,0.0
2019-03-28 00:00:00,0.9939,0.9953,0.9939,0.9951,7184,0.62709975,0.62709975,0.0,8009.419999999992,127,196,1,0.9943,0.9935,0.0,0.0
2019-03-28 04:00:00,0.9951,0.9955,0.9948,0.9951,8093,0.12193699,0.12193699,0.0,8009.419999999992,127,196,1,0.9943,0.9935,0.0,0.0
2019-03-28 08:00:00,0.9951,0.9964,0.9948,0.9954,14103,0.22441585,0.22441585,0.0,8009.419999999992,127,196,1,0.9943,0.9935,0.0,0.0
2019-03-28 12:00:00,0.9954,0.9973,0.9947,0.9968,17733,0.10344771,0.10344771,0.0,8009.419999999992,127,196,1,0.9943,0.9935,0.0,0.0
2019-03-28 16:00:00,0.9968,0.9969,0.9949,0.9952,16810,1.0,1.0,0.0,8009.419999999992,127,196,1,0.9943,0.9935,0.0,0.0
2019-03-28 20:00:00,0.9952,0.9962,0.9942,0.9946,8316,-0.2528393,-0.2528393,0.0,8009.419999999992,127,196,1,0.9943,0.9935,0.0,0.0
2019-03-29 00:00:00,0.9946,0.9956,0.9944,0.9955,7206,-0.16228728,-0.16228728,0.0,8009.419999999992,127,196,1,0.9943,0.9935,0.0,0.0
2019-03-29 04:00:00,0.9955,0.9964,0.9953,0.9957,6919,-1.0,-1.0,0.0,8123.899999999991,128,196,0,0.0,0.0,0.0,114.48
2019-03-29 08:00:00,0.9957,0.9964,0.9949,0.9961,13909,0.07910458,0.07910458,0.0,8123.899999999991,128,196,0,0.0,0.0,0.0,0.0
2019-03-29 12:00:00,0.9961,0.9963,0.9945,0.9946,17387,-1.0,-1.0,0.0,8123.899999999991,128,196,2,0.9946,0.9971,0.0,0.0
2019-03-29 16:00:00,0.9946,0.9974,0.9944,0.9956,17103,-1.0,-1.0,0.0,8123.899999999991,128,196,2,0.9946,0.9971,0.0,0.0
2019-03-29 20:00:00,0.9956,0.9961,0.995,0.995,4707,1.0,1.0,0.0,8027.1099999999915,128,197,0,0.0,0.0,0.0,-96.79
2019-04-01 00:00:00,0.9946,0.9958,0.9944,0.9954,4017,-1.0,-1.0,0.0,8027.1099999999915,128,197,2,0.9954,0.9973,0.0,0.0
2019-04-01 04:00:00,0.9954,0.9964,0.9953,0.9956,5477,0.23479436,0.23479436,0.0,8027.1099999999915,128,197,2,0.9954,0.9973,0.0,0.0
2019-04-01 08:00:00,0.9956,0.996,0.9939,0.994,12285,-0.24850865,-0.24850865,0.0,8027.1099999999915,128,197,2,0.9954,0.9973,0.0,0.0
2019-04-01 12:00:00,0.9939,0.9953,0.993,0.9949,14215,0.021853367,0.021853367,0.0,8027.1099999999915,128,197,2,0.9954,0.9973,0.0,0.0
2019-04-01 16:00:00,0.9949,0.9993,0.9942,0.999,15443,-1.0,-1.0,0.0,8027.1099999999915,128,197,2,0.9954,0.9973,0.0,0.0
2019-04-01 20:00:00,0.999,0.9994,0.9986,0.9988,5930,0.3704252,0.3704252,0.0,7681.659999999992,128,198,0,0.0,0.0,0.0,-345.45
2019-04-02 00:00:00,0.9989,0.9994,0.9973,0.9994,3659,-0.4096861,-0.4096861,0.0,7681.659999999992,128,198,0,0.9994,0.9986,0.0,0.0
2019-04-02 04:00:00,0.9994,0.9995,0.9985,0.999,4943,0.561868,0.561868,0.0,7681.659999999992,128,198,1,0.999,0.9965,0.0,0.0
2019-04-02 08:00:00,0.999,1.0,0.9984,0.9998,10534,-0.39316636,-0.39316636,0.0,7681.659999999992,128,198,1,0.999,0.9965,0.0,0.0
2019-04-02 12:00:00,0.9998,0.9999,0.9984,0.9988,12046,0.7905154,0.7905154,0.0,7681.659999999992,128,198,1,0.999,0.9965,0.0,0.0
2019-04-02 16:00:00,0.9988,0.9998,0.998,0.9981,13675,0.19002438,0.19002438,0.0,7681.659999999992,128,198,1,0.999,0.9965,0.0,0.0
2019-04-02 20:00:00,0.9981,0.9989,0.9971,0.9978,7899,1.0,1.0,0.0,7681.659999999992,128,198,1,0.999,0.9965,0.0,0.0
2019-04-03 00:00:00,0.9981,0.9982,0.9971,0.9979,3889,-1.0,-1.0,0.0,7571.589999999992,128,199,0,0.0,0.0,0.0,-110.07
2019-04-03 04:00:00,0.9979,0.9982,0.9973,0.9976,5237,0.15898252,0.15898252,0.0,7571.589999999992,128,199,0,0.9979,0.9958,0.0,0.0
2019-04-03 08:00:00,0.9976,0.9987,0.9961,0.9964,11825,-1.0,-1.0,0.0,7571.589999999992,128,199,2,0.9964,0.9972,0.0,0.0
2019-04-03 12:00:00,0.9964,0.9971,0.9957,0.9963,9384,1.0,1.0,0.0,7571.589999999992,128,199,2,0.9964,0.9972,0.0,0.0
2019-04-03 16:00:00,0.9963,0.9974,0.9953,0.9971,10592,-0.3728143,-0.3728143,0.0,7571.589999999992,128,199,2,0.9964,0.9972,0.0,0.0
2019-04-03 20:00:00,0.9971,0.9982,0.9968,0.998,3943,0.4538907,0.4538907,0.0,7571.589999999992,128,199,2,0.9964,0.9972,0.0,0.0
2019-04-04 00:00:00,0.998,0.9981,0.9964,0.9974,3247,-0.7170987,-0.7170987,0.0,7426.909999999992,128,200,0,0.0,0.0,0.0,-144.68
2019-04-04 04:00:00,0.9974,0.998,0.9973,0.9979,4154,1.0,1.0,0.0,7426.909999999992,128,200,1,0.9979,0.9954,0.0,0.0
2019-04-04 08:00:00,0.9979,0.9986,0.9974,0.9986,8500,-1.0,-1.0,0.0,7426.909999999992,128,200,1,0.9979,0.9954,0.0,0.0
2019-04-04 12:00:00,0.9985,0.9999,0.9979,0.9996,11721,-0.48790112,-0.48790112,0.0,7426.909999999992,128,200,1,0.9979,0.9954,0.0,0.0
2019-04-04 16:00:00,0.9996,1.0003,0.9992,0.9998,11709,1.0,1.0,0.0,7426.909999999992,128,200,1,0.9979,0.9954,0.0,0.0
2019-04-04 20:00:00,0.9998,1.0001,0.9996,0.9999,3549,-1.0,-1.0,0.0,7595.719999999992,129,200,0,0.0,0.0,0.0,168.81
2019-04-05 00:00:00,1.0,1.0003,0.9984,1.0001,4623,1.0,1.0,0.0,7595.719999999992,129,200,1,1.0001,0.9993,0.0,0.0
2019-04-05 04:00:00,1.0001,1.0005,0.9998,1.0,2777,-1.0,-1.0,0.0,7595.719999999992,129,200,1,1.0001,0.9993,0.0,0.0
2019-04-05 08:00:00,1.0,1.0002,0.9993,0.9999,7859,-0.9218128,-0.9218128,0.0,7586.619999999992,129,201,0,0.0,0.0,0.0,-9.1
2019-04-05 12:00:00,0.9999,1.0012,0.9986,0.9998,11476,1.0,1.0,0.0,7586.619999999992,129,201,1,0.9998,0.9975,0.0,0.0
2019-04-05 16:00:00,0.9998,1.001,0.9992,1.0002,11613,0.09821039,0.09821039,0.0,7586.619999999992,129,201,1,0.9998,0.9975,0.0,0.0
2019-04-05 20:00:00,1.0002,1.0006,0.9998,1.0,3739,-0.40459993,-0.40459993,0.0,7586.619999999992,129,201,1,0.9998,0.9975,0.0,0.0
2019-04-08 00:00:00,0.9993,1.0002,0.9993,0.9997,3855,1.0,1.0,0.0,7586.619999999992,129,201,1,0.9998,0.9975,0.0,0.0
2019-04-08 04:00:00,0.9997,0.9998,0.9982,0.9984,5430,-0.4152248,-0.4152248,0.0,7586.619999999992,129,201,1,0.9998,0.9975,0.0,0.0
2019-04-08 08:00:00,0.9984,1.0002,0.9984,1.0001,5944,-1.0,-1.0,0.0,7459.719999999992,129,202,0,0.0,0.0,0.0,-126.9
2019-04-08 12:00:00,1.0001,1.0003,0.9987,0.9991,8076,-0.11288491,-0.11288491,0.0,7459.719999999992,129,202,0,0.9991,0.9983,0.0,0.0
2019-04-08 16:00:00,0.9991,0.9995,0.9977,0.9988,7444,0.21736765,0.21736765,0.0,7459.719999999992,129,202,0,0.9991,0.9983,0.0,0.0
2019-04-08 20:00:00,0.9988,0.9992,0.9987,0.9988,3102,-0.118739285,-0.118739285,0.0,7459.719999999992,129,202,0,0.0,0.0,0.0,0.0
2019-04-09 00:00:00,0.9989,0.9993,0.9984,0.9989,8177,-1.0,-1.0,0.0,7459.719999999992,129,202,2,0.9989,0.9997,0.0,0.0
2019-04-09 04:00:00,0.9989,0.9991,0.9984,0.9988,5521,0.9864325,0.9864325,0.0,7459.719999999992,129,202,2,0.9989,0.9997,0.0,0.0
2019-04-09 08:00:00,0.9988,0.9991,0.9981,0.9982,8411,-1.0,-1.0,0.0,7459.719999999992,129,202,2,0.9989,0.9997,0.0,0.0
2019-04-09 12:00:00,0.9982,0.9998,0.998,0.9992,10022,-0.6746649,-0.6746649,0.0,7459.719999999992,129,202,2,0.9989,0.9997,0.0,0.0
2019-04-09 16:00:00,0.9992,1.0008,0.9979,1.0,9556,0.5091858,0.5091858,0.0,7459.719999999992,129,202,2,0.9989,0.9997,0.0,0.0
2019-04-09 20:00:00,1.0,1.0003,0.9992,0.9996,4584,-0.24979514,-0.24979514,0.0,7361.519999999992,129,203,0,0.0,0.0,0.0,-98.2
2019-04-10 00:00:00,0.9998,1.0001,0.9994,1.0,15455,0.26839367,0.26839367,0.0,7361.519999999992,129,203,0,1.0,1.0008,0.0,0.0
2019-04-10 04:00:00,1.0,1.0005,0.9998,1.0001,4696,0.87265676,0.87265676,0.0,7361.519999999992,129,203,1,1.0001,0.9976,0.0,0.0
2019-04-10 08:00:00,1.0001,1.0013,0.9997,1.001,6871,0.20108414,0.20108414,0.0,7361.519999999992,129,203,1,1.0001,0.9976,0.0,0.0
2019-04-10 12:00:00,1.001,1.0014,0.9989,1.0014,10190,-1.0,-1.0,0.0,7440.869999999993,130,203,0,0.0,0.0,0.0,79.35
2019-04-10 16:00:00,1.0014,1.0033,1.0008,1.0024,13935,0.62573695,0.62573695,0.0,7440.869999999993,130,203,1,1.0024,1.0016,0.0,0.0
2019-04-10 20:00:00,1.0024,1.0029,1.0014,1.0024,5825,-1.0,-1.0,0.0,7440.869999999993,130,203,1,1.0024,1.0016,0.0,0.0
2019-04-11 00:00:00,1.0024,1.0027,1.0017,1.0021,3334,1.0,1.0,0.0,7440.869999999993,130,203,1,1.0024,1.0016,0.0,0.0
2019-04-11 04:00:00,1.0021,1.0025,1.0019,1.0021,4199,0.7485114,0.7485114,0.0,7440.869999999993,130,203,1,1.0024,1.0016,0.0,0.0
2019-04-11 08:00:00,1.0021,1.0025,1.0009,1.0012,10335,0.41863006,0.41863006,0.0,7440.869999999993,130,203,1,1.0024,1.0016,0.0,0.0
2019-04-11 12:00:00,1.0012,1.0046,1.0011,1.0043,9140,-1.0,-1.0,0.0,7333.889999999993,130,204,0,0.0,0.0,0.0,-106.98
2019-04-11 16:00:00,1.0043,1.0045,1.0021,1.003,9634,1.0,1.0,0.0,7333.889999999993,130,204,1,1.003,1.0022,0.0,0.0
2019-04-11 20:00:00,1.003,1.0037,1.0029,1.0032,5291,0.58028066,0.58028066,0.0,7333.889999999993,130,204,1,1.003,1.0022,0.0,0.0
2019-04-12 00:00:00,1.0032,1.0033,1.0016,1.0025,4629,0.9253037,0.9253037,0.0,7333.889999999993,130,204,1,1.003,1.0022,0.0,0.0
2019-04-12 04:00:00,1.0025,1.003,1.0023,1.0025,4242,-0.6250495,-0.6250495,0.0,7289.889999999993,130,205,0,0.0,0.0,0.0,-44.0
2019-04-12 08:00:00,1.0025,1.0028,1.001,1.0013,8218,1.0,1.0,0.0,7289.889999999993,130,205,1,1.0013,0.9988,0.0,0.0
2019-04-12 12:00:00,1.0013,1.0013,0.9998,0.9998,9281,0.75625587,0.75625587,0.0,7289.889999999993,130,205,1,1.0013,0.9988,0.0,0.0
2019-04-12 16:00:00,0.9998,1.0022,0.9997,1.0019,9630,0.07259353,0.07259353,0.0,7289.889999999993,130,205,1,1.0013,0.9988,0.0,0.0
2019-04-12 20:00:00,1.0019,1.003,1.0019,1.0025,3390,-1.0,-1.0,0.0,7342.319999999993,131,205,0,0.0,0.0,0.0,52.43
2019-04-15 00:00:00,1.0011,1.0028,1.0011,1.0025,3648,0.49722144,0.49722144,0.0,7342.319999999993,131,205,0,1.0019,0.9994,0.0,0.0
2019-04-15 04:00:00,1.0025,1.0027,1.0018,1.0019,4356,-0.014955826,-0.014955826,0.0,7342.319999999993,131,205,0,1.0019,0.9994,0.0,0.0
2019-04-15 08:00:00,1.0019,1.0023,1.0009,1.0022,7132,-0.8414663,-0.8414663,0.0,7342.319999999993,131,205,2,1.0022,1.003,0.0,0.0
2019-04-15 12:00:00,1.0022,1.0031,1.0018,1.0024,7058,-0.23933655,-0.23933655,0.0,7342.319999999993,131,205,2,1.0022,1.003,0.0,0.0
2019-04-15 16:00:00,1.0024,1.004,1.0024,1.0038,8182,0.63309664,0.63309664,0.0,7342.319999999993,131,205,2,1.0022,1.003,0.0,0.0
2019-04-15 20:00:00,1.0038,1.0046,1.0036,1.0039,4106,-1.0,-1.0,0.0,7201.199999999993,131,206,0,0.0,0.0,0.0,-141.12
2019-04-16 00:00:00,1.004,1.0042,1.0033,1.0039,3823,-0.24943599,-0.24943599,0.0,7201.199999999993,131,206,0,1.0039,1.0047,0.0,0.0
2019-04-16 04:00:00,1.0039,1.0048,1.0036,1.0037,6416,0.913565,0.913565,0.0,7201.199999999993,131,206,1,1.0037,1.0029,0.0,0.0
2019-04-16 08:00:00,1.0037,1.005,1.0032,1.0049,8453,-0.41661185,-0.41661185,0.0,7201.199999999993,131,206,1,1.0037,1.0029,0.0,0.0
2019-04-16 12:00:00,1.0049,1.0068,1.0045,1.0064,12649,0.3448023,0.3448023,0.0,7201.199999999993,131,206,1,1.0037,1.0029,0.0,0.0
2019-04-16 16:00:00,1.0064,1.0082,1.0057,1.0079,11239,1.0,1.0,0.0,7201.199999999993,131,206,1,1.0037,1.0029,0.0,0.0
2019-04-16 20:00:00,1.0079,1.0079,1.0071,1.0076,5449,-1.0,-1.0,0.0,7565.959999999994,132,206,0,0.0,0.0,0.0,364.76
2019-04-17 00:00:00,1.0076,1.0081,1.007,1.0077,4465,0.42116147,0.42116147,0.0,7565.959999999994,132,206,0,1.0079,1.0054,0.0,0.0
2019-04-17 04:00:00,1.0077,1.0079,1.0069,1.007,4629,-1.0,-1.0,0.0,7565.959999999994,132,206,2,1.007,1.0078,0.0,0.0
2019-04-17 08:00:00,1.007,1.0081,1.0067,1.0074,8534,1.0,1.0,0.0,7565.959999999994,132,206,2,1.007,1.0078,0.0,0.0
2019-04-17 12:00:00,1.0074,1.0091,1.007,1.0086,9046,-0.7167834,-0.7167834,0.0,7565.959999999994,132,206,2,1.007,1.0078,0.0,0.0
2019-04-17 16:00:00,1.0086,1.0106,1.0083,1.0106,12598,0.33040157,0.33040157,0.0,7419.849999999994,132,207,0,0.0,0.0,0.0,-146.11
2019-04-17 20:00:00,1.0106,1.011,1.0099,1.0105,4675,0.021387476,0.021387476,0.0,7419.849999999994,132,207,0,1.0106,1.0081,0.0,0.0
2019-04-18 00:00:00,1.0106,1.0108,1.0101,1.0104,2443,0.15923762,0.15923762,0.0,7419.849999999994,132,207,0,1.0106,1.0081,0.0,0.0
2019-04-18 04:00:00,1.0104,1.0107,1.0099,1.0099,2778,0.16462424,0.16462424,0.0,7419.849999999994,132,207,0,1.0106,1.0081,0.0,0.0
2019-04-18 08:00:00,1.0099,1.0113,1.0092,1.0108,11479,-0.5266328,-0.5266328,0.0,7419.849999999994,132,207,2,1.0108,1.0116,0.0,0.0
2019-04-18 12:00:00,1.0108,1.0132,1.0104,1.0129,10714,-1.0,-1.0,0.0,7419.849999999994,132,207,2,1.0108,1.0116,0.0,0.0
2019-04-18 16:00:00,1.0129,1.0156,1.0124,1.0155,11253,-1.0,-1.0,0.0,7230.989999999994,132,208,0,0.0,0.0,0.0,-188.86
2019-04-18 20:00:00,1.0155,1.0159,1.0147,1.0154,5255,1.0,1.0,0.0,7230.989999999994,132,208,1,1.0154,1.0142,0.0,0.0
2019-04-19 00:00:00,1.0154,1.0155,1.0136,1.015,1399,-0.1651384,-0.1651384,0.0,7230.989999999994,132,208,1,1.0154,1.0142,0.0,0.0
2019-04-19 04:00:00,1.015,1.0153,1.0142,1.0149,2938,-0.710679,-0.710679,0.0,7230.989999999994,132,208,1,1.0154,1.0142,0.0,0.0
2019-04-19 08:00:00,1.0149,1.015,1.013,1.0133,13073,-1.0,-1.0,0.0,7187.069999999994,132,209,0,0.0,0.0,0.0,-43.92
2019-04-19 12:00:00,1.0133,1.0138,1.0132,1.0137,4270,-1.0,-1.0,0.0,7187.069999999994,132,209,2,1.0137,1.0145,0.0,0.0
2019-04-19 16:00:00,1.0137,1.0149,1.0136,1.0144,4823,-0.9466243,-0.9466243,0.0,7187.069999999994,132,209,2,1.0137,1.0145,0.0,0.0
2019-04-19 20:00:00,1.0143,1.0148,1.0138,1.014,8598,-0.47590527,-0.47590527,0.0,7187.069999999994,132,209,2,1.0137,1.0145,0.0,0.0
2019-04-22 00:00:00,1.014,1.0148,1.0132,1.0144,1659,1.0,1.0,0.0,7160.899999999994,132,210,0,0.0,0.0,0.0,-26.17
2019-04-22 04:00:00,1.0144,1.0149,1.0143,1.0147,1517,0.5294214,0.5294214,0.0,7160.899999999994,132,210,1,1.0147,1.0133,0.0,0.0
2019-04-22 08:00:00,1.0147,1.015,1.0144,1.0148,2030,0.19877754,0.19877754,0.0,7160.899999999994,132,210,1,1.0147,1.0133,0.0,0.0
2019-04-22 12:00:00,1.0148,1.015,1.0144,1.015,2507,-1.0,-1.0,0.0,7169.589999999994,133,210,0,0.0,0.0,0.0,8.69
2019-04-22 16:00:00,1.015,1.016,1.0148,1.0155,4741,1.0,1.0,0.0,7169.589999999994,133,210,1,1.0155,1.0147,0.0,0.0
2019-04-22 20:00:00,1.0155,1.016,1.0152,1.0153,2277,0.42452943,0.42452943,0.0,7169.589999999994,133,210,1,1.0155,1.0147,0.0,0.0
2019-04-23 00:00:00,1.0157,1.0163,1.0148,1.0161,2073,-0.59024453,-0.59024453,0.0,7169.589999999994,133,210,1,1.0155,1.0147,0.0,0.0
2019-04-23 04:00:00,1.016,1.0162,1.0155,1.0159,2814,-1.0,-1.0,0.0,7221.879999999994,134,210,0,0.0,0.0,0.0,52.29
2019-04-23 08:00:00,1.0159,1.0185,1.0157,1.0184,7695,-0.37903586,-0.37903586,0.0,7221.879999999994,134,210,0,1.0161,1.0169,0.0,0.0
2019-04-23 12:00:00,1.0184,1.0215,1.0183,1.0215,9828,0.07426986,0.07426986,0.0,7221.879999999994,134,210,0,0.0,0.0,0.0,0.0
2019-04-23 16:00:00,1.0215,1.023,1.0206,1.0209,12762,1.0,1.0,0.0,7221.879999999994,134,210,1,1.0209,1.0201,0.0,0.0
2019-04-23 20:00:00,1.0209,1.021,1.0197,1.0199,4983,0.2341265,0.2341265,0.0,7221.879999999994,134,210,1,1.0209,1.0201,0.0,0.0
2019-04-24 00:00:00,1.0199,1.0206,1.0193,1.0205,6611,-1.0,-1.0,0.0,7133.729999999994,134,211,0,0.0,0.0,0.0,-88.15
2019-04-24 04:00:00,1.0205,1.021,1.0201,1.0201,4808,-0.1640491,-0.1640491,0.0,7133.729999999994,134,211,0,1.0215,1.024,0.0,0.0
2019-04-24 08:00:00,1.0202,1.0203,1.0174,1.0177,8701,-0.37356636,-0.37356636,0.0,7133.729999999994,134,211,0,1.0215,1.024,0.0,0.0
2019-04-24 12:00:00,1.0177,1.019,1.0177,1.0188,9324,-1.0,-1.0,0.0,7133.729999999994,134,211,2,1.0188,1.0213,0.0,0.0
2019-04-24 16:00:00,1.0188,1.0206,1.0168,1.0206,13905,0.6538021,0.6538021,0.0,7133.729999999994,134,211,2,1.0188,1.0213,0.0,0.0
2019-04-24 20:00:00,1.0206,1.0219,1.0198,1.0204,9583,-0.748394,-0.748394,0.0,7133.729999999994,134,211,2,1.0188,1.0213,0.0,0.0
2019-04-25 00:00:00,1.0205,1.0211,1.0196,1.0208,3284,-0.23412669,-0.23412669,0.0,7133.729999999994,134,211,2,1.0188,1.0213,0.0,0.0
2019-04-25 04:00:00,1.0208,1.0209,1.0199,1.0201,2664,-0.6579908,-0.6579908,0.0,7133.729999999994,134,211,2,1.0188,1.0213,0.0,0.0
2019-04-25 08:00:00,1.0201,1.0214,1.0197,1.0199,9816,-0.0504773,-0.0504773,0.0,7133.729999999994,134,211,2,1.0188,1.0213,0.0,0.0
2019-04-25 12:00:00,1.0199,1.0227,1.0199,1.0214,11079,-0.40163833,-0.40163833,0.0,7133.729999999994,134,211,2,1.0188,1.0213,0.0,0.0
2019-04-25 16:00:00,1.0214,1.0214,1.0193,1.0203,11405,-1.0,-1.0,0.0,6907.029999999994,134,212,0,0.0,0.0,0.0,-226.7
2019-04-25 20:00:00,1.0203,1.0211,1.0199,1.0202,5571,-0.3890418,-0.3890418,0.0,6907.029999999994,134,212,0,0.0,0.0,0.0,0.0
2019-04-26 00:00:00,1.0202,1.0206,1.0197,1.0202,2558,0.5550136,0.5550136,0.0,6907.029999999994,134,212,1,1.0202,1.0194,0.0,0.0
2019-04-26 04:00:00,1.0203,1.0204,1.0196,1.0199,3134,-0.99582916,-0.99582916,0.0,6907.029999999994,134,212,1,1.0202,1.0194,0.0,0.0
2019-04-26 08:00:00,1.0199,1.0214,1.0194,1.0204,5360,0.037947703,0.037947703,0.0,6907.029999999994,134,212,1,1.0202,1.0194,0.0,0.0
2019-04-26 12:00:00,1.0204,1.0237,1.0197,1.0202,10305,-1.0,-1.0,0.0,6923.889999999994,135,212,0,0.0,0.0,0.0,16.86
2019-04-26 16:00:00,1.0202,1.0205,1.0184,1.0188,15297,0.2647045,0.2647045,0.0,6923.889999999994,135,212,0,1.0202,1.021,0.0,0.0
2019-04-26 20:00:00,1.0188,1.0198,1.0185,1.0195,5169,-0.8495856,-0.8495856,0.0,6923.889999999994,135,212,2,1.0195,1.0203,0.0,0.0
2019-04-29 00:00:00,1.0195,1.0196,1.0181,1.0195,2064,1.0,1.0,0.0,6923.889999999994,135,212,2,1.0195,1.0203,0.0,0.0
2019-04-29 04:00:00,1.0195,1.0198,1.0186,1.019,3473,-1.0,-1.0,0.0,6923.889999999994,135,212,2,1.0195,1.0203,0.0,0.0
2019-04-29 08:00:00,1.019,1.0201,1.0187,1.0192,5307,1.0,1.0,0.0,6966.089999999994,136,212,0,0.0,0.0,0.0,42.2
2019-04-29 12:00:00,1.0192,1.0215,1.0185,1.0212,6203,0.21505086,0.21505086,0.0,6966.089999999994,136,212,0,1.019,1.0174,0.0,0.0
2019-04-29 16:00:00,1.0212,1.0214,1.0193,1.0197,8158,1.0,1.0,0.0,6966.089999999994,136,212,1,1.0197,1.0189,0.0,0.0
2019-04-29 20:00:00,1.0197,1.0203,1.0193,1.0195,4222,-0.023002485,-0.023002485,0.0,6966.089999999994,136,212,1,1.0197,1.0189,0.0,0.0
2019-04-30 00:00:00,1.0195,1.0197,1.0187,1.0191,1899,-0.85264605,-0.85264605,0.0,6949.079999999994,136,213,0,0.0,0.0,0.0,-17.01
2019-04-30 04:00:00,1.0191,1.0198,1.0189,1.0191,4468,1.0,1.0,0.0,6949.079999999994,136,213,1,1.0191,1.0169,0.0,0.0
2019-04-30 08:00:00,1.0191,1.0199,1.0173,1.0181,9117,-0.4510889,-0.4510889,0.0,6949.079999999994,136,213,1,1.0191,1.0169,0.0,0.0
2019-04-30 12:00:00,1.0181,1.0198,1.0178,1.0192,9458,-0.40000308,-0.40000308,0.0,6949.079999999994,136,213,1,1.0191,1.0169,0.0,0.0
2019-04-30 16:00:00,1.0192,1.0204,1.018,1.0186,14130,-0.8412445,-0.8412445,0.0,6957.539999999994,137,213,0,0.0,0.0,0.0,8.46
2019-04-30 20:00:00,1.0186,1.0192,1.0183,1.0191,7176,-1.0,-1.0,0.0,6957.539999999994,137,213,2,1.0191,1.0199,0.0,0.0
2019-05-01 00:00:00,1.0191,1.0193,1.0182,1.0185,2517,-0.867044,-0.867044,0.0,6957.539999999994,137,213,2,1.0191,1.0199,0.0,0.0
2019-05-01 04:00:00,1.0185,1.0194,1.0184,1.0193,1833,0.19709907,0.19709907,0.0,6957.539999999994,137,213,2,1.0191,1.0199,0.0,0.0
2019-05-01 08:00:00,1.0193,1.0197,1.0169,1.0169,3060,-1.0,-1.0,0.0,6957.539999999994,137,213,2,1.0191,1.0199,0.0,0.0
2019-05-01 12:00:00,1.0169,1.017,1.0151,1.0162,6834,-1.0,-1.0,0.0,6957.539999999994,137,213,2,1.0191,1.0199,0.0,0.0
2019-05-01 16:00:00,1.0162,1.0164,1.0136,1.0141,11825,-0.33222932,-0.33222932,0.0,6957.539999999994,137,213,2,1.0191,1.0199,0.0,0.0
2019-05-01 20:00:00,1.0141,1.0184,1.0126,1.0178,18887,-0.6834509,-0.6834509,0.0,6957.539999999994,137,213,2,1.0191,1.0199,0.0,0.0
2019-05-02 00:00:00,1.0177,1.018,1.0168,1.0175,2690,1.0,1.0,0.0,7067.679999999994,138,213,0,0.0,0.0,0.0,110.14
2019-05-02 04:00:00,1.0175,1.0183,1.0172,1.0173,3720,-1.0,-1.0,0.0,7067.679999999994,138,213,2,1.0173,1.0181,0.0,0.0
2019-05-02 08:00:00,1.0173,1.0192,1.0172,1.0186,8434,0.9370177,0.9370177,0.0,7067.679999999994,138,213,2,1.0173,1.0181,0.0,0.0
2019-05-02 12:00:00,1.0186,1.0197,1.0183,1.0186,9086,0.20302425,0.20302425,0.0,6955.679999999994,138,214,0,0.0,0.0,0.0,-112.0
2019-05-02 16:00:00,1.0186,1.0203,1.0179,1.0189,14913,0.73469746,0.73469746,0.0,6955.679999999994,138,214,1,1.0189,1.0181,0.0,0.0
2019-05-02 20:00:00,1.0189,1.0196,1.0187,1.0193,5651,-1.0,-1.0,0.0,6955.679999999994,138,214,1,1.0189,1.0181,0.0,0.0
2019-05-03 00:00:00,1.0192,1.0195,1.0185,1.0191,3528,-0.17841585,-0.17841585,0.0,6955.679999999994,138,214,1,1.0189,1.0181,0.0,0.0
2019-05-03 04:00:00,1.0191,1.02,1.0191,1.0199,3293,-0.9362668,-0.9362668,0.0,6972.629999999994,139,214,0,0.0,0.0,0.0,16.95
2019-05-03 08:00:00,1.0199,1.0205,1.0196,1.02,6216,0.89067626,0.89067626,0.0,6972.629999999994,139,214,1,1.02,1.0192,0.0,0.0
2019-05-03 12:00:00,1.02,1.0214,1.0193,1.0194,9889,-0.30786678,-0.30786678,0.0,6972.629999999994,139,214,1,1.02,1.0192,0.0,0.0
2019-05-03 16:00:00,1.0194,1.02,1.0167,1.0172,18715,0.884521,0.884521,0.0,6972.629999999994,139,214,1,1.02,1.0192,0.0,0.0
2019-05-03 20:00:00,1.0172,1.0178,1.016,1.0163,5812,-1.0,-1.0,0.0,6734.989999999993,139,215,0,0.0,0.0,0.0,-237.64
2019-05-06 00:00:00,1.0157,1.017,1.0155,1.0158,6713,1.0,1.0,0.0,6734.989999999993,139,215,1,1.0158,1.0142,0.0,0.0
2019-05-06 04:00:00,1.0158,1.0163,1.0151,1.0158,5212,-0.8727032,-0.8727032,0.0,6734.989999999993,139,215,1,1.0158,1.0142,0.0,0.0
2019-05-06 08:00:00,1.0158,1.0175,1.0157,1.0174,6199,-0.79822654,-0.79822654,0.0,6734.979999999993,139,216,0,0.0,0.0,0.0,-0.01
2019-05-06 12:00:00,1.0174,1.0196,1.0172,1.0194,8446,0.33616477,0.33616477,0.0,6734.979999999993,139,216,0,0.0,0.0,0.0,0.0
2019-05-06 16:00:00,1.0194,1.0196,1.0166,1.0168,10134,0.5415286,0.5415286,0.0,6734.979999999993,139,216,1,1.0168,1.0156,0.0,0.0
2019-05-06 20:00:00,1.0168,1.0178,1.0166,1.0177,4869,1.0,1.0,0.0,6734.979999999993,139,216,1,1.0168,1.0156,0.0,0.0
2019-05-07 00:00:00,1.0177,1.0183,1.0168,1.0172,4138,0.25161013,0.25161013,0.0,6734.979999999993,139,216,1,1.0168,1.0156,0.0,0.0
2019-05-07 04:00:00,1.0172,1.0173,1.016,1.0162,4430,-0.34452638,-0.34452638,0.0,6734.979999999993,139,216,1,1.0168,1.0156,0.0,0.0
2019-05-07 08:00:00,1.0162,1.0189,1.0161,1.0184,8976,1.0,1.0,0.0,6734.979999999993,139,216,1,1.0168,1.0156,0.0,0.0
2019-05-07 12:00:00,1.0184,1.0208,1.0182,1.0207,8246,1.0,1.0,0.0,6734.979999999993,139,216,1,1.0168,1.0156,0.0,0.0
2019-05-07 16:00:00,1.0207,1.0226,1.0205,1.0211,13905,0.09268892,0.09268892,0.0,6734.979999999993,139,216,1,1.0168,1.0156,0.0,0.0
2019-05-07 20:00:00,1.0211,1.0213,1.0184,1.0193,8256,1.0,1.0,0.0,6734.979999999993,139,216,1,1.0168,1.0156,0.0,0.0
2019-05-08 00:00:00,1.0193,1.0197,1.0181,1.0191,6829,0.26545265,0.26545265,0.0,6734.979999999993,139,216,1,1.0168,1.0156,0.0,0.0
2019-05-08 04:00:00,1.0191,1.0194,1.0185,1.0186,4620,-0.6693349,-0.6693349,0.0,6923.8699999999935,140,216,0,0.0,0.0,0.0,188.89
2019-05-08 08:00:00,1.0186,1.0194,1.0172,1.0177,7291,-1.0,-1.0,0.0,6923.8699999999935,140,216,2,1.0177,1.0199,0.0,0.0
2019-05-08 12:00:00,1.0177,1.0191,1.0168,1.0185,10464,1.0,1.0,0.0,6923.8699999999935,140,216,2,1.0177,1.0199,0.0,0.0
2019-05-08 16:00:00,1.0185,1.0198,1.0173,1.0197,17580,0.86958694,0.86958694,0.0,6856.349999999993,140,217,0,0.0,0.0,0.0,-67.52
2019-05-08 20:00:00,1.0197,1.0207,1.0194,1.0203,5934,1.0,1.0,0.0,6856.349999999993,140,217,1,1.0203,1.0195,0.0,0.0
2019-05-09 00:00:00,1.0204,1.0209,1.0192,1.0205,4897,-0.0957879,-0.0957879,0.0,6856.349999999993,140,217,1,1.0203,1.0195,0.0,0.0
2019-05-09 04:00:00,1.0205,1.0209,1.0204,1.0205,3517,-0.19738723,-0.19738723,0.0,6856.349999999993,140,217,1,1.0203,1.0195,0.0,0.0
2019-05-09 08:00:00,1.0205,1.0207,1.0171,1.0177,9235,0.43203938,0.43203938,0.0,6856.349999999993,140,217,1,1.0203,1.0195,0.0,0.0
2019-05-09 12:00:00,1.0177,1.0194,1.0163,1.0165,7848,-0.36531097,-0.36531097,0.0,6639.259999999993,140,218,0,0.0,0.0,0.0,-217.09
2019-05-09 16:00:00,1.0165,1.0167,1.0123,1.0144,17453,-1.0,-1.0,0.0,6639.259999999993,140,218,2,1.0144,1.0152,0.0,0.0
2019-05-09 20:00:00,1.0144,1.0154,1.0138,1.0149,7702,-0.608251,-0.608251,0.0,6639.259999999993,140,218,2,1.0144,1.0152,0.0,0.0
2019-05-10 00:00:00,1.0151,1.0158,1.014,1.0155,4832,1.0,1.0,0.0,6598.939999999993,140,219,0,0.0,0.0,0.0,-40.32
2019-05-10 04:00:00,1.0155,1.0157,1.0138,1.0143,7222,-0.13346487,-0.13346487,0.0,6598.939999999993,140,219,0,1.0143,1.0151,0.0,0.0
2019-05-10 08:00:00,1.0143,1.0151,1.0133,1.0135,6693,-0.38299024,-0.38299024,0.0,6598.939999999993,140,219,0,1.0143,1.0151,0.0,0.0
2019-05-10 12:00:00,1.0135,1.0146,1.0104,1.0114,10368,0.74020636,0.74020636,0.0,6598.939999999993,140,219,1,1.0114,1.0106,0.0,0.0
2019-05-10 16:00:00,1.0114,1.0125,1.01,1.0115,13886,-1.0,-1.0,0.0,6598.939999999993,140,219,1,1.0114,1.0106,0.0,0.0
2019-05-10 20:00:00,1.0115,1.0129,1.0107,1.0115,7307,-0.5788202,-0.5788202,0.0,6598.939999999993,140,219,1,1.0114,1.0106,0.0,0.0
2019-05-13 00:00:00,1.0107,1.0121,1.0086,1.0109,3953,-0.023458404,-0.023458404,0.0,6598.939999999993,140,219,1,1.0114,1.0106,0.0,0.0
2019-05-13 04:00:00,1.0109,1.0112,1.0105,1.0111,3162,1.0,1.0,0.0,6598.939999999993,140,219,1,1.0114,1.0106,0.0,0.0
2019-05-13 08:00:00,1.0111,1.0113,1.009,1.0096,6958,-0.34435982,-0.34435982,0.0,6598.939999999993,140,219,1,1.0114,1.0106,0.0,0.0
2019-05-13 12:00:00,1.0096,1.0098,1.0052,1.0066,11138,-0.7317163,-0.7317163,0.0,6455.429999999993,140,220,0,0.0,0.0,0.0,-143.51
2019-05-13 16:00:00,1.0066,1.0069,1.0049,1.0057,14637,0.89443254,0.89443254,0.0,6455.429999999993,140,220,1,1.0057,1.0049,0.0,0.0
2019-05-13 20:00:00,1.0057,1.0069,1.0051,1.0062,7416,-1.0,-1.0,0.0,6455.429999999993,140,220,1,1.0057,1.0049,0.0,0.0
2019-05-14 00:00:00,1.0062,1.0062,1.005,1.0061,3027,-0.22150831,-0.22150831,0.0,6455.429999999993,140,220,1,1.0057,1.0049,0.0,0.0
2019-05-14 04:00:00,1.0061,1.0068,1.0059,1.0065,4349,-0.13900031,-0.13900031,0.0,6455.429999999993,140,220,1,1.0057,1.0049,0.0,0.0
2019-05-14 08:00:00,1.0065,1.0079,1.0056,1.0074,6192,-0.5935885,-0.5935885,0.0,6517.619999999993,141,220,0,0.0,0.0,0.0,62.19
2019-05-14 12:00:00,1.0074,1.0085,1.0069,1.0079,8543,-0.19974945,-0.19974945,0.0,6517.619999999993,141,220,0,0.0,0.0,0.0,0.0
2019-05-14 16:00:00,1.0079,1.0094,1.0072,1.0091,9968,-0.16624269,-0.16624269,0.0,6517.619999999993,141,220,0,0.0,0.0,0.0,0.0
2019-05-14 20:00:00,1.0091,1.0095,1.0085,1.0086,3886,-1.0,-1.0,0.0,6517.619999999993,141,220,2,1.0086,1.0094,0.0,0.0
2019-05-15 00:00:00,1.0086,1.0088,1.0079,1.0079,2091,-1.0,-1.0,0.0,6517.619999999993,141,220,2,1.0086,1.0094,0.0,0.0
2019-05-15 04:00:00,1.0079,1.0088,1.0078,1.0087,1996,0.67390615,0.67390615,0.0,6517.619999999993,141,220,2,1.0086,1.0094,0.0,0.0
2019-05-15 08:00:00,1.0087,1.0091,1.0055,1.0055,5715,-1.0,-1.0,0.0,6517.619999999993,141,220,2,1.0086,1.0094,0.0,0.0
2019-05-15 12:00:00,1.0055,1.0086,1.0055,1.0079,9706,1.0,1.0,0.0,6760.6999999999925,142,220,0,0.0,0.0,0.0,243.08
2019-05-15 16:00:00,1.0079,1.0094,1.0073,1.0092,15770,1.0,1.0,0.0,6760.6999999999925,142,220,1,1.0092,1.0084,0.0,0.0
2019-05-15 20:00:00,1.0092,1.0096,1.0085,1.0086,4241,0.45866036,0.45866036,0.0,6760.6999999999925,142,220,1,1.0092,1.0084,0.0,0.0
2019-05-16 00:00:00,1.0086,1.0086,1.0079,1.0081,2116,0.5119697,0.5119697,0.0,6760.6999999999925,142,220,1,1.0092,1.0084,0.0,0.0
2019-05-16 04:00:00,1.0081,1.0086,1.0077,1.0082,2308,1.0,1.0,0.0,6670.979999999992,142,221,0,0.0,0.0,0.0,-89.72
2019-05-16 08:00:00,1.0082,1.0088,1.0073,1.008,5096,0.73336875,0.73336875,0.0,6670.979999999992,142,221,1,1.008,1.0069,0.0,0.0
2019-05-16 12:00:00,1.008,1.0107,1.0078,1.0102,8527,-0.8613476,-0.8613476,0.0,6670.979999999992,142,221,1,1.008,1.0069,0.0,0.0
2019-05-16 16:00:00,1.0102,1.0106,1.0094,1.0096,10099,0.16206701,0.16206701,0.0,6670.979999999992,142,221,1,1.008,1.0069,0.0,0.0
2019-05-16 20:00:00,1.0096,1.0104,1.0093,1.0098,4684,-0.31748602,-0.31748602,0.0,6670.979999999992,142,221,1,1.008,1.0069,0.0,0.0
2019-05-17 00:00:00,1.0099,1.0104,1.0093,1.0102,2438,-0.22021107,-0.22021107,0.0,6670.979999999992,142,221,1,1.008,1.0069,0.0,0.0
2019-05-17 04:00:00,1.0102,1.0103,1.0087,1.0092,2916,0.86864626,0.86864626,0.0,6670.979999999992,142,221,1,1.008,1.0069,0.0,0.0
2019-05-17 08:00:00,1.0092,1.0095,1.0084,1.0091,6789,0.37414315,0.37414315,0.0,6670.979999999992,142,221,1,1.008,1.0069,0.0,0.0
2019-05-17 12:00:00,1.0091,1.0112,1.0089,1.0103,9167,1.0,1.0,0.0,6670.979999999992,142,221,1,1.008,1.0069,0.0,0.0
2019-05-17 16:00:00,1.0103,1.0121,1.0097,1.0106,10437,1.0,1.0,0.0,6670.979999999992,142,221,1,1.008,1.0069,0.0,0.0
2019-05-17 20:00:00,1.0106,1.0111,1.01,1.0109,6468,-0.83262324,-0.83262324,0.0,6880.709999999992,143,221,0,0.0,0.0,0.0,209.73
2019-05-20 00:00:00,1.0101,1.0114,1.0099,1.0112,2346,1.0,1.0,0.0,6880.709999999992,143,221,1,1.0112,1.0097,0.0,0.0
2019-05-20 04:00:00,1.0112,1.012,1.011,1.0119,3025,1.0,1.0,0.0,6880.709999999992,143,221,1,1.0112,1.0097,0.0,0.0
2019-05-20 08:00:00,1.0119,1.012,1.009,1.0091,5640,-0.6991765,-0.6991765,0.0,6880.709999999992,143,221,1,1.0112,1.0097,0.0,0.0
2019-05-20 12:00:00,1.0091,1.0099,1.0084,1.0089,6389,0.90041727,0.90041727,0.0,6706.229999999992,143,222,0,0.0,0.0,0.0,-174.48
2019-05-20 16:00:00,1.0089,1.0093,1.008,1.0082,9833,-1.0,-1.0,0.0,6706.229999999992,143,222,2,1.0082,1.0103,0.0,0.0
2019-05-20 20:00:00,1.0082,1.0086,1.0082,1.0084,3221,-1.0,-1.0,0.0,6706.229999999992,143,222,2,1.0082,1.0103,0.0,0.0
2019-05-21 00:00:00,1.0084,1.0095,1.008,1.0094,2386,-0.15599833,-0.15599833,0.0,6706.229999999992,143,222,2,1.0082,1.0103,0.0,0.0
2019-05-21 04:00:00,1.0094,1.0098,1.0091,1.0098,2793,0.51100725,0.51100725,0.0,6706.229999999992,143,222,2,1.0082,1.0103,0.0,0.0
2019-05-21 08:00:00,1.0098,1.0119,1.0092,1.0101,6412,-0.91033643,-0.91033643,0.0,6706.229999999992,143,222,2,1.0082,1.0103,0.0,0.0
2019-05-21 12:00:00,1.0101,1.0111,1.0093,1.0109,7711,-0.41912654,-0.41912654,0.0,6706.229999999992,143,222,2,1.0082,1.0103,0.0,0.0
2019-05-21 16:00:00,1.0109,1.0113,1.009,1.0107,14318,0.5562947,0.5562947,0.0,6487.1999999999925,143,223,0,0.0,0.0,0.0,-219.03
2019-05-21 20:00:00,1.0107,1.0115,1.0104,1.0109,3789,-0.9697,-0.9697,0.0,6487.1999999999925,143,223,2,1.0109,1.0117,0.0,0.0
2019-05-22 00:00:00,1.011,1.0111,1.01,1.0108,2965,-0.21726942,-0.21726942,0.0,6487.1999999999925,143,223,2,1.0109,1.0117,0.0,0.0
2019-05-22 04:00:00,1.0108,1.0119,1.0106,1.0117,3741,1.0,1.0,0.0,6495.039999999993,144,223,0,0.0,0.0,0.0,7.84
2019-05-22 08:00:00,1.0117,1.0118,1.01,1.0107,6375,-0.5607332,-0.5607332,0.0,6495.039999999993,144,223,2,1.0107,1.0121,0.0,0.0
2019-05-22 12:00:00,1.0107,1.0109,1.0066,1.0073,7112,0.1797516,0.1797516,0.0,6495.039999999993,144,223,2,1.0107,1.0121,0.0,0.0
2019-05-22 16:00:00,1.0073,1.0093,1.0068,1.0085,9718,1.0,1.0,0.0,6761.1999999999925,145,223,0,0.0,0.0,0.0,266.16
2019-05-22 20:00:00,1.0085,1.0097,1.0081,1.0095,4595,-0.028790567,-0.028790567,0.0,6761.1999999999925,145,223,0,1.0107,1.012,0.0,0.0
2019-05-23 00:00:00,1.0095,1.0097,1.0088,1.0092,6724,1.0,1.0,0.0,6761.1999999999925,145,223,1,1.0092,1.0074,0.0,0.0
2019-05-23 04:00:00,1.0093,1.0093,1.0081,1.0087,2594,-0.24431404,-0.24431404,0.0,6761.1999999999925,145,223,1,1.0092,1.0074,0.0,0.0
2019-05-23 08:00:00,1.0087,1.0098,1.008,1.0091,9003,-0.6971617,-0.6971617,0.0,6761.1999999999925,145,223,1,1.0092,1.0074,0.0,0.0
2019-05-23 12:00:00,1.0091,1.0096,1.0067,1.0077,7789,-1.0,-1.0,0.0,6753.0299999999925,145,224,0,0.0,0.0,0.0,-8.17
2019-05-23 16:00:00,1.0077,1.0095,1.0033,1.0034,19554,-0.42842624,-0.42842624,0.0,6753.0299999999925,145,224,0,1.0107,1.012,0.0,0.0
2019-05-23 20:00:00,1.0034,1.0037,1.0023,1.0032,7072,-0.24876039,-0.24876039,0.0,6753.0299999999925,145,224,0,1.0107,1.012,0.0,0.0
2019-05-24 00:00:00,1.0033,1.0039,1.0027,1.0039,2683,-0.8567624,-0.8567624,0.0,6753.0299999999925,145,224,2,1.0039,1.0047,0.0,0.0
2019-05-24 04:00:00,1.0039,1.0042,1.0035,1.0039,2581,-1.0,-1.0,0.0,6753.0299999999925,145,224,2,1.0039,1.0047,0.0,0.0
2019-05-24 08:00:00,1.0039,1.0041,1.0008,1.0027,8672,-0.3218611,-0.3218611,0.0,6753.0299999999925,145,224,2,1.0039,1.0047,0.0,0.0
2019-05-24 12:00:00,1.0027,1.0037,1.0015,1.0022,9906,0.21217062,0.21217062,0.0,6753.0299999999925,145,224,2,1.0039,1.0047,0.0,0.0
2019-05-24 16:00:00,1.0022,1.0033,1.0009,1.0015,10257,0.038369995,0.038369995,0.0,6753.0299999999925,145,224,2,1.0039,1.0047,0.0,0.0
2019-05-24 20:00:00,1.0015,1.0017,1.0009,1.0016,2719,0.39163363,0.39163363,0.0,6753.0299999999925,145,224,2,1.0039,1.0047,0.0,0.0
2019-05-27 00:00:00,1.0017,1.0023,1.0009,1.0022,1490,-0.2283117,-0.2283117,0.0,6753.0299999999925,145,224,2,1.0039,1.0047,0.0,0.0
2019-05-27 04:00:00,1.0022,1.0029,1.0016,1.0028,2108,0.30098447,0.30098447,0.0,6753.0299999999925,145,224,2,1.0039,1.0047,0.0,0.0
2019-05-27 08:00:00,1.0028,1.0062,1.0027,1.0057,5913,0.27453044,0.27453044,0.0,6753.0299999999925,145,224,2,1.0039,1.0047,0.0,0.0
2019-05-27 12:00:00,1.0057,1.0058,1.0048,1.0051,5671,0.08195144,0.08195144,0.0,6606.7399999999925,145,225,0,0.0,0.0,0.0,-146.29
2019-05-27 16:00:00,1.0051,1.0056,1.0039,1.0041,3587,-0.5630689,-0.5630689,0.0,6606.7399999999925,145,225,2,1.0041,1.0066,0.0,0.0
2019-05-27 20:00:00,1.0041,1.0041,1.0037,1.0037,918,-0.19908966,-0.19908966,0.0,6606.7399999999925,145,225,2,1.0041,1.0066,0.0,0.0
2019-05-28 00:00:00,1.0037,1.0042,1.0034,1.0039,2062,-0.70413893,-0.70413893,0.0,6606.7399999999925,145,225,2,1.0041,1.0066,0.0,0.0
2019-05-28 04:00:00,1.0039,1.0049,1.0038,1.0048,2918,-0.50883865,-0.50883865,0.0,6606.7399999999925,145,225,2,1.0041,1.0066,0.0,0.0
2019-05-28 08:00:00,1.0048,1.005,1.0034,1.0035,7904,-1.0,-1.0,0.0,6606.7399999999925,145,225,2,1.0041,1.0066,0.0,0.0
2019-05-28 12:00:00,1.0035,1.0062,1.0035,1.006,7622,-0.20912607,-0.20912607,0.0,6606.7399999999925,145,225,2,1.0041,1.0066,0.0,0.0
2019-05-28 16:00:00,1.006,1.0097,1.0051,1.0089,14209,0.45049646,0.45049646,0.0,6606.7399999999925,145,225,2,1.0041,1.0066,0.0,0.0
2019-05-28 20:00:00,1.0089,1.0091,1.0071,1.0075,5055,0.06651181,0.06651181,0.0,6223.889999999992,145,226,0,0.0,0.0,0.0,-382.85
2019-05-29 00:00:00,1.0076,1.0077,1.0064,1.0065,3198,0.9951289,0.9951289,0.0,6223.889999999992,145,226,1,1.0065,1.0057,0.0,0.0
2019-05-29 04:00:00,1.0065,1.0069,1.0058,1.006,3982,0.32876292,0.32876292,0.0,6223.889999999992,145,226,1,1.0065,1.0057,0.0,0.0
2019-05-29 08:00:00,1.006,1.0066,1.0053,1.0055,6405,-0.2508763,-0.2508763,0.0,6223.889999999992,145,226,1,1.0065,1.0057,0.0,0.0
2019-05-29 12:00:00,1.0055,1.0067,1.0049,1.0065,8334,-0.05735201,-0.05735201,0.0,6148.999999999992,145,227,0,0.0,0.0,0.0,-74.89
2019-05-29 16:00:00,1.0065,1.0083,1.0062,1.0069,15218,1.0,1.0,0.0,6148.999999999992,145,227,1,1.0069,1.0061,0.0,0.0
2019-05-29 20:00:00,1.0069,1.0086,1.0068,1.008,5741,-0.62751323,-0.62751323,0.0,6148.999999999992,145,227,1,1.0069,1.0061,0.0,0.0
2019-05-30 00:00:00,1.008,1.0084,1.0068,1.0077,2717,0.80477357,0.80477357,0.0,6148.999999999992,145,227,1,1.0069,1.0061,0.0,0.0
2019-05-30 04:00:00,1.0077,1.0079,1.0071,1.0071,3088,-0.32401815,-0.32401815,0.0,6148.999999999992,145,227,1,1.0069,1.0061,0.0,0.0
2019-05-30 08:00:00,1.0071,1.0094,1.0071,1.0091,5065,1.0,1.0,0.0,6148.999999999992,145,227,1,1.0069,1.0061,0.0,0.0
2019-05-30 12:00:00,1.0091,1.0097,1.0075,1.0082,5982,-0.5836508,-0.5836508,0.0,6312.329999999992,146,227,0,0.0,0.0,0.0,163.33
2019-05-30 16:00:00,1.0082,1.0094,1.0071,1.0077,10782,-1.0,-1.0,0.0,6312.329999999992,146,227,2,1.0077,1.0085,0.0,0.0
2019-05-30 20:00:00,1.0077,1.008,1.0069,1.0077,5421,-0.7053882,-0.7053882,0.0,6312.329999999992,146,227,2,1.0077,1.0085,0.0,0.0
2019-05-31 00:00:00,1.0077,1.0079,1.0058,1.0058,4830,0.109432966,0.109432966,0.0,6312.329999999992,146,227,2,1.0077,1.0085,0.0,0.0
2019-05-31 04:00:00,1.0058,1.0064,1.0051,1.0052,5086,-0.2999615,-0.2999615,0.0,6312.329999999992,146,227,2,1.0077,1.0085,0.0,0.0
2019-05-31 08:00:00,1.0052,1.0065,1.0046,1.0052,8518,-1.0,-1.0,0.0,6312.329999999992,146,227,2,1.0077,1.0085,0.0,0.0
2019-05-31 12:00:00,1.0052,1.0064,1.0031,1.0052,11501,-0.33905098,-0.33905098,0.0,6312.329999999992,146,227,2,1.0077,1.0085,0.0,0.0
2019-05-31 16:00:00,1.0052,1.0059,1.0016,1.0018,15530,0.04886272,0.04886272,0.0,6312.329999999992,146,227,2,1.0077,1.0085,0.0,0.0
2019-05-31 20:00:00,1.0018,1.0025,1.0,1.0007,9361,1.0,1.0,0.0,6758.759999999992,147,227,0,0.0,0.0,0.0,446.43
2019-06-03 00:00:00,1.0014,1.0017,0.9989,0.9989,4863,1.0,1.0,0.0,6758.759999999992,147,227,1,0.9989,0.9981,0.0,0.0
2019-06-03 04:00:00,0.9989,0.9993,0.9972,0.9977,4611,1.0,1.0,0.0,6758.759999999992,147,227,1,0.9989,0.9981,0.0,0.0
2019-06-03 08:00:00,0.9977,0.9999,0.9954,0.9968,9327,-0.40458462,-0.40458462,0.0,6661.919999999992,147,228,0,0.0,0.0,0.0,-96.84
2019-06-03 12:00:00,0.9968,0.9997,0.9965,0.998,9823,-0.59563273,-0.59563273,0.0,6661.919999999992,147,228,2,0.998,1.0001,0.0,0.0
2019-06-03 16:00:00,0.998,0.9999,0.9964,0.9969,16759,0.7343629,0.7343629,0.0,6661.919999999992,147,228,2,0.998,1.0001,0.0,0.0
2019-06-03 20:00:00,0.9969,0.9969,0.991,0.9924,12731,-1.0,-1.0,0.0,6661.919999999992,147,228,2,0.998,1.0001,0.0,0.0
2019-06-04 00:00:00,0.9924,0.9927,0.992,0.9924,2379,-0.27179632,-0.27179632,0.0,6661.919999999992,147,228,2,0.998,1.0001,0.0,0.0
2019-06-04 04:00:00,0.9924,0.9933,0.9922,0.9932,4408,0.75597876,0.75597876,0.0,7104.919999999992,148,228,0,0.0,0.0,0.0,443.0
2019-06-04 08:00:00,0.9932,0.994,0.9902,0.994,9589,-1.0,-1.0,0.0,7104.919999999992,148,228,2,0.994,0.9948,0.0,0.0
2019-06-04 12:00:00,0.994,0.9949,0.992,0.9946,12980,-1.0,-1.0,0.0,7104.919999999992,148,228,2,0.994,0.9948,0.0,0.0
2019-06-04 16:00:00,0.9946,0.9956,0.9915,0.9937,17154,0.58983976,0.58983976,0.0,7104.919999999992,148,228,2,0.994,0.9948,0.0,0.0
2019-06-04 20:00:00,0.9937,0.9939,0.9903,0.9919,7975,1.0,1.0,0.0,7130.249999999992,149,228,0,0.0,0.0,0.0,25.33
2019-06-05 00:00:00,0.992,0.9925,0.9916,0.9921,2087,-1.0,-1.0,0.0,7130.249999999992,149,228,2,0.9921,0.9929,0.0,0.0
2019-06-05 04:00:00,0.9921,0.9924,0.9908,0.9921,3683,-0.25339043,-0.25339043,0.0,7130.249999999992,149,228,2,0.9921,0.9929,0.0,0.0
2019-06-05 08:00:00,0.9921,0.9929,0.9901,0.992,7228,-0.76919246,-0.76919246,0.0,7130.249999999992,149,228,2,0.9921,0.9929,0.0,0.0
2019-06-05 12:00:00,0.992,0.9928,0.9853,0.9869,17409,-0.08096619,-0.08096619,0.0,7130.249999999992,149,228,2,0.9921,0.9929,0.0,0.0
2019-06-05 16:00:00,0.9869,0.9941,0.9863,0.9936,21419,1.0,1.0,0.0,7568.089999999992,150,228,0,0.0,0.0,0.0,437.84
2019-06-05 20:00:00,0.9936,0.995,0.9935,0.9947,6287,0.49304277,0.49304277,0.0,7568.089999999992,150,228,0,0.9936,0.9928,0.0,0.0
2019-06-06 00:00:00,0.9947,0.9948,0.9936,0.9943,3012,0.42260587,0.42260587,0.0,7568.089999999992,150,228,0,0.9936,0.9928,0.0,0.0
2019-06-06 04:00:00,0.9943,0.9948,0.9939,0.9942,3102,0.17129199,0.17129199,0.0,7568.089999999992,150,228,0,0.0,0.0,0.0,0.0
2019-06-06 08:00:00,0.9942,0.9947,0.9934,0.9944,6967,0.9596779,0.9596779,0.0,7568.089999999992,150,228,1,0.9944,0.9934,0.0,0.0
2019-06-06 12:00:00,0.9944,0.9961,0.99,0.9911,16503,-1.0,-1.0,0.0,7568.089999999992,150,228,1,0.9944,0.9934,0.0,0.0
2019-06-06 16:00:00,0.9911,0.9933,0.9879,0.9889,18196,-1.0,-1.0,0.0,7271.899999999992,150,229,0,0.0,0.0,0.0,-296.19
2019-06-06 20:00:00,0.9889,0.9925,0.9886,0.9912,10194,0.7390255,0.7390255,0.0,7271.899999999992,150,229,1,0.9912,0.9887,0.0,0.0
2019-06-07 00:00:00,0.9912,0.9916,0.9905,0.9912,2750,-0.4638204,-0.4638204,0.0,7271.899999999992,150,229,1,0.9912,0.9887,0.0,0.0
2019-06-07 04:00:00,0.9912,0.9919,0.9911,0.9917,4360,-0.1256999,-0.1256999,0.0,7271.899999999992,150,229,1,0.9912,0.9887,0.0,0.0
2019-06-07 08:00:00,0.9917,0.994,0.9915,0.9938,6274,1.0,1.0,0.0,7271.899999999992,150,229,1,0.9912,0.9887,0.0,0.0
2019-06-07 12:00:00,0.9938,0.9949,0.9861,0.9874,15105,0.47339034,0.47339034,0.0,7271.899999999992,150,229,1,0.9912,0.9887,0.0,0.0
2019-06-07 16:00:00,0.9874,0.989,0.9859,0.9864,19604,-1.0,-1.0,0.0,6945.399999999992,150,230,0,0.0,0.0,0.0,-326.5
2019-06-07 20:00:00,0.9864,0.9879,0.9863,0.9875,7713,-1.0,-1.0,0.0,6945.399999999992,150,230,2,0.9875,0.99,0.0,0.0
2019-06-10 00:00:00,0.9884,0.9903,0.9884,0.9901,2862,0.9514419,0.9514419,0.0,6945.399999999992,150,230,2,0.9875,0.99,0.0,0.0
2019-06-10 04:00:00,0.9901,0.991,0.99,0.991,4731,-0.6019168,-0.6019168,0.0,6731.4499999999925,150,231,0,0.0,0.0,0.0,-213.95
2019-06-10 08:00:00,0.991,0.9915,0.9899,0.9906,6540,0.071252815,0.071252815,0.0,6731.4499999999925,150,231,0,0.9906,0.9881,0.0,0.0
2019-06-10 12:00:00,0.9906,0.9917,0.9897,0.99,7652,-0.115669675,-0.115669675,0.0,6731.4499999999925,150,231,0,0.9906,0.9881,0.0,0.0
2019-06-10 16:00:00,0.99,0.9919,0.9891,0.9894,10447,0.9958814,0.9958814,0.0,6731.4499999999925,150,231,1,0.9894,0.9886,0.0,0.0
2019-06-10 20:00:00,0.9894,0.9903,0.9884,0.9897,8157,1.0,1.0,0.0,6731.4499999999925,150,231,1,0.9894,0.9886,0.0,0.0
2019-06-11 00:00:00,0.9897,0.99,0.9888,0.9897,3958,-0.0045912117,-0.0045912117,0.0,6731.4499999999925,150,231,1,0.9894,0.9886,0.0,0.0
2019-06-11 04:00:00,0.9897,0.9902,0.9893,0.9898,3244,1.0,1.0,0.0,6731.4499999999925,150,231,1,0.9894,0.9886,0.0,0.0
2019-06-11 08:00:00,0.9898,0.9911,0.9893,0.9911,7843,0.9478666,0.9478666,0.0,6731.4499999999925,150,231,1,0.9894,0.9886,0.0,0.0
2019-06-11 12:00:00,0.9911,0.9935,0.9907,0.9921,11769,0.059597906,0.059597906,0.0,6731.4499999999925,150,231,1,0.9894,0.9886,0.0,0.0
2019-06-11 16:00:00,0.9921,0.9936,0.9915,0.9916,13973,-1.0,-1.0,0.0,6947.1999999999925,151,231,0,0.0,0.0,0.0,215.75
2019-06-11 20:00:00,0.9916,0.9924,0.9911,0.9922,6998,-1.0,-1.0,0.0,6947.1999999999925,151,231,2,0.9922,0.993,0.0,0.0
2019-06-12 00:00:00,0.9923,0.9927,0.992,0.9923,4235,-0.22174948,-0.22174948,0.0,6947.1999999999925,151,231,2,0.9922,0.993,0.0,0.0
2019-06-12 04:00:00,0.9923,0.9924,0.9914,0.9917,3922,-0.059117697,-0.059117697,0.0,6947.1999999999925,151,231,2,0.9922,0.993,0.0,0.0
2019-06-12 08:00:00,0.9917,0.9922,0.9902,0.9915,8262,-1.0,-1.0,0.0,6947.1999999999925,151,231,2,0.9922,0.993,0.0,0.0
2019-06-12 12:00:00,0.9915,0.9947,0.9913,0.9945,11835,-0.28269768,-0.28269768,0.0,6947.1999999999925,151,231,2,0.9922,0.993,0.0,0.0
2019-06-12 16:00:00,0.9945,0.9957,0.9932,0.995,14902,-1.0,-1.0,0.0,6757.049999999993,151,232,0,0.0,0.0,0.0,-190.15
2019-06-12 20:00:00,0.995,0.9959,0.9947,0.9954,6453,-0.30167297,-0.30167297,0.0,6757.049999999993,151,232,0,0.9915,0.9907,0.0,0.0
2019-06-13 00:00:00,0.9955,0.9955,0.9947,0.9954,1901,1.0,1.0,0.0,6757.049999999993,151,232,1,0.9954,0.9929,0.0,0.0
2019-06-13 04:00:00,0.9954,0.9955,0.9935,0.9945,4386,-0.91952646,-0.91952646,0.0,6757.049999999993,151,232,1,0.9954,0.9929,0.0,0.0
2019-06-13 08:00:00,0.9945,0.996,0.992,0.9927,9226,1.0,1.0,0.0,6757.049999999993,151,232,1,0.9954,0.9929,0.0,0.0
2019-06-13 12:00:00,0.9927,0.994,0.9917,0.9933,8888,-0.31498975,-0.31498975,0.0,6540.329999999993,151,233,0,0.0,0.0,0.0,-216.72
2019-06-13 16:00:00,0.9933,0.9951,0.9927,0.9947,11970,1.0,1.0,0.0,6540.329999999993,151,233,1,0.9947,0.9922,0.0,0.0
2019-06-13 20:00:00,0.9947,0.9949,0.9925,0.9938,6253,-0.6992981,-0.6992981,0.0,6540.329999999993,151,233,1,0.9947,0.9922,0.0,0.0
2019-06-14 00:00:00,0.9938,0.994,0.9929,0.9931,2396,-0.10261395,-0.10261395,0.0,6540.329999999993,151,233,1,0.9947,0.9922,0.0,0.0
2019-06-14 04:00:00,0.9931,0.9943,0.9927,0.9941,2836,-0.5827665,-0.5827665,0.0,6540.329999999993,151,233,1,0.9947,0.9922,0.0,0.0
2019-06-14 08:00:00,0.9941,0.9955,0.9925,0.9951,7381,0.8526222,0.8526222,0.0,6540.329999999993,151,233,1,0.9947,0.9922,0.0,0.0
2019-06-14 12:00:00,0.9951,0.998,0.9948,0.9978,12248,1.0,1.0,0.0,6540.329999999993,151,233,1,0.9947,0.9922,0.0,0.0
2019-06-14 16:00:00,0.9978,0.9994,0.9957,0.9989,14156,-1.0,-1.0,0.0,6782.389999999993,152,233,0,0.0,0.0,0.0,242.06
2019-06-14 20:00:00,0.9989,0.9995,0.9982,0.9982,6152,-0.33689603,-0.33689603,0.0,6782.389999999993,152,233,0,0.9951,0.9926,0.0,0.0
2019-06-17 00:00:00,0.9982,0.999,0.998,0.9987,2374,0.32455355,0.32455355,0.0,6782.389999999993,152,233,0,0.9951,0.9926,0.0,0.0
2019-06-17 04:00:00,0.9987,0.9997,0.9986,0.9995,2123,0.80883497,0.80883497,0.0,6782.389999999993,152,233,1,0.9995,0.997,0.0,0.0
2019-06-17 08:00:00,0.9995,0.9997,0.9978,0.9993,9236,1.0,1.0,0.0,6782.389999999993,152,233,1,0.9995,0.997,0.0,0.0
2019-06-17 12:00:00,0.9993,0.9997,0.9965,0.9979,9959,-1.0,-1.0,0.0,6766.1599999999935,152,234,0,0.0,0.0,0.0,-16.23
2019-06-17 16:00:00,0.9979,0.9999,0.9975,0.9986,10093,-1.0,-1.0,0.0,6766.1599999999935,152,234,2,0.9986,0.9994,0.0,0.0
2019-06-17 20:00:00,0.9986,0.9992,0.9984,0.999,5739,1.0,1.0,0.0,6766.1599999999935,152,234,2,0.9986,0.9994,0.0,0.0
2019-06-18 00:00:00,0.999,0.999,0.9982,0.9986,3672,-1.0,-1.0,0.0,6766.1599999999935,152,234,2,0.9986,0.9994,0.0,0.0
2019-06-18 04:00:00,0.9986,0.9987,0.9971,0.9977,3296,0.7744126,0.7744126,0.0,6766.149999999993,152,235,0,0.0,0.0,0.0,-0.01
2019-06-18 08:00:00,0.9977,1.0,0.9965,0.9999,16672,-0.3036952,-0.3036952,0.0,6766.149999999993,152,235,0,0.9977,0.9994,0.0,0.0
2019-06-18 12:00:00,0.9999,1.0004,0.9974,0.9985,15919,-0.41903853,-0.41903853,0.0,6766.149999999993,152,235,0,0.9985,0.9993,0.0,0.0
2019-06-18 16:00:00,0.9985,1.0012,0.9981,0.9997,24232,-1.0,-1.0,0.0,6766.149999999993,152,235,2,0.9997,1.0022,0.0,0.0
2019-06-18 20:00:00,0.9997,1.0005,0.9994,1.0002,7512,-0.6688423,-0.6688423,0.0,6766.149999999993,152,235,2,0.9997,1.0022,0.0,0.0
2019-06-19 00:00:00,1.0002,1.001,0.9994,1.0009,2071,1.0,1.0,0.0,6725.649999999993,152,236,0,0.0,0.0,0.0,-40.5
2019-06-19 04:00:00,1.0009,1.0014,1.0002,1.0006,2714,-1.0,-1.0,0.0,6725.649999999993,152,236,2,1.0006,1.0014,0.0,0.0
2019-06-19 08:00:00,1.0006,1.0007,0.9982,0.9984,10914,-0.08866944,-0.08866944,0.0,6725.649999999993,152,236,2,1.0006,1.0014,0.0,0.0
2019-06-19 12:00:00,0.9984,0.9987,0.9968,0.9973,9290,-0.4123999,-0.4123999,0.0,6725.649999999993,152,236,2,1.0006,1.0014,0.0,0.0
2019-06-19 16:00:00,0.9973,0.9978,0.9949,0.9957,10111,1.0,1.0,0.0,6990.499999999994,153,236,0,0.0,0.0,0.0,264.85
2019-06-19 20:00:00,0.9957,0.9959,0.9916,0.9941,24151,-1.0,-1.0,0.0,6990.499999999994,153,236,2,0.9941,0.995,0.0,0.0
2019-06-20 00:00:00,0.9941,0.9943,0.9901,0.9901,3780,-0.7723657,-0.7723657,0.0,6990.499999999994,153,236,2,0.9941,0.995,0.0,0.0
2019-06-20 04:00:00,0.9901,0.9913,0.9897,0.9905,6860,-0.36467826,-0.36467826,0.0,6990.499999999994,153,236,2,0.9941,0.995,0.0,0.0
2019-06-20 08:00:00,0.9905,0.9907,0.9871,0.9875,21982,-1.0,-1.0,0.0,6990.499999999994,153,236,2,0.9941,0.995,0.0,0.0
2019-06-20 12:00:00,0.9875,0.9877,0.9835,0.9847,17188,1.0,1.0,0.0,7535.6599999999935,154,236,0,0.0,0.0,0.0,545.16
2019-06-20 16:00:00,0.9847,0.9853,0.9791,0.9808,19248,0.08016153,0.08016153,0.0,7535.6599999999935,154,236,0,0.0,0.0,0.0,0.0
2019-06-20 20:00:00,0.9808,0.9822,0.98,0.9815,9239,1.0,1.0,0.0,7535.6599999999935,154,236,1,0.9815,0.9807,0.0,0.0
2019-06-21 00:00:00,0.9815,0.9818,0.9801,0.9813,2445,-0.60869604,-0.60869604,0.0,7535.6599999999935,154,236,1,0.9815,0.9807,0.0,0.0
2019-06-21 04:00:00,0.9813,0.9823,0.9807,0.9823,5196,0.78162724,0.78162724,0.0,7535.6599999999935,154,236,1,0.9815,0.9807,0.0,0.0
2019-06-21 08:00:00,0.9823,0.9838,0.9818,0.9823,16251,-0.12974653,-0.12974653,0.0,7535.6599999999935,154,236,1,0.9815,0.9807,0.0,0.0
2019-06-21 12:00:00,0.9824,0.983,0.9805,0.9805,14854,-0.8132694,-0.8132694,0.0,7606.509999999994,155,236,0,0.0,0.0,0.0,70.85
2019-06-21 16:00:00,0.9805,0.983,0.9768,0.9778,18680,0.102464944,0.102464944,0.0,7606.509999999994,155,236,0,0.9815,0.9836,0.0,0.0
2019-06-21 20:00:00,0.9778,0.978,0.9756,0.9762,10934,0.26579696,0.26579696,0.0,7606.509999999994,155,236,0,0.0,0.0,0.0,0.0
2019-06-24 00:00:00,0.9752,0.9768,0.9752,0.9763,4205,-1.0,-1.0,0.0,7606.509999999994,155,236,2,0.9763,0.9785,0.0,0.0
2019-06-24 04:00:00,0.9763,0.9773,0.976,0.9772,3519,-0.21219787,-0.21219787,0.0,7606.509999999994,155,236,2,0.9763,0.9785,0.0,0.0
2019-06-24 08:00:00,0.9773,0.9783,0.9754,0.9763,12644,0.2932471,0.2932471,0.0,7606.509999999994,155,236,2,0.9763,0.9785,0.0,0.0
2019-06-24 12:00:00,0.9763,0.9767,0.9743,0.9748,9281,-0.59849304,-0.59849304,0.0,7606.509999999994,155,236,2,0.9763,0.9785,0.0,0.0
2019-06-24 16:00:00,0.9748,0.9756,0.971,0.9728,13566,-0.8517171,-0.8517171,0.0,7606.509999999994,155,236,2,0.9763,0.9785,0.0,0.0
2019-06-24 20:00:00,0.9728,0.9733,0.9718,0.9718,7121,1.0,1.0,0.0,7916.399999999994,156,236,0,0.0,0.0,0.0,309.89
2019-06-25 00:00:00,0.9718,0.9723,0.9714,0.9721,5540,-0.95790297,-0.95790297,0.0,7916.399999999994,156,236,2,0.9721,0.9746,0.0,0.0
2019-06-25 04:00:00,0.972,0.9721,0.9693,0.9696,9745,-1.0,-1.0,0.0,7916.399999999994,156,236,2,0.9721,0.9746,0.0,0.0
2019-06-25 08:00:00,0.9696,0.9757,0.9696,0.9755,12655,0.589231,0.589231,0.0,7916.399999999994,156,236,2,0.9721,0.9746,0.0,0.0
2019-06-25 12:00:00,0.9755,0.9774,0.9744,0.9748,9165,0.29128495,0.29128495,0.0,7602.209999999995,156,237,0,0.0,0.0,0.0,-314.19
2019-06-25 16:00:00,0.9748,0.9765,0.9714,0.9759,15538,1.0,1.0,0.0,7602.209999999995,156,237,1,0.9759,0.9751,0.0,0.0
2019-06-25 20:00:00,0.9759,0.9776,0.9739,0.9753,18836,-0.24859253,-0.24859253,0.0,7602.209999999995,156,237,1,0.9759,0.9751,0.0,0.0
2019-06-26 00:00:00,0.9753,0.9757,0.9744,0.9757,4010,0.5105683,0.5105683,0.0,7602.209999999995,156,237,1,0.9759,0.9751,0.0,0.0
2019-06-26 04:00:00,0.9757,0.977,0.9756,0.9761,6178,0.21918128,0.21918128,0.0,7602.209999999995,156,237,1,0.9759,0.9751,0.0,0.0
2019-06-26 08:00:00,0.9761,0.9768,0.9743,0.9756,13095,-1.0,-1.0,0.0,7619.959999999995,157,237,0,0.0,0.0,0.0,17.75
2019-06-26 12:00:00,0.9756,0.9784,0.9752,0.9783,16190,1.0,1.0,0.0,7619.959999999995,157,237,1,0.9783,0.9758,0.0,0.0
2019-06-26 16:00:00,0.9783,0.9784,0.9747,0.9771,15361,0.058639213,0.058639213,0.0,7619.959999999995,157,237,1,0.9783,0.9758,0.0,0.0
2019-06-26 20:00:00,0.9771,0.9783,0.9769,0.9778,7841,0.57140124,0.57140124,0.0,7619.959999999995,157,237,1,0.9783,0.9758,0.0,0.0
2019-06-27 00:00:00,0.9778,0.978,0.9772,0.9776,1797,-0.77912664,-0.77912664,0.0,7575.369999999994,157,238,0,0.0,0.0,0.0,-44.59
2019-06-27 04:00:00,0.9776,0.9809,0.9775,0.9807,4750,-0.70280087,-0.70280087,0.0,7575.369999999994,157,238,2,0.9807,0.9815,0.0,0.0
2019-06-27 08:00:00,0.9807,0.9814,0.9787,0.9788,10190,-0.119093165,-0.119093165,0.0,7575.369999999994,157,238,2,0.9807,0.9815,0.0,0.0
2019-06-27 12:00:00,0.9788,0.9796,0.9767,0.9779,11997,0.74029773,0.74029773,0.0,7575.369999999994,157,238,2,0.9807,0.9815,0.0,0.0
2019-06-27 16:00:00,0.9779,0.9802,0.9762,0.9766,13281,-0.40911084,-0.40911084,0.0,7575.369999999994,157,238,2,0.9807,0.9815,0.0,0.0
2019-06-27 20:00:00,0.9766,0.9769,0.9759,0.9765,4759,-0.07586054,-0.07586054,0.0,7575.369999999994,157,238,2,0.9807,0.9815,0.0,0.0
2019-06-28 00:00:00,0.9765,0.9769,0.9755,0.9756,2675,1.0,1.0,0.0,7947.119999999994,158,238,0,0.0,0.0,0.0,371.75
2019-06-28 04:00:00,0.9756,0.9761,0.9752,0.9753,3773,-1.0,-1.0,0.0,7947.119999999994,158,238,2,0.9753,0.9768,0.0,0.0
2019-06-28 08:00:00,0.9753,0.9759,0.9738,0.9739,9361,0.17936479,0.17936479,0.0,7947.119999999994,158,238,2,0.9753,0.9768,0.0,0.0
2019-06-28 12:00:00,0.9739,0.9763,0.9738,0.9753,11428,0.51604337,0.51604337,0.0,7947.119999999994,158,238,2,0.9753,0.9768,0.0,0.0
2019-06-28 16:00:00,0.9753,0.9774,0.9746,0.9768,14542,-0.017111702,-0.017111702,0.0,7947.119999999994,158,238,2,0.9753,0.9768,0.0,0.0
2019-06-28 20:00:00,0.9768,0.9771,0.9752,0.9762,7814,1.0,1.0,0.0,7807.779999999994,158,239,0,0.0,0.0,0.0,-139.34
2019-07-01 00:00:00,0.9762,0.9796,0.9762,0.9796,3415,-0.6915042,-0.6915042,0.0,7807.779999999994,158,239,2,0.9796,0.9807,0.0,0.0
2019-07-01 04:00:00,0.9796,0.9825,0.9796,0.9819,2703,-1.0,-1.0,0.0,7807.779999999994,158,239,2,0.9796,0.9807,0.0,0.0
2019-07-01 08:00:00,0.9819,0.9843,0.9819,0.9839,13108,-0.1721645,-0.1721645,0.0,7596.779999999994,158,240,0,0.0,0.0,0.0,-211.0
2019-07-01 12:00:00,0.9839,0.9843,0.9809,0.9827,11114,-0.33749905,-0.33749905,0.0,7596.779999999994,158,240,0,0.0,0.0,0.0,0.0
2019-07-01 16:00:00,0.9827,0.9875,0.9825,0.9872,14531,-0.1060659,-0.1060659,0.0,7596.779999999994,158,240,0,0.9872,0.9847,0.0,0.0
2019-07-01 20:00:00,0.9872,0.9884,0.9871,0.9876,6788,0.51929766,0.51929766,0.0,7596.779999999994,158,240,1,0.9876,0.9851,0.0,0.0
2019-07-02 00:00:00,0.9875,0.988,0.9869,0.9873,3760,0.91828567,0.91828567,0.0,7596.779999999994,158,240,1,0.9876,0.9851,0.0,0.0
2019-07-02 04:00:00,0.9873,0.9873,0.9867,0.9867,2300,0.39719784,0.39719784,0.0,7596.779999999994,158,240,1,0.9876,0.9851,0.0,0.0
2019-07-02 08:00:00,0.9867,0.9882,0.9864,0.9878,8588,-1.0,-1.0,0.0,7516.049999999995,158,241,0,0.0,0.0,0.0,-80.73
2019-07-02 12:00:00,0.9878,0.9887,0.9864,0.9885,11361,-1.0,-1.0,0.0,7516.049999999995,158,241,2,0.9885,0.9893,0.0,0.0
2019-07-02 16:00:00,0.9885,0.9888,0.9835,0.9848,12922,-1.0,-1.0,0.0,7516.049999999995,158,241,2,0.9885,0.9893,0.0,0.0
2019-07-02 20:00:00,0.9848,0.9867,0.9845,0.9862,9327,-0.45790863,-0.45790863,0.0,7516.049999999995,158,241,2,0.9885,0.9893,0.0,0.0
2019-07-03 00:00:00,0.9862,0.9864,0.9841,0.9841,2421,0.7994651,0.7994651,0.0,7720.0399999999945,159,241,0,0.0,0.0,0.0,203.99
2019-07-03 04:00:00,0.9841,0.9854,0.9834,0.9853,5008,0.029601043,0.029601043,0.0,7720.0399999999945,159,241,0,0.9848,0.9863,0.0,0.0
2019-07-03 08:00:00,0.9853,0.9872,0.9846,0.9855,10674,1.0,1.0,0.0,7720.0399999999945,159,241,1,0.9855,0.9847,0.0,0.0
2019-07-03 12:00:00,0.9855,0.9859,0.9836,0.9858,10269,-0.5922939,-0.5922939,0.0,7720.0399999999945,159,241,1,0.9855,0.9847,0.0,0.0
2019-07-03 16:00:00,0.9858,0.987,0.9836,0.9866,13591,-1.0,-1.0,0.0,7747.349999999995,160,241,0,0.0,0.0,0.0,27.31
2019-07-03 20:00:00,0.9865,0.9873,0.9863,0.9865,2425,-1.0,-1.0,0.0,7747.349999999995,160,241,2,0.9865,0.9884,0.0,0.0
2019-07-04 00:00:00,0.9865,0.987,0.9856,0.9863,2703,-0.72478217,-0.72478217,0.0,7747.349999999995,160,241,2,0.9865,0.9884,0.0,0.0
2019-07-04 04:00:00,0.9863,0.9864,0.9856,0.9863,1830,1.0,1.0,0.0,7765.629999999995,161,241,0,0.0,0.0,0.0,18.28
2019-07-04 08:00:00,0.9863,0.9867,0.9856,0.9865,5469,-0.69668335,-0.69668335,0.0,7765.629999999995,161,241,2,0.9865,0.9873,0.0,0.0
2019-07-04 12:00:00,0.9865,0.9869,0.9847,0.9852,5110,-0.5340502,-0.5340502,0.0,7765.629999999995,161,241,2,0.9865,0.9873,0.0,0.0
2019-07-04 16:00:00,0.9852,0.9862,0.9847,0.9849,4096,1.0,1.0,0.0,7884.629999999995,162,241,0,0.0,0.0,0.0,119.0
2019-07-04 20:00:00,0.9849,0.9854,0.9846,0.9848,1847,0.18073586,0.18073586,0.0,7884.629999999995,162,241,0,0.9852,0.9877,0.0,0.0
2019-07-05 00:00:00,0.9848,0.9854,0.9842,0.9853,1734,-0.6918077,-0.6918077,0.0,7884.629999999995,162,241,2,0.9853,0.9875,0.0,0.0
2019-07-05 04:00:00,0.9853,0.9856,0.9848,0.9851,1684,0.7439103,0.7439103,0.0,7884.629999999995,162,241,2,0.9853,0.9875,0.0,0.0
2019-07-05 08:00:00,0.9851,0.9876,0.9851,0.9875,7889,-0.085802674,-0.085802674,0.0,7884.629999999995,162,241,2,0.9853,0.9875,0.0,0.0
2019-07-05 12:00:00,0.9875,0.9921,0.9867,0.9907,13122,-0.84764105,-0.84764105,0.0,7679.649999999995,162,242,0,0.0,0.0,0.0,-204.98
2019-07-05 16:00:00,0.9907,0.9931,0.9906,0.9924,16732,-1.0,-1.0,0.0,7679.649999999995,162,242,2,0.9924,0.9932,0.0,0.0
2019-07-05 20:00:00,0.9924,0.9928,0.9914,0.9915,5446,0.04368725,0.04368725,0.0,7679.649999999995,162,242,2,0.9924,0.9932,0.0,0.0
2019-07-08 00:00:00,0.9911,0.9918,0.9907,0.9913,1026,-0.13310175,-0.13310175,0.0,7679.649999999995,162,242,2,0.9924,0.9932,0.0,0.0
2019-07-08 04:00:00,0.9913,0.9914,0.9899,0.9899,930,0.87738293,0.87738293,0.0,7779.839999999995,163,242,0,0.0,0.0,0.0,100.19
2019-07-08 08:00:00,0.9899,0.9918,0.9899,0.9911,1007,-0.46242118,-0.46242118,0.0,7779.839999999995,163,242,0,0.9899,0.9891,0.0,0.0
2019-07-08 12:00:00,0.9911,0.9924,0.9908,0.992,4357,0.21547362,0.21547362,0.0,7779.839999999995,163,242,0,0.0,0.0,0.0,0.0
2019-07-08 16:00:00,0.992,0.9946,0.9919,0.9932,7675,0.19078864,0.19078864,0.0,7779.839999999995,163,242,0,0.9932,0.9924,0.0,0.0
2019-07-08 20:00:00,0.9932,0.9947,0.9927,0.9937,3301,-0.45467082,-0.45467082,0.0,7779.839999999995,163,242,0,0.9932,0.9924,0.0,0.0
2019-07-09 00:00:00,0.9937,0.9947,0.9934,0.9946,10676,-0.30597758,-0.30597758,0.0,7779.839999999995,163,242,0,0.9932,0.9924,0.0,0.0
2019-07-09 04:00:00,0.9946,0.9949,0.9937,0.9942,3467,1.0,1.0,0.0,7779.839999999995,163,242,1,0.9942,0.9933,0.0,0.0
2019-07-09 08:00:00,0.9942,0.995,0.9931,0.9945,8154,0.0056011127,0.0056011127,0.0,7779.839999999995,163,242,1,0.9942,0.9933,0.0,0.0
2019-07-09 12:00:00,0.9945,0.9951,0.9931,0.9932,7280,0.20792617,0.20792617,0.0,7779.839999999995,163,242,1,0.9942,0.9933,0.0,0.0
2019-07-09 16:00:00,0.9932,0.9937,0.9923,0.993,7958,-1.0,-1.0,0.0,7687.369999999994,163,243,0,0.0,0.0,0.0,-92.47
2019-07-09 20:00:00,0.993,0.994,0.9926,0.9935,4829,-1.0,-1.0,0.0,7687.369999999994,163,243,2,0.9935,0.996,0.0,0.0
2019-07-10 00:00:00,0.9934,0.9941,0.9929,0.9939,3162,0.64419806,0.64419806,0.0,7687.369999999994,163,243,2,0.9935,0.996,0.0,0.0
2019-07-10 04:00:00,0.9939,0.9941,0.9929,0.993,2339,-0.45989645,-0.45989645,0.0,7687.369999999994,163,243,2,0.9935,0.996,0.0,0.0
2019-07-10 08:00:00,0.993,0.9932,0.991,0.991,7234,-0.525813,-0.525813,0.0,7687.369999999994,163,243,2,0.9935,0.996,0.0,0.0
2019-07-10 12:00:00,0.991,0.9927,0.9888,0.9892,11167,-0.12403358,-0.12403358,0.0,7687.369999999994,163,243,2,0.9935,0.996,0.0,0.0
2019-07-10 16:00:00,0.9891,0.9911,0.9887,0.9896,11864,-0.67104393,-0.67104393,0.0,7687.369999999994,163,243,2,0.9935,0.996,0.0,0.0
2019-07-10 20:00:00,0.9896,0.9902,0.9891,0.9894,5718,0.13171948,0.13171948,0.0,7687.369999999994,163,243,2,0.9935,0.996,0.0,0.0
2019-07-11 00:00:00,0.9894,0.9897,0.9871,0.9878,6029,-0.81687444,-0.81687444,0.0,7687.369999999994,163,243,2,0.9935,0.996,0.0,0.0
2019-07-11 04:00:00,0.9878,0.9878,0.9854,0.986,3833,-1.0,-1.0,0.0,7687.369999999994,163,243,2,0.9935,0.996,0.0,0.0
2019-07-11 08:00:00,0.986,0.9874,0.9855,0.9857,6066,-1.0,-1.0,0.0,7687.369999999994,163,243,2,0.9935,0.996,0.0,0.0
2019-07-11 12:00:00,0.9857,0.9878,0.9846,0.987,13325,-1.0,-1.0,0.0,7687.369999999994,163,243,2,0.9935,0.996,0.0,0.0
2019-07-11 16:00:00,0.987,0.9904,0.9863,0.9898,9806,-1.0,-1.0,0.0,7687.369999999994,163,243,2,0.9935,0.996,0.0,0.0
2019-07-11 20:00:00,0.9898,0.9905,0.9891,0.99,9543,-0.58125603,-0.58125603,0.0,7687.369999999994,163,243,2,0.9935,0.996,0.0,0.0
2019-07-12 00:00:00,0.9899,0.9908,0.9896,0.9903,5306,-1.0,-1.0,0.0,7687.369999999994,163,243,2,0.9935,0.996,0.0,0.0
2019-07-12 04:00:00,0.9903,0.9905,0.9891,0.9893,3774,0.711432,0.711432,0.0,7978.859999999994,164,243,0,0.0,0.0,0.0,291.49
2019-07-12 08:00:00,0.9893,0.9896,0.9862,0.9867,6787,1.0,1.0,0.0,7978.859999999994,164,243,1,0.9867,0.9859,0.0,0.0
2019-07-12 12:00:00,0.9867,0.9874,0.9851,0.986,11181,1.0,1.0,0.0,7978.859999999994,164,243,1,0.9867,0.9859,0.0,0.0
2019-07-12 16:00:00,0.986,0.9871,0.9836,0.9841,11973,0.13496639,0.13496639,0.0,7978.859999999994,164,243,1,0.9867,0.9859,0.0,0.0
2019-07-12 20:00:00,0.9841,0.9848,0.9839,0.984,5630,1.0,1.0,0.0,7734.569999999994,164,244,0,0.0,0.0,0.0,-244.29
2019-07-15 00:00:00,0.9829,0.9852,0.9825,0.9842,6241,-0.6174139,-0.6174139,0.0,7734.569999999994,164,244,2,0.9842,0.985,0.0,0.0
2019-07-15 04:00:00,0.9842,0.9854,0.9841,0.9844,5565,-0.2348789,-0.2348789,0.0,7734.569999999994,164,244,2,0.9842,0.985,0.0,0.0
2019-07-15 08:00:00,0.9844,0.9849,0.9828,0.9829,7221,-0.70248896,-0.70248896,0.0,7734.569999999994,164,244,2,0.9842,0.985,0.0,0.0
2019-07-15 12:00:00,0.9829,0.9833,0.9817,0.9828,6665,1.0,1.0,0.0,7852.819999999994,165,244,0,0.0,0.0,0.0,118.25
2019-07-15 16:00:00,0.9828,0.9852,0.9827,0.9847,7280,0.17177309,0.17177309,0.0,7852.819999999994,165,244,0,0.9828,0.9836,0.0,0.0
2019-07-15 20:00:00,0.9847,0.9854,0.9842,0.9844,3746,1.0,1.0,0.0,7852.819999999994,165,244,1,0.9844,0.9836,0.0,0.0
2019-07-16 00:00:00,0.9844,0.9849,0.9839,0.9849,5262,0.42154357,0.42154357,0.0,7852.819999999994,165,244,1,0.9844,0.9836,0.0,0.0
2019-07-16 04:00:00,0.9849,0.9854,0.9848,0.9852,2734,-0.99690634,-0.99690634,0.0,7899.0799999999945,166,244,0,0.0,0.0,0.0,46.26
2019-07-16 08:00:00,0.9852,0.9853,0.9835,0.9841,4552,1.0,1.0,0.0,7899.0799999999945,166,244,1,0.9841,0.9833,0.0,0.0
2019-07-16 12:00:00,0.9841,0.9887,0.9838,0.9878,7891,0.9444182,0.9444182,0.0,7899.0799999999945,166,244,1,0.9841,0.9833,0.0,0.0
2019-07-16 16:00:00,0.9878,0.9893,0.9868,0.9881,9662,-0.09154512,-0.09154512,0.0,7899.0799999999945,166,244,1,0.9841,0.9833,0.0,0.0
2019-07-16 20:00:00,0.9881,0.9894,0.9874,0.9878,5833,0.3775656,0.3775656,0.0,7899.0799999999945,166,244,1,0.9841,0.9833,0.0,0.0
2019-07-17 00:00:00,0.9878,0.9885,0.9874,0.988,2453,-0.0001492952,-0.0001492952,0.0,7899.0799999999945,166,244,1,0.9841,0.9833,0.0,0.0
2019-07-17 04:00:00,0.988,0.988,0.9872,0.9873,2311,0.4644425,0.4644425,0.0,7899.0799999999945,166,244,1,0.9841,0.9833,0.0,0.0
2019-07-17 08:00:00,0.9873,0.9898,0.9871,0.9897,5071,-0.91275555,-0.91275555,0.0,8197.689999999995,167,244,0,0.0,0.0,0.0,298.61
2019-07-17 12:00:00,0.9897,0.9908,0.9885,0.9892,5849,0.18848656,0.18848656,0.0,8197.689999999995,167,244,0,0.0,0.0,0.0,0.0
2019-07-17 16:00:00,0.9892,0.9896,0.9867,0.9876,6339,0.19796276,0.19796276,0.0,8197.689999999995,167,244,0,0.9892,0.9884,0.0,0.0
2019-07-17 20:00:00,0.9876,0.9878,0.9865,0.9874,3276,-0.8144473,-0.8144473,0.0,8197.689999999995,167,244,2,0.9874,0.9882,0.0,0.0
2019-07-18 00:00:00,0.9874,0.9874,0.9854,0.9854,3462,-0.15297858,-0.15297858,0.0,8197.689999999995,167,244,2,0.9874,0.9882,0.0,0.0
2019-07-18 04:00:00,0.9854,0.9859,0.985,0.9854,3314,0.854917,0.854917,0.0,8390.999999999995,168,244,0,0.0,0.0,0.0,193.31
2019-07-18 08:00:00,0.9854,0.986,0.9847,0.9851,5551,-1.0,-1.0,0.0,8390.999999999995,168,244,2,0.9851,0.9864,0.0,0.0
2019-07-18 12:00:00,0.9851,0.9892,0.9849,0.9866,9375,-0.35447404,-0.35447404,0.0,8390.999999999995,168,244,2,0.9851,0.9864,0.0,0.0
2019-07-18 16:00:00,0.9866,0.9879,0.986,0.987,8082,0.24519436,0.24519436,0.0,8242.399999999994,168,245,0,0.0,0.0,0.0,-148.6
2019-07-18 20:00:00,0.987,0.9871,0.9809,0.9813,9918,0.65447843,0.65447843,0.0,8242.399999999994,168,245,1,0.9813,0.9805,0.0,0.0
2019-07-19 00:00:00,0.9814,0.9842,0.9806,0.9829,4499,0.040697798,0.040697798,0.0,8242.399999999994,168,245,1,0.9813,0.9805,0.0,0.0
2019-07-19 04:00:00,0.9829,0.9835,0.9822,0.9834,3520,0.17314565,0.17314565,0.0,8242.399999999994,168,245,1,0.9813,0.9805,0.0,0.0
2019-07-19 08:00:00,0.9834,0.9847,0.9822,0.9837,6233,-0.8124936,-0.8124936,0.0,8446.069999999994,169,245,0,0.0,0.0,0.0,203.67
2019-07-19 12:00:00,0.9837,0.9838,0.9818,0.9824,8351,-1.0,-1.0,0.0,8446.069999999994,169,245,2,0.9824,0.9832,0.0,0.0
2019-07-19 16:00:00,0.9824,0.9829,0.9808,0.9817,9666,0.006534435,0.006534435,0.0,8446.069999999994,169,245,2,0.9824,0.9832,0.0,0.0
2019-07-19 20:00:00,0.9817,0.9845,0.9814,0.9815,9134,-0.52356136,-0.52356136,0.0,8446.069999999994,169,245,2,0.9824,0.9832,0.0,0.0
2019-07-22 00:00:00,0.9828,0.9835,0.9816,0.9834,3844,-1.0,-1.0,0.0,8446.069999999994,169,245,2,0.9824,0.9832,0.0,0.0
2019-07-22 04:00:00,0.9834,0.9841,0.9829,0.9835,4639,-0.59240377,-0.59240377,0.0,8346.669999999995,169,246,0,0.0,0.0,0.0,-99.4
2019-07-22 08:00:00,0.9835,0.9838,0.9816,0.9818,5195,0.35709268,0.35709268,0.0,8346.669999999995,169,246,0,0.9815,0.9807,0.0,0.0
2019-07-22 12:00:00,0.9818,0.9824,0.9805,0.9809,6063,0.83304834,0.83304834,0.0,8346.669999999995,169,246,1,0.9809,0.9796,0.0,0.0
2019-07-22 16:00:00,0.9809,0.9818,0.9804,0.9813,7078,-1.0,-1.0,0.0,8346.669999999995,169,246,1,0.9809,0.9796,0.0,0.0
2019-07-22 20:00:00,0.9813,0.9824,0.9807,0.9819,3910,-1.0,-1.0,0.0,8385.859999999995,170,246,0,0.0,0.0,0.0,39.19
2019-07-23 00:00:00,0.9819,0.9834,0.9816,0.9831,5735,0.80377585,0.80377585,0.0,8385.859999999995,170,246,1,0.9831,0.9806,0.0,0.0
2019-07-23 04:00:00,0.9831,0.9846,0.9831,0.9841,4515,0.90553206,0.90553206,0.0,8385.859999999995,170,246,1,0.9831,0.9806,0.0,0.0
2019-07-23 08:00:00,0.9841,0.9851,0.9831,0.9846,4327,0.2828997,0.2828997,0.0,8385.859999999995,170,246,1,0.9831,0.9806,0.0,0.0
2019-07-23 12:00:00,0.9846,0.9852,0.9828,0.9833,5086,0.94252264,0.94252264,0.0,8385.859999999995,170,246,1,0.9831,0.9806,0.0,0.0
2019-07-23 16:00:00,0.9833,0.9855,0.983,0.9851,7291,0.32508567,0.32508567,0.0,8385.859999999995,170,246,1,0.9831,0.9806,0.0,0.0
2019-07-23 20:00:00,0.9851,0.9859,0.9845,0.9852,4707,-0.60064644,-0.60064644,0.0,8583.549999999996,171,246,0,0.0,0.0,0.0,197.69
2019-07-24 00:00:00,0.9852,0.9862,0.9845,0.9858,4201,1.0,1.0,0.0,8583.549999999996,171,246,1,0.9858,0.985,0.0,0.0
2019-07-24 04:00:00,0.9858,0.9868,0.9856,0.9864,2899,0.90223426,0.90223426,0.0,8583.549999999996,171,246,1,0.9858,0.985,0.0,0.0
2019-07-24 08:00:00,0.9864,0.9874,0.9857,0.9859,5436,1.0,1.0,0.0,8583.549999999996,171,246,1,0.9858,0.985,0.0,0.0
2019-07-24 12:00:00,0.9859,0.9864,0.9847,0.9851,6443,-0.24199335,-0.24199335,0.0,8583.549999999996,171,246,1,0.9858,0.985,0.0,0.0
2019-07-24 16:00:00,0.9851,0.9856,0.9836,0.9852,7514,-1.0,-1.0,0.0,8512.709999999995,171,247,0,0.0,0.0,0.0,-70.84
2019-07-24 20:00:00,0.9852,0.986,0.9846,0.9847,4405,0.9368222,0.9368222,0.0,8512.709999999995,171,247,1,0.9847,0.9835,0.0,0.0
2019-07-25 00:00:00,0.9847,0.9853,0.9844,0.9849,2881,1.0,1.0,0.0,8512.709999999995,171,247,1,0.9847,0.9835,0.0,0.0
2019-07-25 04:00:00,0.9848,0.9853,0.9845,0.9851,3325,0.15296194,0.15296194,0.0,8512.709999999995,171,247,1,0.9847,0.9835,0.0,0.0
2019-07-25 08:00:00,0.9851,0.9865,0.9848,0.9861,4240,1.0,1.0,0.0,8512.709999999995,171,247,1,0.9847,0.9835,0.0,0.0
2019-07-25 12:00:00,0.9861,0.9903,0.9847,0.9882,13025,1.0,1.0,0.0,8512.709999999995,171,247,1,0.9847,0.9835,0.0,0.0
2019-07-25 16:00:00,0.9881,0.9914,0.9867,0.9911,16153,1.0,1.0,0.0,8512.709999999995,171,247,1,0.9847,0.9835,0.0,0.0
2019-07-25 20:00:00,0.9911,0.9917,0.9903,0.9908,4391,1.0,1.0,0.0,8512.709999999995,171,247,1,0.9847,0.9835,0.0,0.0
2019-07-26 00:00:00,0.9908,0.9912,0.9902,0.9905,2988,-0.9714091,-0.9714091,0.0,9128.339999999995,172,247,0,0.0,0.0,0.0,615.63
2019-07-26 04:00:00,0.9905,0.991,0.99,0.9909,2280,0.6629934,0.6629934,0.0,9128.339999999995,172,247,1,0.9909,0.9899,0.0,0.0
2019-07-26 08:00:00,0.9909,0.992,0.9907,0.9918,4868,-0.0569437,-0.0569437,0.0,9128.339999999995,172,247,1,0.9909,0.9899,0.0,0.0
2019-07-26 12:00:00,0.9918,0.9934,0.9913,0.9928,7005,0.19349465,0.19349465,0.0,9128.339999999995,172,247,1,0.9909,0.9899,0.0,0.0
2019-07-26 16:00:00,0.9928,0.9944,0.9918,0.9939,12032,0.79850614,0.79850614,0.0,9128.339999999995,172,247,1,0.9909,0.9899,0.0,0.0
2019-07-26 20:00:00,0.9939,0.9946,0.9932,0.9932,2931,-0.6461668,-0.6461668,0.0,9454.019999999995,173,247,0,0.0,0.0,0.0,325.68
2019-07-29 00:00:00,0.9924,0.9939,0.9923,0.9923,3522,-0.5475453,-0.5475453,0.0,9454.019999999995,173,247,2,0.9923,0.9939,0.0,0.0
2019-07-29 04:00:00,0.9923,0.9933,0.9917,0.9931,1563,0.7482838,0.7482838,0.0,9454.019999999995,173,247,2,0.9923,0.9939,0.0,0.0
2019-07-29 08:00:00,0.9931,0.9934,0.9915,0.9917,3741,1.0,1.0,0.0,9364.129999999996,173,248,0,0.0,0.0,0.0,-89.89
2019-07-29 12:00:00,0.9917,0.993,0.9909,0.9922,4891,1.0,1.0,0.0,9364.129999999996,173,248,1,0.9922,0.9914,0.0,0.0
2019-07-29 16:00:00,0.9922,0.9928,0.9912,0.9921,7025,1.0,1.0,0.0,9364.129999999996,173,248,1,0.9922,0.9914,0.0,0.0
2019-07-29 20:00:00,0.9921,0.9921,0.9911,0.9915,4380,1.0,1.0,0.0,9364.129999999996,173,248,1,0.9922,0.9914,0.0,0.0
2019-07-30 00:00:00,0.9915,0.9919,0.9908,0.9916,7280,-1.0,-1.0,0.0,9286.349999999995,173,249,0,0.0,0.0,0.0,-77.78
2019-07-30 04:00:00,0.9916,0.9922,0.9909,0.9916,2763,0.8282839,0.8282839,0.0,9286.349999999995,173,249,1,0.9916,0.9891,0.0,0.0
2019-07-30 08:00:00,0.9916,0.9922,0.9902,0.9904,6975,0.6204813,0.6204813,0.0,9286.349999999995,173,249,1,0.9916,0.9891,0.0,0.0
2019-07-30 12:00:00,0.9904,0.9909,0.9891,0.9894,9936,-1.0,-1.0,0.0,9154.279999999995,173,250,0,0.0,0.0,0.0,-132.07
2019-07-30 16:00:00,0.9894,0.9917,0.9894,0.9906,10428,0.17782651,0.17782651,0.0,9154.279999999995,173,250,0,0.9916,0.9924,0.0,0.0
2019-07-30 20:00:00,0.9906,0.9907,0.9898,0.9902,4834,-1.0,-1.0,0.0,9154.279999999995,173,250,2,0.9902,0.991,0.0,0.0
2019-07-31 00:00:00,0.9902,0.9905,0.9895,0.9901,5511,1.0,1.0,0.0,9154.279999999995,173,250,2,0.9902,0.991,0.0,0.0
2019-07-31 04:00:00,0.9901,0.9911,0.9901,0.9911,3418,0.84267926,0.84267926,0.0,9165.119999999995,174,250,0,0.0,0.0,0.0,10.84
2019-07-31 08:00:00,0.9911,0.9913,0.9898,0.9907,7190,-0.33121252,-0.33121252,0.0,9165.119999999995,174,250,0,0.9911,0.9903,0.0,0.0
2019-07-31 12:00:00,0.9907,0.991,0.9893,0.9893,6384,-0.54000306,-0.54000306,0.0,9165.119999999995,174,250,2,0.9893,0.9918,0.0,0.0
2019-07-31 16:00:00,0.9893,0.9913,0.9893,0.9899,12841,-1.0,-1.0,0.0,9165.119999999995,174,250,2,0.9893,0.9918,0.0,0.0
2019-07-31 20:00:00,0.9899,0.9949,0.9884,0.9939,22487,0.3952299,0.3952299,0.0,9165.119999999995,174,250,2,0.9893,0.9918,0.0,0.0
2019-08-01 00:00:00,0.9939,0.9976,0.9933,0.9969,6490,1.0,1.0,0.0,8663.709999999995,174,251,0,0.0,0.0,0.0,-501.41
2019-08-01 04:00:00,0.9969,0.9971,0.996,0.996,6830,-0.7693874,-0.7693874,0.0,8663.709999999995,174,251,2,0.996,0.9968,0.0,0.0
2019-08-01 08:00:00,0.996,0.9974,0.9949,0.9949,7235,-0.9451634,-0.9451634,0.0,8663.709999999995,174,251,2,0.996,0.9968,0.0,0.0
2019-08-01 12:00:00,0.9949,0.9964,0.9945,0.9961,10500,1.0,1.0,0.0,8777.149999999996,175,251,0,0.0,0.0,0.0,113.44
2019-08-01 16:00:00,0.9961,0.9962,0.9923,0.9925,17817,-0.04797593,-0.04797593,0.0,8777.149999999996,175,251,0,0.0,0.0,0.0,0.0
2019-08-01 20:00:00,0.9925,0.9934,0.9887,0.9903,23192,-0.28531033,-0.28531033,0.0,8777.149999999996,175,251,0,0.9903,0.9895,0.0,0.0
2019-08-02 00:00:00,0.9902,0.9908,0.9875,0.988,6674,0.3368092,0.3368092,0.0,8777.149999999996,175,251,0,0.9903,0.9895,0.0,0.0
2019-08-02 04:00:00,0.988,0.9896,0.9875,0.9887,11189,-1.0,-1.0,0.0,8777.149999999996,175,251,2,0.9887,0.9895,0.0,0.0
2019-08-02 08:00:00,0.9887,0.9893,0.9853,0.9864,14184,0.3721163,0.3721163,0.0,8777.149999999996,175,251,2,0.9887,0.9895,0.0,0.0
2019-08-02 12:00:00,0.9864,0.9867,0.9837,0.9862,13407,1.0,1.0,0.0,9015.409999999996,176,251,0,0.0,0.0,0.0,238.26
2019-08-02 16:00:00,0.9862,0.9873,0.9817,0.9817,21696,0.14888617,0.14888617,0.0,9015.409999999996,176,251,0,0.9864,0.9888,0.0,0.0
2019-08-02 20:00:00,0.9817,0.9828,0.9814,0.9823,8359,0.43067282,0.43067282,0.0,9015.409999999996,176,251,0,0.9864,0.9888,0.0,0.0
2019-08-05 00:00:00,0.9833,0.9836,0.9797,0.9806,4427,-0.20627208,-0.20627208,0.0,9015.409999999996,176,251,0,0.0,0.0,0.0,0.0
2019-08-05 04:00:00,0.9806,0.9812,0.9785,0.9792,14558,-0.9114645,-0.9114645,0.0,9015.409999999996,176,251,2,0.9792,0.98,0.0,0.0
2019-08-05 08:00:00,0.9792,0.9795,0.9751,0.9752,14389,1.0,1.0,0.0,9015.409999999996,176,251,2,0.9792,0.98,0.0,0.0
2019-08-05 12:00:00,0.9752,0.9758,0.9738,0.9749,12829,1.0,1.0,0.0,9436.209999999995,177,251,0,0.0,0.0,0.0,420.8
2019-08-05 16:00:00,0.9749,0.9758,0.9716,0.972,20016,-0.7599512,-0.7599512,0.0,9436.209999999995,177,251,2,0.972,0.9728,0.0,0.0
2019-08-05 20:00:00,0.972,0.9749,0.9719,0.9734,12340,1.0,1.0,0.0,9436.209999999995,177,251,2,0.972,0.9728,0.0,0.0
2019-08-06 00:00:00,0.9734,0.9736,0.9703,0.971,10192,-1.0,-1.0,0.0,9282.329999999996,177,252,0,0.0,0.0,0.0,-153.88
2019-08-06 04:00:00,0.971,0.9756,0.971,0.9744,15575,0.1900492,0.1900492,0.0,9282.329999999996,177,252,0,0.9734,0.9751,0.0,0.0
2019-08-06 08:00:00,0.9743,0.9758,0.9736,0.9744,16156,0.72526777,0.72526777,0.0,9282.329999999996,177,252,1,0.9744,0.9736,0.0,0.0
2019-08-06 12:00:00,0.9744,0.9769,0.9741,0.9767,10825,1.0,1.0,0.0,9282.329999999996,177,252,1,0.9744,0.9736,0.0,0.0
2019-08-06 16:00:00,0.9767,0.9792,0.9762,0.9765,18831,-1.0,-1.0,0.0,9531.829999999996,178,252,0,0.0,0.0,0.0,249.5
2019-08-06 20:00:00,0.9765,0.9779,0.976,0.9767,9969,0.66417724,0.66417724,0.0,9531.829999999996,178,252,1,0.9767,0.9759,0.0,0.0
2019-08-07 00:00:00,0.9767,0.9773,0.9745,0.9756,6471,-1.0,-1.0,0.0,9531.829999999996,178,252,1,0.9767,0.9759,0.0,0.0
2019-08-07 04:00:00,0.9756,0.9766,0.974,0.9758,11345,-1.0,-1.0,0.0,9409.419999999996,178,253,0,0.0,0.0,0.0,-122.41
2019-08-07 08:00:00,0.9758,0.9783,0.9755,0.9778,10689,-0.5305109,-0.5305109,0.0,9409.419999999996,178,253,2,0.9778,0.9803,0.0,0.0
2019-08-07 12:00:00,0.9778,0.9797,0.9743,0.9749,15653,-0.4008855,-0.4008855,0.0,9409.419999999996,178,253,2,0.9778,0.9803,0.0,0.0
2019-08-07 16:00:00,0.9749,0.9751,0.9692,0.9717,33428,0.341733,0.341733,0.0,9409.419999999996,178,253,2,0.9778,0.9803,0.0,0.0
2019-08-07 20:00:00,0.9717,0.9755,0.9712,0.9755,21914,-0.31030518,-0.31030518,0.0,9409.419999999996,178,253,2,0.9778,0.9803,0.0,0.0
2019-08-08 00:00:00,0.9755,0.9757,0.9742,0.9746,5641,1.0,1.0,0.0,9662.029999999997,179,253,0,0.0,0.0,0.0,252.61
2019-08-08 04:00:00,0.9747,0.9757,0.9743,0.9755,9449,0.9736869,0.9736869,0.0,9662.029999999997,179,253,1,0.9755,0.9747,0.0,0.0
2019-08-08 08:00:00,0.9755,0.9757,0.9737,0.9749,8736,-0.13463986,-0.13463986,0.0,9662.029999999997,179,253,1,0.9755,0.9747,0.0,0.0
2019-08-08 12:00:00,0.9749,0.9771,0.9745,0.9765,9013,0.1522694,0.1522694,0.0,9662.029999999997,179,253,1,0.9755,0.9747,0.0,0.0
2019-08-08 16:00:00,0.9765,0.9787,0.9748,0.9758,20243,-1.0,-1.0,0.0,9774.919999999996,180,253,0,0.0,0.0,0.0,112.89
2019-08-08 20:00:00,0.9758,0.976,0.9743,0.9746,11092,1.0,1.0,0.0,9774.919999999996,180,253,1,0.9746,0.9721,0.0,0.0
2019-08-09 00:00:00,0.9746,0.9762,0.9734,0.9741,3809,0.26694527,0.26694527,0.0,9774.919999999996,180,253,1,0.9746,0.9721,0.0,0.0
2019-08-09 04:00:00,0.9741,0.9744,0.9736,0.974,2100,0.4856159,0.4856159,0.0,9774.919999999996,180,253,1,0.9746,0.9721,0.0,0.0
2019-08-09 08:00:00,0.974,0.9754,0.9736,0.9742,5896,-0.6173605,-0.6173605,0.0,9774.919999999996,180,253,1,0.9746,0.9721,0.0,0.0
2019-08-09 12:00:00,0.9742,0.9742,0.972,0.9722,10112,-0.5066439,-0.5066439,0.0,9774.919999999996,180,253,1,0.9746,0.9721,0.0,0.0
2019-08-09 16:00:00,0.9722,0.9744,0.9709,0.9723,19015,-0.8412898,-0.8412898,0.0,9501.999999999996,180,254,0,0.0,0.0,0.0,-272.92
2019-08-09 20:00:00,0.9723,0.9735,0.9719,0.9724,10337,1.0,1.0,0.0,9501.999999999996,180,254,1,0.9724,0.9705,0.0,0.0
2019-08-12 00:00:00,0.9725,0.9736,0.9714,0.9717,3067,-1.0,-1.0,0.0,9501.999999999996,180,254,1,0.9724,0.9705,0.0,0.0
2019-08-12 04:00:00,0.9717,0.9724,0.9716,0.9719,7700,0.75463694,0.75463694,0.0,9501.999999999996,180,254,1,0.9724,0.9705,0.0,0.0
2019-08-12 08:00:00,0.9719,0.9754,0.9719,0.9739,13241,-0.5603981,-0.5603981,0.0,9501.999999999996,180,254,1,0.9724,0.9705,0.0,0.0
2019-08-12 12:00:00,0.9739,0.974,0.9709,0.9712,12628,0.97524977,0.97524977,0.0,9501.999999999996,180,254,1,0.9724,0.9705,0.0,0.0
2019-08-12 16:00:00,0.9712,0.9718,0.9681,0.9704,16233,-0.053148095,-0.053148095,0.0,9501.999999999996,180,254,1,0.9724,0.9705,0.0,0.0
2019-08-12 20:00:00,0.9704,0.9706,0.9686,0.9692,8428,-0.9844917,-0.9844917,0.0,9281.319999999996,180,255,0,0.0,0.0,0.0,-220.68
2019-08-13 00:00:00,0.9691,0.9699,0.9686,0.9698,5088,0.3740152,0.3740152,0.0,9281.319999999996,180,255,0,0.0,0.0,0.0,0.0
2019-08-13 04:00:00,0.9698,0.9727,0.9694,0.9722,11070,0.30969617,0.30969617,0.0,9281.319999999996,180,255,0,0.9722,0.973,0.0,0.0
2019-08-13 08:00:00,0.9722,0.9724,0.9701,0.9712,9336,0.2905693,0.2905693,0.0,9281.319999999996,180,255,0,0.9722,0.973,0.0,0.0
2019-08-13 12:00:00,0.9712,0.9716,0.9659,0.9669,10484,-0.4550265,-0.4550265,0.0,9281.319999999996,180,255,0,0.9722,0.973,0.0,0.0
2019-08-13 16:00:00,0.9669,0.9768,0.9665,0.9753,27048,0.28702834,0.28702834,0.0,9281.319999999996,180,255,0,0.9722,0.973,0.0,0.0
2019-08-13 20:00:00,0.9753,0.9767,0.974,0.9765,12678,-1.0,-1.0,0.0,9281.319999999996,180,255,2,0.9765,0.9787,0.0,0.0
2019-08-14 00:00:00,0.9765,0.9768,0.9752,0.9753,15840,1.0,1.0,0.0,9281.319999999996,180,255,2,0.9765,0.9787,0.0,0.0
2019-08-14 04:00:00,0.9753,0.977,0.9745,0.9766,13954,-1.0,-1.0,0.0,9281.319999999996,180,255,2,0.9765,0.9787,0.0,0.0
2019-08-14 08:00:00,0.9766,0.9769,0.9735,0.9739,11142,-0.5388847,-0.5388847,0.0,9281.319999999996,180,255,2,0.9765,0.9787,0.0,0.0
2019-08-14 12:00:00,0.9739,0.9746,0.9705,0.9722,17712,1.0,1.0,0.0,9562.529999999995,181,255,0,0.0,0.0,0.0,281.21
2019-08-14 16:00:00,0.9722,0.9744,0.9713,0.9728,22748,0.17285323,0.17285323,0.0,9562.529999999995,181,255,0,0.9765,0.9779,0.0,0.0
2019-08-14 20:00:00,0.9728,0.9745,0.9725,0.9733,11734,-1.0,-1.0,0.0,9562.529999999995,181,255,2,0.9733,0.9741,0.0,0.0
2019-08-15 00:00:00,0.9734,0.9738,0.9727,0.9735,10805,-0.24994448,-0.24994448,0.0,9562.529999999995,181,255,2,0.9733,0.9741,0.0,0.0
2019-08-15 04:00:00,0.9735,0.9738,0.973,0.9734,11115,0.92188305,0.92188305,0.0,9540.239999999994,181,256,0,0.0,0.0,0.0,-22.29
2019-08-15 08:00:00,0.9734,0.9757,0.9733,0.9747,15897,1.0,1.0,0.0,9540.239999999994,181,256,1,0.9747,0.9722,0.0,0.0
2019-08-15 12:00:00,0.9747,0.9756,0.9721,0.9751,26107,0.12106103,0.12106103,0.0,9540.239999999994,181,256,1,0.9747,0.9722,0.0,0.0
2019-08-15 16:00:00,0.9751,0.9776,0.9745,0.977,28362,-0.26488358,-0.26488358,0.0,9540.239999999994,181,256,1,0.9747,0.9722,0.0,0.0
2019-08-15 20:00:00,0.977,0.9773,0.9746,0.9764,15126,0.15592162,0.15592162,0.0,9540.239999999994,181,256,1,0.9747,0.9722,0.0,0.0
2019-08-16 00:00:00,0.9763,0.9775,0.9759,0.9774,15876,0.3369739,0.3369739,0.0,9540.239999999994,181,256,1,0.9747,0.9722,0.0,0.0
2019-08-16 04:00:00,0.9774,0.9789,0.9772,0.9787,9245,-1.0,-1.0,0.0,9841.489999999994,182,256,0,0.0,0.0,0.0,301.25
2019-08-16 08:00:00,0.9787,0.98,0.9783,0.9798,10940,-0.03981064,-0.03981064,0.0,9841.489999999994,182,256,0,0.9787,0.9763,0.0,0.0
2019-08-16 12:00:00,0.9798,0.9809,0.9789,0.9804,12726,1.0,1.0,0.0,9841.489999999994,182,256,1,0.9804,0.9796,0.0,0.0
2019-08-16 16:00:00,0.9804,0.9804,0.9787,0.9789,15729,1.0,1.0,0.0,9841.489999999994,182,256,1,0.9804,0.9796,0.0,0.0
2019-08-16 20:00:00,0.9789,0.9792,0.9778,0.9785,5801,-0.6035652,-0.6035652,0.0,9668.569999999994,182,257,0,0.0,0.0,0.0,-172.92
2019-08-19 00:00:00,0.9766,0.98,0.9766,0.9791,9174,-0.4009713,-0.4009713,0.0,9668.569999999994,182,257,0,0.0,0.0,0.0,0.0
2019-08-19 04:00:00,0.9791,0.9798,0.9787,0.9795,4008,-1.0,-1.0,0.0,9668.569999999994,182,257,2,0.9795,0.9815,0.0,0.0
2019-08-19 08:00:00,0.9795,0.9799,0.9773,0.9781,9245,1.0,1.0,0.0,9668.569999999994,182,257,2,0.9795,0.9815,0.0,0.0
2019-08-19 12:00:00,0.9781,0.9814,0.9778,0.9813,8101,0.43503898,0.43503898,0.0,9668.569999999994,182,257,2,0.9795,0.9815,0.0,0.0
2019-08-19 16:00:00,0.9813,0.9821,0.9799,0.9804,7274,0.5897313,0.5897313,0.0,9668.569999999994,182,257,2,0.9795,0.9815,0.0,0.0
2019-08-19 20:00:00,0.9804,0.9817,0.98,0.9815,5865,-0.13751452,-0.13751452,0.0,9668.569999999994,182,257,2,0.9795,0.9815,0.0,0.0
2019-08-20 00:00:00,0.9815,0.9817,0.981,0.9813,21645,-0.4984637,-0.4984637,0.0,9441.459999999994,182,258,0,0.0,0.0,0.0,-227.11
2019-08-20 04:00:00,0.9813,0.9816,0.9806,0.9808,11431,0.117841765,0.117841765,0.0,9441.459999999994,182,258,0,0.9815,0.9823,0.0,0.0
2019-08-20 08:00:00,0.9808,0.9811,0.9795,0.9795,10116,-1.0,-1.0,0.0,9441.459999999994,182,258,2,0.9795,0.9807,0.0,0.0
2019-08-20 12:00:00,0.9795,0.9807,0.9787,0.9801,15153,-1.0,-1.0,0.0,9441.459999999994,182,258,2,0.9795,0.9807,0.0,0.0
2019-08-20 16:00:00,0.9801,0.9806,0.9783,0.9784,20808,-1.0,-1.0,0.0,9441.459999999994,182,258,2,0.9795,0.9807,0.0,0.0
2019-08-20 20:00:00,0.9784,0.9786,0.9775,0.9778,6180,-0.91774017,-0.91774017,0.0,9441.459999999994,182,258,2,0.9795,0.9807,0.0,0.0
2019-08-21 00:00:00,0.9778,0.9791,0.9774,0.9787,10352,1.0,1.0,0.0,9629.239999999994,183,258,0,0.0,0.0,0.0,187.78
2019-08-21 04:00:00,0.9787,0.9793,0.9784,0.9792,7321,-1.0,-1.0,0.0,9629.239999999994,183,258,2,0.9792,0.98,0.0,0.0
2019-08-21 08:00:00,0.9792,0.98,0.9785,0.9798,6185,0.26042414,0.26042414,0.0,9629.239999999994,183,258,2,0.9792,0.98,0.0,0.0
2019-08-21 12:00:00,0.9798,0.9806,0.979,0.9806,5902,-0.28678665,-0.28678665,0.0,9629.239999999994,183,258,2,0.9792,0.98,0.0,0.0
2019-08-21 16:00:00,0.9806,0.9818,0.9802,0.9805,7106,-1.0,-1.0,0.0,9471.049999999994,183,259,0,0.0,0.0,0.0,-158.19
2019-08-21 20:00:00,0.9805,0.9831,0.9802,0.9824,8223,-0.15666796,-0.15666796,0.0,9471.049999999994,183,259,0,0.0,0.0,0.0,0.0
2019-08-22 00:00:00,0.9823,0.9829,0.9813,0.9828,3713,0.35079426,0.35079426,0.0,9471.049999999994,183,259,0,0.9828,0.9836,0.0,0.0
2019-08-22 04:00:00,0.9828,0.983,0.9821,0.9826,3513,-1.0,-1.0,0.0,9471.049999999994,183,259,2,0.9826,0.9851,0.0,0.0
2019-08-22 08:00:00,0.9826,0.9831,0.9813,0.9821,9772,0.054569196,0.054569196,0.0,9471.049999999994,183,259,2,0.9826,0.9851,0.0,0.0
2019-08-22 12:00:00,0.9821,0.9844,0.982,0.984,9424,0.4448711,0.4448711,0.0,9471.049999999994,183,259,2,0.9826,0.9851,0.0,0.0
2019-08-22 16:00:00,0.984,0.9844,0.9825,0.9841,12342,-1.0,-1.0,0.0,9471.049999999994,183,259,2,0.9826,0.9851,0.0,0.0
2019-08-22 20:00:00,0.9841,0.9843,0.9831,0.9836,3655,0.11589151,0.11589151,0.0,9471.049999999994,183,259,2,0.9826,0.9851,0.0,0.0
2019-08-23 00:00:00,0.9836,0.9845,0.9833,0.9844,5764,-0.1590737,-0.1590737,0.0,9471.049999999994,183,259,2,0.9826,0.9851,0.0,0.0
2019-08-23 04:00:00,0.9844,0.9855,0.9843,0.9851,6136,-0.949705,-0.949705,0.0,9471.049999999994,183,259,2,0.9826,0.9851,0.0,0.0
2019-08-23 08:00:00,0.9851,0.9873,0.985,0.9872,5649,-1.0,-1.0,0.0,9191.939999999993,183,260,0,0.0,0.0,0.0,-279.11
2019-08-23 12:00:00,0.9872,0.9877,0.9836,0.9846,8728,-0.8029435,-0.8029435,0.0,9191.939999999993,183,260,2,0.9846,0.9859,0.0,0.0
2019-08-23 16:00:00,0.9846,0.9853,0.9745,0.9753,25811,0.2714468,0.2714468,0.0,9191.939999999993,183,260,2,0.9846,0.9859,0.0,0.0
2019-08-23 20:00:00,0.9753,0.9755,0.9735,0.9747,18019,-0.050433815,-0.050433815,0.0,9191.939999999993,183,260,2,0.9846,0.9859,0.0,0.0
2019-08-26 00:00:00,0.9724,0.9751,0.9713,0.9744,24648,1.0,1.0,0.0,10253.269999999993,184,260,0,0.0,0.0,0.0,1061.33
2019-08-26 04:00:00,0.9744,0.9776,0.9744,0.975,18076,-0.23328188,-0.23328188,0.0,10253.269999999993,184,260,0,0.0,0.0,0.0,0.0
2019-08-26 08:00:00,0.975,0.9786,0.974,0.9786,24886,0.51551104,0.51551104,0.0,10253.269999999993,184,260,1,0.9786,0.9774,0.0,0.0
2019-08-26 12:00:00,0.9786,0.9816,0.9783,0.9805,14518,-0.6125309,-0.6125309,0.0,10253.269999999993,184,260,1,0.9786,0.9774,0.0,0.0
2019-08-26 16:00:00,0.9805,0.9805,0.9774,0.9796,19225,-0.31063902,-0.31063902,0.0,10253.269999999993,184,260,1,0.9786,0.9774,0.0,0.0
2019-08-26 20:00:00,0.9796,0.9808,0.9786,0.9787,7599,1.0,1.0,0.0,10253.269999999993,184,260,1,0.9786,0.9774,0.0,0.0
2019-08-27 00:00:00,0.9788,0.9795,0.9783,0.9784,5922,1.0,1.0,0.0,10253.269999999993,184,260,1,0.9786,0.9774,0.0,0.0
2019-08-27 04:00:00,0.9784,0.9793,0.9782,0.9789,5446,-1.0,-1.0,0.0,10229.249999999993,184,261,0,0.0,0.0,0.0,-24.02
2019-08-27 08:00:00,0.9789,0.9803,0.9775,0.9801,11906,-0.2473614,-0.2473614,0.0,10229.249999999993,184,261,0,0.0,0.0,0.0,0.0
2019-08-27 12:00:00,0.9801,0.9811,0.9793,0.9809,12772,-1.0,-1.0,0.0,10229.249999999993,184,261,2,0.9809,0.9817,0.0,0.0
2019-08-27 16:00:00,0.981,0.9837,0.9801,0.9802,17115,1.0,1.0,0.0,10229.249999999993,184,261,2,0.9809,0.9817,0.0,0.0
2019-08-27 20:00:00,0.9802,0.9815,0.9801,0.9811,7741,0.9498173,0.9498173,0.0,10313.219999999992,185,261,0,0.0,0.0,0.0,83.97
2019-08-28 00:00:00,0.9812,0.9816,0.9808,0.9814,12666,1.0,1.0,0.0,10313.219999999992,185,261,1,0.9814,0.9806,0.0,0.0
2019-08-28 04:00:00,0.9814,0.9823,0.9811,0.9819,9237,-0.92520815,-0.92520815,0.0,10313.219999999992,185,261,1,0.9814,0.9806,0.0,0.0
2019-08-28 08:00:00,0.9819,0.9828,0.9811,0.9815,18129,0.1706246,0.1706246,0.0,10313.219999999992,185,261,1,0.9814,0.9806,0.0,0.0
2019-08-28 12:00:00,0.9815,0.982,0.9803,0.9814,21662,0.97665006,0.97665006,0.0,10313.219999999992,185,261,1,0.9814,0.9806,0.0,0.0
2019-08-28 16:00:00,0.9814,0.9824,0.9801,0.9813,20465,-0.7137338,-0.7137338,0.0,10313.209999999992,185,262,0,0.0,0.0,0.0,-0.01
2019-08-28 20:00:00,0.9813,0.9822,0.9806,0.9815,10720,0.008278853,0.008278853,0.0,10313.209999999992,185,262,0,0.9814,0.9822,0.0,0.0
2019-08-29 00:00:00,0.9815,0.9818,0.9806,0.9807,9270,-0.56967807,-0.56967807,0.0,10313.209999999992,185,262,2,0.9807,0.9832,0.0,0.0
2019-08-29 04:00:00,0.9807,0.9809,0.98,0.9805,7084,0.7187786,0.7187786,0.0,10313.209999999992,185,262,2,0.9807,0.9832,0.0,0.0
2019-08-29 08:00:00,0.9805,0.9833,0.9803,0.9833,11211,-0.038554516,-0.038554516,0.0,10313.209999999992,185,262,2,0.9807,0.9832,0.0,0.0
2019-08-29 12:00:00,0.9833,0.9843,0.9817,0.9826,11312,-0.006232948,-0.006232948,0.0,9997.699999999992,185,263,0,0.0,0.0,0.0,-315.51
2019-08-29 16:00:00,0.9826,0.9867,0.9817,0.9864,17379,0.55590653,0.55590653,0.0,9997.699999999992,185,263,1,0.9864,0.9856,0.0,0.0
2019-08-29 20:00:00,0.9864,0.9875,0.9863,0.9864,6955,-0.14112625,-0.14112625,0.0,9997.699999999992,185,263,1,0.9864,0.9856,0.0,0.0
2019-08-30 00:00:00,0.9865,0.9871,0.9859,0.987,5092,-0.5300046,-0.5300046,0.0,9997.699999999992,185,263,1,0.9864,0.9856,0.0,0.0
2019-08-30 04:00:00,0.987,0.9881,0.9869,0.9875,6982,0.20074396,0.20074396,0.0,9997.699999999992,185,263,1,0.9864,0.9856,0.0,0.0
2019-08-30 08:00:00,0.9875,0.9895,0.9868,0.9885,12654,0.9765156,0.9765156,0.0,9997.699999999992,185,263,1,0.9864,0.9856,0.0,0.0
2019-08-30 12:00:00,0.9885,0.9894,0.9875,0.9877,11803,-0.8693753,-0.8693753,0.0,10246.029999999992,186,263,0,0.0,0.0,0.0,248.33
2019-08-30 16:00:00,0.9877,0.9907,0.9872,0.9903,16476,-0.49077952,-0.49077952,0.0,10246.029999999992,186,263,0,0.9875,0.9888,0.0,0.0
2019-08-30 20:00:00,0.9903,0.9918,0.9894,0.9896,9135,0.29785937,0.29785937,0.0,10246.029999999992,186,263,0,0.0,0.0,0.0,0.0
2019-09-02 00:00:00,0.9893,0.9906,0.9889,0.9894,4906,-1.0,-1.0,0.0,10246.029999999992,186,263,2,0.9894,0.9912,0.0,0.0
2019-09-02 04:00:00,0.9894,0.9905,0.9893,0.9904,8714,0.36325055,0.36325055,0.0,10246.029999999992,186,263,2,0.9894,0.9912,0.0,0.0
2019-09-02 08:00:00,0.9904,0.9917,0.9899,0.9906,11606,0.2324875,0.2324875,0.0,10246.029999999992,186,263,2,0.9894,0.9912,0.0,0.0
2019-09-02 12:00:00,0.9906,0.9919,0.9905,0.9917,9283,0.66883385,0.66883385,0.0,10100.279999999992,186,264,0,0.0,0.0,0.0,-145.75
2019-09-02 16:00:00,0.9917,0.9919,0.9896,0.9897,8238,-0.050930884,-0.050930884,0.0,10100.279999999992,186,264,0,0.9897,0.9886,0.0,0.0
2019-09-02 20:00:00,0.9897,0.9907,0.9897,0.9906,1720,0.714022,0.714022,0.0,10100.279999999992,186,264,1,0.9906,0.9898,0.0,0.0
2019-09-03 00:00:00,0.9905,0.9919,0.9898,0.9918,6804,-0.21851498,-0.21851498,0.0,10100.279999999992,186,264,1,0.9906,0.9898,0.0,0.0
2019-09-03 04:00:00,0.9918,0.9929,0.9917,0.9922,9686,1.0,1.0,0.0,10100.279999999992,186,264,1,0.9906,0.9898,0.0,0.0
2019-09-03 08:00:00,0.9922,0.9926,0.9907,0.9909,13298,-0.002975557,-0.002975557,0.0,10100.279999999992,186,264,1,0.9906,0.9898,0.0,0.0
2019-09-03 12:00:00,0.9909,0.9913,0.9893,0.9898,14122,1.0,1.0,0.0,10100.279999999992,186,264,1,0.9906,0.9898,0.0,0.0
2019-09-03 16:00:00,0.9898,0.9901,0.9863,0.9871,23559,-0.54759187,-0.54759187,0.0,10004.569999999992,186,265,0,0.0,0.0,0.0,-95.71
2019-09-03 20:00:00,0.9871,0.9877,0.9863,0.9869,7639,0.39045036,0.39045036,0.0,10004.569999999992,186,265,0,0.0,0.0,0.0,0.0
2019-09-04 00:00:00,0.9868,0.9877,0.9859,0.9866,9251,0.12932995,0.12932995,0.0,10004.569999999992,186,265,0,0.9898,0.9906,0.0,0.0
2019-09-04 04:00:00,0.9866,0.9877,0.9865,0.9871,11364,0.9179007,0.9179007,0.0,10004.569999999992,186,265,1,0.9871,0.9863,0.0,0.0
2019-09-04 08:00:00,0.9871,0.9884,0.9857,0.986,18272,-1.0,-1.0,0.0,10004.569999999992,186,265,1,0.9871,0.9863,0.0,0.0
2019-09-04 12:00:00,0.986,0.9862,0.984,0.9845,13164,0.18141967,0.18141967,0.0,9874.719999999992,186,266,0,0.0,0.0,0.0,-129.85
2019-09-04 16:00:00,0.9845,0.9849,0.9804,0.9812,15868,-1.0,-1.0,0.0,9874.719999999992,186,266,2,0.9812,0.9837,0.0,0.0
2019-09-04 20:00:00,0.9812,0.9816,0.9798,0.9806,6092,0.5021687,0.5021687,0.0,9874.719999999992,186,266,2,0.9812,0.9837,0.0,0.0
2019-09-05 00:00:00,0.9807,0.9814,0.9803,0.9812,5836,-0.8319516,-0.8319516,0.0,9874.719999999992,186,266,2,0.9812,0.9837,0.0,0.0
2019-09-05 04:00:00,0.9812,0.9843,0.9811,0.9837,13625,-0.4741813,-0.4741813,0.0,9874.719999999992,186,266,2,0.9812,0.9837,0.0,0.0
2019-09-05 08:00:00,0.9837,0.9843,0.982,0.9826,15373,0.08358708,0.08358708,0.0,9584.129999999992,186,267,0,0.0,0.0,0.0,-290.59
2019-09-05 12:00:00,0.9826,0.984,0.9818,0.9836,11893,0.23266357,0.23266357,0.0,9584.129999999992,186,267,0,0.9812,0.9804,0.0,0.0
2019-09-05 16:00:00,0.9835,0.9873,0.9825,0.9864,15881,0.9365739,0.9365739,0.0,9584.129999999992,186,267,1,0.9864,0.9839,0.0,0.0
2019-09-05 20:00:00,0.9865,0.987,0.9858,0.9858,3146,-0.9828594,-0.9828594,0.0,9584.129999999992,186,267,1,0.9864,0.9839,0.0,0.0
2019-09-06 00:00:00,0.9858,0.9868,0.9854,0.9864,14206,-0.09747168,-0.09747168,0.0,9584.129999999992,186,267,1,0.9864,0.9839,0.0,0.0
2019-09-06 04:00:00,0.9864,0.9873,0.9861,0.9871,10832,0.6551226,0.6551226,0.0,9584.129999999992,186,267,1,0.9864,0.9839,0.0,0.0
2019-09-06 08:00:00,0.9871,0.9889,0.9861,0.9889,11155,-0.9705581,-0.9705581,0.0,9663.359999999991,187,267,0,0.0,0.0,0.0,79.23
2019-09-06 12:00:00,0.9889,0.9917,0.9887,0.9892,11688,1.0,1.0,0.0,9663.359999999991,187,267,1,0.9892,0.9884,0.0,0.0
2019-09-06 16:00:00,0.9892,0.9894,0.986,0.9875,11905,-0.46931812,-0.46931812,0.0,9663.359999999991,187,267,1,0.9892,0.9884,0.0,0.0
2019-09-06 20:00:00,0.9875,0.9884,0.9868,0.9876,5500,0.052537754,0.052537754,0.0,9469.23999999999,187,268,0,0.0,0.0,0.0,-194.12
2019-09-09 00:00:00,0.9867,0.9894,0.9867,0.9892,16517,-0.9280578,-0.9280578,0.0,9469.23999999999,187,268,2,0.9892,0.9911,0.0,0.0
2019-09-09 04:00:00,0.9892,0.9893,0.9884,0.9891,11261,-0.5994409,-0.5994409,0.0,9469.23999999999,187,268,2,0.9892,0.9911,0.0,0.0
2019-09-09 08:00:00,0.9891,0.9907,0.9886,0.9905,8303,-0.39618224,-0.39618224,0.0,9469.23999999999,187,268,2,0.9892,0.9911,0.0,0.0
2019-09-09 12:00:00,0.9905,0.9915,0.9887,0.991,6704,-1.0,-1.0,0.0,9469.23999999999,187,268,2,0.9892,0.9911,0.0,0.0
2019-09-09 16:00:00,0.9909,0.9912,0.9893,0.9905,7854,0.093499355,0.093499355,0.0,9469.23999999999,187,268,2,0.9892,0.9911,0.0,0.0
2019-09-09 20:00:00,0.9905,0.9922,0.9905,0.992,3810,1.0,1.0,0.0,9323.32999999999,187,269,0,0.0,0.0,0.0,-145.91
2019-09-10 00:00:00,0.992,0.9927,0.9912,0.9927,5931,0.9303147,0.9303147,0.0,9323.32999999999,187,269,1,0.9927,0.9919,0.0,0.0
2019-09-10 04:00:00,0.9927,0.9932,0.992,0.9923,7289,0.12878805,0.12878805,0.0,9323.32999999999,187,269,1,0.9927,0.9919,0.0,0.0
2019-09-10 08:00:00,0.9923,0.9925,0.9908,0.9912,7292,-1.0,-1.0,0.0,9279.03999999999,187,270,0,0.0,0.0,0.0,-44.29
2019-09-10 12:00:00,0.9913,0.9922,0.9896,0.9902,7473,-1.0,-1.0,0.0,9279.03999999999,187,270,2,0.9902,0.9916,0.0,0.0
2019-09-10 16:00:00,0.9902,0.9918,0.9889,0.9915,11224,-1.0,-1.0,0.0,9279.03999999999,187,270,2,0.9902,0.9916,0.0,0.0
2019-09-10 20:00:00,0.9915,0.9922,0.9904,0.9919,5460,-0.6114156,-0.6114156,0.0,9279.03999999999,187,270,2,0.9902,0.9916,0.0,0.0
2019-09-11 00:00:00,0.9919,0.9921,0.9912,0.992,7228,1.0,1.0,0.0,9091.80999999999,187,271,0,0.0,0.0,0.0,-187.23
2019-09-11 04:00:00,0.992,0.9924,0.9912,0.9918,6605,0.061360653,0.061360653,0.0,9091.80999999999,187,271,0,0.9915,0.994,0.0,0.0
2019-09-11 08:00:00,0.9918,0.994,0.9915,0.9936,6825,-0.049398433,-0.049398433,0.0,9091.80999999999,187,271,0,0.9915,0.994,0.0,0.0
2019-09-11 12:00:00,0.9936,0.9943,0.9929,0.9935,10283,-1.0,-1.0,0.0,9091.80999999999,187,271,2,0.9935,0.9943,0.0,0.0
2019-09-11 16:00:00,0.9935,0.994,0.9928,0.9932,8618,1.0,1.0,0.0,9091.80999999999,187,271,2,0.9935,0.9943,0.0,0.0
2019-09-11 20:00:00,0.9932,0.9934,0.9925,0.9927,3977,0.78599375,0.78599375,0.0,9124.21999999999,188,271,0,0.0,0.0,0.0,32.41
2019-09-12 00:00:00,0.9927,0.994,0.9926,0.9938,6488,0.7132531,0.7132531,0.0,9124.21999999999,188,271,1,0.9938,0.993,0.0,0.0
2019-09-12 04:00:00,0.9938,0.9939,0.9928,0.9934,8606,-1.0,-1.0,0.0,9124.21999999999,188,271,1,0.9938,0.993,0.0,0.0
2019-09-12 08:00:00,0.9934,0.9936,0.9898,0.9904,7604,0.059939515,0.059939515,0.0,9124.21999999999,188,271,1,0.9938,0.993,0.0,0.0
2019-09-12 12:00:00,0.9904,0.9946,0.9893,0.9935,15546,-1.0,-1.0,0.0,8756.56999999999,188,272,0,0.0,0.0,0.0,-367.65
2019-09-12 16:00:00,0.9935,0.9938,0.9881,0.9889,24512,-0.16514762,-0.16514762,0.0,8756.56999999999,188,272,0,0.0,0.0,0.0,0.0
2019-09-12 20:00:00,0.9889,0.9912,0.988,0.9903,7352,0.57957643,0.57957643,0.0,8756.56999999999,188,272,1,0.9903,0.9883,0.0,0.0
2019-09-13 00:00:00,0.9903,0.9908,0.9894,0.9896,6362,0.5846593,0.5846593,0.0,8756.56999999999,188,272,1,0.9903,0.9883,0.0,0.0
2019-09-13 04:00:00,0.9896,0.9904,0.9894,0.9899,7412,-0.2214628,-0.2214628,0.0,8756.56999999999,188,272,1,0.9903,0.9883,0.0,0.0
2019-09-13 08:00:00,0.9898,0.9899,0.9869,0.9877,10331,0.100667335,0.100667335,0.0,8756.56999999999,188,272,1,0.9903,0.9883,0.0,0.0
2019-09-13 12:00:00,0.9876,0.988,0.9854,0.9876,8781,0.59293014,0.59293014,0.0,8487.47999999999,188,273,0,0.0,0.0,0.0,-269.09
2019-09-13 16:00:00,0.9876,0.9908,0.9868,0.9904,11316,0.09024123,0.09024123,0.0,8487.47999999999,188,273,0,0.9876,0.9901,0.0,0.0
2019-09-13 20:00:00,0.9904,0.9911,0.9898,0.99,5295,0.50259316,0.50259316,0.0,8487.47999999999,188,273,1,0.99,0.9892,0.0,0.0
2019-09-16 00:00:00,0.99,0.99,0.9865,0.9872,4492,0.43158084,0.43158084,0.0,8487.47999999999,188,273,1,0.99,0.9892,0.0,0.0
2019-09-16 04:00:00,0.9872,0.9889,0.9868,0.9883,5873,1.0,1.0,0.0,8206.73999999999,188,274,0,0.0,0.0,0.0,-280.74
2019-09-16 08:00:00,0.9883,0.9906,0.988,0.9903,8092,0.14182293,0.14182293,0.0,8206.73999999999,188,274,0,0.9883,0.9875,0.0,0.0
2019-09-16 12:00:00,0.9903,0.9918,0.9894,0.9916,10142,0.06396414,0.06396414,0.0,8206.73999999999,188,274,0,0.0,0.0,0.0,0.0
2019-09-16 16:00:00,0.9916,0.994,0.9914,0.9922,8900,-0.37839594,-0.37839594,0.0,8206.73999999999,188,274,0,0.9922,0.9914,0.0,0.0
2019-09-16 20:00:00,0.9922,0.9934,0.9917,0.9927,4957,1.0,1.0,0.0,8206.73999999999,188,274,1,0.9927,0.9908,0.0,0.0
2019-09-17 00:00:00,0.9927,0.9932,0.9914,0.992,5548,-0.55734026,-0.55734026,0.0,8206.73999999999,188,274,1,0.9927,0.9908,0.0,0.0
2019-09-17 04:00:00,0.992,0.9927,0.9913,0.9919,7936,-1.0,-1.0,0.0,8138.539999999991,188,275,0,0.0,0.0,0.0,-68.2
2019-09-17 08:00:00,0.9919,0.9945,0.9915,0.9939,8257,-0.286245,-0.286245,0.0,8138.539999999991,188,275,0,0.9922,0.9914,0.0,0.0
2019-09-17 12:00:00,0.9939,0.9957,0.9936,0.9952,5775,-0.38291895,-0.38291895,0.0,8138.539999999991,188,275,0,0.0,0.0,0.0,0.0
2019-09-17 16:00:00,0.9952,0.9968,0.992,0.9923,13199,-1.0,-1.0,0.0,8138.539999999991,188,275,2,0.9923,0.9931,0.0,0.0
2019-09-17 20:00:00,0.9923,0.9938,0.9922,0.993,5835,0.50325656,0.50325656,0.0,8138.539999999991,188,275,2,0.9923,0.9931,0.0,0.0
2019-09-18 00:00:00,0.9929,0.9935,0.9925,0.9934,4309,1.0,1.0,0.0,8070.839999999991,188,276,0,0.0,0.0,0.0,-67.7
2019-09-18 04:00:00,0.9934,0.9938,0.9931,0.9937,5379,0.49914643,0.49914643,0.0,8070.839999999991,188,276,0,0.0,0.0,0.0,0.0
2019-09-18 08:00:00,0.9937,0.9957,0.9934,0.9956,6313,0.25241306,0.25241306,0.0,8070.839999999991,188,276,0,0.9956,0.9944,0.0,0.0
2019-09-18 12:00:00,0.9956,0.9963,0.9945,0.9947,5920,1.0,1.0,0.0,8070.839999999991,188,276,1,0.9947,0.9939,0.0,0.0
2019-09-18 16:00:00,0.9947,0.9961,0.9942,0.9946,8767,-0.44501886,-0.44501886,0.0,8070.839999999991,188,276,1,0.9947,0.9939,0.0,0.0
2019-09-18 20:00:00,0.9946,0.9983,0.9944,0.9973,13753,1.0,1.0,0.0,8070.839999999991,188,276,1,0.9947,0.9939,0.0,0.0
2019-09-19 00:00:00,0.9972,0.9983,0.9961,0.9978,6398,-0.5232501,-0.5232501,0.0,8070.839999999991,188,276,1,0.9947,0.9939,0.0,0.0
2019-09-19 04:00:00,0.9978,0.9982,0.9962,0.9966,8223,-0.78362757,-0.78362757,0.0,8369.54999999999,189,276,0,0.0,0.0,0.0,298.71
2019-09-19 08:00:00,0.9965,0.998,0.9912,0.9913,10430,0.79085165,0.79085165,0.0,8369.54999999999,189,276,1,0.9913,0.9895,0.0,0.0
2019-09-19 12:00:00,0.9913,0.9919,0.99,0.9916,10185,0.88079697,0.88079697,0.0,8369.54999999999,189,276,1,0.9913,0.9895,0.0,0.0
2019-09-19 16:00:00,0.9915,0.9941,0.9909,0.9934,10385,-0.16870642,-0.16870642,0.0,8369.54999999999,189,276,1,0.9913,0.9895,0.0,0.0
2019-09-19 20:00:00,0.9934,0.9935,0.9911,0.9926,8666,1.0,1.0,0.0,8369.54999999999,189,276,1,0.9913,0.9895,0.0,0.0
2019-09-20 00:00:00,0.9926,0.9933,0.992,0.9922,5450,-0.53702956,-0.53702956,0.0,8369.54999999999,189,276,1,0.9913,0.9895,0.0,0.0
2019-09-20 04:00:00,0.9922,0.9923,0.9908,0.9914,5456,1.0,1.0,0.0,8369.54999999999,189,276,1,0.9913,0.9895,0.0,0.0
2019-09-20 08:00:00,0.9914,0.9916,0.9889,0.991,8047,-0.85964054,-0.85964054,0.0,8379.46999999999,190,276,0,0.0,0.0,0.0,9.92
2019-09-20 12:00:00,0.991,0.9925,0.9904,0.9919,6796,-1.0,-1.0,0.0,8379.46999999999,190,276,2,0.9919,0.9927,0.0,0.0
2019-09-20 16:00:00,0.9919,0.9936,0.9915,0.9926,8673,-1.0,-1.0,0.0,8379.46999999999,190,276,2,0.9919,0.9927,0.0,0.0
2019-09-20 20:00:00,0.9926,0.9929,0.9902,0.9909,7946,-0.669044,-0.669044,0.0,8379.46999999999,190,276,2,0.9919,0.9927,0.0,0.0
2019-09-23 00:00:00,0.9918,0.9922,0.9904,0.9917,8019,-0.30656365,-0.30656365,0.0,8379.46999999999,190,276,2,0.9919,0.9927,0.0,0.0
2019-09-23 04:00:00,0.9917,0.9919,0.9907,0.9913,3894,-0.2186317,-0.2186317,0.0,8379.46999999999,190,276,2,0.9919,0.9927,0.0,0.0
2019-09-23 08:00:00,0.9913,0.9922,0.9892,0.9897,10959,-0.14226842,-0.14226842,0.0,8379.46999999999,190,276,2,0.9919,0.9927,0.0,0.0
2019-09-23 12:00:00,0.9897,0.9918,0.9896,0.9914,8140,0.60353684,0.60353684,0.0,8597.77999999999,191,276,0,0.0,0.0,0.0,218.31
2019-09-23 16:00:00,0.9914,0.9919,0.989,0.9897,12854,-1.0,-1.0,0.0,8597.77999999999,191,276,2,0.9897,0.9905,0.0,0.0
2019-09-23 20:00:00,0.9897,0.9905,0.9892,0.9897,6926,-0.48793787,-0.48793787,0.0,8597.77999999999,191,276,2,0.9897,0.9905,0.0,0.0
2019-09-24 00:00:00,0.9897,0.9906,0.9892,0.9904,5485,-0.6595243,-0.6595243,0.0,8597.77999999999,191,276,2,0.9897,0.9905,0.0,0.0
2019-09-24 04:00:00,0.9905,0.991,0.9903,0.9909,4605,1.0,1.0,0.0,8526.44999999999,191,277,0,0.0,0.0,0.0,-71.33
2019-09-24 08:00:00,0.9909,0.9914,0.9895,0.9905,5948,-0.022520455,-0.022520455,0.0,8526.44999999999,191,277,0,0.9909,0.9901,0.0,0.0
2019-09-24 12:00:00,0.9905,0.9905,0.9878,0.9879,7585,-1.0,-1.0,0.0,8526.44999999999,191,277,2,0.9879,0.9903,0.0,0.0
2019-09-24 16:00:00,0.9879,0.9895,0.9843,0.985,13681,1.0,1.0,0.0,8526.44999999999,191,277,2,0.9879,0.9903,0.0,0.0
2019-09-24 20:00:00,0.985,0.9877,0.9844,0.9854,11825,-1.0,-1.0,0.0,8526.44999999999,191,277,2,0.9879,0.9903,0.0,0.0
2019-09-25 00:00:00,0.9853,0.9863,0.985,0.9862,13374,0.12880461,0.12880461,0.0,8526.44999999999,191,277,2,0.9879,0.9903,0.0,0.0
2019-09-25 04:00:00,0.9862,0.9875,0.986,0.9872,10411,1.0,1.0,0.0,8697.48999999999,192,277,0,0.0,0.0,0.0,171.04
2019-09-25 08:00:00,0.9872,0.9874,0.9854,0.9855,5423,-0.033508655,-0.033508655,0.0,8697.48999999999,192,277,0,0.9862,0.9837,0.0,0.0
2019-09-25 12:00:00,0.9855,0.9874,0.9854,0.987,4964,0.54939157,0.54939157,0.0,8697.48999999999,192,277,1,0.987,0.9856,0.0,0.0
2019-09-25 16:00:00,0.987,0.9921,0.9862,0.9914,13684,-0.5890398,-0.5890398,0.0,8697.48999999999,192,277,1,0.987,0.9856,0.0,0.0
2019-09-25 20:00:00,0.9914,0.9925,0.9909,0.9916,5172,-0.12381419,-0.12381419,0.0,8697.48999999999,192,277,1,0.987,0.9856,0.0,0.0
2019-09-26 00:00:00,0.9917,0.9919,0.9906,0.9914,5154,-0.7500125,-0.7500125,0.0,9172.189999999991,193,277,0,0.0,0.0,0.0,474.7
2019-09-26 04:00:00,0.9914,0.9915,0.9906,0.9909,5759,-0.8484299,-0.8484299,0.0,9172.189999999991,193,277,2,0.9909,0.9934,0.0,0.0
2019-09-26 08:00:00,0.9909,0.994,0.9909,0.9936,6617,0.75532097,0.75532097,0.0,9172.189999999991,193,277,2,0.9909,0.9934,0.0,0.0
2019-09-26 12:00:00,0.9936,0.9948,0.9922,0.9927,9218,0.405032,0.405032,0.0,8877.73999999999,193,278,0,0.0,0.0,0.0,-294.45
2019-09-26 16:00:00,0.9927,0.9935,0.9906,0.9932,13087,1.0,1.0,0.0,8877.73999999999,193,278,1,0.9932,0.9909,0.0,0.0
2019-09-26 20:00:00,0.9932,0.9948,0.9925,0.9935,5798,1.0,1.0,0.0,8877.73999999999,193,278,1,0.9932,0.9909,0.0,0.0
2019-09-27 00:00:00,0.9935,0.9945,0.9931,0.9934,5345,-1.0,-1.0,0.0,8909.38999999999,194,278,0,0.0,0.0,0.0,31.65
2019-09-27 04:00:00,0.9934,0.9941,0.9934,0.9938,4635,-1.0,-1.0,0.0,8909.38999999999,194,278,2,0.9938,0.9954,0.0,0.0
2019-09-27 08:00:00,0.9938,0.9949,0.9927,0.9928,6464,-0.056340627,-0.056340627,0.0,8909.38999999999,194,278,2,0.9938,0.9954,0.0,0.0
2019-09-27 12:00:00,0.9928,0.9935,0.9914,0.9921,7766,0.11142846,0.11142846,0.0,8909.38999999999,194,278,2,0.9938,0.9954,0.0,0.0
2019-09-27 16:00:00,0.9921,0.9936,0.99,0.9903,13653,1.0,1.0,0.0,9089.179999999991,195,278,0,0.0,0.0,0.0,179.79
2019-09-27 20:00:00,0.9903,0.9912,0.9898,0.9909,5759,1.0,1.0,0.0,9089.179999999991,195,278,1,0.9909,0.9892,0.0,0.0
2019-09-30 00:00:00,0.9903,0.9915,0.9903,0.9909,2527,-0.14839019,-0.14839019,0.0,9089.179999999991,195,278,1,0.9909,0.9892,0.0,0.0
2019-09-30 04:00:00,0.9909,0.9916,0.9908,0.9911,4581,1.0,1.0,0.0,9089.179999999991,195,278,1,0.9909,0.9892,0.0,0.0
2019-09-30 08:00:00,0.9911,0.9932,0.9909,0.993,6474,-1.0,-1.0,0.0,9110.72999999999,196,278,0,0.0,0.0,0.0,21.55
2019-09-30 12:00:00,0.993,0.997,0.9929,0.9967,7792,0.7214506,0.7214506,0.0,9110.72999999999,196,278,1,0.9967,0.9942,0.0,0.0
2019-09-30 16:00:00,0.9967,0.9981,0.9961,0.9979,13704,0.623148,0.623148,0.0,9110.72999999999,196,278,1,0.9967,0.9942,0.0,0.0
2019-09-30 20:00:00,0.9978,0.9988,0.9975,0.9975,6474,0.32935655,0.32935655,0.0,9110.72999999999,196,278,1,0.9967,0.9942,0.0,0.0
2019-10-01 00:00:00,0.9976,0.9983,0.9964,0.9982,1755,-0.040379584,-0.040379584,0.0,9110.72999999999,196,278,1,0.9967,0.9942,0.0,0.0
2019-10-01 04:00:00,0.9982,0.9993,0.9981,0.9991,4980,-0.05945454,-0.05945454,0.0,9110.72999999999,196,278,1,0.9967,0.9942,0.0,0.0
2019-10-01 08:00:00,0.9991,1.0011,0.9987,1.0008,7988,-0.5310085,-0.5310085,0.0,9110.72999999999,196,278,1,0.9967,0.9942,0.0,0.0
2019-10-01 12:00:00,1.0008,1.0016,0.9998,1.0005,9449,-0.040106803,-0.040106803,0.0,9110.72999999999,196,278,1,0.9967,0.9942,0.0,0.0
2019-10-01 16:00:00,1.0005,1.0012,0.9928,0.9937,21288,-0.173385,-0.173385,0.0,9110.72999999999,196,278,1,0.9967,0.9942,0.0,0.0
2019-10-01 20:00:00,0.9937,0.994,0.9922,0.9932,9431,-1.0,-1.0,0.0,8785.72999999999,196,279,0,0.0,0.0,0.0,-325.0
2019-10-02 00:00:00,0.9929,0.9934,0.9921,0.9925,4298,-0.6775249,-0.6775249,0.0,8785.72999999999,196,279,2,0.9925,0.9933,0.0,0.0
2019-10-02 04:00:00,0.9925,0.9936,0.9923,0.9934,6839,-0.17971516,-0.17971516,0.0,8785.72999999999,196,279,2,0.9925,0.9933,0.0,0.0
2019-10-02 08:00:00,0.9933,0.9998,0.993,0.9996,6112,1.0,1.0,0.0,8691.72999999999,196,280,0,0.0,0.0,0.0,-94.0
2019-10-02 12:00:00,0.9996,1.0026,0.999,1.0004,6947,1.0,1.0,0.0,8691.72999999999,196,280,1,1.0004,0.9979,0.0,0.0
2019-10-02 16:00:00,1.0004,1.0004,0.9967,0.9969,16818,-0.48938188,-0.48938188,0.0,8691.72999999999,196,280,1,1.0004,0.9979,0.0,0.0
2019-10-02 20:00:00,0.9969,0.9977,0.9964,0.9968,11048,0.19976853,0.19976853,0.0,8328.839999999991,196,281,0,0.0,0.0,0.0,-362.89
2019-10-03 00:00:00,0.9968,0.9972,0.9961,0.9964,2856,-0.21460585,-0.21460585,0.0,8328.839999999991,196,281,0,0.9969,0.9994,0.0,0.0
2019-10-03 04:00:00,0.9964,0.9981,0.9964,0.9978,5369,0.7944406,0.7944406,0.0,8328.839999999991,196,281,1,0.9978,0.9963,0.0,0.0
2019-10-03 08:00:00,0.9978,1.0027,0.9974,0.9989,7497,0.47310412,0.47310412,0.0,8328.839999999991,196,281,1,0.9978,0.9963,0.0,0.0
2019-10-03 12:00:00,0.9989,1.0015,0.9986,1.0003,8227,0.43200332,0.43200332,0.0,8328.839999999991,196,281,1,0.9978,0.9963,0.0,0.0
2019-10-03 16:00:00,1.0002,1.0024,0.9952,0.9978,18993,-0.34691414,-0.34691414,0.0,8328.839999999991,196,281,1,0.9978,0.9963,0.0,0.0
2019-10-03 20:00:00,0.9978,0.999,0.9974,0.9987,7575,0.716407,0.716407,0.0,8328.839999999991,196,281,1,0.9978,0.9963,0.0,0.0
2019-10-04 00:00:00,0.9988,0.9989,0.9974,0.9983,4507,-0.5112721,-0.5112721,0.0,8328.839999999991,196,281,1,0.9978,0.9963,0.0,0.0
2019-10-04 04:00:00,0.9983,0.9996,0.9982,0.9995,4457,0.69753426,0.69753426,0.0,8328.839999999991,196,281,1,0.9978,0.9963,0.0,0.0
2019-10-04 08:00:00,0.9995,1.0008,0.9967,0.9969,9154,0.09633847,0.09633847,0.0,8328.839999999991,196,281,1,0.9978,0.9963,0.0,0.0
2019-10-04 12:00:00,0.9969,0.9969,0.9926,0.9963,13499,-0.7837422,-0.7837422,0.0,8239.40999999999,196,282,0,0.0,0.0,0.0,-89.43
2019-10-04 16:00:00,0.9963,0.9965,0.9937,0.9951,14954,0.38511226,0.38511226,0.0,8239.40999999999,196,282,0,0.9983,0.9998,0.0,0.0
2019-10-04 20:00:00,0.9951,0.9959,0.9945,0.9952,8814,0.15673108,0.15673108,0.0,8239.40999999999,196,282,0,0.0,0.0,0.0,0.0
2019-10-07 00:00:00,0.993,0.995,0.993,0.9945,6334,1.0,1.0,0.0,8239.40999999999,196,282,1,0.9945,0.992,0.0,0.0
2019-10-07 04:00:00,0.9945,0.996,0.9943,0.9958,4416,-0.76268846,-0.76268846,0.0,8239.40999999999,196,282,1,0.9945,0.992,0.0,0.0
2019-10-07 08:00:00,0.9958,0.9964,0.9936,0.9941,8115,-1.0,-1.0,0.0,8367.029999999992,197,282,0,0.0,0.0,0.0,127.62
2019-10-07 12:00:00,0.9941,0.9949,0.9934,0.9935,7617,1.0,1.0,0.0,8367.029999999992,197,282,1,0.9935,0.9925,0.0,0.0
2019-10-07 16:00:00,0.9935,0.9953,0.9926,0.9945,10631,1.0,1.0,0.0,8367.029999999992,197,282,1,0.9935,0.9925,0.0,0.0
2019-10-07 20:00:00,0.9945,0.9966,0.9939,0.9947,10397,-0.50471747,-0.50471747,0.0,8367.029999999992,197,282,1,0.9935,0.9925,0.0,0.0
2019-10-08 00:00:00,0.9946,0.9958,0.9944,0.9954,3438,1.0,1.0,0.0,8367.029999999992,197,282,1,0.9935,0.9925,0.0,0.0
2019-10-08 04:00:00,0.9954,0.9958,0.9944,0.9953,7184,-0.83333236,-0.83333236,0.0,8556.369999999992,198,282,0,0.0,0.0,0.0,189.34
2019-10-08 08:00:00,0.9953,0.9954,0.9916,0.9922,9268,1.0,1.0,0.0,8556.369999999992,198,282,1,0.9922,0.9914,0.0,0.0
2019-10-08 12:00:00,0.9922,0.9929,0.9904,0.9912,11854,-0.14763975,-0.14763975,0.0,8556.369999999992,198,282,1,0.9922,0.9914,0.0,0.0
2019-10-08 16:00:00,0.9912,0.9947,0.9908,0.9945,14293,0.08687761,0.08687761,0.0,8454.879999999992,198,283,0,0.0,0.0,0.0,-101.49
2019-10-08 20:00:00,0.9945,0.995,0.9925,0.9929,11819,-1.0,-1.0,0.0,8454.879999999992,198,283,2,0.9929,0.9937,0.0,0.0
2019-10-09 00:00:00,0.9929,0.9933,0.9922,0.9932,4139,-1.0,-1.0,0.0,8454.879999999992,198,283,2,0.9929,0.9937,0.0,0.0
2019-10-09 04:00:00,0.9932,0.9938,0.993,0.9937,2322,0.41995355,0.41995355,0.0,8454.879999999992,198,283,2,0.9929,0.9937,0.0,0.0
2019-10-09 08:00:00,0.9937,0.9942,0.9915,0.9934,6762,0.2518034,0.2518034,0.0,8374.439999999991,198,284,0,0.0,0.0,0.0,-80.44
2019-10-09 12:00:00,0.9934,0.9955,0.9928,0.9947,8834,-0.7347513,-0.7347513,0.0,8374.439999999991,198,284,2,0.9947,0.9955,0.0,0.0
2019-10-09 16:00:00,0.9947,0.9963,0.9937,0.9959,10059,-1.0,-1.0,0.0,8374.439999999991,198,284,2,0.9947,0.9955,0.0,0.0
2019-10-09 20:00:00,0.9959,0.9962,0.9948,0.9958,6496,-0.3604575,-0.3604575,0.0,8254.669999999991,198,285,0,0.0,0.0,0.0,-119.77
2019-10-10 00:00:00,0.9958,0.9959,0.9922,0.9947,8969,-0.9115747,-0.9115747,0.0,8254.669999999991,198,285,2,0.9947,0.9958,0.0,0.0
2019-10-10 04:00:00,0.9947,0.9953,0.9943,0.9949,3691,-1.0,-1.0,0.0,8254.669999999991,198,285,2,0.9947,0.9958,0.0,0.0
2019-10-10 08:00:00,0.9949,0.9951,0.9915,0.992,6135,0.7958862,0.7958862,0.0,8235.009999999991,198,286,0,0.0,0.0,0.0,-19.66
2019-10-10 12:00:00,0.992,0.9939,0.9914,0.9933,11096,0.6759972,0.6759972,0.0,8235.009999999991,198,286,1,0.9933,0.9908,0.0,0.0
2019-10-10 16:00:00,0.9933,0.9972,0.993,0.9956,15325,1.0,1.0,0.0,8235.009999999991,198,286,1,0.9933,0.9908,0.0,0.0
2019-10-10 20:00:00,0.9956,0.9972,0.995,0.9968,8924,-0.11000829,-0.11000829,0.0,8235.009999999991,198,286,1,0.9933,0.9908,0.0,0.0
2019-10-11 00:00:00,0.9968,0.9971,0.9957,0.9967,3269,0.66868865,0.66868865,0.0,8235.009999999991,198,286,1,0.9933,0.9908,0.0,0.0
2019-10-11 04:00:00,0.9967,0.9975,0.9965,0.9975,2203,0.025940133,0.025940133,0.0,8235.009999999991,198,286,1,0.9933,0.9908,0.0,0.0
2019-10-11 08:00:00,0.9975,0.9989,0.9965,0.9988,6252,0.115975775,0.115975775,0.0,8235.009999999991,198,286,1,0.9933,0.9908,0.0,0.0
2019-10-11 12:00:00,0.9988,0.999,0.9965,0.9989,14236,-0.056342047,-0.056342047,0.0,8235.009999999991,198,286,1,0.9933,0.9908,0.0,0.0
2019-10-11 16:00:00,0.9989,0.999,0.9958,0.9963,18414,0.30399638,0.30399638,0.0,8235.009999999991,198,286,1,0.9933,0.9908,0.0,0.0
2019-10-11 20:00:00,0.9963,0.9981,0.9962,0.9964,11312,1.0,1.0,0.0,8235.009999999991,198,286,1,0.9933,0.9908,0.0,0.0
2019-10-14 00:00:00,0.9961,0.9983,0.9953,0.9974,6115,0.2975049,0.2975049,0.0,8235.009999999991,198,286,1,0.9933,0.9908,0.0,0.0
2019-10-14 04:00:00,0.9974,0.9974,0.9955,0.9957,6036,0.55037725,0.55037725,0.0,8235.009999999991,198,286,1,0.9933,0.9908,0.0,0.0
2019-10-14 08:00:00,0.9957,0.9979,0.9952,0.9962,5187,0.48730397,0.48730397,0.0,8235.009999999991,198,286,1,0.9933,0.9908,0.0,0.0
2019-10-14 12:00:00,0.9962,0.9965,0.9944,0.9964,6887,-1.0,-1.0,0.0,8519.679999999991,199,286,0,0.0,0.0,0.0,284.67
2019-10-14 16:00:00,0.9964,0.9979,0.9958,0.997,9362,1.0,1.0,0.0,8519.679999999991,199,286,1,0.997,0.9962,0.0,0.0
2019-10-14 20:00:00,0.997,0.9979,0.9965,0.9968,5487,1.0,1.0,0.0,8519.679999999991,199,286,1,0.997,0.9962,0.0,0.0
2019-10-15 00:00:00,0.997,0.9978,0.9964,0.9972,4746,0.17741834,0.17741834,0.0,8519.679999999991,199,286,1,0.997,0.9962,0.0,0.0
2019-10-15 04:00:00,0.9972,0.9975,0.9963,0.9967,4078,-0.83369243,-0.83369243,0.0,8539.99999999999,200,286,0,0.0,0.0,0.0,20.32
2019-10-15 08:00:00,0.9967,0.9996,0.9964,0.9987,6110,0.2616978,0.2616978,0.0,8539.99999999999,200,286,0,0.9987,0.9978,0.0,0.0
2019-10-15 12:00:00,0.9987,0.9987,0.9968,0.9974,6747,0.8109566,0.8109566,0.0,8539.99999999999,200,286,1,0.9974,0.9966,0.0,0.0
2019-10-15 16:00:00,0.9974,0.9991,0.9971,0.9987,16436,1.0,1.0,0.0,8539.99999999999,200,286,1,0.9974,0.9966,0.0,0.0
2019-10-15 20:00:00,0.9987,0.9993,0.9984,0.9986,7831,-0.69308424,-0.69308424,0.0,8539.99999999999,200,286,1,0.9974,0.9966,0.0,0.0
2019-10-16 00:00:00,0.9986,0.999,0.9978,0.9978,3350,1.0,1.0,0.0,8539.99999999999,200,286,1,0.9974,0.9966,0.0,0.0
2019-10-16 04:00:00,0.9978,0.9982,0.9974,0.9975,2829,-0.0049176035,-0.0049176035,0.0,8539.99999999999,200,286,1,0.9974,0.9966,0.0,0.0
2019-10-16 08:00:00,0.9975,0.9978,0.9961,0.9971,6479,-0.06741696,-0.06741696,0.0,8539.99999999999,200,286,1,0.9974,0.9966,0.0,0.0
2019-10-16 12:00:00,0.9971,0.999,0.996,0.9964,9481,0.3329878,0.3329878,0.0,8539.99999999999,200,286,1,0.9974,0.9966,0.0,0.0
2019-10-16 16:00:00,0.9964,0.9973,0.9948,0.9948,10131,1.0,1.0,0.0,8438.169999999991,200,287,0,0.0,0.0,0.0,-101.83
2019-10-16 20:00:00,0.9948,0.9954,0.9945,0.9947,8216,0.13988796,0.13988796,0.0,8438.169999999991,200,287,0,0.0,0.0,0.0,0.0
2019-10-17 00:00:00,0.9947,0.9953,0.993,0.9931,4512,-1.0,-1.0,0.0,8438.169999999991,200,287,2,0.9931,0.994,0.0,0.0
2019-10-17 04:00:00,0.9931,0.9937,0.9928,0.9935,4602,-0.83263737,-0.83263737,0.0,8438.169999999991,200,287,2,0.9931,0.994,0.0,0.0
2019-10-17 08:00:00,0.9935,0.9941,0.9915,0.9931,6215,-0.42333105,-0.42333105,0.0,8438.169999999991,200,287,2,0.9931,0.994,0.0,0.0
2019-10-17 12:00:00,0.9931,0.9939,0.9885,0.9886,12282,-0.04563779,-0.04563779,0.0,8438.169999999991,200,287,2,0.9931,0.994,0.0,0.0
2019-10-17 16:00:00,0.9886,0.9889,0.9866,0.987,13469,0.24093871,0.24093871,0.0,8438.169999999991,200,287,2,0.9931,0.994,0.0,0.0
2019-10-17 20:00:00,0.987,0.9881,0.9868,0.9877,7035,0.98515093,0.98515093,0.0,9046.06999999999,201,287,0,0.0,0.0,0.0,607.9
2019-10-18 00:00:00,0.9877,0.9879,0.9867,0.9875,2437,0.32907856,0.32907856,0.0,9046.06999999999,201,287,0,0.9875,0.9867,0.0,0.0
2019-10-18 04:00:00,0.9875,0.9879,0.9871,0.9873,3255,-0.24499512,-0.24499512,0.0,9046.06999999999,201,287,0,0.9875,0.9867,0.0,0.0
2019-10-18 08:00:00,0.9873,0.989,0.9865,0.988,5521,0.5422727,0.5422727,0.0,9046.06999999999,201,287,1,0.988,0.9872,0.0,0.0
2019-10-18 12:00:00,0.988,0.9891,0.9858,0.9872,6838,1.0,1.0,0.0,9046.06999999999,201,287,1,0.988,0.9872,0.0,0.0
2019-10-18 16:00:00,0.9872,0.988,0.9845,0.9847,15635,1.0,1.0,0.0,8960.56999999999,201,288,0,0.0,0.0,0.0,-85.5
2019-10-18 20:00:00,0.9847,0.986,0.984,0.984,10471,-0.0031531819,-0.0031531819,0.0,8960.56999999999,201,288,0,0.0,0.0,0.0,0.0
2019-10-21 00:00:00,0.984,0.9855,0.984,0.9852,8714,-1.0,-1.0,0.0,8960.56999999999,201,288,2,0.9852,0.9864,0.0,0.0
2019-10-21 04:00:00,0.9852,0.9861,0.9851,0.9861,3604,0.2754256,0.2754256,0.0,8960.56999999999,201,288,2,0.9852,0.9864,0.0,0.0
2019-10-21 08:00:00,0.9861,0.9864,0.9841,0.9846,7179,0.52382267,0.52382267,0.0,8960.56999999999,201,288,2,0.9852,0.9864,0.0,0.0
2019-10-21 12:00:00,0.9846,0.9861,0.9843,0.985,5460,-1.0,-1.0,0.0,8960.56999999999,201,288,2,0.9852,0.9864,0.0,0.0
2019-10-21 16:00:00,0.985,0.9876,0.9845,0.986,10278,1.0,1.0,0.0,8981.679999999991,202,288,0,0.0,0.0,0.0,21.11
2019-10-21 20:00:00,0.9859,0.9862,0.9854,0.9855,5294,1.0,1.0,0.0,8981.679999999991,202,288,1,0.9855,0.9847,0.0,0.0
2019-10-22 00:00:00,0.9855,0.987,0.9851,0.9865,3215,0.18002895,0.18002895,0.0,8981.679999999991,202,288,1,0.9855,0.9847,0.0,0.0
2019-10-22 04:00:00,0.9865,0.987,0.9863,0.9867,4038,-0.06855708,-0.06855708,0.0,8981.679999999991,202,288,1,0.9855,0.9847,0.0,0.0
2019-10-22 08:00:00,0.9867,0.9891,0.9862,0.9884,6073,-0.38423368,-0.38423368,0.0,8981.679999999991,202,288,1,0.9855,0.9847,0.0,0.0
2019-10-22 12:00:00,0.9884,0.9891,0.9876,0.9882,7880,1.0,1.0,0.0,8981.679999999991,202,288,1,0.9855,0.9847,0.0,0.0
2019-10-22 16:00:00,0.9882,0.9891,0.9877,0.9887,6349,0.59883463,0.59883463,0.0,8981.679999999991,202,288,1,0.9855,0.9847,0.0,0.0
2019-10-22 20:00:00,0.9887,0.9896,0.9882,0.9893,7346,1.0,1.0,0.0,8981.679999999991,202,288,1,0.9855,0.9847,0.0,0.0
2019-10-23 00:00:00,0.9893,0.9896,0.9885,0.9896,5231,0.43988448,0.43988448,0.0,8981.679999999991,202,288,1,0.9855,0.9847,0.0,0.0
2019-10-23 04:00:00,0.9896,0.99,0.9893,0.9895,3955,0.37110668,0.37110668,0.0,8981.679999999991,202,288,1,0.9855,0.9847,0.0,0.0
2019-10-23 08:00:00,0.9895,0.9899,0.9886,0.9893,5585,-0.8844394,-0.8844394,0.0,9407.049999999992,203,288,0,0.0,0.0,0.0,425.37
2019-10-23 12:00:00,0.9894,0.9906,0.9889,0.9894,5234,0.301423,0.301423,0.0,9407.049999999992,203,288,0,0.9893,0.9885,0.0,0.0
2019-10-23 16:00:00,0.9894,0.9911,0.9891,0.9907,6356,-0.54025567,-0.54025567,0.0,9407.049999999992,203,288,2,0.9907,0.9932,0.0,0.0
2019-10-23 20:00:00,0.9907,0.9914,0.9899,0.9902,5880,-0.7357401,-0.7357401,0.0,9407.049999999992,203,288,2,0.9907,0.9932,0.0,0.0
2019-10-24 00:00:00,0.9904,0.991,0.9898,0.9908,4239,-0.35907322,-0.35907322,0.0,9407.049999999992,203,288,2,0.9907,0.9932,0.0,0.0
2019-10-24 04:00:00,0.9908,0.9908,0.9898,0.9905,4572,-0.31641746,-0.31641746,0.0,9407.049999999992,203,288,2,0.9907,0.9932,0.0,0.0
2019-10-24 08:00:00,0.9905,0.991,0.9891,0.9904,7219,0.06190467,0.06190467,0.0,9407.049999999992,203,288,2,0.9907,0.9932,0.0,0.0
2019-10-24 12:00:00,0.9904,0.9907,0.9892,0.9896,5450,0.00157351,0.00157351,0.0,9407.049999999992,203,288,2,0.9907,0.9932,0.0,0.0
2019-10-24 16:00:00,0.9896,0.9929,0.9894,0.9925,10336,-0.52348924,-0.52348924,0.0,9407.049999999992,203,288,2,0.9907,0.9932,0.0,0.0
2019-10-24 20:00:00,0.9925,0.9926,0.9919,0.9921,3231,1.0,1.0,0.0,9205.949999999992,203,289,0,0.0,0.0,0.0,-201.1
2019-10-25 00:00:00,0.992,0.9929,0.9911,0.9928,9615,-1.0,-1.0,0.0,9205.949999999992,203,289,2,0.9928,0.9936,0.0,0.0
2019-10-25 04:00:00,0.9928,0.9931,0.9926,0.9929,2599,0.8212137,0.8212137,0.0,9205.949999999992,203,289,2,0.9928,0.9936,0.0,0.0
2019-10-25 08:00:00,0.9929,0.993,0.9907,0.9911,4121,0.45358565,0.45358565,0.0,9205.949999999992,203,289,2,0.9928,0.9936,0.0,0.0
2019-10-25 12:00:00,0.9911,0.9929,0.991,0.9926,4572,-0.7843847,-0.7843847,0.0,9205.949999999992,203,289,2,0.9928,0.9936,0.0,0.0
2019-10-25 16:00:00,0.9926,0.9955,0.992,0.9954,9587,-0.8492674,-0.8492674,0.0,9205.949999999992,203,289,2,0.9928,0.9936,0.0,0.0
2019-10-25 20:00:00,0.9954,0.9954,0.9941,0.9943,3761,0.54896945,0.54896945,0.0,8920.849999999991,203,290,0,0.0,0.0,0.0,-285.1
2019-10-28 00:00:00,0.9941,0.9953,0.9939,0.9952,2643,-0.2724531,-0.2724531,0.0,8920.849999999991,203,290,0,0.9926,0.9912,0.0,0.0
2019-10-28 04:00:00,0.9952,0.996,0.9952,0.9956,3101,-0.37586966,-0.37586966,0.0,8920.849999999991,203,290,0,0.9926,0.9912,0.0,0.0
2019-10-28 08:00:00,0.9956,0.9958,0.9944,0.9954,4501,-0.2708358,-0.2708358,0.0,8920.849999999991,203,290,0,0.9926,0.9912,0.0,0.0
2019-10-28 12:00:00,0.9954,0.997,0.9948,0.9964,5093,-1.0,-1.0,0.0,8920.849999999991,203,290,2,0.9964,0.9972,0.0,0.0
2019-10-28 16:00:00,0.9964,0.9964,0.9948,0.9948,6477,0.7341177,0.7341177,0.0,8920.849999999991,203,290,2,0.9964,0.9972,0.0,0.0
2019-10-28 20:00:00,0.9948,0.9951,0.9943,0.9948,2333,-0.5667654,-0.5667654,0.0,8920.849999999991,203,290,2,0.9964,0.9972,0.0,0.0
2019-10-29 00:00:00,0.9948,0.9952,0.9945,0.9951,2812,-0.75898254,-0.75898254,0.0,8920.849999999991,203,290,2,0.9964,0.9972,0.0,0.0
2019-10-29 04:00:00,0.9951,0.9951,0.9944,0.9946,3170,1.0,1.0,0.0,9058.929999999991,204,290,0,0.0,0.0,0.0,138.08
2019-10-29 08:00:00,0.9946,0.9964,0.9944,0.9955,4262,-0.23077649,-0.23077649,0.0,9058.929999999991,204,290,0,0.9948,0.9967,0.0,0.0
2019-10-29 12:00:00,0.9955,0.9962,0.9946,0.9946,6210,-0.40685797,-0.40685797,0.0,9058.929999999991,204,290,0,0.9948,0.9967,0.0,0.0
2019-10-29 16:00:00,0.9946,0.9949,0.9933,0.9937,9077,0.77496785,0.77496785,0.0,9058.929999999991,204,290,1,0.9937,0.9912,0.0,0.0
2019-10-29 20:00:00,0.9937,0.9941,0.9931,0.9938,3672,0.4217353,0.4217353,0.0,9058.929999999991,204,290,1,0.9937,0.9912,0.0,0.0
2019-10-30 00:00:00,0.9938,0.9944,0.9938,0.9941,3885,-0.9986965,-0.9986965,0.0,9069.689999999991,205,290,0,0.0,0.0,0.0,10.76
2019-10-30 04:00:00,0.9941,0.9945,0.9935,0.9936,3153,-0.9393721,-0.9393721,0.0,9069.689999999991,205,290,2,0.9936,0.9961,0.0,0.0
2019-10-30 08:00:00,0.9936,0.9936,0.9917,0.9921,4507,-0.879223,-0.879223,0.0,9069.689999999991,205,290,2,0.9936,0.9961,0.0,0.0
2019-10-30 12:00:00,0.9921,0.9943,0.9914,0.9925,7453,-1.0,-1.0,0.0,9069.689999999991,205,290,2,0.9936,0.9961,0.0,0.0
2019-10-30 16:00:00,0.9925,0.9928,0.9905,0.9911,9946,-1.0,-1.0,0.0,9069.689999999991,205,290,2,0.9936,0.9961,0.0,0.0
2019-10-30 20:00:00,0.9911,0.9941,0.9887,0.9893,11678,0.31383103,0.31383103,0.0,9069.689999999991,205,290,2,0.9936,0.9961,0.0,0.0
2019-10-31 00:00:00,0.9893,0.9894,0.9867,0.9873,5240,0.44706458,0.44706458,0.0,9069.689999999991,205,290,2,0.9936,0.9961,0.0,0.0
2019-10-31 04:00:00,0.9873,0.9876,0.9866,0.9874,3463,1.0,1.0,0.0,9744.709999999992,206,290,0,0.0,0.0,0.0,675.02
2019-10-31 08:00:00,0.9874,0.9881,0.9862,0.9868,6459,-0.06653002,-0.06653002,0.0,9744.709999999992,206,290,0,0.9874,0.9882,0.0,0.0
2019-10-31 12:00:00,0.9869,0.9881,0.9861,0.9864,11188,-0.5310238,-0.5310238,0.0,9744.709999999992,206,290,2,0.9864,0.9872,0.0,0.0
2019-10-31 16:00:00,0.9864,0.9881,0.9859,0.9864,12357,0.10926886,0.10926886,0.0,9744.709999999992,206,290,2,0.9864,0.9872,0.0,0.0
2019-10-31 20:00:00,0.9864,0.9872,0.986,0.9865,4510,-1.0,-1.0,0.0,9744.709999999992,206,290,2,0.9864,0.9872,0.0,0.0
2019-11-01 00:00:00,0.9865,0.9869,0.9859,0.9859,4538,0.28961927,0.28961927,0.0,9744.709999999992,206,290,2,0.9864,0.9872,0.0,0.0
2019-11-01 04:00:00,0.9859,0.9866,0.9857,0.9859,5212,-0.24237475,-0.24237475,0.0,9744.709999999992,206,290,2,0.9864,0.9872,0.0,0.0
2019-11-01 08:00:00,0.9859,0.987,0.9855,0.987,4061,1.0,1.0,0.0,9802.179999999991,207,290,0,0.0,0.0,0.0,57.47
2019-11-01 12:00:00,0.987,0.9895,0.9863,0.9877,8502,-1.0,-1.0,0.0,9802.179999999991,207,290,2,0.9877,0.9891,0.0,0.0
2019-11-01 16:00:00,0.9877,0.9879,0.9854,0.9856,10654,-1.0,-1.0,0.0,9802.179999999991,207,290,2,0.9877,0.9891,0.0,0.0
2019-11-01 20:00:00,0.9856,0.986,0.9851,0.9856,2644,-0.71086913,-0.71086913,0.0,9802.179999999991,207,290,2,0.9877,0.9891,0.0,0.0
2019-11-04 00:00:00,0.9841,0.9867,0.9841,0.9864,2404,1.0,1.0,0.0,10044.929999999991,208,290,0,0.0,0.0,0.0,242.75
2019-11-04 04:00:00,0.9864,0.987,0.9862,0.9867,3680,0.09068472,0.09068472,0.0,10044.929999999991,208,290,0,0.9856,0.9865,0.0,0.0
2019-11-04 08:00:00,0.9867,0.9879,0.9853,0.9878,5584,-0.4379405,-0.4379405,0.0,10044.929999999991,208,290,0,0.0,0.0,0.0,0.0
2019-11-04 12:00:00,0.9878,0.9889,0.9872,0.9874,5862,-0.37798285,-0.37798285,0.0,10044.929999999991,208,290,0,0.9874,0.9866,0.0,0.0
2019-11-04 16:00:00,0.9874,0.988,0.9861,0.9867,9258,0.33830926,0.33830926,0.0,10044.929999999991,208,290,0,0.9874,0.9866,0.0,0.0
2019-11-04 20:00:00,0.9867,0.9881,0.9866,0.9877,4444,0.35235712,0.35235712,0.0,10044.929999999991,208,290,0,0.0,0.0,0.0,0.0
2019-11-05 00:00:00,0.9877,0.9886,0.9873,0.9885,7257,-0.5463947,-0.5463947,0.0,10044.929999999991,208,290,2,0.9885,0.991,0.0,0.0
2019-11-05 04:00:00,0.9885,0.9895,0.9884,0.9889,4033,-0.5906563,-0.5906563,0.0,10044.929999999991,208,290,2,0.9885,0.991,0.0,0.0
2019-11-05 08:00:00,0.9889,0.9908,0.9884,0.9905,5811,1.0,1.0,0.0,9997.379999999992,208,291,0,0.0,0.0,0.0,-47.55
2019-11-05 12:00:00,0.9905,0.992,0.9904,0.9914,6182,-0.51432437,-0.51432437,0.0,9997.379999999992,208,291,2,0.9914,0.9922,0.0,0.0
2019-11-05 16:00:00,0.9914,0.9935,0.9908,0.9931,12395,-0.6902413,-0.6902413,0.0,9997.379999999992,208,291,2,0.9914,0.9922,0.0,0.0
2019-11-05 20:00:00,0.9931,0.9936,0.9924,0.9926,4539,0.5354845,0.5354845,0.0,9795.409999999993,208,292,0,0.0,0.0,0.0,-201.97
2019-11-06 00:00:00,0.9925,0.9933,0.9923,0.9926,3404,-0.3351395,-0.3351395,0.0,9795.409999999993,208,292,0,0.9926,0.9951,0.0,0.0
2019-11-06 04:00:00,0.9926,0.9932,0.9922,0.9929,3055,0.21301709,0.21301709,0.0,9795.409999999993,208,292,0,0.0,0.0,0.0,0.0
2019-11-06 08:00:00,0.9929,0.9933,0.9923,0.9927,4642,-0.9973022,-0.9973022,0.0,9795.409999999993,208,292,2,0.9927,0.9935,0.0,0.0
2019-11-06 12:00:00,0.9927,0.994,0.9921,0.9927,4595,-0.47261688,-0.47261688,0.0,9795.409999999993,208,292,2,0.9927,0.9935,0.0,0.0
2019-11-06 16:00:00,0.9927,0.9936,0.9915,0.9924,9309,-0.000265087,-0.000265087,0.0,9795.409999999993,208,292,2,0.9927,0.9935,0.0,0.0
2019-11-06 20:00:00,0.9924,0.9929,0.9919,0.9927,4820,-1.0,-1.0,0.0,9795.409999999993,208,292,2,0.9927,0.9935,0.0,0.0
2019-11-07 00:00:00,0.9927,0.9928,0.9918,0.9923,9153,-0.7656404,-0.7656404,0.0,9795.409999999993,208,292,2,0.9927,0.9935,0.0,0.0
2019-11-07 04:00:00,0.9923,0.9927,0.992,0.9927,3565,1.0,1.0,0.0,9841.919999999993,209,292,0,0.0,0.0,0.0,46.51
2019-11-07 08:00:00,0.9927,0.9938,0.9923,0.9931,7094,-1.0,-1.0,0.0,9841.919999999993,209,292,2,0.9931,0.9939,0.0,0.0
2019-11-07 12:00:00,0.9931,0.9933,0.9911,0.9931,7804,0.1677568,0.1677568,0.0,9841.919999999993,209,292,2,0.9931,0.9939,0.0,0.0
2019-11-07 16:00:00,0.9931,0.9975,0.9931,0.9973,10651,0.046147127,0.046147127,0.0,9841.919999999993,209,292,2,0.9931,0.9939,0.0,0.0
2019-11-07 20:00:00,0.9973,0.9975,0.9946,0.9948,7024,-0.3605373,-0.3605373,0.0,9348.629999999992,209,293,0,0.0,0.0,0.0,-493.29
2019-11-08 00:00:00,0.9948,0.9954,0.9944,0.995,3880,0.35170004,0.35170004,0.0,9348.629999999992,209,293,0,0.9948,0.9956,0.0,0.0
2019-11-08 04:00:00,0.995,0.9951,0.9943,0.9946,3224,0.3432351,0.3432351,0.0,9348.629999999992,209,293,0,0.9948,0.9956,0.0,0.0
2019-11-08 08:00:00,0.9946,0.9961,0.9944,0.9955,5081,0.2594324,0.2594324,0.0,9348.629999999992,209,293,0,0.9948,0.9956,0.0,0.0
2019-11-08 12:00:00,0.9955,0.9973,0.9953,0.9965,6764,1.0,1.0,0.0,9348.629999999992,209,293,1,0.9965,0.9947,0.0,0.0
2019-11-08 16:00:00,0.9965,0.9976,0.9955,0.9974,7387,0.62801164,0.62801164,0.0,9348.629999999992,209,293,1,0.9965,0.9947,0.0,0.0
2019-11-08 20:00:00,0.9974,0.9979,0.9971,0.9971,3204,-0.8419771,-0.8419771,0.0,9449.039999999992,210,293,0,0.0,0.0,0.0,100.41
2019-11-11 00:00:00,0.9971,0.9977,0.9954,0.9972,2524,-0.33424434,-0.33424434,0.0,9449.039999999992,210,293,0,0.9972,0.9947,0.0,0.0
2019-11-11 04:00:00,0.9972,0.9974,0.9965,0.9966,2108,0.5785167,0.5785167,0.0,9449.039999999992,210,293,1,0.9966,0.9948,0.0,0.0
2019-11-11 08:00:00,0.9966,0.9967,0.9952,0.9953,3529,1.0,1.0,0.0,9449.039999999992,210,293,1,0.9966,0.9948,0.0,0.0
2019-11-11 12:00:00,0.9953,0.9954,0.9931,0.9932,4341,-0.0042643268,-0.0042643268,0.0,9449.039999999992,210,293,1,0.9966,0.9948,0.0,0.0
2019-11-11 16:00:00,0.9932,0.9947,0.9932,0.9932,5433,0.011455861,0.011455861,0.0,9067.219999999992,210,294,0,0.0,0.0,0.0,-381.82
2019-11-11 20:00:00,0.9932,0.9935,0.9929,0.9933,2818,0.41679883,0.41679883,0.0,9067.219999999992,210,294,0,0.9933,0.9952,0.0,0.0
2019-11-12 00:00:00,0.9933,0.9942,0.9929,0.9942,3222,-0.57669777,-0.57669777,0.0,9067.219999999992,210,294,2,0.9942,0.995,0.0,0.0
2019-11-12 04:00:00,0.9942,0.9946,0.9941,0.9945,2818,0.79728776,0.79728776,0.0,9067.219999999992,210,294,2,0.9942,0.995,0.0,0.0
2019-11-12 08:00:00,0.9945,0.995,0.9942,0.9945,5205,-0.60361034,-0.60361034,0.0,9067.219999999992,210,294,2,0.9942,0.995,0.0,0.0
2019-11-12 12:00:00,0.9945,0.9964,0.9942,0.9948,4997,-1.0,-1.0,0.0,9067.219999999992,210,294,2,0.9942,0.995,0.0,0.0
2019-11-12 16:00:00,0.9948,0.9956,0.9927,0.9932,7935,-0.0843223,-0.0843223,0.0,9067.219999999992,210,294,2,0.9942,0.995,0.0,0.0
2019-11-12 20:00:00,0.9932,0.9933,0.9922,0.993,5428,0.3817288,0.3817288,0.0,9067.219999999992,210,294,2,0.9942,0.995,0.0,0.0
2019-11-13 00:00:00,0.9929,0.9936,0.9918,0.992,2751,-1.0,-1.0,0.0,9067.219999999992,210,294,2,0.9942,0.995,0.0,0.0
2019-11-13 04:00:00,0.992,0.9923,0.9907,0.9908,2955,0.73334885,0.73334885,0.0,9303.989999999993,211,294,0,0.0,0.0,0.0,236.77
2019-11-13 08:00:00,0.9908,0.992,0.9895,0.9898,4275,-0.6055681,-0.6055681,0.0,9303.989999999993,211,294,2,0.9898,0.9906,0.0,0.0
2019-11-13 12:00:00,0.9898,0.9906,0.9893,0.9906,6293,-0.5105114,-0.5105114,0.0,9303.989999999993,211,294,2,0.9898,0.9906,0.0,0.0
2019-11-13 16:00:00,0.9906,0.9912,0.9891,0.99,8594,-0.087569445,-0.087569445,0.0,9215.749999999993,211,295,0,0.0,0.0,0.0,-88.24
2019-11-13 20:00:00,0.99,0.9908,0.9884,0.9898,5665,0.7296569,0.7296569,0.0,9215.749999999993,211,295,1,0.9898,0.9887,0.0,0.0
2019-11-14 00:00:00,0.9898,0.9908,0.9887,0.9907,2855,0.7798953,0.7798953,0.0,9215.749999999993,211,295,1,0.9898,0.9887,0.0,0.0
2019-11-14 04:00:00,0.9907,0.9907,0.9893,0.99,3088,1.0,1.0,0.0,9215.749999999993,211,295,1,0.9898,0.9887,0.0,0.0
2019-11-14 08:00:00,0.99,0.9902,0.987,0.9876,4200,-0.3243025,-0.3243025,0.0,9215.749999999993,211,295,1,0.9898,0.9887,0.0,0.0
2019-11-14 12:00:00,0.9876,0.9892,0.9874,0.9886,5338,-0.23216312,-0.23216312,0.0,8976.149999999992,211,296,0,0.0,0.0,0.0,-239.6
2019-11-14 16:00:00,0.9886,0.9897,0.9871,0.9882,7810,1.0,1.0,0.0,8976.149999999992,211,296,1,0.9882,0.986,0.0,0.0
2019-11-14 20:00:00,0.9882,0.9889,0.9875,0.9878,4745,0.018545682,0.018545682,0.0,8976.149999999992,211,296,1,0.9882,0.986,0.0,0.0
2019-11-15 00:00:00,0.9877,0.989,0.9876,0.9889,2985,0.26237953,0.26237953,0.0,8976.149999999992,211,296,1,0.9882,0.986,0.0,0.0
2019-11-15 04:00:00,0.9889,0.9894,0.9889,0.9894,1791,-1.0,-1.0,0.0,9050.489999999993,212,296,0,0.0,0.0,0.0,74.34
2019-11-15 08:00:00,0.9894,0.9911,0.9884,0.9909,3483,0.32343596,0.32343596,0.0,9050.489999999993,212,296,0,0.9909,0.9886,0.0,0.0
2019-11-15 12:00:00,0.9908,0.9909,0.9891,0.9893,4142,-0.07535666,-0.07535666,0.0,9050.489999999993,212,296,0,0.9909,0.9886,0.0,0.0
2019-11-15 16:00:00,0.9893,0.9909,0.9891,0.9899,6294,-0.8042567,-0.8042567,0.0,9050.489999999993,212,296,2,0.9899,0.9911,0.0,0.0
2019-11-15 20:00:00,0.9899,0.9903,0.9891,0.9895,2423,-1.0,-1.0,0.0,9050.489999999993,212,296,2,0.9899,0.9911,0.0,0.0
2019-11-18 00:00:00,0.9877,0.99,0.9877,0.9897,3496,-0.40449005,-0.40449005,0.0,9050.489999999993,212,296,2,0.9899,0.9911,0.0,0.0
2019-11-18 04:00:00,0.9897,0.9901,0.9893,0.9899,2370,0.27519548,0.27519548,0.0,9050.489999999993,212,296,2,0.9899,0.9911,0.0,0.0
2019-11-18 08:00:00,0.9899,0.9907,0.9888,0.9907,5819,-0.050659552,-0.050659552,0.0,9050.489999999993,212,296,2,0.9899,0.9911,0.0,0.0
2019-11-18 12:00:00,0.9907,0.9914,0.989,0.9895,5070,-0.034011513,-0.034011513,0.0,9050.489999999993,212,296,2,0.9899,0.9911,0.0,0.0
2019-11-18 16:00:00,0.9895,0.9897,0.9868,0.9878,7354,1.0,1.0,0.0,9093.339999999993,213,296,0,0.0,0.0,0.0,42.85
2019-11-18 20:00:00,0.9878,0.9896,0.9875,0.9895,2965,1.0,1.0,0.0,9093.339999999993,213,296,1,0.9895,0.9887,0.0,0.0
2019-11-19 00:00:00,0.9895,0.9899,0.9882,0.9896,4949,-0.28625777,-0.28625777,0.0,9093.339999999993,213,296,1,0.9895,0.9887,0.0,0.0
2019-11-19 04:00:00,0.9896,0.9906,0.9895,0.9899,2362,1.0,1.0,0.0,9093.339999999993,213,296,1,0.9895,0.9887,0.0,0.0
2019-11-19 08:00:00,0.9899,0.9918,0.9893,0.9916,4178,-0.50179636,-0.50179636,0.0,9093.339999999993,213,296,1,0.9895,0.9887,0.0,0.0
2019-11-19 12:00:00,0.9916,0.9919,0.9906,0.9913,3580,-1.0,-1.0,0.0,9319.909999999993,214,296,0,0.0,0.0,0.0,226.57
2019-11-19 16:00:00,0.9913,0.9916,0.9893,0.9906,6393,-1.0,-1.0,0.0,9319.909999999993,214,296,2,0.9906,0.9914,0.0,0.0
2019-11-19 20:00:00,0.9906,0.9911,0.9903,0.9904,2582,-0.7787762,-0.7787762,0.0,9319.909999999993,214,296,2,0.9906,0.9914,0.0,0.0
2019-11-20 00:00:00,0.9904,0.9909,0.9899,0.9905,4209,0.5518727,0.5518727,0.0,9319.909999999993,214,296,2,0.9906,0.9914,0.0,0.0
2019-11-20 04:00:00,0.9905,0.9907,0.9899,0.9902,2178,0.3897688,0.3897688,0.0,9319.909999999993,214,296,2,0.9906,0.9914,0.0,0.0
2019-11-20 08:00:00,0.9902,0.9916,0.9898,0.9914,5816,0.51034325,0.51034325,0.0,9319.909999999993,214,296,2,0.9906,0.9914,0.0,0.0
2019-11-20 12:00:00,0.9914,0.9937,0.9911,0.9926,4743,1.0,1.0,0.0,9231.449999999993,214,297,0,0.0,0.0,0.0,-88.46
2019-11-20 16:00:00,0.9927,0.9935,0.9907,0.9911,7642,-0.2849757,-0.2849757,0.0,9231.449999999993,214,297,0,0.9926,0.9918,0.0,0.0
2019-11-20 20:00:00,0.9911,0.992,0.9899,0.9906,6419,-0.27017802,-0.27017802,0.0,9231.449999999993,214,297,0,0.0,0.0,0.0,0.0
2019-11-21 00:00:00,0.9906,0.9912,0.989,0.9894,4368,-1.0,-1.0,0.0,9231.449999999993,214,297,2,0.9894,0.9902,0.0,0.0
2019-11-21 04:00:00,0.9894,0.9909,0.9892,0.9908,3860,0.47003037,0.47003037,0.0,9231.449999999993,214,297,2,0.9894,0.9902,0.0,0.0
2019-11-21 08:00:00,0.9908,0.9916,0.9899,0.9904,6040,-0.7735265,-0.7735265,0.0,9078.219999999994,214,298,0,0.0,0.0,0.0,-153.23
2019-11-21 12:00:00,0.9904,0.992,0.9899,0.9919,7710,-1.0,-1.0,0.0,9078.219999999994,214,298,2,0.9919,0.9927,0.0,0.0
2019-11-21 16:00:00,0.992,0.9926,0.9911,0.9926,8730,0.7330645,0.7330645,0.0,9078.219999999994,214,298,2,0.9919,0.9927,0.0,0.0
2019-11-21 20:00:00,0.9926,0.9935,0.9925,0.993,2825,-0.34699345,-0.34699345,0.0,9078.219999999994,214,298,2,0.9919,0.9927,0.0,0.0
2019-11-22 00:00:00,0.993,0.9939,0.9926,0.9937,2330,-0.6241336,-0.6241336,0.0,8959.559999999994,214,299,0,0.0,0.0,0.0,-118.66
2019-11-22 04:00:00,0.9937,0.9938,0.9934,0.9936,2230,-1.0,-1.0,0.0,8959.559999999994,214,299,2,0.9936,0.9958,0.0,0.0
2019-11-22 08:00:00,0.9936,0.9949,0.9929,0.9935,7657,-0.6192825,-0.6192825,0.0,8959.559999999994,214,299,2,0.9936,0.9958,0.0,0.0
2019-11-22 12:00:00,0.9935,0.9947,0.9935,0.9944,4884,1.0,1.0,0.0,8970.199999999993,215,299,0,0.0,0.0,0.0,10.64
2019-11-22 16:00:00,0.9944,0.9978,0.9944,0.9977,7631,-0.28893906,-0.28893906,0.0,8970.199999999993,215,299,0,0.9977,0.9952,0.0,0.0
2019-11-22 20:00:00,0.9977,0.998,0.9969,0.9971,2927,-0.073357105,-0.073357105,0.0,8970.199999999993,215,299,0,0.9977,0.9952,0.0,0.0
2019-11-25 00:00:00,0.9978,0.9981,0.997,0.9971,2381,0.7849209,0.7849209,0.0,8970.199999999993,215,299,1,0.9971,0.9946,0.0,0.0
2019-11-25 04:00:00,0.9971,0.9974,0.9965,0.9972,2687,1.0,1.0,0.0,8970.199999999993,215,299,1,0.9971,0.9946,0.0,0.0
2019-11-25 08:00:00,0.9972,0.9978,0.9967,0.9975,4481,1.0,1.0,0.0,8970.199999999993,215,299,1,0.9971,0.9946,0.0,0.0
2019-11-25 12:00:00,0.9975,0.9985,0.9972,0.9979,3894,0.004525947,0.004525947,0.0,8970.199999999993,215,299,1,0.9971,0.9946,0.0,0.0
2019-11-25 16:00:00,0.9979,0.9985,0.996,0.9967,6346,-0.3753322,-0.3753322,0.0,8970.199999999993,215,299,1,0.9971,0.9946,0.0,0.0
2019-11-25 20:00:00,0.9967,0.9972,0.9961,0.9961,2501,0.12404938,0.12404938,0.0,8970.199999999993,215,299,1,0.9971,0.9946,0.0,0.0
2019-11-26 00:00:00,0.9961,0.9976,0.996,0.9969,3770,0.348303,0.348303,0.0,8970.199999999993,215,299,1,0.9971,0.9946,0.0,0.0
2019-11-26 04:00:00,0.9969,0.997,0.9962,0.9965,2736,1.0,1.0,0.0,8970.199999999993,215,299,1,0.9971,0.9946,0.0,0.0
2019-11-26 08:00:00,0.9965,0.9986,0.9964,0.9976,4705,-0.8602807,-0.8602807,0.0,8906.009999999993,215,300,0,0.0,0.0,0.0,-64.19
2019-11-26 12:00:00,0.9976,0.9977,0.9964,0.9969,4036,0.46470898,0.46470898,0.0,8906.009999999993,215,300,0,0.0,0.0,0.0,0.0
2019-11-26 16:00:00,0.9969,0.9987,0.9964,0.9975,7548,0.120114796,0.120114796,0.0,8906.009999999993,215,300,0,0.9975,0.9983,0.0,0.0
2019-11-26 20:00:00,0.9975,0.9979,0.9967,0.9969,3816,-0.6376568,-0.6376568,0.0,8906.009999999993,215,300,2,0.9969,0.9994,0.0,0.0
2019-11-27 00:00:00,0.9968,0.998,0.9967,0.9979,4551,0.6139749,0.6139749,0.0,8906.009999999993,215,300,2,0.9969,0.9994,0.0,0.0
2019-11-27 04:00:00,0.9979,0.9982,0.9975,0.9981,2225,1.0,1.0,0.0,8799.659999999993,215,301,0,0.0,0.0,0.0,-106.35
2019-11-27 08:00:00,0.9981,0.9987,0.9974,0.9978,4019,1.0,1.0,0.0,8799.659999999993,215,301,1,0.9978,0.997,0.0,0.0
2019-11-27 12:00:00,0.9978,0.9994,0.9976,0.9988,4442,-1.0,-1.0,0.0,8799.659999999993,215,301,1,0.9978,0.997,0.0,0.0
2019-11-27 16:00:00,0.9988,1.0,0.9986,0.9997,6449,-0.5518846,-0.5518846,0.0,8799.659999999993,215,301,1,0.9978,0.997,0.0,0.0
2019-11-27 20:00:00,0.9997,1.0,0.999,0.999,3579,1.0,1.0,0.0,8799.659999999993,215,301,1,0.9978,0.997,0.0,0.0
2019-11-28 00:00:00,0.9989,0.9991,0.9981,0.9986,5579,0.5752339,0.5752339,0.0,8799.659999999993,215,301,1,0.9978,0.997,0.0,0.0
2019-11-28 04:00:00,0.9986,0.9991,0.9986,0.999,1726,-0.10758603,-0.10758603,0.0,8799.659999999993,215,301,1,0.9978,0.997,0.0,0.0
2019-11-28 08:00:00,0.999,0.9995,0.9984,0.9987,2951,0.47329652,0.47329652,0.0,8799.659999999993,215,301,1,0.9978,0.997,0.0,0.0
2019-11-28 12:00:00,0.9987,0.9992,0.9983,0.9987,3025,-1.0,-1.0,0.0,8894.289999999992,216,301,0,0.0,0.0,0.0,94.63
2019-11-28 16:00:00,0.9987,0.9992,0.9985,0.9989,2106,0.5148414,0.5148414,0.0,8894.289999999992,216,301,1,0.9989,0.9981,0.0,0.0
2019-11-28 20:00:00,0.9989,0.9991,0.998,0.9982,3302,0.058604635,0.058604635,0.0,8894.289999999992,216,301,1,0.9989,0.9981,0.0,0.0
2019-11-29 00:00:00,0.9982,0.999,0.9978,0.9985,3343,-0.6475469,-0.6475469,0.0,8894.289999999992,216,301,1,0.9989,0.9981,0.0,0.0
2019-11-29 04:00:00,0.9985,0.9987,0.9982,0.9983,2280,0.36699972,0.36699972,0.0,8894.289999999992,216,301,1,0.9989,0.9981,0.0,0.0
2019-11-29 08:00:00,0.9983,1.0,0.9982,0.9996,2902,-1.0,-1.0,0.0,8830.529999999992,216,302,0,0.0,0.0,0.0,-63.76
2019-11-29 12:00:00,0.9996,1.0019,0.9994,1.0017,3404,1.0,1.0,0.0,8830.529999999992,216,302,1,1.0017,1.0009,0.0,0.0
2019-11-29 16:00:00,1.0017,1.0023,0.999,0.9997,7981,-0.3496618,-0.3496618,0.0,8830.529999999992,216,302,1,1.0017,1.0009,0.0,0.0
2019-11-29 20:00:00,0.9997,1.0001,0.9992,0.9997,6208,0.41442004,0.41442004,0.0,8619.24999999999,216,303,0,0.0,0.0,0.0,-211.28
2019-12-02 00:00:00,0.9997,1.0008,0.9997,1.0002,2437,0.3208496,0.3208496,0.0,8619.24999999999,216,303,0,1.0017,0.9992,0.0,0.0
2019-12-02 04:00:00,1.0002,1.0004,0.9996,1.0,1924,1.0,1.0,0.0,8619.24999999999,216,303,1,1.0,0.9986,0.0,0.0
2019-12-02 08:00:00,1.0,1.0006,0.9993,1.0,3086,0.15676972,0.15676972,0.0,8619.24999999999,216,303,1,1.0,0.9986,0.0,0.0
2019-12-02 12:00:00,1.0,1.0001,0.9963,0.9967,4572,-0.28202423,-0.28202423,0.0,8619.24999999999,216,303,1,1.0,0.9986,0.0,0.0
2019-12-02 16:00:00,0.9967,0.9967,0.9912,0.992,10349,-1.0,-1.0,0.0,8280.009999999991,216,304,0,0.0,0.0,0.0,-339.24
2019-12-02 20:00:00,0.992,0.9927,0.9911,0.9911,4339,1.0,1.0,0.0,8280.009999999991,216,304,1,0.9911,0.9886,0.0,0.0
2019-12-03 00:00:00,0.9911,0.992,0.9909,0.9919,4051,0.11119187,0.11119187,0.0,8280.009999999991,216,304,1,0.9911,0.9886,0.0,0.0
2019-12-03 04:00:00,0.9918,0.9926,0.9917,0.9923,2910,0.8346949,0.8346949,0.0,8280.009999999991,216,304,1,0.9911,0.9886,0.0,0.0
2019-12-03 08:00:00,0.9923,0.9924,0.9892,0.9893,4194,1.0,1.0,0.0,8280.009999999991,216,304,1,0.9911,0.9886,0.0,0.0
2019-12-03 12:00:00,0.9893,0.9903,0.9881,0.9882,7205,0.75427574,0.75427574,0.0,8280.009999999991,216,304,1,0.9911,0.9886,0.0,0.0
2019-12-03 16:00:00,0.9882,0.9884,0.9857,0.9862,9927,-0.5671684,-0.5671684,0.0,7996.0699999999915,216,305,0,0.0,0.0,0.0,-283.94
2019-12-03 20:00:00,0.9862,0.9874,0.986,0.987,3739,0.8633428,0.8633428,0.0,7996.0699999999915,216,305,1,0.987,0.9845,0.0,0.0
2019-12-04 00:00:00,0.987,0.9874,0.9864,0.9871,3994,0.53034633,0.53034633,0.0,7996.0699999999915,216,305,1,0.987,0.9845,0.0,0.0
2019-12-04 04:00:00,0.9871,0.9876,0.9869,0.9875,1756,0.34234178,0.34234178,0.0,7996.0699999999915,216,305,1,0.987,0.9845,0.0,0.0
2019-12-04 08:00:00,0.9875,0.9895,0.9855,0.9888,6516,0.7935556,0.7935556,0.0,7996.0699999999915,216,305,1,0.987,0.9845,0.0,0.0
2019-12-04 12:00:00,0.9888,0.9893,0.9868,0.987,6580,-0.4181102,-0.4181102,0.0,7996.0699999999915,216,305,1,0.987,0.9845,0.0,0.0
2019-12-04 16:00:00,0.987,0.9899,0.9863,0.9892,9289,0.8615696,0.8615696,0.0,7996.0699999999915,216,305,1,0.987,0.9845,0.0,0.0
2019-12-04 20:00:00,0.9892,0.9899,0.9882,0.9882,3852,1.0,1.0,0.0,7996.0699999999915,216,305,1,0.987,0.9845,0.0,0.0
2019-12-05 00:00:00,0.9882,0.9887,0.9878,0.9881,4284,-0.03724112,-0.03724112,0.0,7996.0699999999915,216,305,1,0.987,0.9845,0.0,0.0
2019-12-05 04:00:00,0.9881,0.9884,0.9874,0.9876,2630,0.26486054,0.26486054,0.0,7996.0699999999915,216,305,1,0.987,0.9845,0.0,0.0
2019-12-05 08:00:00,0.9876,0.9894,0.9873,0.9891,3709,0.42203516,0.42203516,0.0,7996.0699999999915,216,305,1,0.987,0.9845,0.0,0.0
2019-12-05 12:00:00,0.9891,0.9895,0.988,0.9894,4880,-0.760427,-0.760427,0.0,8194.799999999992,217,305,0,0.0,0.0,0.0,198.73
2019-12-05 16:00:00,0.9893,0.9895,0.9868,0.9872,6324,-1.0,-1.0,0.0,8194.799999999992,217,305,2,0.9872,0.988,0.0,0.0
2019-12-05 20:00:00,0.9872,0.9876,0.9868,0.9868,3341,0.9320009,0.9320009,0.0,8194.799999999992,217,305,2,0.9872,0.988,0.0,0.0
2019-12-06 00:00:00,0.9868,0.9874,0.9868,0.9869,2456,-0.61764085,-0.61764085,0.0,8194.799999999992,217,305,2,0.9872,0.988,0.0,0.0
2019-12-06 04:00:00,0.9869,0.9875,0.9868,0.987,2084,-0.52697283,-0.52697283,0.0,8194.799999999992,217,305,2,0.9872,0.988,0.0,0.0
2019-12-06 08:00:00,0.987,0.9883,0.9864,0.988,4102,-0.89005524,-0.89005524,0.0,8194.799999999992,217,305,2,0.9872,0.988,0.0,0.0
2019-12-06 12:00:00,0.988,0.9917,0.9877,0.9903,4609,-0.5595768,-0.5595768,0.0,8117.289999999992,217,306,0,0.0,0.0,0.0,-77.51
2019-12-06 16:00:00,0.9903,0.9918,0.9898,0.9902,6986,-1.0,-1.0,0.0,8117.289999999992,217,306,2,0.9902,0.991,0.0,0.0
2019-12-06 20:00:00,0.9902,0.9904,0.9897,0.99,3139,-0.9067903,-0.9067903,0.0,8117.289999999992,217,306,2,0.9902,0.991,0.0,0.0
2019-12-09 00:00:00,0.9896,0.9908,0.9896,0.9904,4640,-0.2773288,-0.2773288,0.0,8117.289999999992,217,306,2,0.9902,0.991,0.0,0.0
2019-12-09 04:00:00,0.9904,0.991,0.9904,0.9909,2600,-0.3556394,-0.3556394,0.0,8117.289999999992,217,306,2,0.9902,0.991,0.0,0.0
2019-12-09 08:00:00,0.9909,0.9909,0.9896,0.9902,4134,1.0,1.0,0.0,8049.909999999992,217,307,0,0.0,0.0,0.0,-67.38
2019-12-09 12:00:00,0.9902,0.9906,0.9892,0.9894,4539,-0.11672206,-0.11672206,0.0,8049.909999999992,217,307,0,0.9903,0.9884,0.0,0.0
2019-12-09 16:00:00,0.9894,0.9897,0.9875,0.9887,5067,0.93984044,0.93984044,0.0,8049.909999999992,217,307,1,0.9887,0.9863,0.0,0.0
2019-12-09 20:00:00,0.9887,0.9888,0.9876,0.9877,2649,-1.0,-1.0,0.0,8049.909999999992,217,307,1,0.9887,0.9863,0.0,0.0
2019-12-10 00:00:00,0.9877,0.9882,0.9874,0.988,2061,0.002293935,0.002293935,0.0,8049.909999999992,217,307,1,0.9887,0.9863,0.0,0.0
2019-12-10 04:00:00,0.988,0.9881,0.9876,0.9878,1710,-1.0,-1.0,0.0,7983.279999999992,217,308,0,0.0,0.0,0.0,-66.63
2019-12-10 08:00:00,0.9878,0.9879,0.9861,0.9862,3818,0.5283616,0.5283616,0.0,7983.279999999992,217,308,1,0.9862,0.9854,0.0,0.0
2019-12-10 12:00:00,0.9862,0.9871,0.9853,0.986,5565,-0.40822566,-0.40822566,0.0,7983.279999999992,217,308,1,0.9862,0.9854,0.0,0.0
2019-12-10 16:00:00,0.986,0.9874,0.9848,0.9851,7080,0.7784328,0.7784328,0.0,7983.279999999992,217,308,1,0.9862,0.9854,0.0,0.0
2019-12-10 20:00:00,0.9851,0.9853,0.9834,0.9843,4032,-0.6644597,-0.6644597,0.0,7879.759999999991,217,309,0,0.0,0.0,0.0,-103.52
2019-12-11 00:00:00,0.9843,0.9846,0.9837,0.9842,4160,-0.6226284,-0.6226284,0.0,7879.759999999991,217,309,2,0.9842,0.9867,0.0,0.0
2019-12-11 04:00:00,0.9842,0.9851,0.9841,0.985,1813,-0.37030473,-0.37030473,0.0,7879.759999999991,217,309,2,0.9842,0.9867,0.0,0.0
2019-12-11 08:00:00,0.985,0.9856,0.9843,0.9848,4730,1.0,1.0,0.0,7805.449999999991,217,310,0,0.0,0.0,0.0,-74.31
2019-12-11 12:00:00,0.9848,0.9861,0.9846,0.9851,4445,0.8332933,0.8332933,0.0,7805.449999999991,217,310,1,0.9851,0.984,0.0,0.0
2019-12-11 16:00:00,0.9851,0.9863,0.985,0.9858,5754,1.0,1.0,0.0,7805.449999999991,217,310,1,0.9851,0.984,0.0,0.0
2019-12-11 20:00:00,0.9858,0.9862,0.9814,0.983,8001,-1.0,-1.0,0.0,7869.88999999999,218,310,0,0.0,0.0,0.0,64.44
2019-12-12 00:00:00,0.9829,0.9831,0.9816,0.9822,2516,1.0,1.0,0.0,7869.88999999999,218,310,1,0.9822,0.9797,0.0,0.0
2019-12-12 04:00:00,0.9822,0.9825,0.9821,0.9823,1822,1.0,1.0,0.0,7869.88999999999,218,310,1,0.9822,0.9797,0.0,0.0
2019-12-12 08:00:00,0.9823,0.9828,0.981,0.9826,3858,1.0,1.0,0.0,7869.88999999999,218,310,1,0.9822,0.9797,0.0,0.0
2019-12-12 12:00:00,0.9826,0.9833,0.9808,0.982,7705,-1.0,-1.0,0.0,7906.88999999999,219,310,0,0.0,0.0,0.0,37.0
2019-12-12 16:00:00,0.982,0.9875,0.9816,0.9865,12819,0.48635197,0.48635197,0.0,7906.88999999999,219,310,0,0.9826,0.9818,0.0,0.0
2019-12-12 20:00:00,0.9865,0.9872,0.9845,0.9846,8062,-0.5986801,-0.5986801,0.0,7906.88999999999,219,310,2,0.9846,0.9854,0.0,0.0
2019-12-13 00:00:00,0.9845,0.9867,0.9812,0.9846,10154,-1.0,-1.0,0.0,7906.88999999999,219,310,2,0.9846,0.9854,0.0,0.0
2019-12-13 04:00:00,0.9846,0.9853,0.9842,0.9852,4146,0.57299876,0.57299876,0.0,7906.88999999999,219,310,2,0.9846,0.9854,0.0,0.0
2019-12-13 08:00:00,0.9852,0.9862,0.9805,0.9823,8513,-0.46245164,-0.46245164,0.0,7906.88999999999,219,310,2,0.9846,0.9854,0.0,0.0
2019-12-13 12:00:00,0.9823,0.9839,0.982,0.9834,7002,-0.23196158,-0.23196158,0.0,7906.88999999999,219,310,2,0.9846,0.9854,0.0,0.0
2019-12-13 16:00:00,0.9834,0.9854,0.9817,0.9844,16022,1.0,1.0,0.0,8018.529999999991,220,310,0,0.0,0.0,0.0,111.64
2019-12-13 20:00:00,0.9844,0.9847,0.9835,0.9842,3990,0.7602897,0.7602897,0.0,8018.529999999991,220,310,1,0.9842,0.9834,0.0,0.0
2019-12-16 00:00:00,0.9828,0.9843,0.9828,0.984,3589,1.0,1.0,0.0,8018.529999999991,220,310,1,0.9842,0.9834,0.0,0.0
2019-12-16 04:00:00,0.984,0.9845,0.9836,0.9837,2338,0.43141925,0.43141925,0.0,8018.529999999991,220,310,1,0.9842,0.9834,0.0,0.0
2019-12-16 08:00:00,0.9837,0.9847,0.9825,0.9834,5415,0.15803981,0.15803981,0.0,8018.529999999991,220,310,1,0.9842,0.9834,0.0,0.0
2019-12-16 12:00:00,0.9834,0.9838,0.9821,0.9822,4556,0.3352494,0.3352494,0.0,7943.039999999991,220,311,0,0.0,0.0,0.0,-75.49
2019-12-16 16:00:00,0.9822,0.9842,0.982,0.9833,5696,-0.51296115,-0.51296115,0.0,7943.039999999991,220,311,2,0.9833,0.9841,0.0,0.0
2019-12-16 20:00:00,0.9833,0.9833,0.9822,0.9822,2721,0.2030354,0.2030354,0.0,7943.039999999991,220,311,2,0.9833,0.9841,0.0,0.0
2019-12-17 00:00:00,0.9822,0.9835,0.9819,0.9833,2876,-0.20136365,-0.20136365,0.0,7943.039999999991,220,311,2,0.9833,0.9841,0.0,0.0
2019-12-17 04:00:00,0.9833,0.9833,0.9827,0.9829,1724,-1.0,-1.0,0.0,7943.039999999991,220,311,2,0.9833,0.9841,0.0,0.0
2019-12-17 08:00:00,0.9829,0.9843,0.9822,0.9835,4582,0.4226016,0.4226016,0.0,7943.039999999991,220,311,2,0.9833,0.9841,0.0,0.0
2019-12-17 12:00:00,0.9835,0.9838,0.9799,0.9814,6687,1.0,1.0,0.0,7924.329999999991,220,312,0,0.0,0.0,0.0,-18.71
2019-12-17 16:00:00,0.9814,0.9817,0.9796,0.9803,7006,0.54081273,0.54081273,0.0,7924.329999999991,220,312,1,0.9803,0.9795,0.0,0.0
2019-12-17 20:00:00,0.9803,0.9809,0.9798,0.9798,2472,-0.1922092,-0.1922092,0.0,7924.329999999991,220,312,1,0.9803,0.9795,0.0,0.0
2019-12-18 00:00:00,0.98,0.9805,0.9796,0.9802,2424,0.8818897,0.8818897,0.0,7924.329999999991,220,312,1,0.9803,0.9795,0.0,0.0
2019-12-18 04:00:00,0.9802,0.9809,0.9801,0.9804,2538,0.29196334,0.29196334,0.0,7924.329999999991,220,312,1,0.9803,0.9795,0.0,0.0
2019-12-18 08:00:00,0.9804,0.9818,0.9798,0.9804,4486,1.0,1.0,0.0,7924.329999999991,220,312,1,0.9803,0.9795,0.0,0.0
2019-12-18 12:00:00,0.9804,0.9821,0.9795,0.9814,6349,1.0,1.0,0.0,7924.329999999991,220,312,1,0.9803,0.9795,0.0,0.0
2019-12-18 16:00:00,0.9814,0.9819,0.9802,0.9805,7530,-0.5865333,-0.5865333,0.0,8026.679999999991,221,312,0,0.0,0.0,0.0,102.35
2019-12-18 20:00:00,0.9805,0.9806,0.9798,0.9803,3899,-0.46930316,-0.46930316,0.0,8026.679999999991,221,312,0,0.9805,0.983,0.0,0.0
2019-12-19 00:00:00,0.9803,0.981,0.9799,0.9801,4123,-0.7765692,-0.7765692,0.0,8026.679999999991,221,312,2,0.9801,0.9825,0.0,0.0
2019-12-19 04:00:00,0.9801,0.9802,0.9796,0.98,2803,-1.0,-1.0,0.0,8026.679999999991,221,312,2,0.9801,0.9825,0.0,0.0
2019-12-19 08:00:00,0.98,0.9812,0.9796,0.9811,4884,-0.23986126,-0.23986126,0.0,8026.679999999991,221,312,2,0.9801,0.9825,0.0,0.0
2019-12-19 12:00:00,0.9811,0.9811,0.9796,0.9799,6312,0.13583542,0.13583542,0.0,8026.679999999991,221,312,2,0.9801,0.9825,0.0,0.0
2019-12-19 16:00:00,0.9799,0.9801,0.9771,0.9773,8368,0.7039192,0.7039192,0.0,8045.489999999992,222,312,0,0.0,0.0,0.0,18.81
2019-12-19 20:00:00,0.9773,0.9786,0.977,0.9784,3952,-0.49155453,-0.49155453,0.0,8045.489999999992,222,312,0,0.9805,0.983,0.0,0.0
2019-12-20 00:00:00,0.9784,0.9787,0.9775,0.9786,2059,-0.43603206,-0.43603206,0.0,8045.489999999992,222,312,0,0.9805,0.983,0.0,0.0
2019-12-20 04:00:00,0.9786,0.9792,0.9786,0.9789,2242,-1.0,-1.0,0.0,8045.489999999992,222,312,2,0.9789,0.9814,0.0,0.0
2019-12-20 08:00:00,0.9789,0.9807,0.9785,0.9798,4386,1.0,1.0,0.0,8045.489999999992,222,312,2,0.9789,0.9814,0.0,0.0
2019-12-20 12:00:00,0.9799,0.9812,0.9797,0.9804,5529,-0.41042563,-0.41042563,0.0,8045.489999999992,222,312,2,0.9789,0.9814,0.0,0.0
2019-12-20 16:00:00,0.9804,0.983,0.9804,0.9829,6301,-1.0,-1.0,0.0,8045.489999999992,222,312,2,0.9789,0.9814,0.0,0.0
2019-12-20 20:00:00,0.9829,0.9832,0.9814,0.9826,2515,-0.35430315,-0.35430315,0.0,7666.979999999991,222,313,0,0.0,0.0,0.0,-378.51
2019-12-23 00:00:00,0.9826,0.9828,0.9807,0.9825,2702,-0.59804016,-0.59804016,0.0,7666.979999999991,222,313,2,0.9825,0.9833,0.0,0.0
2019-12-23 04:00:00,0.9825,0.9826,0.9817,0.9819,2263,-0.6163519,-0.6163519,0.0,7666.979999999991,222,313,2,0.9825,0.9833,0.0,0.0
2019-12-23 08:00:00,0.9819,0.982,0.9803,0.9803,3842,-0.53802484,-0.53802484,0.0,7666.979999999991,222,313,2,0.9825,0.9833,0.0,0.0
2019-12-23 12:00:00,0.9803,0.982,0.9801,0.9813,5861,1.0,1.0,0.0,7864.829999999992,223,313,0,0.0,0.0,0.0,197.85
2019-12-23 16:00:00,0.9813,0.9827,0.9808,0.982,5739,-1.0,-1.0,0.0,7864.829999999992,223,313,2,0.982,0.9828,0.0,0.0
2019-12-23 20:00:00,0.982,0.9822,0.9813,0.9816,2617,0.21783218,0.21783218,0.0,7864.829999999992,223,313,2,0.982,0.9828,0.0,0.0
2019-12-24 00:00:00,0.9817,0.9822,0.9809,0.9822,3148,-1.0,-1.0,0.0,7864.829999999992,223,313,2,0.982,0.9828,0.0,0.0
2019-12-24 04:00:00,0.9822,0.9826,0.982,0.9823,2305,-1.0,-1.0,0.0,7864.829999999992,223,313,2,0.982,0.9828,0.0,0.0
2019-12-24 08:00:00,0.9823,0.9831,0.9819,0.9827,3194,-0.004806964,-0.004806964,0.0,7864.829999999992,223,313,2,0.982,0.9828,0.0,0.0
2019-12-24 12:00:00,0.9827,0.983,0.9815,0.9817,5267,0.67296064,0.67296064,0.0,7800.079999999992,223,314,0,0.0,0.0,0.0,-64.75
2019-12-24 16:00:00,0.9816,0.9818,0.98,0.98,4713,-0.23545092,-0.23545092,0.0,7800.079999999992,223,314,0,0.9823,0.9815,0.0,0.0
2019-12-24 20:00:00,0.98,0.9806,0.9797,0.9802,638,0.98496747,0.98496747,0.0,7800.079999999992,223,314,1,0.9802,0.9794,0.0,0.0
2019-12-26 04:00:00,0.9811,0.9811,0.9807,0.9808,753,0.64364696,0.64364696,0.0,7800.079999999992,223,314,1,0.9802,0.9794,0.0,0.0
2019-12-26 08:00:00,0.9808,0.9811,0.9799,0.9809,1276,0.25569463,0.25569463,0.0,7800.079999999992,223,314,1,0.9802,0.9794,0.0,0.0
2019-12-26 12:00:00,0.9809,0.9818,0.9804,0.9806,2063,-1.0,-1.0,0.0,7864.159999999992,224,314,0,0.0,0.0,0.0,64.08
2019-12-26 16:00:00,0.9806,0.9816,0.9802,0.9808,2351,0.9401193,0.9401193,0.0,7864.159999999992,224,314,1,0.9808,0.9791,0.0,0.0
2019-12-26 20:00:00,0.9808,0.9817,0.9803,0.981,2353,1.0,1.0,0.0,7864.159999999992,224,314,1,0.9808,0.9791,0.0,0.0
2019-12-27 00:00:00,0.981,0.9818,0.9798,0.9807,7236,1.0,1.0,0.0,7864.159999999992,224,314,1,0.9808,0.9791,0.0,0.0
2019-12-27 04:00:00,0.9808,0.9808,0.9799,0.9801,3679,-1.0,-1.0,0.0,7854.919999999992,224,315,0,0.0,0.0,0.0,-9.24
2019-12-27 08:00:00,0.9801,0.9807,0.9761,0.9762,4757,-0.7624832,-0.7624832,0.0,7854.919999999992,224,315,2,0.9762,0.977,0.0,0.0
2019-12-27 12:00:00,0.9762,0.9769,0.9755,0.9761,5999,0.16781454,0.16781454,0.0,7854.919999999992,224,315,2,0.9762,0.977,0.0,0.0
2019-12-27 16:00:00,0.9762,0.9762,0.9732,0.9733,7101,-0.62684685,-0.62684685,0.0,7854.919999999992,224,315,2,0.9762,0.977,0.0,0.0
2019-12-27 20:00:00,0.9733,0.9751,0.973,0.9747,5277,1.0,1.0,0.0,8120.199999999992,225,315,0,0.0,0.0,0.0,265.28
2019-12-30 00:00:00,0.9741,0.9759,0.9728,0.9731,3593,1.0,1.0,0.0,8120.199999999992,225,315,1,0.9731,0.9723,0.0,0.0
2019-12-30 04:00:00,0.9731,0.9732,0.972,0.9722,3837,-0.80159134,-0.80159134,0.0,8120.199999999992,225,315,1,0.9731,0.9723,0.0,0.0
2019-12-30 08:00:00,0.9721,0.9739,0.9719,0.9727,4651,1.0,1.0,0.0,8035.169999999992,225,316,0,0.0,0.0,0.0,-85.03
2019-12-30 12:00:00,0.9727,0.973,0.9707,0.9707,5660,-0.99650437,-0.99650437,0.0,8035.169999999992,225,316,2,0.9707,0.9715,0.0,0.0
2019-12-30 16:00:00,0.9707,0.9712,0.9674,0.968,8354,-0.6364826,-0.6364826,0.0,8035.169999999992,225,316,2,0.9707,0.9715,0.0,0.0
2019-12-30 20:00:00,0.968,0.9694,0.9678,0.9692,3976,-0.12551242,-0.12551242,0.0,8035.169999999992,225,316,2,0.9707,0.9715,0.0,0.0
2019-12-31 00:00:00,0.9692,0.9692,0.9677,0.9677,3172,1.0,1.0,0.0,8174.939999999992,226,316,0,0.0,0.0,0.0,139.77
2019-12-31 04:00:00,0.9677,0.968,0.9675,0.9678,2834,-0.5018456,-0.5018456,0.0,8174.939999999992,226,316,2,0.9678,0.9686,0.0,0.0
2019-12-31 08:00:00,0.9678,0.9697,0.9674,0.9682,3388,-1.0,-1.0,0.0,8174.939999999992,226,316,2,0.9678,0.9686,0.0,0.0
2019-12-31 12:00:00,0.9682,0.9685,0.9647,0.9649,5508,0.964633,0.964633,0.0,8137.049999999992,226,317,0,0.0,0.0,0.0,-37.89
2019-12-31 16:00:00,0.9649,0.9697,0.9646,0.9664,10773,1.0,1.0,0.0,8137.049999999992,226,317,1,0.9664,0.9656,0.0,0.0
2019-12-31 20:00:00,0.9664,0.9678,0.9664,0.9675,1681,0.5245313,0.5245313,0.0,8137.049999999992,226,317,1,0.9664,0.9656,0.0,0.0
2020-01-02 04:00:00,0.9688,0.9704,0.9687,0.9702,1299,0.43904722,0.43904722,0.0,8137.049999999992,226,317,1,0.9664,0.9656,0.0,0.0
2020-01-02 08:00:00,0.9702,0.9707,0.9681,0.9695,4451,0.2900072,0.2900072,0.0,8137.049999999992,226,317,1,0.9664,0.9656,0.0,0.0
2020-01-02 12:00:00,0.9695,0.9712,0.9691,0.9703,5835,-0.9426275,-0.9426275,0.0,8429.669999999993,227,317,0,0.0,0.0,0.0,292.62
2020-01-02 16:00:00,0.9703,0.9733,0.9689,0.9728,8557,0.7306417,0.7306417,0.0,8429.669999999993,227,317,1,0.9728,0.9714,0.0,0.0
2020-01-02 20:00:00,0.9728,0.9731,0.971,0.9711,3538,0.7041968,0.7041968,0.0,8429.669999999993,227,317,1,0.9728,0.9714,0.0,0.0
2020-01-03 00:00:00,0.971,0.9716,0.9699,0.9701,2092,1.0,1.0,0.0,8263.139999999992,227,318,0,0.0,0.0,0.0,-166.53
2020-01-03 04:00:00,0.9702,0.971,0.9688,0.9707,2497,1.0,1.0,0.0,8263.139999999992,227,318,1,0.9707,0.969,0.0,0.0
2020-01-03 08:00:00,0.9707,0.9735,0.9701,0.9735,6538,0.7263759,0.7263759,0.0,8263.139999999992,227,318,1,0.9707,0.969,0.0,0.0
2020-01-03 12:00:00,0.9734,0.9743,0.9723,0.973,7102,-1.0,-1.0,0.0,8532.639999999992,228,318,0,0.0,0.0,0.0,269.5
2020-01-03 16:00:00,0.973,0.9734,0.9702,0.9708,8973,-1.0,-1.0,0.0,8532.639999999992,228,318,2,0.9708,0.9716,0.0,0.0
2020-01-03 20:00:00,0.9708,0.9726,0.9707,0.9724,5234,1.0,1.0,0.0,8532.639999999992,228,318,2,0.9708,0.9716,0.0,0.0
2020-01-06 00:00:00,0.97,0.9716,0.9698,0.9712,4504,1.0,1.0,0.0,8373.779999999992,228,319,0,0.0,0.0,0.0,-158.86
2020-01-06 04:00:00,0.9712,0.9715,0.9705,0.9712,2177,-0.034973715,-0.034973715,0.0,8373.779999999992,228,319,0,0.9712,0.9687,0.0,0.0
2020-01-06 08:00:00,0.9712,0.9716,0.9689,0.9689,5956,1.0,1.0,0.0,8373.779999999992,228,319,1,0.9689,0.9681,0.0,0.0
2020-01-06 12:00:00,0.9689,0.9698,0.9684,0.9696,6254,1.0,1.0,0.0,8373.779999999992,228,319,1,0.9689,0.9681,0.0,0.0
2020-01-06 16:00:00,0.9696,0.9706,0.9677,0.9682,7666,-0.8575796,-0.8575796,0.0,8441.779999999992,229,319,0,0.0,0.0,0.0,68.0
2020-01-06 20:00:00,0.9682,0.9693,0.9676,0.9679,3794,-0.6467787,-0.6467787,0.0,8441.779999999992,229,319,2,0.9679,0.9687,0.0,0.0
2020-01-07 00:00:00,0.9679,0.9691,0.9675,0.9688,3509,0.44053584,0.44053584,0.0,8441.779999999992,229,319,2,0.9679,0.9687,0.0,0.0
2020-01-07 04:00:00,0.9688,0.9695,0.9686,0.9695,2268,-0.68586653,-0.68586653,0.0,8353.689999999991,229,320,0,0.0,0.0,0.0,-88.09
2020-01-07 08:00:00,0.9695,0.9709,0.9685,0.9709,6510,0.5297573,0.5297573,0.0,8353.689999999991,229,320,1,0.9709,0.9693,0.0,0.0
2020-01-07 12:00:00,0.9709,0.9716,0.9701,0.9714,8038,1.0,1.0,0.0,8353.689999999991,229,320,1,0.9709,0.9693,0.0,0.0
2020-01-07 16:00:00,0.9714,0.973,0.9696,0.9706,7832,0.3392028,0.3392028,0.0,8353.689999999991,229,320,1,0.9709,0.9693,0.0,0.0
2020-01-07 20:00:00,0.9706,0.9715,0.9699,0.9701,4239,0.348416,0.348416,0.0,8353.689999999991,229,320,1,0.9709,0.9693,0.0,0.0
2020-01-08 00:00:00,0.9701,0.9707,0.9665,0.9688,14254,0.11812287,0.11812287,0.0,8353.689999999991,229,320,1,0.9709,0.9693,0.0,0.0
2020-01-08 04:00:00,0.9688,0.9708,0.9687,0.9702,13275,-0.05411569,-0.05411569,0.0,8150.3199999999915,229,321,0,0.0,0.0,0.0,-203.37
2020-01-08 08:00:00,0.9702,0.9716,0.9698,0.9713,10688,1.0,1.0,0.0,8150.3199999999915,229,321,1,0.9713,0.9688,0.0,0.0
2020-01-08 12:00:00,0.9713,0.9728,0.97,0.9701,9544,0.4942557,0.4942557,0.0,8150.3199999999915,229,321,1,0.9713,0.9688,0.0,0.0
2020-01-08 16:00:00,0.9701,0.9736,0.9692,0.9732,10917,-1.0,-1.0,0.0,8036.779999999992,229,322,0,0.0,0.0,0.0,-113.54
2020-01-08 20:00:00,0.9732,0.9739,0.9728,0.9737,4898,-0.14727198,-0.14727198,0.0,8036.779999999992,229,322,0,0.0,0.0,0.0,0.0
2020-01-09 00:00:00,0.9737,0.974,0.973,0.9739,4345,-1.0,-1.0,0.0,8036.779999999992,229,322,2,0.9739,0.9747,0.0,0.0
2020-01-09 04:00:00,0.9739,0.9744,0.9738,0.9738,4208,-1.0,-1.0,0.0,8036.779999999992,229,322,2,0.9739,0.9747,0.0,0.0
2020-01-09 08:00:00,0.9738,0.9748,0.9734,0.9741,7011,-0.61116266,-0.61116266,0.0,8036.779999999992,229,322,2,0.9739,0.9747,0.0,0.0
2020-01-09 12:00:00,0.9741,0.9745,0.9711,0.9719,7908,0.03490986,0.03490986,0.0,8036.779999999992,229,322,2,0.9739,0.9747,0.0,0.0
2020-01-09 16:00:00,0.9719,0.9738,0.9718,0.9726,7887,1.0,1.0,0.0,8223.699999999992,230,322,0,0.0,0.0,0.0,186.92
2020-01-09 20:00:00,0.9726,0.9737,0.972,0.973,3623,0.5123564,0.5123564,0.0,8223.699999999992,230,322,1,0.973,0.9722,0.0,0.0
2020-01-10 00:00:00,0.9728,0.9736,0.9725,0.9735,3802,0.76936775,0.76936775,0.0,8223.699999999992,230,322,1,0.973,0.9722,0.0,0.0
2020-01-10 04:00:00,0.9735,0.9736,0.9727,0.9728,3441,0.822441,0.822441,0.0,8223.699999999992,230,322,1,0.973,0.9722,0.0,0.0
2020-01-10 08:00:00,0.9728,0.9748,0.9726,0.9746,3975,-1.0,-1.0,0.0,8204.539999999992,230,323,0,0.0,0.0,0.0,-19.16
2020-01-10 12:00:00,0.9746,0.9762,0.9741,0.9756,6075,0.24074145,0.24074145,0.0,8204.539999999992,230,323,0,0.9728,0.9711,0.0,0.0
2020-01-10 16:00:00,0.9756,0.9758,0.972,0.9726,8627,0.18873747,0.18873747,0.0,8204.539999999992,230,323,0,0.0,0.0,0.0,0.0
2020-01-10 20:00:00,0.9726,0.9734,0.9723,0.9728,4041,-0.6672031,-0.6672031,0.0,8204.539999999992,230,323,2,0.9728,0.9736,0.0,0.0
2020-01-13 00:00:00,0.972,0.9736,0.972,0.9732,3024,1.0,1.0,0.0,8204.539999999992,230,323,2,0.9728,0.9736,0.0,0.0
2020-01-13 04:00:00,0.9732,0.9733,0.9725,0.9729,3221,-0.42549524,-0.42549524,0.0,8204.539999999992,230,323,2,0.9728,0.9736,0.0,0.0
2020-01-13 08:00:00,0.9729,0.9736,0.9724,0.9728,5944,1.0,1.0,0.0,8194.979999999992,230,324,0,0.0,0.0,0.0,-9.56
2020-01-13 12:00:00,0.9728,0.9731,0.9712,0.9718,5353,-1.0,-1.0,0.0,8194.979999999992,230,324,2,0.9718,0.9726,0.0,0.0
2020-01-13 16:00:00,0.9717,0.972,0.9694,0.97,6139,-0.20574959,-0.20574959,0.0,8194.979999999992,230,324,2,0.9718,0.9726,0.0,0.0
2020-01-13 20:00:00,0.97,0.9711,0.9696,0.9705,2920,-0.69087005,-0.69087005,0.0,8194.979999999992,230,324,2,0.9718,0.9726,0.0,0.0
2020-01-14 00:00:00,0.9705,0.9713,0.9693,0.9711,5235,-1.0,-1.0,0.0,8194.979999999992,230,324,2,0.9718,0.9726,0.0,0.0
2020-01-14 04:00:00,0.9711,0.9713,0.9708,0.971,4437,1.0,1.0,0.0,8261.629999999992,231,324,0,0.0,0.0,0.0,66.65
2020-01-14 08:00:00,0.9711,0.9712,0.9684,0.9696,5301,1.0,1.0,0.0,8261.629999999992,231,324,1,0.9696,0.9688,0.0,0.0
2020-01-14 12:00:00,0.9696,0.9701,0.9668,0.9699,6275,1.0,1.0,0.0,8261.629999999992,231,324,1,0.9696,0.9688,0.0,0.0
2020-01-14 16:00:00,0.9699,0.971,0.9674,0.968,6517,0.68064654,0.68064654,0.0,8261.629999999992,231,324,1,0.9696,0.9688,0.0,0.0
2020-01-14 20:00:00,0.968,0.968,0.9665,0.967,5227,-0.20982926,-0.20982926,0.0,8108.509999999992,231,325,0,0.0,0.0,0.0,-153.12
2020-01-15 00:00:00,0.967,0.9678,0.9667,0.9671,4362,-1.0,-1.0,0.0,8108.509999999992,231,325,2,0.9671,0.9686,0.0,0.0
2020-01-15 04:00:00,0.9672,0.9676,0.9668,0.9672,4565,-1.0,-1.0,0.0,8108.509999999992,231,325,2,0.9671,0.9686,0.0,0.0
2020-01-15 08:00:00,0.9672,0.968,0.9656,0.9663,5151,-1.0,-1.0,0.0,8108.509999999992,231,325,2,0.9671,0.9686,0.0,0.0
2020-01-15 12:00:00,0.9663,0.9663,0.9635,0.9637,6482,-1.0,-1.0,0.0,8108.509999999992,231,325,2,0.9671,0.9686,0.0,0.0
2020-01-15 16:00:00,0.9637,0.9653,0.963,0.9635,8744,-1.0,-1.0,0.0,8108.509999999992,231,325,2,0.9671,0.9686,0.0,0.0
2020-01-15 20:00:00,0.9635,0.9642,0.9633,0.9641,6333,0.73101705,0.73101705,0.0,8445.039999999992,232,325,0,0.0,0.0,0.0,336.53
2020-01-16 00:00:00,0.964,0.9643,0.9636,0.9643,3166,1.0,1.0,0.0,8445.039999999992,232,325,1,0.9643,0.9618,0.0,0.0
2020-01-16 04:00:00,0.9643,0.9646,0.9642,0.9644,3108,0.71549183,0.71549183,0.0,8445.039999999992,232,325,1,0.9643,0.9618,0.0,0.0
2020-01-16 08:00:00,0.9644,0.9649,0.9622,0.9631,5363,0.32846916,0.32846916,0.0,8445.039999999992,232,325,1,0.9643,0.9618,0.0,0.0
2020-01-16 12:00:00,0.9631,0.9637,0.9613,0.9636,5909,0.5197906,0.5197906,0.0,8445.039999999992,232,325,1,0.9643,0.9618,0.0,0.0
2020-01-16 16:00:00,0.9636,0.9652,0.963,0.9648,7671,0.39468732,0.39468732,0.0,8445.039999999992,232,325,1,0.9643,0.9618,0.0,0.0
2020-01-16 20:00:00,0.9648,0.9652,0.9645,0.9648,2965,-1.0,-1.0,0.0,8493.779999999992,233,325,0,0.0,0.0,0.0,48.74
2020-01-17 00:00:00,0.9648,0.9653,0.9644,0.9651,2505,0.14820515,0.14820515,0.0,8493.779999999992,233,325,0,0.9648,0.9656,0.0,0.0
2020-01-17 04:00:00,0.9651,0.9657,0.9645,0.965,3617,-1.0,-1.0,0.0,8493.779999999992,233,325,2,0.965,0.9658,0.0,0.0
2020-01-17 08:00:00,0.965,0.966,0.9647,0.9655,5188,0.3594778,0.3594778,0.0,8493.779999999992,233,325,2,0.965,0.9658,0.0,0.0
2020-01-17 12:00:00,0.9655,0.9688,0.9655,0.9687,6903,0.022291057,0.022291057,0.0,8493.779999999992,233,325,2,0.965,0.9658,0.0,0.0
2020-01-17 16:00:00,0.9687,0.9695,0.9676,0.9679,6554,-0.15945654,-0.15945654,0.0,8129.489999999992,233,326,0,0.0,0.0,0.0,-364.29
2020-01-17 20:00:00,0.9679,0.9683,0.9675,0.9676,2643,1.0,1.0,0.0,8129.489999999992,233,326,1,0.9676,0.9668,0.0,0.0
2020-01-20 00:00:00,0.9674,0.9683,0.9672,0.9678,3994,-0.2479607,-0.2479607,0.0,8129.489999999992,233,326,1,0.9676,0.9668,0.0,0.0
2020-01-20 04:00:00,0.9678,0.9683,0.9676,0.9682,3848,-0.6483101,-0.6483101,0.0,8129.489999999992,233,326,1,0.9676,0.9668,0.0,0.0
2020-01-20 08:00:00,0.9682,0.9689,0.9677,0.968,3740,-1.0,-1.0,0.0,8185.989999999992,234,326,0,0.0,0.0,0.0,56.5
2020-01-20 12:00:00,0.968,0.9692,0.968,0.9688,2709,-1.0,-1.0,0.0,8185.989999999992,234,326,2,0.9688,0.9713,0.0,0.0
2020-01-20 16:00:00,0.9688,0.9699,0.9686,0.969,2589,-0.45702624,-0.45702624,0.0,8185.989999999992,234,326,2,0.9688,0.9713,0.0,0.0
2020-01-20 20:00:00,0.969,0.9691,0.9677,0.9678,1998,0.12997843,0.12997843,0.0,8185.989999999992,234,326,2,0.9688,0.9713,0.0,0.0
2020-01-21 00:00:00,0.9678,0.9687,0.9676,0.9678,5582,0.8735816,0.8735816,0.0,8280.779999999992,235,326,0,0.0,0.0,0.0,94.79
2020-01-21 04:00:00,0.9678,0.968,0.9672,0.9678,4113,-0.3005582,-0.3005582,0.0,8280.779999999992,235,326,0,0.9678,0.969,0.0,0.0
2020-01-21 08:00:00,0.9678,0.969,0.9672,0.9681,5479,-1.0,-1.0,0.0,8280.779999999992,235,326,2,0.9681,0.9706,0.0,0.0
2020-01-21 12:00:00,0.9681,0.9685,0.9661,0.9669,5919,-0.03743203,-0.03743203,0.0,8280.779999999992,235,326,2,0.9681,0.9706,0.0,0.0
2020-01-21 16:00:00,0.9669,0.9688,0.9669,0.9682,5560,0.1314764,0.1314764,0.0,8280.779999999992,235,326,2,0.9681,0.9706,0.0,0.0
2020-01-21 20:00:00,0.9682,0.9688,0.9676,0.9686,5018,0.57336986,0.57336986,0.0,8280.779999999992,235,326,2,0.9681,0.9706,0.0,0.0
2020-01-22 00:00:00,0.9686,0.9698,0.9682,0.9694,4225,-0.2134831,-0.2134831,0.0,8280.779999999992,235,326,2,0.9681,0.9706,0.0,0.0
2020-01-22 04:00:00,0.9694,0.9701,0.9694,0.9697,4273,0.03321858,0.03321858,0.0,8280.779999999992,235,326,2,0.9681,0.9706,0.0,0.0
2020-01-22 08:00:00,0.9697,0.9729,0.9694,0.9713,8146,0.422645,0.422645,0.0,8280.779999999992,235,326,2,0.9681,0.9706,0.0,0.0
2020-01-22 12:00:00,0.9713,0.9717,0.9695,0.9697,6846,-0.9089756,-0.9089756,0.0,7972.789999999992,235,327,0,0.0,0.0,0.0,-307.99
2020-01-22 16:00:00,0.9697,0.9706,0.9686,0.9691,7759,0.90834427,0.90834427,0.0,7972.789999999992,235,327,1,0.9691,0.9683,0.0,0.0
2020-01-22 20:00:00,0.9691,0.9692,0.9677,0.9678,4378,-1.0,-1.0,0.0,7972.789999999992,235,327,1,0.9691,0.9683,0.0,0.0
2020-01-23 00:00:00,0.9677,0.9685,0.9673,0.9678,5257,0.88706404,0.88706404,0.0,7852.749999999992,235,328,0,0.0,0.0,0.0,-120.04
2020-01-23 04:00:00,0.9678,0.9685,0.9677,0.9684,4394,-0.40990144,-0.40990144,0.0,7852.749999999992,235,328,0,0.9684,0.9692,0.0,0.0
2020-01-23 08:00:00,0.9684,0.9694,0.9679,0.9689,4786,-0.3379313,-0.3379313,0.0,7852.749999999992,235,328,0,0.9684,0.9692,0.0,0.0
2020-01-23 12:00:00,0.9689,0.9693,0.9668,0.9672,5654,1.0,1.0,0.0,7852.749999999992,235,328,1,0.9672,0.9664,0.0,0.0
2020-01-23 16:00:00,0.9672,0.97,0.9668,0.9691,10502,-1.0,-1.0,0.0,7852.749999999992,235,328,1,0.9672,0.9664,0.0,0.0
2020-01-23 20:00:00,0.9691,0.9703,0.9686,0.9688,3849,0.40561056,0.40561056,0.0,7852.749999999992,235,328,1,0.9672,0.9664,0.0,0.0
2020-01-24 00:00:00,0.9688,0.9698,0.9684,0.9695,2300,-0.32963964,-0.32963964,0.0,7852.749999999992,235,328,1,0.9672,0.9664,0.0,0.0
2020-01-24 04:00:00,0.9696,0.9702,0.9694,0.97,2677,-1.0,-1.0,0.0,8062.269999999992,236,328,0,0.0,0.0,0.0,209.52
2020-01-24 08:00:00,0.97,0.9708,0.9692,0.9707,5936,1.0,1.0,0.0,8062.269999999992,236,328,1,0.9707,0.9699,0.0,0.0
2020-01-24 12:00:00,0.9707,0.9716,0.9696,0.9697,4230,0.1322088,0.1322088,0.0,8062.269999999992,236,328,1,0.9707,0.9699,0.0,0.0
2020-01-24 16:00:00,0.9696,0.9718,0.9695,0.9707,8681,-0.8425074,-0.8425074,0.0,7968.709999999992,236,329,0,0.0,0.0,0.0,-93.56
2020-01-24 20:00:00,0.9707,0.9713,0.9702,0.971,5073,0.59688205,0.59688205,0.0,7968.709999999992,236,329,1,0.971,0.9702,0.0,0.0
2020-01-27 00:00:00,0.9702,0.9706,0.969,0.9704,6307,-1.0,-1.0,0.0,7968.709999999992,236,329,1,0.971,0.9702,0.0,0.0
2020-01-27 04:00:00,0.9704,0.971,0.97,0.9706,1558,0.36168158,0.36168158,0.0,7968.709999999992,236,329,1,0.971,0.9702,0.0,0.0
2020-01-27 08:00:00,0.9706,0.9719,0.97,0.9701,5259,-0.13372456,-0.13372456,0.0,7968.709999999992,236,329,1,0.971,0.9702,0.0,0.0
2020-01-27 12:00:00,0.9701,0.9707,0.9684,0.9688,5979,1.0,1.0,0.0,7885.449999999992,236,330,0,0.0,0.0,0.0,-83.26
2020-01-27 16:00:00,0.9688,0.9706,0.9681,0.9703,8888,0.6199162,0.6199162,0.0,7885.449999999992,236,330,1,0.9703,0.9695,0.0,0.0
2020-01-27 20:00:00,0.9703,0.9706,0.9691,0.9693,3888,-0.14347517,-0.14347517,0.0,7885.449999999992,236,330,1,0.9703,0.9695,0.0,0.0
2020-01-28 00:00:00,0.9693,0.9705,0.969,0.9703,3254,0.66341424,0.66341424,0.0,7793.979999999991,236,331,0,0.0,0.0,0.0,-91.47
2020-01-28 04:00:00,0.9703,0.9706,0.9702,0.9705,1241,-1.0,-1.0,0.0,7793.979999999991,236,331,2,0.9705,0.972,0.0,0.0
2020-01-28 08:00:00,0.9705,0.9711,0.9678,0.9687,4481,-0.1790888,-0.1790888,0.0,7793.979999999991,236,331,2,0.9705,0.972,0.0,0.0
2020-01-28 12:00:00,0.9687,0.9732,0.9683,0.9729,5047,-1.0,-1.0,0.0,7793.979999999991,236,331,2,0.9705,0.972,0.0,0.0
2020-01-28 16:00:00,0.9729,0.9741,0.9721,0.9734,7025,0.9530925,0.9530925,0.0,7576.209999999991,236,332,0,0.0,0.0,0.0,-217.77
2020-01-28 20:00:00,0.9734,0.9735,0.9726,0.973,3686,0.321789,0.321789,0.0,7576.209999999991,236,332,0,0.9729,0.9721,0.0,0.0
2020-01-29 00:00:00,0.973,0.9741,0.9724,0.9739,2374,1.0,1.0,0.0,7576.209999999991,236,332,1,0.9739,0.9721,0.0,0.0
2020-01-29 04:00:00,0.9739,0.9744,0.9737,0.9738,1730,0.31624383,0.31624383,0.0,7576.209999999991,236,332,1,0.9739,0.9721,0.0,0.0
2020-01-29 08:00:00,0.9738,0.9748,0.9731,0.9748,4289,0.20794502,0.20794502,0.0,7576.209999999991,236,332,1,0.9739,0.9721,0.0,0.0
2020-01-29 12:00:00,0.9748,0.9761,0.9744,0.9761,4068,0.26870424,0.26870424,0.0,7576.209999999991,236,332,1,0.9739,0.9721,0.0,0.0
2020-01-29 16:00:00,0.9761,0.9766,0.974,0.9747,7213,0.5661324,0.5661324,0.0,7576.209999999991,236,332,1,0.9739,0.9721,0.0,0.0
2020-01-29 20:00:00,0.9747,0.975,0.9726,0.973,6311,-0.5398286,-0.5398286,0.0,7646.889999999991,237,332,0,0.0,0.0,0.0,70.68
2020-01-30 00:00:00,0.9729,0.9736,0.9725,0.9729,2235,-0.06300327,-0.06300327,0.0,7646.889999999991,237,332,0,0.9729,0.9721,0.0,0.0
2020-01-30 04:00:00,0.9729,0.973,0.9719,0.9721,1786,-0.3999553,-0.3999553,0.0,7646.889999999991,237,332,0,0.9729,0.9721,0.0,0.0
2020-01-30 08:00:00,0.9721,0.9725,0.9702,0.9706,4966,1.0,1.0,0.0,7646.889999999991,237,332,1,0.9706,0.9687,0.0,0.0
2020-01-30 12:00:00,0.9706,0.9717,0.9689,0.9695,6217,-0.87431115,-0.87431115,0.0,7646.889999999991,237,332,1,0.9706,0.9687,0.0,0.0
2020-01-30 16:00:00,0.9695,0.9714,0.968,0.9683,10444,-0.9014293,-0.9014293,0.0,7549.299999999991,237,333,0,0.0,0.0,0.0,-97.59
2020-01-30 20:00:00,0.9683,0.97,0.9682,0.9693,8344,1.0,1.0,0.0,7549.299999999991,237,333,1,0.9693,0.9685,0.0,0.0
2020-01-31 00:00:00,0.9693,0.9703,0.9686,0.9698,4106,-0.62264806,-0.62264806,0.0,7549.299999999991,237,333,1,0.9693,0.9685,0.0,0.0
2020-01-31 04:00:00,0.9698,0.9709,0.9696,0.9708,4725,-0.36345458,-0.36345458,0.0,7549.299999999991,237,333,1,0.9693,0.9685,0.0,0.0
2020-01-31 08:00:00,0.9708,0.9713,0.9694,0.9701,5762,-0.83213264,-0.83213264,0.0,7680.829999999991,238,333,0,0.0,0.0,0.0,131.53
2020-01-31 12:00:00,0.9701,0.9703,0.9665,0.9666,5967,-0.71259344,-0.71259344,0.0,7680.829999999991,238,333,2,0.9666,0.9686,0.0,0.0
2020-01-31 16:00:00,0.9666,0.9669,0.963,0.9639,12165,-0.65886146,-0.65886146,0.0,7680.829999999991,238,333,2,0.9666,0.9686,0.0,0.0
2020-01-31 20:00:00,0.9639,0.9643,0.9628,0.9633,7302,-0.34485522,-0.34485522,0.0,7680.829999999991,238,333,2,0.9666,0.9686,0.0,0.0
2020-02-03 00:00:00,0.9629,0.9647,0.9628,0.9644,7760,0.48259693,0.48259693,0.0,7680.829999999991,238,333,2,0.9666,0.9686,0.0,0.0
2020-02-03 04:00:00,0.9644,0.9646,0.9632,0.9632,6816,0.695566,0.695566,0.0,7875.819999999991,239,333,0,0.0,0.0,0.0,194.99
2020-02-03 08:00:00,0.9632,0.9657,0.9629,0.9641,7534,0.03947863,0.03947863,0.0,7875.819999999991,239,333,0,0.9633,0.9645,0.0,0.0
2020-02-03 12:00:00,0.9641,0.965,0.9637,0.9641,5051,-0.06849031,-0.06849031,0.0,7875.819999999991,239,333,0,0.9633,0.9645,0.0,0.0
2020-02-03 16:00:00,0.9641,0.9673,0.9641,0.966,9897,0.63647157,0.63647157,0.0,7875.819999999991,239,333,1,0.966,0.9635,0.0,0.0
2020-02-03 20:00:00,0.966,0.9666,0.9655,0.9657,6027,1.0,1.0,0.0,7875.819999999991,239,333,1,0.966,0.9635,0.0,0.0
2020-02-04 00:00:00,0.9657,0.9669,0.9652,0.9668,4753,-0.688566,-0.688566,0.0,7875.819999999991,239,333,1,0.966,0.9635,0.0,0.0
2020-02-04 04:00:00,0.9668,0.9674,0.9665,0.9672,6867,-0.036994535,-0.036994535,0.0,7875.819999999991,239,333,1,0.966,0.9635,0.0,0.0
2020-02-04 08:00:00,0.9672,0.9695,0.9669,0.9685,8206,0.9070624,0.9070624,0.0,7875.819999999991,239,333,1,0.966,0.9635,0.0,0.0
2020-02-04 12:00:00,0.9685,0.9694,0.9677,0.9693,5550,-1.0,-1.0,0.0,8103.989999999991,240,333,0,0.0,0.0,0.0,228.17
2020-02-04 16:00:00,0.9693,0.9704,0.9687,0.9697,7876,0.61101156,0.61101156,0.0,8103.989999999991,240,333,1,0.9697,0.9672,0.0,0.0
2020-02-04 20:00:00,0.9697,0.9699,0.9689,0.969,3391,-0.60995454,-0.60995454,0.0,8103.989999999991,240,333,1,0.9697,0.9672,0.0,0.0
2020-02-05 00:00:00,0.9689,0.9697,0.9688,0.9696,3905,0.103116624,0.103116624,0.0,8103.989999999991,240,333,1,0.9697,0.9672,0.0,0.0
2020-02-05 04:00:00,0.9696,0.9699,0.9689,0.969,4303,0.06410964,0.06410964,0.0,8103.989999999991,240,333,1,0.9697,0.9672,0.0,0.0
2020-02-05 08:00:00,0.969,0.9726,0.9678,0.9726,9327,-1.0,-1.0,0.0,8038.199999999991,240,334,0,0.0,0.0,0.0,-65.79
2020-02-05 12:00:00,0.9726,0.9737,0.9712,0.973,7410,0.30760568,0.30760568,0.0,8038.199999999991,240,334,0,0.9696,0.9688,0.0,0.0
2020-02-05 16:00:00,0.973,0.9747,0.9721,0.9733,8279,-0.27550724,-0.27550724,0.0,8038.199999999991,240,334,0,0.9696,0.9688,0.0,0.0
2020-02-05 20:00:00,0.9733,0.9739,0.973,0.9733,3094,-0.63911545,-0.63911545,0.0,8038.199999999991,240,334,2,0.9733,0.9741,0.0,0.0
2020-02-06 00:00:00,0.9733,0.9741,0.9731,0.9734,3737,-0.8843405,-0.8843405,0.0,8038.199999999991,240,334,2,0.9733,0.9741,0.0,0.0
2020-02-06 04:00:00,0.9734,0.9745,0.9733,0.9739,5495,0.23541623,0.23541623,0.0,8038.199999999991,240,334,2,0.9733,0.9741,0.0,0.0
2020-02-06 08:00:00,0.9739,0.9749,0.9731,0.9746,6750,-1.0,-1.0,0.0,8038.199999999991,240,334,2,0.9733,0.9741,0.0,0.0
2020-02-06 12:00:00,0.9746,0.9747,0.9736,0.9741,5643,0.25857446,0.25857446,0.0,7916.329999999991,240,335,0,0.0,0.0,0.0,-121.87
2020-02-06 16:00:00,0.9741,0.9756,0.9737,0.9752,8909,-0.6860962,-0.6860962,0.0,7916.329999999991,240,335,2,0.9752,0.9777,0.0,0.0
2020-02-06 20:00:00,0.9752,0.9756,0.9745,0.9747,2783,-0.29177606,-0.29177606,0.0,7916.329999999991,240,335,2,0.9752,0.9777,0.0,0.0
2020-02-07 00:00:00,0.9747,0.9751,0.9739,0.9742,3490,-0.64433193,-0.64433193,0.0,7916.329999999991,240,335,2,0.9752,0.9777,0.0,0.0
2020-02-07 04:00:00,0.9742,0.9747,0.974,0.9745,5436,0.6262672,0.6262672,0.0,8008.599999999991,241,335,0,0.0,0.0,0.0,92.27
2020-02-07 08:00:00,0.9745,0.9766,0.9743,0.9759,10755,0.464844,0.464844,0.0,8008.599999999991,241,335,0,0.0,0.0,0.0,0.0
2020-02-07 12:00:00,0.9759,0.977,0.975,0.9763,7524,-0.70731616,-0.70731616,0.0,8008.599999999991,241,335,2,0.9763,0.9788,0.0,0.0
2020-02-07 16:00:00,0.9763,0.9781,0.974,0.9776,10033,-1.0,-1.0,0.0,8008.599999999991,241,335,2,0.9763,0.9788,0.0,0.0
2020-02-07 20:00:00,0.9776,0.9777,0.9768,0.9775,3549,-1.0,-1.0,0.0,8008.599999999991,241,335,2,0.9763,0.9788,0.0,0.0
2020-02-10 00:00:00,0.9767,0.9778,0.9763,0.9773,7401,0.030269975,0.030269975,0.0,8008.599999999991,241,335,2,0.9763,0.9788,0.0,0.0
2020-02-10 04:00:00,0.9773,0.9783,0.9766,0.9771,8101,-1.0,-1.0,0.0,8008.599999999991,241,335,2,0.9763,0.9788,0.0,0.0
2020-02-10 08:00:00,0.9771,0.9783,0.9766,0.9775,6897,-1.0,-1.0,0.0,8008.599999999991,241,335,2,0.9763,0.9788,0.0,0.0
2020-02-10 12:00:00,0.9775,0.9783,0.9769,0.9779,6914,1.0,1.0,0.0,7896.179999999991,241,336,0,0.0,0.0,0.0,-112.42
2020-02-10 16:00:00,0.9779,0.9781,0.9764,0.9775,7105,0.22296485,0.22296485,0.0,7896.179999999991,241,336,0,0.9779,0.9771,0.0,0.0
2020-02-10 20:00:00,0.9775,0.9775,0.9766,0.9771,3002,-0.5168024,-0.5168024,0.0,7896.179999999991,241,336,2,0.9771,0.9783,0.0,0.0
2020-02-11 00:00:00,0.9771,0.978,0.9767,0.9779,4791,-1.0,-1.0,0.0,7896.179999999991,241,336,2,0.9771,0.9783,0.0,0.0
2020-02-11 04:00:00,0.9779,0.9787,0.9778,0.9785,6130,0.7183026,0.7183026,0.0,7896.179999999991,241,336,2,0.9771,0.9783,0.0,0.0
2020-02-11 08:00:00,0.9785,0.9788,0.9764,0.9772,7069,0.7350658,0.7350658,0.0,7766.739999999992,241,337,0,0.0,0.0,0.0,-129.44
2020-02-11 12:00:00,0.9772,0.9789,0.9768,0.9786,6153,1.0,1.0,0.0,7766.739999999992,241,337,1,0.9786,0.9778,0.0,0.0
2020-02-11 16:00:00,0.9786,0.9787,0.9752,0.9755,9070,-1.0,-1.0,0.0,7766.739999999992,241,337,1,0.9786,0.9778,0.0,0.0
2020-02-11 20:00:00,0.9755,0.9761,0.975,0.9758,3664,0.0195267,0.0195267,0.0,7485.689999999991,241,338,0,0.0,0.0,0.0,-281.05
2020-02-12 00:00:00,0.9757,0.9759,0.9749,0.9752,4527,1.0,1.0,0.0,7485.689999999991,241,338,1,0.9752,0.974,0.0,0.0
2020-02-12 04:00:00,0.9752,0.9758,0.975,0.9757,5898,-1.0,-1.0,0.0,7485.689999999991,241,338,1,0.9752,0.974,0.0,0.0
2020-02-12 08:00:00,0.9757,0.9764,0.9741,0.9744,7363,-1.0,-1.0,0.0,7529.379999999991,242,338,0,0.0,0.0,0.0,43.69
2020-02-12 12:00:00,0.9744,0.9758,0.9741,0.9757,5506,0.86462617,0.86462617,0.0,7529.379999999991,242,338,1,0.9757,0.9732,0.0,0.0
2020-02-12 16:00:00,0.9757,0.9779,0.9755,0.9778,7769,-0.2107179,-0.2107179,0.0,7529.379999999991,242,338,1,0.9757,0.9732,0.0,0.0
2020-02-12 20:00:00,0.9778,0.9785,0.9773,0.9781,3968,-1.0,-1.0,0.0,7714.369999999991,243,338,0,0.0,0.0,0.0,184.99
2020-02-13 00:00:00,0.9778,0.9787,0.9775,0.9781,7873,1.0,1.0,0.0,7714.369999999991,243,338,1,0.9781,0.9756,0.0,0.0
2020-02-13 04:00:00,0.9781,0.9784,0.9776,0.9776,6601,-0.15468019,-0.15468019,0.0,7714.369999999991,243,338,1,0.9781,0.9756,0.0,0.0
2020-02-13 08:00:00,0.9776,0.9777,0.9762,0.9764,6688,0.90690887,0.90690887,0.0,7714.369999999991,243,338,1,0.9781,0.9756,0.0,0.0
2020-02-13 12:00:00,0.9764,0.9793,0.976,0.9789,6685,1.0,1.0,0.0,7714.369999999991,243,338,1,0.9781,0.9756,0.0,0.0
2020-02-13 16:00:00,0.9789,0.9795,0.9774,0.9786,8599,-0.22368018,-0.22368018,0.0,7714.369999999991,243,338,1,0.9781,0.9756,0.0,0.0
2020-02-13 20:00:00,0.9786,0.9795,0.9785,0.9793,3939,-1.0,-1.0,0.0,7759.529999999991,244,338,0,0.0,0.0,0.0,45.16
2020-02-14 00:00:00,0.9793,0.9798,0.9787,0.9797,5971,-0.4795554,-0.4795554,0.0,7759.529999999991,244,338,0,0.9789,0.9779,0.0,0.0
2020-02-14 04:00:00,0.9797,0.9802,0.9797,0.9799,4276,0.48020977,0.48020977,0.0,7759.529999999991,244,338,0,0.9789,0.9779,0.0,0.0
2020-02-14 08:00:00,0.9799,0.981,0.9797,0.981,4885,-1.0,-1.0,0.0,7759.529999999991,244,338,2,0.981,0.9818,0.0,0.0
2020-02-14 12:00:00,0.981,0.9818,0.9801,0.9805,4868,-0.8346458,-0.8346458,0.0,7759.529999999991,244,338,2,0.981,0.9818,0.0,0.0
2020-02-14 16:00:00,0.9805,0.9822,0.9801,0.9814,6146,0.44810632,0.44810632,0.0,7759.529999999991,244,338,2,0.981,0.9818,0.0,0.0
2020-02-14 20:00:00,0.9814,0.9821,0.9808,0.9821,2654,-0.7107207,-0.7107207,0.0,7759.529999999991,244,338,2,0.981,0.9818,0.0,0.0
2020-02-17 00:00:00,0.9813,0.9823,0.9811,0.9822,5440,-0.20941675,-0.20941675,0.0,7659.209999999991,244,339,0,0.0,0.0,0.0,-100.32
2020-02-17 04:00:00,0.9822,0.9827,0.982,0.9822,4467,0.13078068,0.13078068,0.0,7659.209999999991,244,339,0,0.9822,0.9814,0.0,0.0
2020-02-17 08:00:00,0.9822,0.9823,0.9814,0.9817,3701,-1.0,-1.0,0.0,7659.209999999991,244,339,2,0.9817,0.9825,0.0,0.0
2020-02-17 12:00:00,0.9817,0.9821,0.9813,0.9816,3006,-0.06579618,-0.06579618,0.0,7659.209999999991,244,339,2,0.9817,0.9825,0.0,0.0
2020-02-17 16:00:00,0.9816,0.9819,0.9809,0.9812,2511,1.0,1.0,0.0,7668.199999999991,245,339,0,0.0,0.0,0.0,8.99
2020-02-17 20:00:00,0.9812,0.9812,0.9806,0.9806,2421,0.41514438,0.41514438,0.0,7668.199999999991,245,339,0,0.0,0.0,0.0,0.0
2020-02-18 00:00:00,0.9806,0.9814,0.9804,0.9812,2674,0.9127542,0.9127542,0.0,7668.199999999991,245,339,1,0.9812,0.9804,0.0,0.0
2020-02-18 04:00:00,0.9812,0.9813,0.9803,0.9804,2114,-0.11847501,-0.11847501,0.0,7668.199999999991,245,339,1,0.9812,0.9804,0.0,0.0
2020-02-18 08:00:00,0.9805,0.981,0.9796,0.9808,4954,-0.80579644,-0.80579644,0.0,7596.219999999991,245,340,0,0.0,0.0,0.0,-71.98
2020-02-18 12:00:00,0.9808,0.9833,0.9804,0.9827,6740,-0.10177142,-0.10177142,0.0,7596.219999999991,245,340,0,0.9812,0.982,0.0,0.0
2020-02-18 16:00:00,0.9827,0.9839,0.9807,0.9823,8138,-0.6419789,-0.6419789,0.0,7596.219999999991,245,340,2,0.9823,0.9831,0.0,0.0
2020-02-18 20:00:00,0.9823,0.9833,0.9822,0.9831,2905,0.23452398,0.23452398,0.0,7596.219999999991,245,340,2,0.9823,0.9831,0.0,0.0
2020-02-19 00:00:00,0.9831,0.9835,0.9825,0.9827,2661,0.85896325,0.85896325,0.0,7524.719999999991,245,341,0,0.0,0.0,0.0,-71.5
2020-02-19 04:00:00,0.9827,0.9834,0.9827,0.9832,1996,0.69158584,0.69158584,0.0,7524.719999999991,245,341,1,0.9832,0.9815,0.0,0.0
2020-02-19 08:00:00,0.9832,0.9838,0.9826,0.9835,4639,0.99402153,0.99402153,0.0,7524.719999999991,245,341,1,0.9832,0.9815,0.0,0.0
2020-02-19 12:00:00,0.9835,0.9844,0.9828,0.9835,5478,1.0,1.0,0.0,7524.719999999991,245,341,1,0.9832,0.9815,0.0,0.0
2020-02-19 16:00:00,0.9835,0.9844,0.983,0.9841,7164,0.50803435,0.50803435,0.0,7524.719999999991,245,341,1,0.9832,0.9815,0.0,0.0
2020-02-19 20:00:00,0.9841,0.9844,0.9836,0.9836,4191,0.15985394,0.15985394,0.0,7524.719999999991,245,341,1,0.9832,0.9815,0.0,0.0
2020-02-20 00:00:00,0.9836,0.9842,0.9823,0.983,5220,0.512723,0.512723,0.0,7524.719999999991,245,341,1,0.9832,0.9815,0.0,0.0
2020-02-20 04:00:00,0.983,0.984,0.9827,0.9836,3501,-1.0,-1.0,0.0,7507.009999999991,245,342,0,0.0,0.0,0.0,-17.71
2020-02-20 08:00:00,0.9836,0.9848,0.9822,0.9829,5801,-1.0,-1.0,0.0,7507.009999999991,245,342,2,0.9829,0.9837,0.0,0.0
2020-02-20 12:00:00,0.9829,0.9841,0.9825,0.983,7335,1.0,1.0,0.0,7507.009999999991,245,342,2,0.9829,0.9837,0.0,0.0
2020-02-20 16:00:00,0.983,0.9838,0.9815,0.9834,11829,-1.0,-1.0,0.0,7507.009999999991,245,342,2,0.9829,0.9837,0.0,0.0
2020-02-20 20:00:00,0.9834,0.9845,0.9832,0.9839,4572,-1.0,-1.0,0.0,7507.009999999991,245,342,2,0.9829,0.9837,0.0,0.0
2020-02-21 00:00:00,0.9839,0.9843,0.9832,0.9834,3288,-0.32920197,-0.32920197,0.0,7418.619999999991,245,343,0,0.0,0.0,0.0,-88.39
2020-02-21 04:00:00,0.9834,0.9837,0.9829,0.983,2558,-0.69781303,-0.69781303,0.0,7418.619999999991,245,343,2,0.983,0.9838,0.0,0.0
2020-02-21 08:00:00,0.9829,0.9833,0.9809,0.9815,7393,0.11324641,0.11324641,0.0,7418.619999999991,245,343,2,0.983,0.9838,0.0,0.0
2020-02-21 12:00:00,0.9815,0.9826,0.9813,0.9814,6052,1.0,1.0,0.0,7549.299999999991,246,343,0,0.0,0.0,0.0,130.68
2020-02-21 16:00:00,0.9815,0.9821,0.9771,0.9779,11757,0.08000494,0.08000494,0.0,7549.299999999991,246,343,0,0.0,0.0,0.0,0.0
2020-02-21 20:00:00,0.9779,0.9785,0.9775,0.9782,4232,0.045472767,0.045472767,0.0,7549.299999999991,246,343,0,0.9782,0.9804,0.0,0.0
2020-02-24 00:00:00,0.9796,0.9803,0.9783,0.9798,4480,-0.46479273,-0.46479273,0.0,7549.299999999991,246,343,0,0.9782,0.9804,0.0,0.0
2020-02-24 04:00:00,0.9798,0.9808,0.9795,0.9807,2124,0.5040588,0.5040588,0.0,7549.299999999991,246,343,1,0.9807,0.9799,0.0,0.0
2020-02-24 08:00:00,0.9807,0.9815,0.9787,0.981,8931,0.54526836,0.54526836,0.0,7549.299999999991,246,343,1,0.9807,0.9799,0.0,0.0
2020-02-24 12:00:00,0.981,0.9813,0.9791,0.9796,8615,-0.641828,-0.641828,0.0,7549.299999999991,246,343,1,0.9807,0.9799,0.0,0.0
2020-02-24 16:00:00,0.9796,0.9796,0.9765,0.9768,15596,-0.29798266,-0.29798266,0.0,7451.949999999991,246,344,0,0.0,0.0,0.0,-97.35
2020-02-24 20:00:00,0.9768,0.9798,0.9768,0.9789,9703,0.24176033,0.24176033,0.0,7451.949999999991,246,344,0,0.0,0.0,0.0,0.0
2020-02-25 00:00:00,0.9789,0.9804,0.9786,0.9788,5140,-0.6637504,-0.6637504,0.0,7451.949999999991,246,344,2,0.9788,0.9813,0.0,0.0
2020-02-25 04:00:00,0.9788,0.9795,0.9782,0.9795,2483,-1.0,-1.0,0.0,7451.949999999991,246,344,2,0.9788,0.9813,0.0,0.0
2020-02-25 08:00:00,0.9795,0.98,0.9768,0.9774,8734,-1.0,-1.0,0.0,7451.949999999991,246,344,2,0.9788,0.9813,0.0,0.0
2020-02-25 12:00:00,0.9774,0.9793,0.9774,0.9774,8910,1.0,1.0,0.0,7573.949999999991,247,344,0,0.0,0.0,0.0,122.0
2020-02-25 16:00:00,0.9774,0.9784,0.975,0.9753,18398,0.60015917,0.60015917,0.0,7573.949999999991,247,344,1,0.9753,0.9745,0.0,0.0
2020-02-25 20:00:00,0.9753,0.9765,0.9751,0.9759,14278,-0.1369274,-0.1369274,0.0,7573.949999999991,247,344,1,0.9753,0.9745,0.0,0.0
2020-02-26 00:00:00,0.9759,0.9767,0.9753,0.9759,4107,-0.19707112,-0.19707112,0.0,7573.949999999991,247,344,1,0.9753,0.9745,0.0,0.0
2020-02-26 04:00:00,0.9759,0.9776,0.9758,0.9765,4317,-1.0,-1.0,0.0,7627.009999999991,248,344,0,0.0,0.0,0.0,53.06
2020-02-26 08:00:00,0.9765,0.9769,0.9728,0.9742,11364,0.736195,0.736195,0.0,7627.009999999991,248,344,1,0.9742,0.9734,0.0,0.0
2020-02-26 12:00:00,0.9742,0.9767,0.9737,0.9762,12626,0.09542347,0.09542347,0.0,7627.009999999991,248,344,1,0.9742,0.9734,0.0,0.0
2020-02-26 16:00:00,0.9762,0.9779,0.9753,0.9771,15354,0.10120286,0.10120286,0.0,7627.009999999991,248,344,1,0.9742,0.9734,0.0,0.0
2020-02-26 20:00:00,0.9771,0.9777,0.9751,0.9766,14582,-0.31346402,-0.31346402,0.0,7627.009999999991,248,344,1,0.9742,0.9734,0.0,0.0
2020-02-27 00:00:00,0.9766,0.9771,0.9742,0.9748,5797,0.9439748,0.9439748,0.0,7627.009999999991,248,344,1,0.9742,0.9734,0.0,0.0
2020-02-27 04:00:00,0.9748,0.9748,0.973,0.9734,3494,-1.0,-1.0,0.0,7680.379999999991,249,344,0,0.0,0.0,0.0,53.37
2020-02-27 08:00:00,0.9734,0.9743,0.9712,0.972,10589,-1.0,-1.0,0.0,7680.379999999991,249,344,2,0.972,0.9728,0.0,0.0
2020-02-27 12:00:00,0.972,0.9727,0.9685,0.9686,9625,-0.20862173,-0.20862173,0.0,7680.379999999991,249,344,2,0.972,0.9728,0.0,0.0
2020-02-27 16:00:00,0.9686,0.9728,0.9675,0.9715,20626,0.52924895,0.52924895,0.0,7680.379999999991,249,344,2,0.972,0.9728,0.0,0.0
2020-02-27 20:00:00,0.9715,0.9719,0.9674,0.9675,13713,-0.15629004,-0.15629004,0.0,7680.379999999991,249,344,2,0.972,0.9728,0.0,0.0
2020-02-28 00:00:00,0.9675,0.9692,0.9674,0.969,6335,0.71089715,0.71089715,0.0,8080.489999999991,250,344,0,0.0,0.0,0.0,400.11
2020-02-28 04:00:00,0.969,0.9695,0.9668,0.9674,6815,0.97803646,0.97803646,0.0,8080.489999999991,250,344,1,0.9674,0.9666,0.0,0.0
2020-02-28 08:00:00,0.9674,0.9676,0.961,0.9636,15393,-0.97591686,-0.97591686,0.0,8080.489999999991,250,344,1,0.9674,0.9666,0.0,0.0
2020-02-28 12:00:00,0.9636,0.967,0.9634,0.9654,16054,0.51906365,0.51906365,0.0,7726.42999999999,250,345,0,0.0,0.0,0.0,-354.06
2020-02-28 16:00:00,0.9654,0.9687,0.965,0.9683,26152,-0.099424414,-0.099424414,0.0,7726.42999999999,250,345,0,0.9748,0.9763,0.0,0.0
2020-02-28 20:00:00,0.9683,0.9692,0.9632,0.9653,15464,-1.0,-1.0,0.0,7726.42999999999,250,345,2,0.9653,0.9678,0.0,0.0
2020-03-02 00:00:00,0.9629,0.9655,0.9619,0.9633,7151,-1.0,-1.0,0.0,7726.42999999999,250,345,2,0.9653,0.9678,0.0,0.0
2020-03-02 04:00:00,0.9633,0.9648,0.9627,0.9647,5463,-1.0,-1.0,0.0,7726.42999999999,250,345,2,0.9653,0.9678,0.0,0.0
2020-03-02 08:00:00,0.9647,0.9654,0.9617,0.9619,14587,-0.4256954,-0.4256954,0.0,7726.42999999999,250,345,2,0.9653,0.9678,0.0,0.0
2020-03-02 12:00:00,0.9619,0.9623,0.9545,0.9567,17248,1.0,1.0,0.0,8028.779999999991,251,345,0,0.0,0.0,0.0,302.35
2020-03-02 16:00:00,0.9567,0.96,0.9544,0.9564,19422,1.0,1.0,0.0,8028.779999999991,251,345,1,0.9564,0.9539,0.0,0.0
2020-03-02 20:00:00,0.9564,0.9607,0.9557,0.9589,8539,0.75278497,0.75278497,0.0,8028.779999999991,251,345,1,0.9564,0.9539,0.0,0.0
2020-03-03 00:00:00,0.9585,0.9597,0.957,0.9581,4399,-0.5925599,-0.5925599,0.0,8028.779999999991,251,345,1,0.9564,0.9539,0.0,0.0
2020-03-03 04:00:00,0.9581,0.959,0.9573,0.958,4695,-0.33214894,-0.33214894,0.0,8028.779999999991,251,345,1,0.9564,0.9539,0.0,0.0
2020-03-03 08:00:00,0.958,0.9593,0.957,0.9572,10813,0.55440176,0.55440176,0.0,8028.779999999991,251,345,1,0.9564,0.9539,0.0,0.0
2020-03-03 12:00:00,0.9572,0.9589,0.9558,0.9571,13991,-0.6248334,-0.6248334,0.0,8102.339999999991,252,345,0,0.0,0.0,0.0,73.56
2020-03-03 16:00:00,0.9571,0.9586,0.9515,0.958,24190,0.94725084,0.94725084,0.0,8102.339999999991,252,345,1,0.958,0.9572,0.0,0.0
2020-03-03 20:00:00,0.9579,0.9582,0.9553,0.9558,17071,-1.0,-1.0,0.0,8102.339999999991,252,345,1,0.958,0.9572,0.0,0.0
2020-03-04 00:00:00,0.9557,0.9571,0.9549,0.9564,4409,-0.43063125,-0.43063125,0.0,7898.469999999991,252,346,0,0.0,0.0,0.0,-203.87
2020-03-04 04:00:00,0.9564,0.9572,0.9562,0.957,3636,-0.5283516,-0.5283516,0.0,7898.469999999991,252,346,2,0.957,0.9595,0.0,0.0
2020-03-04 08:00:00,0.957,0.9597,0.9541,0.9542,11156,-0.5306498,-0.5306498,0.0,7898.469999999991,252,346,2,0.957,0.9595,0.0,0.0
2020-03-04 12:00:00,0.9542,0.9584,0.9532,0.9567,11132,-1.0,-1.0,0.0,7898.469999999991,252,346,2,0.957,0.9595,0.0,0.0
2020-03-04 16:00:00,0.9567,0.9579,0.9551,0.9563,15162,0.43814048,0.43814048,0.0,7898.469999999991,252,346,2,0.957,0.9595,0.0,0.0
2020-03-04 20:00:00,0.9563,0.9579,0.9557,0.9563,6092,-0.4516899,-0.4516899,0.0,7898.469999999991,252,346,2,0.957,0.9595,0.0,0.0
2020-03-05 00:00:00,0.9563,0.957,0.9555,0.956,2900,1.0,1.0,0.0,7961.729999999991,253,346,0,0.0,0.0,0.0,63.26
2020-03-05 04:00:00,0.956,0.9568,0.9557,0.9566,2158,1.0,1.0,0.0,7961.729999999991,253,346,1,0.9566,0.9558,0.0,0.0
2020-03-05 08:00:00,0.9566,0.9571,0.9526,0.9527,8166,0.36468336,0.36468336,0.0,7961.729999999991,253,346,1,0.9566,0.9558,0.0,0.0
2020-03-05 12:00:00,0.9527,0.9543,0.951,0.9522,12119,0.006656347,0.006656347,0.0,7607.749999999991,253,347,0,0.0,0.0,0.0,-353.98
2020-03-05 16:00:00,0.9522,0.9523,0.9471,0.9475,15022,-1.0,-1.0,0.0,7607.749999999991,253,347,2,0.9475,0.9485,0.0,0.0
2020-03-05 20:00:00,0.9474,0.9491,0.9446,0.9455,9968,1.0,1.0,0.0,7607.749999999991,253,347,2,0.9475,0.9485,0.0,0.0
2020-03-06 00:00:00,0.9455,0.9467,0.944,0.9441,6848,-1.0,-1.0,0.0,7607.749999999991,253,347,2,0.9475,0.9485,0.0,0.0
2020-03-06 04:00:00,0.9441,0.9452,0.9437,0.9447,10570,0.21651435,0.21651435,0.0,7607.749999999991,253,347,2,0.9475,0.9485,0.0,0.0
2020-03-06 08:00:00,0.9447,0.9462,0.9387,0.9388,16895,0.04505725,0.04505725,0.0,7607.749999999991,253,347,2,0.9475,0.9485,0.0,0.0
2020-03-06 12:00:00,0.9388,0.939,0.9337,0.9348,22016,-1.0,-1.0,0.0,7607.749999999991,253,347,2,0.9475,0.9485,0.0,0.0
2020-03-06 16:00:00,0.9348,0.9387,0.9318,0.9378,31014,-1.0,-1.0,0.0,7607.749999999991,253,347,2,0.9475,0.9485,0.0,0.0
2020-03-06 20:00:00,0.9378,0.9391,0.9364,0.9374,18883,-1.0,-1.0,0.0,7607.749999999991,253,347,2,0.9475,0.9485,0.0,0.0
2020-03-09 00:00:00,0.9317,0.9331,0.9182,0.9242,12378,0.27834457,0.27834457,0.0,7607.749999999991,253,347,2,0.9475,0.9485,0.0,0.0
2020-03-09 04:00:00,0.9242,0.931,0.9208,0.9268,7771,1.0,1.0,0.0,9568.029999999992,254,347,0,0.0,0.0,0.0,1960.28
2020-03-09 08:00:00,0.9268,0.9319,0.9201,0.9289,22727,1.0,1.0,0.0,9568.029999999992,254,347,1,0.9289,0.9277,0.0,0.0
2020-03-09 12:00:00,0.9289,0.9308,0.9212,0.9307,26593,1.0,1.0,0.0,9568.029999999992,254,347,1,0.9289,0.9277,0.0,0.0
2020-03-09 16:00:00,0.9307,0.931,0.9246,0.9252,30944,-0.422294,-0.422294,0.0,9568.029999999992,254,347,1,0.9289,0.9277,0.0,0.0
2020-03-09 20:00:00,0.9252,0.9277,0.9228,0.9242,15086,1.0,1.0,0.0,9176.099999999991,254,348,0,0.0,0.0,0.0,-391.93
2020-03-10 00:00:00,0.9242,0.9326,0.9238,0.9292,11645,-0.45333093,-0.45333093,0.0,9176.099999999991,254,348,0,0.9292,0.9268,0.0,0.0
2020-03-10 04:00:00,0.9291,0.9373,0.9283,0.9372,12069,-1.0,-1.0,0.0,9176.099999999991,254,348,2,0.9372,0.9397,0.0,0.0
2020-03-10 08:00:00,0.9372,0.9373,0.9286,0.9329,29043,-0.19305226,-0.19305226,0.0,9176.099999999991,254,348,2,0.9372,0.9397,0.0,0.0
2020-03-10 12:00:00,0.9329,0.936,0.9298,0.932,30484,-0.1502327,-0.1502327,0.0,9176.099999999991,254,348,2,0.9372,0.9397,0.0,0.0
2020-03-10 16:00:00,0.932,0.9377,0.9298,0.9367,39076,-0.19081262,-0.19081262,0.0,9176.099999999991,254,348,2,0.9372,0.9397,0.0,0.0
2020-03-10 20:00:00,0.9367,0.9411,0.9354,0.9385,23370,1.0,1.0,0.0,9227.509999999991,255,348,0,0.0,0.0,0.0,51.41
2020-03-11 00:00:00,0.9383,0.9394,0.9356,0.9364,7564,0.285951,0.285951,0.0,9227.509999999991,255,348,0,0.0,0.0,0.0,0.0
2020-03-11 04:00:00,0.9364,0.9373,0.9324,0.9327,8900,-0.00011962652,-0.00011962652,0.0,9227.509999999991,255,348,0,0.9327,0.9335,0.0,0.0
2020-03-11 08:00:00,0.9327,0.9378,0.9324,0.9372,29527,-0.74888355,-0.74888355,0.0,9227.509999999991,255,348,2,0.9372,0.938,0.0,0.0
2020-03-11 12:00:00,0.9372,0.9376,0.9326,0.9335,19964,0.52328813,0.52328813,0.0,9227.509999999991,255,348,2,0.9372,0.938,0.0,0.0
2020-03-11 16:00:00,0.9335,0.9402,0.9331,0.9392,23888,0.97425306,0.97425306,0.0,9608.869999999992,256,348,0,0.0,0.0,0.0,381.36
2020-03-11 20:00:00,0.9392,0.9399,0.9373,0.9391,13630,0.5800275,0.5800275,0.0,9608.869999999992,256,348,1,0.9391,0.9383,0.0,0.0
2020-03-12 00:00:00,0.9392,0.9398,0.9326,0.9332,8742,-0.83107996,-0.83107996,0.0,9608.869999999992,256,348,1,0.9391,0.9383,0.0,0.0
2020-03-12 04:00:00,0.9332,0.9364,0.9321,0.935,9735,-0.2507398,-0.2507398,0.0,8975.809999999992,256,349,0,0.0,0.0,0.0,-633.06
2020-03-12 08:00:00,0.935,0.939,0.9324,0.938,19825,-0.044273965,-0.044273965,0.0,8975.809999999992,256,349,0,0.9392,0.94,0.0,0.0
2020-03-12 12:00:00,0.938,0.9422,0.9344,0.9384,21846,1.0,1.0,0.0,8975.809999999992,256,349,1,0.9384,0.9363,0.0,0.0
2020-03-12 16:00:00,0.9384,0.9552,0.9384,0.9458,35580,-0.36713797,-0.36713797,0.0,8975.809999999992,256,349,1,0.9384,0.9363,0.0,0.0
2020-03-12 20:00:00,0.9458,0.9476,0.9422,0.9446,16689,1.0,1.0,0.0,8975.809999999992,256,349,1,0.9384,0.9363,0.0,0.0
2020-03-13 00:00:00,0.9446,0.9477,0.9439,0.9453,16788,0.99836457,0.99836457,0.0,8975.809999999992,256,349,1,0.9384,0.9363,0.0,0.0
2020-03-13 04:00:00,0.9453,0.9463,0.9423,0.9434,15597,-0.6217854,-0.6217854,0.0,9676.339999999993,257,349,0,0.0,0.0,0.0,700.53
2020-03-13 08:00:00,0.9434,0.9462,0.9422,0.9457,29051,0.040098596,0.040098596,0.0,9676.339999999993,257,349,0,0.9457,0.9444,0.0,0.0
2020-03-13 12:00:00,0.9457,0.9556,0.9444,0.9512,29539,0.7621711,0.7621711,0.0,9676.339999999993,257,349,1,0.9512,0.9504,0.0,0.0
2020-03-13 16:00:00,0.9512,0.9559,0.9499,0.9534,34385,-0.39489052,-0.39489052,0.0,9676.339999999993,257,349,1,0.9512,0.9504,0.0,0.0
2020-03-13 20:00:00,0.9534,0.9569,0.9512,0.9512,13765,0.024671834,0.024671834,0.0,9676.339999999993,257,349,1,0.9512,0.9504,0.0,0.0
2020-03-16 00:00:00,0.9447,0.9525,0.9444,0.9514,32644,-1.0,-1.0,0.0,9676.329999999993,257,350,0,0.0,0.0,0.0,-0.01
2020-03-16 04:00:00,0.9514,0.9519,0.9485,0.9492,7099,0.37669316,0.37669316,0.0,9676.329999999993,257,350,0,0.9457,0.9444,0.0,0.0
2020-03-16 08:00:00,0.9492,0.9495,0.9392,0.9424,38652,-1.0,-1.0,0.0,9676.329999999993,257,350,2,0.9424,0.9432,0.0,0.0
2020-03-16 12:00:00,0.9424,0.9488,0.9409,0.9456,41232,0.8934194,0.8934194,0.0,9676.329999999993,257,350,2,0.9424,0.9432,0.0,0.0
2020-03-16 16:00:00,0.9457,0.9499,0.9447,0.947,39687,1.0,1.0,0.0,9325.959999999992,257,351,0,0.0,0.0,0.0,-350.37
2020-03-16 20:00:00,0.9471,0.9493,0.9444,0.9446,17695,-1.0,-1.0,0.0,9325.959999999992,257,351,2,0.9446,0.9454,0.0,0.0
2020-03-17 00:00:00,0.9452,0.9498,0.9446,0.9491,16080,-1.0,-1.0,0.0,9325.959999999992,257,351,2,0.9446,0.9454,0.0,0.0
2020-03-17 04:00:00,0.9491,0.9496,0.9473,0.9484,15592,-1.0,-1.0,0.0,8849.339999999991,257,352,0,0.0,0.0,0.0,-476.62
2020-03-17 08:00:00,0.9484,0.9532,0.9479,0.9528,34216,1.0,1.0,0.0,8849.339999999991,257,352,1,0.9528,0.9516,0.0,0.0
2020-03-17 12:00:00,0.9528,0.962,0.9527,0.9602,32357,1.0,1.0,0.0,8849.339999999991,257,352,1,0.9528,0.9516,0.0,0.0
2020-03-17 16:00:00,0.9602,0.9649,0.9591,0.9624,40635,-0.3318902,-0.3318902,0.0,8849.339999999991,257,352,1,0.9528,0.9516,0.0,0.0
2020-03-17 20:00:00,0.9624,0.963,0.9598,0.961,16091,0.43271786,0.43271786,0.0,8849.339999999991,257,352,1,0.9528,0.9516,0.0,0.0
2020-03-18 00:00:00,0.961,0.9617,0.9591,0.96,11709,0.24766216,0.24766216,0.0,8849.339999999991,257,352,1,0.9528,0.9516,0.0,0.0
2020-03-18 04:00:00,0.96,0.9602,0.9566,0.9573,10085,-0.03361941,-0.03361941,0.0,8849.339999999991,257,352,1,0.9528,0.9516,0.0,0.0
2020-03-18 08:00:00,0.9573,0.9629,0.9572,0.9593,41605,-0.80243737,-0.80243737,0.0,9305.48999999999,258,352,0,0.0,0.0,0.0,456.15
2020-03-18 12:00:00,0.9592,0.9677,0.9573,0.9666,35296,-0.89276224,-0.89276224,0.0,9305.48999999999,258,352,2,0.9666,0.9674,0.0,0.0
2020-03-18 16:00:00,0.9665,0.975,0.9647,0.9712,44783,-1.0,-1.0,0.0,9305.48999999999,258,352,2,0.9666,0.9674,0.0,0.0
2020-03-18 20:00:00,0.9711,0.9737,0.9664,0.9669,25132,-1.0,-1.0,0.0,8808.029999999992,258,353,0,0.0,0.0,0.0,-497.46
2020-03-19 00:00:00,0.9668,0.9734,0.9638,0.9702,20080,-0.69987744,-0.69987744,0.0,8808.029999999992,258,353,2,0.9702,0.971,0.0,0.0
2020-03-19 04:00:00,0.9702,0.9712,0.9674,0.968,13709,-0.15632172,-0.15632172,0.0,8808.029999999992,258,353,2,0.9702,0.971,0.0,0.0
2020-03-19 08:00:00,0.968,0.9754,0.965,0.9743,34336,-0.46048477,-0.46048477,0.0,8808.029999999992,258,353,2,0.9702,0.971,0.0,0.0
2020-03-19 12:00:00,0.9743,0.9824,0.9724,0.9754,45534,0.64850605,0.64850605,0.0,8387.009999999991,258,354,0,0.0,0.0,0.0,-421.02
2020-03-19 16:00:00,0.9754,0.9878,0.9736,0.9862,51413,0.90416765,0.90416765,0.0,8387.009999999991,258,354,1,0.9862,0.9854,0.0,0.0
2020-03-19 20:00:00,0.9862,0.9878,0.9845,0.9877,24367,-0.5093799,-0.5093799,0.0,8387.009999999991,258,354,1,0.9862,0.9854,0.0,0.0
2020-03-20 00:00:00,0.9877,0.9889,0.9807,0.9831,15350,-0.12823035,-0.12823035,0.0,8387.009999999991,258,354,1,0.9862,0.9854,0.0,0.0
2020-03-20 04:00:00,0.9831,0.9836,0.9781,0.9794,21818,1.0,1.0,0.0,8081.149999999991,258,355,0,0.0,0.0,0.0,-305.86
2020-03-20 08:00:00,0.9794,0.9838,0.9744,0.9831,46311,0.09260646,0.09260646,0.0,8081.149999999991,258,355,0,0.9831,0.9856,0.0,0.0
2020-03-20 12:00:00,0.9831,0.9864,0.9795,0.9854,40177,-0.369023,-0.369023,0.0,8081.149999999991,258,355,0,0.9831,0.9856,0.0,0.0
2020-03-20 16:00:00,0.9854,0.9887,0.9803,0.9876,48793,0.02633388,0.02633388,0.0,8081.149999999991,258,355,0,0.0,0.0,0.0,0.0
2020-03-20 20:00:00,0.9876,0.99,0.9846,0.9855,30264,-0.8284087,-0.8284087,0.0,8081.149999999991,258,355,2,0.9855,0.988,0.0,0.0
2020-03-23 00:00:00,0.984,0.99,0.9831,0.9836,19686,-0.19352639,-0.19352639,0.0,8081.149999999991,258,355,2,0.9855,0.988,0.0,0.0
2020-03-23 04:00:00,0.9836,0.984,0.9807,0.9811,18394,-0.54718345,-0.54718345,0.0,8081.149999999991,258,355,2,0.9855,0.988,0.0,0.0
2020-03-23 08:00:00,0.9811,0.9879,0.9797,0.987,43772,0.5111738,0.5111738,0.0,8081.149999999991,258,355,2,0.9855,0.988,0.0,0.0
2020-03-23 12:00:00,0.987,0.9887,0.9802,0.9812,47625,-1.0,-1.0,0.0,8081.149999999991,258,355,2,0.9855,0.988,0.0,0.0
2020-03-23 16:00:00,0.9812,0.9841,0.979,0.9826,45760,-1.0,-1.0,0.0,8081.149999999991,258,355,2,0.9855,0.988,0.0,0.0
2020-03-23 20:00:00,0.9826,0.985,0.9818,0.9835,24668,0.12937157,0.12937157,0.0,8081.149999999991,258,355,2,0.9855,0.988,0.0,0.0
2020-03-24 00:00:00,0.9835,0.9845,0.9785,0.9805,12928,-0.3086623,-0.3086623,0.0,8081.149999999991,258,355,2,0.9855,0.988,0.0,0.0
2020-03-24 04:00:00,0.9805,0.9807,0.9781,0.9805,15152,-1.0,-1.0,0.0,8081.149999999991,258,355,2,0.9855,0.988,0.0,0.0
2020-03-24 08:00:00,0.9805,0.9806,0.9733,0.9737,35502,0.69140756,0.69140756,0.0,8555.199999999992,259,355,0,0.0,0.0,0.0,474.05
2020-03-24 12:00:00,0.9737,0.9797,0.9718,0.9789,33661,0.8941925,0.8941925,0.0,8555.199999999992,259,355,1,0.9789,0.9769,0.0,0.0
2020-03-24 16:00:00,0.9789,0.9836,0.9787,0.9834,38106,1.0,1.0,0.0,8555.199999999992,259,355,1,0.9789,0.9769,0.0,0.0
2020-03-24 20:00:00,0.9834,0.9845,0.9805,0.9821,14727,-0.30580947,-0.30580947,0.0,8555.199999999992,259,355,1,0.9789,0.9769,0.0,0.0
2020-03-25 00:00:00,0.9821,0.9834,0.9795,0.9804,9650,-0.0064363796,-0.0064363796,0.0,8555.199999999992,259,355,1,0.9789,0.9769,0.0,0.0
2020-03-25 04:00:00,0.9804,0.9817,0.979,0.9805,15812,-1.0,-1.0,0.0,8705.739999999993,260,355,0,0.0,0.0,0.0,150.54
2020-03-25 08:00:00,0.9805,0.9828,0.9785,0.9787,30313,-0.8592823,-0.8592823,0.0,8705.739999999993,260,355,2,0.9787,0.98,0.0,0.0
2020-03-25 12:00:00,0.9787,0.9824,0.9783,0.9811,34708,0.70128083,0.70128083,0.0,8705.739999999993,260,355,2,0.9787,0.98,0.0,0.0
2020-03-25 16:00:00,0.9811,0.9816,0.9775,0.9785,28781,-1.0,-1.0,0.0,8460.439999999993,260,356,0,0.0,0.0,0.0,-245.3
2020-03-25 20:00:00,0.9785,0.9787,0.9744,0.9746,17124,0.85469013,0.85469013,0.0,8460.439999999993,260,356,1,0.9746,0.9721,0.0,0.0
2020-03-26 00:00:00,0.9746,0.9775,0.9743,0.9754,12803,-0.21074007,-0.21074007,0.0,8460.439999999993,260,356,1,0.9746,0.9721,0.0,0.0
2020-03-26 04:00:00,0.9754,0.9768,0.9731,0.9744,13553,-0.808254,-0.808254,0.0,8539.429999999993,261,356,0,0.0,0.0,0.0,78.99
2020-03-26 08:00:00,0.9744,0.9753,0.9718,0.9719,30835,1.0,1.0,0.0,8539.429999999993,261,356,1,0.9719,0.9711,0.0,0.0
2020-03-26 12:00:00,0.9719,0.9724,0.9676,0.9693,33952,-0.5545103,-0.5545103,0.0,8539.429999999993,261,356,1,0.9719,0.9711,0.0,0.0
2020-03-26 16:00:00,0.9693,0.9701,0.9621,0.9632,31219,-1.0,-1.0,0.0,8281.899999999992,261,357,0,0.0,0.0,0.0,-257.53
2020-03-26 20:00:00,0.9632,0.9641,0.9603,0.9637,13527,1.0,1.0,0.0,8281.899999999992,261,357,1,0.9637,0.9629,0.0,0.0
2020-03-27 00:00:00,0.9637,0.9637,0.9607,0.9621,10812,-1.0,-1.0,0.0,8281.899999999992,261,357,1,0.9637,0.9629,0.0,0.0
2020-03-27 04:00:00,0.9621,0.9624,0.9586,0.96,15159,0.899913,0.899913,0.0,8129.339999999992,261,358,0,0.0,0.0,0.0,-152.56
2020-03-27 08:00:00,0.96,0.9645,0.9596,0.9636,26549,1.0,1.0,0.0,8129.339999999992,261,358,1,0.9636,0.9628,0.0,0.0
2020-03-27 12:00:00,0.9636,0.9655,0.9601,0.9623,27374,0.07797143,0.07797143,0.0,8129.339999999992,261,358,1,0.9636,0.9628,0.0,0.0
2020-03-27 16:00:00,0.9623,0.9627,0.9542,0.9543,34484,0.8576477,0.8576477,0.0,8007.639999999992,261,359,0,0.0,0.0,0.0,-121.7
2020-03-27 20:00:00,0.9543,0.9551,0.9505,0.9506,17645,-1.0,-1.0,0.0,8007.639999999992,261,359,2,0.9506,0.9514,0.0,0.0
2020-03-30 00:00:00,0.9525,0.9542,0.95,0.9532,10009,0.57759005,0.57759005,0.0,8007.639999999992,261,359,2,0.9506,0.9514,0.0,0.0
2020-03-30 04:00:00,0.9532,0.9565,0.9522,0.9558,11761,-1.0,-1.0,0.0,7770.159999999993,261,360,0,0.0,0.0,0.0,-237.48
2020-03-30 08:00:00,0.9558,0.9568,0.9539,0.9553,20662,0.00869143,0.00869143,0.0,7770.159999999993,261,360,0,0.9553,0.954,0.0,0.0
2020-03-30 12:00:00,0.9553,0.9588,0.9548,0.9586,18210,0.5357617,0.5357617,0.0,7770.159999999993,261,360,1,0.9586,0.9575,0.0,0.0
2020-03-30 16:00:00,0.9586,0.9611,0.9562,0.9601,23107,0.18993923,0.18993923,0.0,7770.159999999993,261,360,1,0.9586,0.9575,0.0,0.0
2020-03-30 20:00:00,0.9601,0.9608,0.9581,0.9583,11722,-1.0,-1.0,0.0,7904.049999999993,262,360,0,0.0,0.0,0.0,133.89
2020-03-31 00:00:00,0.958,0.9624,0.9564,0.9608,9599,0.62655437,0.62655437,0.0,7904.049999999993,262,360,1,0.9608,0.9586,0.0,0.0
2020-03-31 04:00:00,0.9608,0.9618,0.9592,0.9601,21694,-0.19986896,-0.19986896,0.0,7904.049999999993,262,360,1,0.9608,0.9586,0.0,0.0
2020-03-31 08:00:00,0.9601,0.9641,0.9595,0.9641,16736,-0.12468089,-0.12468089,0.0,7904.049999999993,262,360,1,0.9608,0.9586,0.0,0.0
2020-03-31 12:00:00,0.9641,0.9675,0.9636,0.965,21425,-0.3185958,-0.3185958,0.0,7904.049999999993,262,360,1,0.9608,0.9586,0.0,0.0
2020-03-31 16:00:00,0.965,0.9686,0.9619,0.9658,29230,1.0,1.0,0.0,7904.049999999993,262,360,1,0.9608,0.9586,0.0,0.0
2020-03-31 20:00:00,0.9658,0.9664,0.9609,0.9609,17623,-0.16407922,-0.16407922,0.0,7904.049999999993,262,360,1,0.9608,0.9586,0.0,0.0
2020-04-01 00:00:00,0.9609,0.962,0.9594,0.9612,6805,0.31122297,0.31122297,0.0,7904.049999999993,262,360,1,0.9608,0.9586,0.0,0.0
2020-04-01 04:00:00,0.9612,0.9628,0.961,0.9614,16195,-1.0,-1.0,0.0,7940.399999999993,263,360,0,0.0,0.0,0.0,36.35
2020-04-01 08:00:00,0.9614,0.9667,0.9603,0.9645,18734,0.1811191,0.1811191,0.0,7940.399999999993,263,360,0,0.9614,0.9589,0.0,0.0
2020-04-01 12:00:00,0.9645,0.9674,0.9644,0.9669,17371,1.0,1.0,0.0,7940.399999999993,263,360,1,0.9669,0.9644,0.0,0.0
2020-04-01 16:00:00,0.9669,0.9689,0.966,0.9675,19854,0.7377537,0.7377537,0.0,7940.399999999993,263,360,1,0.9669,0.9644,0.0,0.0
2020-04-01 20:00:00,0.9675,0.9691,0.9652,0.9654,15899,0.33199453,0.33199453,0.0,7940.399999999993,263,360,1,0.9669,0.9644,0.0,0.0
2020-04-02 00:00:00,0.9654,0.9673,0.9639,0.967,8563,-1.0,-1.0,0.0,7802.799999999993,263,361,0,0.0,0.0,0.0,-137.6
2020-04-02 04:00:00,0.967,0.9685,0.9661,0.9675,6883,1.0,1.0,0.0,7802.799999999993,263,361,1,0.9675,0.966,0.0,0.0
2020-04-02 08:00:00,0.9675,0.9684,0.9658,0.9675,13946,-1.0,-1.0,0.0,7802.799999999993,263,361,1,0.9675,0.966,0.0,0.0
2020-04-02 12:00:00,0.9675,0.9699,0.9658,0.9695,17595,0.63752824,0.63752824,0.0,7802.799999999993,263,361,1,0.9675,0.966,0.0,0.0
2020-04-02 16:00:00,0.9696,0.9743,0.9693,0.9738,27129,1.0,1.0,0.0,7802.799999999993,263,361,1,0.9675,0.966,0.0,0.0
2020-04-02 20:00:00,0.9738,0.975,0.9727,0.9734,16667,1.0,1.0,0.0,7802.799999999993,263,361,1,0.9675,0.966,0.0,0.0
2020-04-03 00:00:00,0.9734,0.975,0.9718,0.9745,6489,-0.78213084,-0.78213084,0.0,8338.999999999993,264,361,0,0.0,0.0,0.0,536.2
2020-04-03 04:00:00,0.9745,0.975,0.9731,0.974,7105,1.0,1.0,0.0,8338.999999999993,264,361,1,0.974,0.9732,0.0,0.0
2020-04-03 08:00:00,0.974,0.9777,0.9733,0.977,14969,-0.28054005,-0.28054005,0.0,8338.999999999993,264,361,1,0.974,0.9732,0.0,0.0
2020-04-03 12:00:00,0.977,0.9795,0.9749,0.9794,19078,-0.5326745,-0.5326745,0.0,8338.999999999993,264,361,1,0.974,0.9732,0.0,0.0
2020-04-03 16:00:00,0.9794,0.9796,0.9767,0.9784,18390,0.07560141,0.07560141,0.0,8338.999999999993,264,361,1,0.974,0.9732,0.0,0.0
2020-04-03 20:00:00,0.9784,0.979,0.9744,0.9764,10700,-0.15635437,-0.15635437,0.0,8338.999999999993,264,361,1,0.974,0.9732,0.0,0.0
2020-04-06 00:00:00,0.9755,0.9784,0.9747,0.9773,9880,1.0,1.0,0.0,8338.999999999993,264,361,1,0.974,0.9732,0.0,0.0
2020-04-06 04:00:00,0.9774,0.978,0.9765,0.9776,17632,-0.87571687,-0.87571687,0.0,8660.799999999992,265,361,0,0.0,0.0,0.0,321.8
2020-04-06 08:00:00,0.9776,0.9789,0.9761,0.9782,15918,-0.8265052,-0.8265052,0.0,8660.799999999992,265,361,2,0.9782,0.98,0.0,0.0
2020-04-06 12:00:00,0.9782,0.9792,0.9769,0.978,13799,1.0,1.0,0.0,8660.799999999992,265,361,2,0.9782,0.98,0.0,0.0
2020-04-06 16:00:00,0.978,0.9797,0.9763,0.9774,16112,0.45003673,0.45003673,0.0,8660.799999999992,265,361,2,0.9782,0.98,0.0,0.0
2020-04-06 20:00:00,0.9774,0.9791,0.9773,0.9786,9106,0.8481131,0.8481131,0.0,8741.819999999992,266,361,0,0.0,0.0,0.0,81.02
2020-04-07 00:00:00,0.9786,0.9792,0.9775,0.9783,8831,-1.0,-1.0,0.0,8741.819999999992,266,361,2,0.9783,0.9798,0.0,0.0
2020-04-07 04:00:00,0.9783,0.9788,0.9756,0.9759,11625,-0.74482816,-0.74482816,0.0,8741.819999999992,266,361,2,0.9783,0.9798,0.0,0.0
2020-04-07 08:00:00,0.9759,0.9768,0.9724,0.9728,16462,0.40412948,0.40412948,0.0,8741.819999999992,266,361,2,0.9783,0.9798,0.0,0.0
2020-04-07 12:00:00,0.9728,0.974,0.9698,0.9705,14216,-0.1411313,-0.1411313,0.0,8741.819999999992,266,361,2,0.9783,0.9798,0.0,0.0
2020-04-07 16:00:00,0.9706,0.9718,0.969,0.9706,17326,0.09353106,0.09353106,0.0,8741.819999999992,266,361,2,0.9783,0.9798,0.0,0.0
2020-04-07 20:00:00,0.9706,0.9712,0.9685,0.9696,9472,1.0,1.0,0.0,9523.569999999992,267,361,0,0.0,0.0,0.0,781.75
2020-04-08 00:00:00,0.9696,0.9714,0.9688,0.9714,8189,-0.43222252,-0.43222252,0.0,9523.569999999992,267,361,0,0.9705,0.9727,0.0,0.0
2020-04-08 04:00:00,0.9714,0.9722,0.9704,0.9719,9175,1.0,1.0,0.0,9523.569999999992,267,361,1,0.9719,0.9694,0.0,0.0
2020-04-08 08:00:00,0.9719,0.9743,0.9706,0.9723,16066,-0.35922024,-0.35922024,0.0,9523.569999999992,267,361,1,0.9719,0.9694,0.0,0.0
2020-04-08 12:00:00,0.9722,0.9722,0.9705,0.9708,10626,-0.5565615,-0.5565615,0.0,9523.569999999992,267,361,1,0.9719,0.9694,0.0,0.0
2020-04-08 16:00:00,0.9708,0.9722,0.9689,0.9712,16557,-0.44303325,-0.44303325,0.0,9523.569999999992,267,361,1,0.9719,0.9694,0.0,0.0
2020-04-08 20:00:00,0.9712,0.9724,0.9705,0.9713,7385,0.39458936,0.39458936,0.0,9523.569999999992,267,361,1,0.9719,0.9694,0.0,0.0
2020-04-09 00:00:00,0.9713,0.9725,0.9704,0.971,6637,-0.23579511,-0.23579511,0.0,9523.569999999992,267,361,1,0.9719,0.9694,0.0,0.0
2020-04-09 04:00:00,0.971,0.9724,0.9707,0.9715,10669,-1.0,-1.0,0.0,9423.969999999992,267,362,0,0.0,0.0,0.0,-99.6
2020-04-09 08:00:00,0.9715,0.9734,0.9703,0.971,11618,-0.41106385,-0.41106385,0.0,9423.969999999992,267,362,0,0.0,0.0,0.0,0.0
2020-04-09 12:00:00,0.971,0.9723,0.9684,0.9688,13001,-0.63778204,-0.63778204,0.0,9423.969999999992,267,362,2,0.9688,0.9696,0.0,0.0
2020-04-09 16:00:00,0.9688,0.9696,0.965,0.9663,20118,-1.0,-1.0,0.0,9423.969999999992,267,362,2,0.9688,0.9696,0.0,0.0
2020-04-09 20:00:00,0.9663,0.967,0.9648,0.9661,12926,-0.09767843,-0.09767843,0.0,9423.969999999992,267,362,2,0.9688,0.9696,0.0,0.0
2020-04-10 00:00:00,0.9661,0.9674,0.9653,0.9671,6238,-1.0,-1.0,0.0,9423.969999999992,267,362,2,0.9688,0.9696,0.0,0.0
2020-04-10 04:00:00,0.9671,0.9673,0.9649,0.9658,4930,-1.0,-1.0,0.0,9423.969999999992,267,362,2,0.9688,0.9696,0.0,0.0
2020-04-10 08:00:00,0.9658,0.9666,0.9648,0.9653,7336,-0.04574073,-0.04574073,0.0,9423.969999999992,267,362,2,0.9688,0.9696,0.0,0.0
2020-04-10 12:00:00,0.9653,0.9654,0.9647,0.9649,5629,0.2480752,0.2480752,0.0,9423.969999999992,267,362,2,0.9688,0.9696,0.0,0.0
2020-04-10 16:00:00,0.965,0.965,0.964,0.9642,2489,0.85484356,0.85484356,0.0,9848.309999999992,268,362,0,0.0,0.0,0.0,424.34
2020-04-10 20:00:00,0.9642,0.9658,0.9639,0.965,5681,-0.29100212,-0.29100212,0.0,9848.309999999992,268,362,0,0.965,0.9669,0.0,0.0
2020-04-13 00:00:00,0.9651,0.9662,0.9639,0.9661,5877,-0.41397458,-0.41397458,0.0,9848.309999999992,268,362,0,0.965,0.9669,0.0,0.0
2020-04-13 04:00:00,0.9661,0.9668,0.9651,0.9653,13364,-1.0,-1.0,0.0,9848.309999999992,268,362,2,0.9653,0.9661,0.0,0.0
2020-04-13 08:00:00,0.9653,0.9664,0.963,0.9661,14976,-1.0,-1.0,0.0,9848.309999999992,268,362,2,0.9653,0.9661,0.0,0.0
2020-04-13 12:00:00,0.9661,0.9683,0.9659,0.9665,13695,-0.37901136,-0.37901136,0.0,9757.219999999992,268,363,0,0.0,0.0,0.0,-91.09
2020-04-13 16:00:00,0.9665,0.9687,0.9663,0.9666,17880,-0.59033406,-0.59033406,0.0,9757.219999999992,268,363,2,0.9666,0.9674,0.0,0.0
2020-04-13 20:00:00,0.9666,0.9676,0.9661,0.9666,9589,-0.6344856,-0.6344856,0.0,9757.219999999992,268,363,2,0.9666,0.9674,0.0,0.0
2020-04-14 00:00:00,0.9667,0.9679,0.9656,0.9658,10810,-0.23058492,-0.23058492,0.0,9757.219999999992,268,363,2,0.9666,0.9674,0.0,0.0
2020-04-14 04:00:00,0.9658,0.9664,0.964,0.9646,19907,-0.49052352,-0.49052352,0.0,9757.219999999992,268,363,2,0.9666,0.9674,0.0,0.0
2020-04-14 08:00:00,0.9646,0.9659,0.9645,0.9651,16659,-0.974381,-0.974381,0.0,9757.219999999992,268,363,2,0.9666,0.9674,0.0,0.0
2020-04-14 12:00:00,0.9652,0.9653,0.9607,0.961,18224,0.009325253,0.009325253,0.0,9757.219999999992,268,363,2,0.9666,0.9674,0.0,0.0
2020-04-14 16:00:00,0.961,0.9623,0.9596,0.9611,23917,-1.0,-1.0,0.0,9757.219999999992,268,363,2,0.9666,0.9674,0.0,0.0
2020-04-14 20:00:00,0.9612,0.9614,0.9599,0.9601,11635,-0.534305,-0.534305,0.0,9757.219999999992,268,363,2,0.9666,0.9674,0.0,0.0
2020-04-15 00:00:00,0.9601,0.9607,0.9592,0.96,7062,0.8778625,0.8778625,0.0,10485.819999999992,269,363,0,0.0,0.0,0.0,728.6
2020-04-15 04:00:00,0.96,0.9612,0.9599,0.961,7700,0.80642235,0.80642235,0.0,10485.819999999992,269,363,1,0.961,0.9602,0.0,0.0
2020-04-15 08:00:00,0.9609,0.9649,0.9608,0.964,16778,0.11124611,0.11124611,0.0,10485.819999999992,269,363,1,0.961,0.9602,0.0,0.0
2020-04-15 12:00:00,0.964,0.97,0.9633,0.9697,22886,-0.5387204,-0.5387204,0.0,10485.819999999992,269,363,1,0.961,0.9602,0.0,0.0
2020-04-15 16:00:00,0.9697,0.9698,0.9634,0.9642,27695,-0.18201065,-0.18201065,0.0,10485.819999999992,269,363,1,0.961,0.9602,0.0,0.0
2020-04-15 20:00:00,0.9642,0.9649,0.9621,0.9644,12006,0.88508105,0.88508105,0.0,10485.819999999992,269,363,1,0.961,0.9602,0.0,0.0
2020-04-16 00:00:00,0.9644,0.967,0.9642,0.9667,10373,-0.18543983,-0.18543983,0.0,10485.819999999992,269,363,1,0.961,0.9602,0.0,0.0
2020-04-16 04:00:00,0.9667,0.9684,0.9662,0.9672,15689,1.0,1.0,0.0,10485.819999999992,269,363,1,0.961,0.9602,0.0,0.0
2020-04-16 08:00:00,0.9672,0.9682,0.9649,0.9662,19977,-1.0,-1.0,0.0,11238.219999999992,270,363,0,0.0,0.0,0.0,752.4
2020-04-16 12:00:00,0.9661,0.9689,0.9646,0.9658,25602,-1.0,-1.0,0.0,11238.219999999992,270,363,2,0.9658,0.9683,0.0,0.0
2020-04-16 16:00:00,0.9658,0.9716,0.9654,0.97,33038,0.044175386,0.044175386,0.0,11238.219999999992,270,363,2,0.9658,0.9683,0.0,0.0
2020-04-16 20:00:00,0.9701,0.9704,0.9686,0.9701,14034,0.1343177,0.1343177,0.0,10690.359999999991,270,364,0,0.0,0.0,0.0,-547.86
2020-04-17 00:00:00,0.9702,0.9705,0.9678,0.9688,12839,-0.8799935,-0.8799935,0.0,10690.359999999991,270,364,2,0.9688,0.9696,0.0,0.0
2020-04-17 04:00:00,0.9688,0.969,0.9674,0.9682,14327,0.43764997,0.43764997,0.0,10690.359999999991,270,364,2,0.9688,0.9696,0.0,0.0
2020-04-17 08:00:00,0.9682,0.9722,0.9682,0.971,21047,0.17330344,0.17330344,0.0,10690.359999999991,270,364,2,0.9688,0.9696,0.0,0.0
2020-04-17 12:00:00,0.9709,0.9724,0.9669,0.9676,23445,0.22202405,0.22202405,0.0,10417.089999999991,270,365,0,0.0,0.0,0.0,-273.27
2020-04-17 16:00:00,0.9676,0.9683,0.9656,0.9675,27081,0.066659935,0.066659935,0.0,10417.089999999991,270,365,0,0.9682,0.966,0.0,0.0
2020-04-17 20:00:00,0.9675,0.9679,0.9663,0.967,12672,-1.0,-1.0,0.0,10417.089999999991,270,365,2,0.967,0.9678,0.0,0.0
2020-04-20 00:00:00,0.9667,0.9688,0.9663,0.9685,11032,-0.74051285,-0.74051285,0.0,10417.089999999991,270,365,2,0.967,0.9678,0.0,0.0
2020-04-20 04:00:00,0.9685,0.9686,0.9673,0.9675,10780,-0.19627483,-0.19627483,0.0,10235.99999999999,270,366,0,0.0,0.0,0.0,-181.09
2020-04-20 08:00:00,0.9675,0.97,0.9666,0.9667,14996,-0.07508063,-0.07508063,0.0,10235.99999999999,270,366,0,0.9682,0.966,0.0,0.0
2020-04-20 12:00:00,0.9667,0.9693,0.9655,0.9682,17595,-0.1369372,-0.1369372,0.0,10235.99999999999,270,366,0,0.0,0.0,0.0,0.0
2020-04-20 16:00:00,0.9682,0.9692,0.9659,0.9673,23624,1.0,1.0,0.0,10235.99999999999,270,366,1,0.9673,0.9665,0.0,0.0
2020-04-20 20:00:00,0.9673,0.9686,0.967,0.9678,11667,0.9325866,0.9325866,0.0,10235.99999999999,270,366,1,0.9673,0.9665,0.0,0.0
2020-04-21 00:00:00,0.9678,0.969,0.967,0.9689,7692,0.055748507,0.055748507,0.0,10235.99999999999,270,366,1,0.9673,0.9665,0.0,0.0
2020-04-21 04:00:00,0.9689,0.9714,0.9686,0.9707,13187,-0.63898134,-0.63898134,0.0,10425.869999999992,271,366,0,0.0,0.0,0.0,189.87
2020-04-21 08:00:00,0.9707,0.9717,0.9693,0.97,17936,-1.0,-1.0,0.0,10425.869999999992,271,366,2,0.97,0.9711,0.0,0.0
2020-04-21 12:00:00,0.97,0.972,0.9691,0.9717,21149,1.0,1.0,0.0,10425.869999999992,271,366,2,0.97,0.9711,0.0,0.0
2020-04-21 16:00:00,0.9717,0.9727,0.967,0.9704,30822,0.03900903,0.03900903,0.0,10219.779999999992,271,367,0,0.0,0.0,0.0,-206.09
2020-04-21 20:00:00,0.9704,0.9707,0.9691,0.9695,12679,1.0,1.0,0.0,10219.779999999992,271,367,1,0.9695,0.9678,0.0,0.0
2020-04-22 00:00:00,0.9694,0.9704,0.9679,0.9699,4871,0.9778843,0.9778843,0.0,10219.779999999992,271,367,1,0.9695,0.9678,0.0,0.0
2020-04-22 04:00:00,0.9699,0.9705,0.9692,0.9703,12127,0.4287579,0.4287579,0.0,10219.779999999992,271,367,1,0.9695,0.9678,0.0,0.0
2020-04-22 08:00:00,0.9703,0.9704,0.9683,0.9691,15632,0.5163209,0.5163209,0.0,10219.779999999992,271,367,1,0.9695,0.9678,0.0,0.0
2020-04-22 12:00:00,0.9691,0.9693,0.9669,0.9684,15213,-0.09531622,-0.09531622,0.0,10219.779999999992,271,367,1,0.9695,0.9678,0.0,0.0
2020-04-22 16:00:00,0.9684,0.9726,0.9681,0.9722,23826,-0.111687236,-0.111687236,0.0,10219.779999999992,271,367,1,0.9695,0.9678,0.0,0.0
2020-04-22 20:00:00,0.9721,0.9732,0.9713,0.9714,10191,-0.06423188,-0.06423188,0.0,10219.779999999992,271,367,1,0.9695,0.9678,0.0,0.0
2020-04-23 00:00:00,0.9714,0.9731,0.9702,0.9724,5314,-0.31450427,-0.31450427,0.0,10219.779999999992,271,367,1,0.9695,0.9678,0.0,0.0
2020-04-23 04:00:00,0.9724,0.9727,0.9714,0.9722,8103,-0.058011264,-0.058011264,0.0,10219.779999999992,271,367,1,0.9695,0.9678,0.0,0.0
2020-04-23 08:00:00,0.9722,0.9748,0.9707,0.9737,20777,0.8204647,0.8204647,0.0,10219.779999999992,271,367,1,0.9695,0.9678,0.0,0.0
2020-04-23 12:00:00,0.9737,0.9771,0.9734,0.9741,21792,-1.0,-1.0,0.0,10719.869999999992,272,367,0,0.0,0.0,0.0,500.09
2020-04-23 16:00:00,0.9741,0.9748,0.9705,0.973,30146,1.0,1.0,0.0,10719.869999999992,272,367,1,0.973,0.9722,0.0,0.0
2020-04-23 20:00:00,0.973,0.9772,0.973,0.9759,20331,-1.0,-1.0,0.0,10719.869999999992,272,367,1,0.973,0.9722,0.0,0.0
2020-04-24 00:00:00,0.9759,0.9775,0.9749,0.9772,6503,1.0,1.0,0.0,10719.869999999992,272,367,1,0.973,0.9722,0.0,0.0
2020-04-24 04:00:00,0.9772,0.9772,0.9765,0.9767,7184,-0.7076506,-0.7076506,0.0,11246.319999999992,273,367,0,0.0,0.0,0.0,526.45
2020-04-24 08:00:00,0.9767,0.9803,0.9767,0.9775,19505,-0.42733052,-0.42733052,0.0,11246.319999999992,273,367,0,0.9772,0.9797,0.0,0.0
2020-04-24 12:00:00,0.9775,0.9779,0.9737,0.9746,17019,-0.4616443,-0.4616443,0.0,11246.319999999992,273,367,0,0.9772,0.9797,0.0,0.0
2020-04-24 16:00:00,0.9746,0.976,0.9727,0.9759,22856,0.92091334,0.92091334,0.0,11246.319999999992,273,367,1,0.9759,0.9751,0.0,0.0
2020-04-24 20:00:00,0.9759,0.9763,0.9729,0.9729,11307,0.12187331,0.12187331,0.0,11246.319999999992,273,367,1,0.9759,0.9751,0.0,0.0
2020-04-27 00:00:00,0.9723,0.9744,0.9722,0.9737,5621,-1.0,-1.0,0.0,10853.539999999992,273,368,0,0.0,0.0,0.0,-392.78
2020-04-27 04:00:00,0.9737,0.9745,0.9723,0.9727,14663,-1.0,-1.0,0.0,10853.539999999992,273,368,2,0.9727,0.9735,0.0,0.0
2020-04-27 08:00:00,0.9727,0.9736,0.9712,0.9721,15263,-0.44052356,-0.44052356,0.0,10853.539999999992,273,368,2,0.9727,0.9735,0.0,0.0
2020-04-27 12:00:00,0.9721,0.9749,0.9719,0.9736,14558,-1.0,-1.0,0.0,10853.539999999992,273,368,2,0.9727,0.9735,0.0,0.0
2020-04-27 16:00:00,0.9736,0.9767,0.9733,0.9764,18429,0.42202413,0.42202413,0.0,10739.729999999992,273,369,0,0.0,0.0,0.0,-113.81
2020-04-27 20:00:00,0.9764,0.9764,0.9751,0.9753,8527,0.15186298,0.15186298,0.0,10739.729999999992,273,369,0,0.9753,0.9778,0.0,0.0
2020-04-28 00:00:00,0.9751,0.9761,0.9741,0.9751,4545,0.8191961,0.8191961,0.0,10739.729999999992,273,369,1,0.9751,0.9737,0.0,0.0
2020-04-28 04:00:00,0.9751,0.9764,0.975,0.976,8589,-1.0,-1.0,0.0,10739.729999999992,273,369,1,0.9751,0.9737,0.0,0.0
2020-04-28 08:00:00,0.976,0.98,0.975,0.9765,14100,-0.13278718,-0.13278718,0.0,10739.729999999992,273,369,1,0.9751,0.9737,0.0,0.0
2020-04-28 12:00:00,0.9765,0.9772,0.9722,0.973,14126,1.0,1.0,0.0,10739.729999999992,273,369,1,0.9751,0.9737,0.0,0.0
2020-04-28 16:00:00,0.973,0.9755,0.972,0.9748,16407,0.09027107,0.09027107,0.0,10477.139999999992,273,370,0,0.0,0.0,0.0,-262.59
2020-04-28 20:00:00,0.9748,0.975,0.9733,0.9749,7508,1.0,1.0,0.0,10477.139999999992,273,370,1,0.9749,0.9741,0.0,0.0
2020-04-29 00:00:00,0.9748,0.9751,0.973,0.9731,3993,0.21706545,0.21706545,0.0,10477.139999999992,273,370,1,0.9749,0.9741,0.0,0.0
2020-04-29 04:00:00,0.973,0.9732,0.9722,0.9727,6710,-1.0,-1.0,0.0,10257.539999999992,273,371,0,0.0,0.0,0.0,-219.6
2020-04-29 08:00:00,0.9727,0.9737,0.9712,0.972,9950,-1.0,-1.0,0.0,10257.539999999992,273,371,2,0.972,0.9729,0.0,0.0
2020-04-29 12:00:00,0.972,0.9751,0.9715,0.9736,10370,-0.35870156,-0.35870156,0.0,10257.539999999992,273,371,2,0.972,0.9729,0.0,0.0
2020-04-29 16:00:00,0.9736,0.9763,0.9714,0.9763,14498,-0.57977086,-0.57977086,0.0,10066.329999999993,273,372,0,0.0,0.0,0.0,-191.21
2020-04-29 20:00:00,0.9763,0.9768,0.9733,0.9734,13561,-0.5839323,-0.5839323,0.0,10066.329999999993,273,372,2,0.9734,0.9742,0.0,0.0
2020-04-30 00:00:00,0.9732,0.9759,0.9726,0.9752,4436,0.22101371,0.22101371,0.0,10066.329999999993,273,372,2,0.9734,0.9742,0.0,0.0
2020-04-30 04:00:00,0.9752,0.9754,0.9742,0.9746,6741,0.011117677,0.011117677,0.0,9854.879999999992,273,373,0,0.0,0.0,0.0,-211.45
2020-04-30 08:00:00,0.9746,0.9751,0.9706,0.9706,12358,-1.0,-1.0,0.0,9854.879999999992,273,373,2,0.9706,0.9714,0.0,0.0
2020-04-30 12:00:00,0.9706,0.9727,0.97,0.9714,14097,-1.0,-1.0,0.0,9854.879999999992,273,373,2,0.9706,0.9714,0.0,0.0
2020-04-30 16:00:00,0.9714,0.9748,0.9638,0.9664,26114,0.7276325,0.7276325,0.0,9763.229999999992,273,374,0,0.0,0.0,0.0,-91.65
2020-04-30 20:00:00,0.9664,0.9664,0.9644,0.9646,9861,0.11297819,0.11297819,0.0,9763.229999999992,273,374,0,0.9646,0.9638,0.0,0.0
2020-05-01 00:00:00,0.9643,0.9669,0.9643,0.9656,5659,0.026026947,0.026026947,0.0,9763.229999999992,273,374,0,0.9656,0.9681,0.0,0.0
2020-05-01 04:00:00,0.9656,0.9663,0.9645,0.9646,5352,1.0,1.0,0.0,9763.229999999992,273,374,1,0.9646,0.9621,0.0,0.0
2020-05-01 08:00:00,0.9646,0.9649,0.9624,0.9628,8153,0.21583183,0.21583183,0.0,9763.229999999992,273,374,1,0.9646,0.9621,0.0,0.0
2020-05-01 12:00:00,0.9628,0.9631,0.9613,0.9621,7871,1.0,1.0,0.0,9763.229999999992,273,374,1,0.9646,0.9621,0.0,0.0
2020-05-01 16:00:00,0.9621,0.9623,0.9588,0.9605,12952,-0.31296244,-0.31296244,0.0,9482.229999999992,273,375,0,0.0,0.0,0.0,-281.0
2020-05-01 20:00:00,0.9605,0.9618,0.9604,0.9611,5998,0.30278912,0.30278912,0.0,9482.229999999992,273,375,0,0.9605,0.9623,0.0,0.0
2020-05-04 00:00:00,0.9616,0.9636,0.96,0.9636,4714,0.7737736,0.7737736,0.0,9482.229999999992,273,375,1,0.9636,0.9612,0.0,0.0
2020-05-04 04:00:00,0.9636,0.9644,0.9629,0.9643,4725,-1.0,-1.0,0.0,9482.229999999992,273,375,1,0.9636,0.9612,0.0,0.0
2020-05-04 08:00:00,0.9643,0.9649,0.9627,0.9636,9493,-0.23990028,-0.23990028,0.0,9482.229999999992,273,375,1,0.9636,0.9612,0.0,0.0
2020-05-04 12:00:00,0.9636,0.9653,0.9635,0.9649,9405,-0.46955767,-0.46955767,0.0,9482.229999999992,273,375,1,0.9636,0.9612,0.0,0.0
2020-05-04 16:00:00,0.9649,0.9663,0.9639,0.9657,13467,-0.9480427,-0.9480427,0.0,9624.539999999992,274,375,0,0.0,0.0,0.0,142.31
2020-05-04 20:00:00,0.9657,0.9661,0.9648,0.9648,5647,-0.58918613,-0.58918613,0.0,9624.539999999992,274,375,2,0.9648,0.9656,0.0,0.0
2020-05-05 00:00:00,0.9645,0.9657,0.9639,0.9651,1918,-0.060104597,-0.060104597,0.0,9624.539999999992,274,375,2,0.9648,0.9656,0.0,0.0
2020-05-05 04:00:00,0.9651,0.966,0.9646,0.9653,2840,-0.6828486,-0.6828486,0.0,9624.539999999992,274,375,2,0.9648,0.9656,0.0,0.0
2020-05-05 08:00:00,0.9653,0.9706,0.9646,0.9703,10578,-1.0,-1.0,0.0,9624.539999999992,274,375,2,0.9648,0.9656,0.0,0.0
2020-05-05 12:00:00,0.9704,0.9721,0.9691,0.9712,13898,-0.41931742,-0.41931742,0.0,9009.929999999991,274,376,0,0.0,0.0,0.0,-614.61
2020-05-05 16:00:00,0.9712,0.9735,0.9681,0.9731,13363,-1.0,-1.0,0.0,9009.929999999991,274,376,2,0.9731,0.9739,0.0,0.0
2020-05-05 20:00:00,0.9731,0.9731,0.9715,0.972,5258,0.35013756,0.35013756,0.0,9009.929999999991,274,376,2,0.9731,0.9739,0.0,0.0
2020-05-06 00:00:00,0.9721,0.9728,0.9718,0.9726,3293,0.83009267,0.83009267,0.0,9125.189999999991,275,376,0,0.0,0.0,0.0,115.26
2020-05-06 04:00:00,0.9726,0.973,0.9722,0.9724,4165,0.4411615,0.4411615,0.0,9125.189999999991,275,376,0,0.0,0.0,0.0,0.0
2020-05-06 08:00:00,0.9724,0.9758,0.9722,0.9746,10507,1.0,1.0,0.0,9125.189999999991,275,376,1,0.9746,0.9738,0.0,0.0
2020-05-06 12:00:00,0.9746,0.9759,0.9732,0.9739,10542,-0.15112045,-0.15112045,0.0,9125.189999999991,275,376,1,0.9746,0.9738,0.0,0.0
2020-05-06 16:00:00,0.9739,0.9758,0.973,0.9742,12948,-0.3364146,-0.3364146,0.0,9125.189999999991,275,376,1,0.9746,0.9738,0.0,0.0
2020-05-06 20:00:00,0.9742,0.9755,0.9739,0.9748,5952,-1.0,-1.0,0.0,9082.629999999992,275,377,0,0.0,0.0,0.0,-42.56
2020-05-07 00:00:00,0.9747,0.9758,0.9746,0.9757,3461,0.35749665,0.35749665,0.0,9082.629999999992,275,377,0,0.0,0.0,0.0,0.0
2020-05-07 04:00:00,0.9756,0.9757,0.9748,0.975,4224,-0.7486794,-0.7486794,0.0,9082.629999999992,275,377,2,0.975,0.9775,0.0,0.0
2020-05-07 08:00:00,0.975,0.9761,0.9736,0.9758,10316,0.16403744,0.16403744,0.0,9082.629999999992,275,377,2,0.975,0.9775,0.0,0.0
2020-05-07 12:00:00,0.9758,0.977,0.9747,0.9756,11679,0.677444,0.677444,0.0,9082.629999999992,275,377,2,0.975,0.9775,0.0,0.0
2020-05-07 16:00:00,0.9756,0.9784,0.974,0.9744,14934,0.9596184,0.9596184,0.0,9018.999999999993,275,378,0,0.0,0.0,0.0,-63.63
2020-05-07 20:00:00,0.9744,0.9746,0.9728,0.9729,7225,0.65428984,0.65428984,0.0,9018.999999999993,275,378,1,0.9729,0.9721,0.0,0.0
2020-05-08 00:00:00,0.9726,0.9736,0.972,0.9721,3485,-1.0,-1.0,0.0,9018.999999999993,275,378,1,0.9729,0.9721,0.0,0.0
2020-05-08 04:00:00,0.9721,0.9724,0.9715,0.9723,4980,-1.0,-1.0,0.0,8935.059999999992,275,379,0,0.0,0.0,0.0,-83.94
2020-05-08 08:00:00,0.9723,0.973,0.9716,0.9717,6231,-0.44406867,-0.44406867,0.0,8935.059999999992,275,379,0,0.9717,0.9702,0.0,0.0
2020-05-08 12:00:00,0.9717,0.9728,0.9701,0.9718,8715,1.0,1.0,0.0,8935.059999999992,275,379,1,0.9718,0.971,0.0,0.0
2020-05-08 16:00:00,0.9718,0.9732,0.9681,0.9705,13049,-1.0,-1.0,0.0,8935.059999999992,275,379,1,0.9718,0.971,0.0,0.0
2020-05-08 20:00:00,0.9705,0.9715,0.9698,0.9709,5560,0.05234684,0.05234684,0.0,8800.159999999993,275,380,0,0.0,0.0,0.0,-134.9
2020-05-11 00:00:00,0.9718,0.9723,0.9704,0.9704,4234,0.82057947,0.82057947,0.0,8800.159999999993,275,380,1,0.9704,0.9696,0.0,0.0
2020-05-11 04:00:00,0.9704,0.9708,0.97,0.9704,4264,0.09365041,0.09365041,0.0,8800.159999999993,275,380,1,0.9704,0.9696,0.0,0.0
2020-05-11 08:00:00,0.9704,0.9737,0.9703,0.9728,8757,-0.47697484,-0.47697484,0.0,8800.159999999993,275,380,1,0.9704,0.9696,0.0,0.0
2020-05-11 12:00:00,0.9728,0.9734,0.9714,0.9721,8880,-0.85711193,-0.85711193,0.0,9045.999999999993,276,380,0,0.0,0.0,0.0,245.84
2020-05-11 16:00:00,0.9721,0.9735,0.9704,0.9729,11095,0.39185742,0.39185742,0.0,9045.999999999993,276,380,0,0.9704,0.9696,0.0,0.0
2020-05-11 20:00:00,0.9729,0.9735,0.9721,0.9728,6752,0.12729341,0.12729341,0.0,9045.999999999993,276,380,0,0.9704,0.9696,0.0,0.0
2020-05-12 00:00:00,0.9726,0.975,0.9726,0.9743,4493,-0.09590607,-0.09590607,0.0,9045.999999999993,276,380,0,0.9704,0.9696,0.0,0.0
2020-05-12 04:00:00,0.9743,0.9747,0.9729,0.9732,4067,-0.37595612,-0.37595612,0.0,9045.999999999993,276,380,0,0.9704,0.9696,0.0,0.0
2020-05-12 08:00:00,0.9732,0.9735,0.9714,0.9718,7535,-0.5675094,-0.5675094,0.0,9045.999999999993,276,380,2,0.9718,0.9726,0.0,0.0
2020-05-12 12:00:00,0.9718,0.9724,0.9684,0.9686,8972,0.38406262,0.38406262,0.0,9045.999999999993,276,380,2,0.9718,0.9726,0.0,0.0
2020-05-12 16:00:00,0.9686,0.9696,0.9665,0.9693,11985,0.27437368,0.27437368,0.0,9045.999999999993,276,380,2,0.9718,0.9726,0.0,0.0
2020-05-12 20:00:00,0.9693,0.9699,0.9685,0.9693,5227,0.03540649,0.03540649,0.0,9045.999999999993,276,380,2,0.9718,0.9726,0.0,0.0
2020-05-13 00:00:00,0.969,0.97,0.9679,0.9692,3159,1.0,1.0,0.0,9308.289999999994,277,380,0,0.0,0.0,0.0,262.29
2020-05-13 04:00:00,0.9692,0.97,0.9689,0.9695,3988,1.0,1.0,0.0,9308.289999999994,277,380,1,0.9695,0.9687,0.0,0.0
2020-05-13 08:00:00,0.9695,0.9713,0.9689,0.9703,7329,-1.0,-1.0,0.0,9308.289999999994,277,380,1,0.9695,0.9687,0.0,0.0
2020-05-13 12:00:00,0.9703,0.9713,0.9673,0.9678,8057,-0.3606996,-0.3606996,0.0,9308.289999999994,277,380,1,0.9695,0.9687,0.0,0.0
2020-05-13 16:00:00,0.9678,0.9722,0.9665,0.9719,16914,0.034040682,0.034040682,0.0,9125.029999999993,277,381,0,0.0,0.0,0.0,-183.26
2020-05-13 20:00:00,0.9719,0.9726,0.9716,0.9719,6095,0.8019266,0.8019266,0.0,9125.029999999993,277,381,1,0.9719,0.9711,0.0,0.0
2020-05-14 00:00:00,0.9718,0.9725,0.9717,0.9719,3158,0.9325208,0.9325208,0.0,9125.029999999993,277,381,1,0.9719,0.9711,0.0,0.0
2020-05-14 04:00:00,0.972,0.9732,0.9719,0.9729,3743,-0.68935084,-0.68935084,0.0,9125.029999999993,277,381,1,0.9719,0.9711,0.0,0.0
2020-05-14 08:00:00,0.9729,0.9739,0.9722,0.9729,7753,-0.5120168,-0.5120168,0.0,9125.029999999993,277,381,1,0.9719,0.9711,0.0,0.0
2020-05-14 12:00:00,0.9729,0.9755,0.9724,0.974,10862,0.54171765,0.54171765,0.0,9125.029999999993,277,381,1,0.9719,0.9711,0.0,0.0
2020-05-14 16:00:00,0.974,0.9744,0.9713,0.9743,14247,0.573151,0.573151,0.0,9125.029999999993,277,381,1,0.9719,0.9711,0.0,0.0
2020-05-14 20:00:00,0.9743,0.9746,0.9729,0.9729,6841,-1.0,-1.0,0.0,9380.339999999993,278,381,0,0.0,0.0,0.0,255.31
2020-05-15 00:00:00,0.9729,0.9738,0.9726,0.9733,4127,-0.061244555,-0.061244555,0.0,9380.339999999993,278,381,0,0.9733,0.9724,0.0,0.0
2020-05-15 04:00:00,0.9733,0.9738,0.9731,0.9732,4206,0.4656871,0.4656871,0.0,9380.339999999993,278,381,0,0.9733,0.9724,0.0,0.0
2020-05-15 08:00:00,0.9732,0.9742,0.9721,0.9732,7125,1.0,1.0,0.0,9380.339999999993,278,381,1,0.9732,0.9724,0.0,0.0
2020-05-15 12:00:00,0.9732,0.9744,0.9703,0.9711,10104,-1.0,-1.0,0.0,9380.339999999993,278,381,1,0.9732,0.9724,0.0,0.0
2020-05-15 16:00:00,0.9711,0.9734,0.9698,0.9731,12628,0.6100929,0.6100929,0.0,9151.429999999993,278,382,0,0.0,0.0,0.0,-228.91
2020-05-15 20:00:00,0.9731,0.9732,0.9717,0.9719,4411,-0.19049634,-0.19049634,0.0,9151.429999999993,278,382,0,0.9719,0.9711,0.0,0.0
2020-05-18 00:00:00,0.9716,0.9723,0.9711,0.9721,2899,-0.9250645,-0.9250645,0.0,9151.429999999993,278,382,2,0.9721,0.9746,0.0,0.0
2020-05-18 04:00:00,0.9721,0.9722,0.9711,0.9717,3474,-1.0,-1.0,0.0,9151.429999999993,278,382,2,0.9721,0.9746,0.0,0.0
2020-05-18 08:00:00,0.9717,0.973,0.9709,0.9724,6084,0.61885023,0.61885023,0.0,9151.429999999993,278,382,2,0.9721,0.9746,0.0,0.0
2020-05-18 12:00:00,0.9724,0.9732,0.9703,0.9709,7226,-0.20505446,-0.20505446,0.0,9151.429999999993,278,382,2,0.9721,0.9746,0.0,0.0
2020-05-18 16:00:00,0.9709,0.9727,0.9677,0.9721,15458,0.70029616,0.70029616,0.0,9278.999999999993,279,382,0,0.0,0.0,0.0,127.57
2020-05-18 20:00:00,0.9721,0.9761,0.9708,0.9708,6473,-0.27108377,-0.27108377,0.0,9278.999999999993,279,382,0,0.9708,0.9721,0.0,0.0
2020-05-19 00:00:00,0.9708,0.9726,0.9705,0.9715,3738,-0.26863176,-0.26863176,0.0,9278.999999999993,279,382,0,0.9708,0.9721,0.0,0.0
2020-05-19 04:00:00,0.9715,0.9725,0.9714,0.9723,3705,-0.8623446,-0.8623446,0.0,9278.999999999993,279,382,2,0.9723,0.9731,0.0,0.0
2020-05-19 08:00:00,0.9723,0.9729,0.9708,0.9714,9569,1.0,1.0,0.0,9278.999999999993,279,382,2,0.9723,0.9731,0.0,0.0
2020-05-19 12:00:00,0.9714,0.972,0.9702,0.9703,8597,-1.0,-1.0,0.0,9278.999999999993,279,382,2,0.9723,0.9731,0.0,0.0
2020-05-19 16:00:00,0.9703,0.9728,0.9698,0.972,9953,0.55327725,0.55327725,0.0,9278.999999999993,279,382,2,0.9723,0.9731,0.0,0.0
2020-05-19 20:00:00,0.972,0.9722,0.9704,0.971,5089,0.6977611,0.6977611,0.0,9311.369999999994,280,382,0,0.0,0.0,0.0,32.37
2020-05-20 00:00:00,0.9696,0.9716,0.9696,0.9702,1996,0.15735924,0.15735924,0.0,9311.369999999994,280,382,0,0.9703,0.9692,0.0,0.0
2020-05-20 04:00:00,0.9702,0.9703,0.9695,0.9699,3377,0.46825102,0.46825102,0.0,9311.369999999994,280,382,0,0.0,0.0,0.0,0.0
2020-05-20 08:00:00,0.9699,0.97,0.9674,0.9675,5841,-0.25394216,-0.25394216,0.0,9311.369999999994,280,382,0,0.9675,0.9665,0.0,0.0
2020-05-20 12:00:00,0.9675,0.9676,0.9652,0.9659,7151,0.84266645,0.84266645,0.0,9311.369999999994,280,382,1,0.9659,0.9634,0.0,0.0
2020-05-20 16:00:00,0.9659,0.9661,0.9638,0.9652,10558,0.17263383,0.17263383,0.0,9311.369999999994,280,382,1,0.9659,0.9634,0.0,0.0
2020-05-20 20:00:00,0.9652,0.9654,0.9643,0.9644,4878,-0.019255916,-0.019255916,0.0,9311.369999999994,280,382,1,0.9659,0.9634,0.0,0.0
2020-05-21 00:00:00,0.9644,0.9658,0.9642,0.9658,2967,-0.13012455,-0.13012455,0.0,9311.369999999994,280,382,1,0.9659,0.9634,0.0,0.0
2020-05-21 04:00:00,0.9658,0.9667,0.9657,0.9661,3304,0.7723887,0.7723887,0.0,9311.369999999994,280,382,1,0.9659,0.9634,0.0,0.0
2020-05-21 08:00:00,0.9661,0.967,0.9653,0.9663,5258,1.0,1.0,0.0,9311.369999999994,280,382,1,0.9659,0.9634,0.0,0.0
2020-05-21 12:00:00,0.9663,0.969,0.9651,0.9683,8021,-0.9369687,-0.9369687,0.0,9354.429999999993,281,382,0,0.0,0.0,0.0,43.06
2020-05-21 16:00:00,0.9683,0.9711,0.9676,0.9701,11543,-0.017068427,-0.017068427,0.0,9354.429999999993,281,382,0,0.9661,0.9636,0.0,0.0
2020-05-21 20:00:00,0.9701,0.9713,0.9694,0.9704,4540,1.0,1.0,0.0,9354.429999999993,281,382,1,0.9704,0.9682,0.0,0.0
2020-05-22 00:00:00,0.9704,0.9712,0.9701,0.971,2503,1.0,1.0,0.0,9354.429999999993,281,382,1,0.9704,0.9682,0.0,0.0
2020-05-22 04:00:00,0.971,0.9721,0.9706,0.9715,3861,0.6179337,0.6179337,0.0,9354.429999999993,281,382,1,0.9704,0.9682,0.0,0.0
2020-05-22 08:00:00,0.9714,0.9722,0.9697,0.9722,6855,-0.4195865,-0.4195865,0.0,9354.429999999993,281,382,1,0.9704,0.9682,0.0,0.0
2020-05-22 12:00:00,0.9722,0.9733,0.971,0.9716,6669,1.0,1.0,0.0,9354.429999999993,281,382,1,0.9704,0.9682,0.0,0.0
2020-05-22 16:00:00,0.9716,0.9727,0.9711,0.9725,7072,-1.0,-1.0,0.0,9484.929999999993,282,382,0,0.0,0.0,0.0,130.5
2020-05-22 20:00:00,0.9725,0.9731,0.9708,0.9711,3792,1.0,1.0,0.0,9484.929999999993,282,382,1,0.9711,0.9691,0.0,0.0
2020-05-25 00:00:00,0.9708,0.972,0.9708,0.9714,2553,1.0,1.0,0.0,9484.929999999993,282,382,1,0.9711,0.9691,0.0,0.0
2020-05-25 04:00:00,0.9714,0.9723,0.9713,0.9722,3920,0.55438393,0.55438393,0.0,9484.929999999993,282,382,1,0.9711,0.9691,0.0,0.0
2020-05-25 08:00:00,0.9722,0.9736,0.972,0.9724,4482,1.0,1.0,0.0,9484.929999999993,282,382,1,0.9711,0.9691,0.0,0.0
2020-05-25 12:00:00,0.9724,0.9725,0.9708,0.9708,4389,-1.0,-1.0,0.0,9628.389999999992,283,382,0,0.0,0.0,0.0,143.46
2020-05-25 16:00:00,0.9708,0.9718,0.9704,0.9713,4419,1.0,1.0,0.0,9628.389999999992,283,382,1,0.9713,0.9705,0.0,0.0
2020-05-25 20:00:00,0.9713,0.9717,0.9709,0.9715,2737,-0.24844408,-0.24844408,0.0,9628.389999999992,283,382,1,0.9713,0.9705,0.0,0.0
2020-05-26 00:00:00,0.9715,0.9722,0.9707,0.9708,2303,-1.0,-1.0,0.0,9650.769999999991,284,382,0,0.0,0.0,0.0,22.38
2020-05-26 04:00:00,0.9708,0.9711,0.9702,0.9706,3491,0.7730406,0.7730406,0.0,9650.769999999991,284,382,1,0.9706,0.9681,0.0,0.0
2020-05-26 08:00:00,0.9706,0.9712,0.9681,0.9682,6509,0.2949528,0.2949528,0.0,9650.769999999991,284,382,1,0.9706,0.9681,0.0,0.0
2020-05-26 12:00:00,0.9682,0.9686,0.9656,0.9661,8787,-0.71933216,-0.71933216,0.0,9650.769999999991,284,382,1,0.9706,0.9681,0.0,0.0
2020-05-26 16:00:00,0.9661,0.9682,0.9652,0.9663,11284,-0.8254246,-0.8254246,0.0,9148.719999999992,284,383,0,0.0,0.0,0.0,-502.05
2020-05-26 20:00:00,0.9663,0.9666,0.9646,0.9656,4653,-0.50860953,-0.50860953,0.0,9148.719999999992,284,383,2,0.9656,0.9664,0.0,0.0
2020-05-27 00:00:00,0.9656,0.9661,0.9648,0.966,2691,-1.0,-1.0,0.0,9148.719999999992,284,383,2,0.9656,0.9664,0.0,0.0
2020-05-27 04:00:00,0.966,0.9672,0.9655,0.967,4326,-0.9634913,-0.9634913,0.0,9148.719999999992,284,383,2,0.9656,0.9664,0.0,0.0
2020-05-27 08:00:00,0.967,0.9712,0.9662,0.9711,8181,-0.48202282,-0.48202282,0.0,9000.509999999993,284,384,0,0.0,0.0,0.0,-148.21
2020-05-27 12:00:00,0.9711,0.9728,0.9684,0.9706,18101,0.62910223,0.62910223,0.0,9000.509999999993,284,384,1,0.9706,0.9698,0.0,0.0
2020-05-27 16:00:00,0.9707,0.971,0.9682,0.9689,16124,-1.0,-1.0,0.0,9000.509999999993,284,384,1,0.9706,0.9698,0.0,0.0
2020-05-27 20:00:00,0.9689,0.9692,0.9677,0.9679,5628,0.065175705,0.065175705,0.0,8823.109999999993,284,385,0,0.0,0.0,0.0,-177.4
2020-05-28 00:00:00,0.9679,0.9686,0.9676,0.9683,3219,-0.10709872,-0.10709872,0.0,8823.109999999993,284,385,0,0.0,0.0,0.0,0.0
2020-05-28 04:00:00,0.9683,0.9689,0.9674,0.9687,4854,1.0,1.0,0.0,8823.109999999993,284,385,1,0.9687,0.9679,0.0,0.0
2020-05-28 08:00:00,0.9687,0.9705,0.9677,0.9697,8847,-0.76159114,-0.76159114,0.0,8823.109999999993,284,385,1,0.9687,0.9679,0.0,0.0
2020-05-28 12:00:00,0.9697,0.9719,0.9685,0.9694,11477,-0.20887479,-0.20887479,0.0,8823.109999999993,284,385,1,0.9687,0.9679,0.0,0.0
2020-05-28 16:00:00,0.9694,0.9696,0.9635,0.9636,14330,1.0,1.0,0.0,8823.109999999993,284,385,1,0.9687,0.9679,0.0,0.0
2020-05-28 20:00:00,0.9636,0.9646,0.963,0.9639,6239,-1.0,-1.0,0.0,8304.259999999993,284,386,0,0.0,0.0,0.0,-518.85
2020-05-29 00:00:00,0.9636,0.9647,0.9634,0.9639,3759,-0.70189834,-0.70189834,0.0,8304.259999999993,284,386,2,0.9639,0.9664,0.0,0.0
2020-05-29 04:00:00,0.9639,0.964,0.9624,0.9625,4180,-0.08073838,-0.08073838,0.0,8304.259999999993,284,386,2,0.9639,0.9664,0.0,0.0
2020-05-29 08:00:00,0.9625,0.9638,0.9615,0.9617,9729,0.7594071,0.7594071,0.0,8438.149999999992,285,386,0,0.0,0.0,0.0,133.89
2020-05-29 12:00:00,0.9617,0.9633,0.9608,0.9631,11492,-0.26773208,-0.26773208,0.0,8438.149999999992,285,386,0,0.9639,0.9649,0.0,0.0
2020-05-29 16:00:00,0.9631,0.965,0.9602,0.9618,18457,0.6775803,0.6775803,0.0,8438.149999999992,285,386,1,0.9618,0.9593,0.0,0.0
2020-05-29 20:00:00,0.9617,0.9626,0.9611,0.9611,10539,-1.0,-1.0,0.0,8438.149999999992,285,386,1,0.9618,0.9593,0.0,0.0
2020-06-01 00:00:00,0.9602,0.9616,0.9601,0.9605,3834,-1.0,-1.0,0.0,8370.209999999992,285,387,0,0.0,0.0,0.0,-67.94
2020-06-01 04:00:00,0.9605,0.961,0.9598,0.9607,5415,0.14486772,0.14486772,0.0,8370.209999999992,285,387,0,0.9605,0.9621,0.0,0.0
2020-06-01 08:00:00,0.9607,0.9608,0.9579,0.9584,11255,-1.0,-1.0,0.0,8370.209999999992,285,387,2,0.9584,0.9608,0.0,0.0
2020-06-01 12:00:00,0.9584,0.9625,0.9582,0.962,10931,-0.1924141,-0.1924141,0.0,8370.209999999992,285,387,2,0.9584,0.9608,0.0,0.0
2020-06-01 16:00:00,0.962,0.9625,0.9603,0.9612,12408,0.79226506,0.79226506,0.0,8023.339999999992,285,388,0,0.0,0.0,0.0,-346.87
2020-06-01 20:00:00,0.9612,0.9624,0.9607,0.9608,4678,-1.0,-1.0,0.0,8023.339999999992,285,388,2,0.9608,0.9616,0.0,0.0
2020-06-02 00:00:00,0.9606,0.9612,0.96,0.9606,3155,-0.56633395,-0.56633395,0.0,8023.339999999992,285,388,2,0.9608,0.9616,0.0,0.0
2020-06-02 04:00:00,0.9606,0.9617,0.9606,0.9614,3413,-1.0,-1.0,0.0,8023.339999999992,285,388,2,0.9608,0.9616,0.0,0.0
2020-06-02 08:00:00,0.9614,0.962,0.9573,0.958,13150,-0.29418486,-0.29418486,0.0,8023.339999999992,285,388,2,0.9608,0.9616,0.0,0.0
2020-06-02 12:00:00,0.958,0.9637,0.9576,0.9627,13988,-0.8301824,-0.8301824,0.0,8023.339999999992,285,388,2,0.9608,0.9616,0.0,0.0
2020-06-02 16:00:00,0.9627,0.963,0.9598,0.9619,14977,-0.84199464,-0.84199464,0.0,7847.719999999992,285,389,0,0.0,0.0,0.0,-175.62
2020-06-02 20:00:00,0.9619,0.963,0.9616,0.9621,5946,-0.7656923,-0.7656923,0.0,7847.719999999992,285,389,2,0.9621,0.9629,0.0,0.0
2020-06-03 00:00:00,0.9621,0.9625,0.9611,0.9617,5336,1.0,1.0,0.0,7847.719999999992,285,389,2,0.9621,0.9629,0.0,0.0
2020-06-03 04:00:00,0.9617,0.9618,0.9608,0.9612,6474,1.0,1.0,0.0,7883.829999999992,286,389,0,0.0,0.0,0.0,36.11
2020-06-03 08:00:00,0.9612,0.9636,0.9607,0.9628,12297,-0.3222728,-0.3222728,0.0,7883.829999999992,286,389,0,0.9621,0.9629,0.0,0.0
2020-06-03 12:00:00,0.9628,0.9648,0.9616,0.9644,13126,-1.0,-1.0,0.0,7883.829999999992,286,389,2,0.9644,0.9662,0.0,0.0
2020-06-03 16:00:00,0.9644,0.9646,0.9609,0.9618,18301,0.23073903,0.23073903,0.0,7883.829999999992,286,389,2,0.9644,0.9662,0.0,0.0
2020-06-03 20:00:00,0.9618,0.9623,0.9608,0.9611,6922,0.4660421,0.4660421,0.0,7883.829999999992,286,389,2,0.9644,0.9662,0.0,0.0
2020-06-04 00:00:00,0.9611,0.9624,0.9609,0.9617,4156,0.47688967,0.47688967,0.0,7883.829999999992,286,389,2,0.9644,0.9662,0.0,0.0
2020-06-04 04:00:00,0.9617,0.9621,0.9609,0.9613,4893,0.25186908,0.25186908,0.0,7883.829999999992,286,389,2,0.9644,0.9662,0.0,0.0
2020-06-04 08:00:00,0.9613,0.9621,0.9605,0.9607,7239,-1.0,-1.0,0.0,7883.829999999992,286,389,2,0.9644,0.9662,0.0,0.0
2020-06-04 12:00:00,0.9607,0.9611,0.9577,0.9591,14905,-0.15596358,-0.15596358,0.0,7883.829999999992,286,389,2,0.9644,0.9662,0.0,0.0
2020-06-04 16:00:00,0.9591,0.9596,0.9555,0.9558,21526,-1.0,-1.0,0.0,7883.829999999992,286,389,2,0.9644,0.9662,0.0,0.0
2020-06-04 20:00:00,0.9558,0.9564,0.9543,0.9554,7874,0.67753077,0.67753077,0.0,8659.24999999999,287,389,0,0.0,0.0,0.0,775.42
2020-06-05 00:00:00,0.9554,0.9557,0.9548,0.9554,4330,0.98992205,0.98992205,0.0,8659.24999999999,287,389,1,0.9554,0.953,0.0,0.0
2020-06-05 04:00:00,0.9554,0.9561,0.9551,0.9558,4549,-1.0,-1.0,0.0,8659.24999999999,287,389,1,0.9554,0.953,0.0,0.0
2020-06-05 08:00:00,0.9558,0.9579,0.9542,0.9577,10897,1.0,1.0,0.0,8659.24999999999,287,389,1,0.9554,0.953,0.0,0.0
2020-06-05 12:00:00,0.9577,0.9644,0.957,0.9637,14502,0.64153546,0.64153546,0.0,8659.24999999999,287,389,1,0.9554,0.953,0.0,0.0
2020-06-05 16:00:00,0.9637,0.965,0.9617,0.9624,19692,1.0,1.0,0.0,8659.24999999999,287,389,1,0.9554,0.953,0.0,0.0
2020-06-05 20:00:00,0.9624,0.9632,0.9616,0.9622,6068,0.08714814,0.08714814,0.0,8659.24999999999,287,389,1,0.9554,0.953,0.0,0.0
2020-06-08 00:00:00,0.9609,0.9628,0.9599,0.9622,3922,-0.42488545,-0.42488545,0.0,8659.24999999999,287,389,1,0.9554,0.953,0.0,0.0
2020-06-08 04:00:00,0.9622,0.9631,0.9621,0.9629,4471,1.0,1.0,0.0,8659.24999999999,287,389,1,0.9554,0.953,0.0,0.0
2020-06-08 08:00:00,0.9629,0.9639,0.9618,0.9623,7931,0.5508685,0.5508685,0.0,8659.24999999999,287,389,1,0.9554,0.953,0.0,0.0
2020-06-08 12:00:00,0.9623,0.9636,0.9595,0.9596,8812,0.14726765,0.14726765,0.0,8659.24999999999,287,389,1,0.9554,0.953,0.0,0.0
2020-06-08 16:00:00,0.9596,0.9597,0.9555,0.9574,14472,0.38767913,0.38767913,0.0,8659.24999999999,287,389,1,0.9554,0.953,0.0,0.0
2020-06-08 20:00:00,0.9574,0.9577,0.9562,0.9575,5002,-1.0,-1.0,0.0,8857.63999999999,288,389,0,0.0,0.0,0.0,198.39
2020-06-09 00:00:00,0.9575,0.9579,0.9567,0.9568,3784,-0.6671363,-0.6671363,0.0,8857.63999999999,288,389,2,0.9568,0.9576,0.0,0.0
2020-06-09 04:00:00,0.9568,0.9585,0.9567,0.9581,4695,0.9845649,0.9845649,0.0,8857.63999999999,288,389,2,0.9568,0.9576,0.0,0.0
2020-06-09 08:00:00,0.9581,0.9583,0.9549,0.9552,10998,0.036083996,0.036083996,0.0,8725.61999999999,288,390,0,0.0,0.0,0.0,-132.02
2020-06-09 12:00:00,0.9552,0.9552,0.953,0.953,10208,0.75557727,0.75557727,0.0,8725.61999999999,288,390,1,0.953,0.9508,0.0,0.0
2020-06-09 16:00:00,0.953,0.9532,0.9482,0.9494,13704,1.0,1.0,0.0,8725.61999999999,288,390,1,0.953,0.9508,0.0,0.0
2020-06-09 20:00:00,0.9494,0.9509,0.9492,0.9506,5265,-0.8578834,-0.8578834,0.0,8368.75999999999,288,391,0,0.0,0.0,0.0,-356.86
2020-06-10 00:00:00,0.9507,0.9513,0.9498,0.9513,3072,-0.62132657,-0.62132657,0.0,8368.75999999999,288,391,2,0.9513,0.9521,0.0,0.0
2020-06-10 04:00:00,0.9513,0.9515,0.9503,0.9504,3536,1.0,1.0,0.0,8368.75999999999,288,391,2,0.9513,0.9521,0.0,0.0
2020-06-10 08:00:00,0.9504,0.9505,0.9458,0.9459,8997,1.0,1.0,0.0,8454.399999999989,289,391,0,0.0,0.0,0.0,85.64
2020-06-10 12:00:00,0.9459,0.9471,0.9451,0.9452,9356,-1.0,-1.0,0.0,8454.399999999989,289,391,2,0.9452,0.9465,0.0,0.0
2020-06-10 16:00:00,0.9452,0.9464,0.9442,0.9456,12132,-1.0,-1.0,0.0,8454.399999999989,289,391,2,0.9452,0.9465,0.0,0.0
2020-06-10 20:00:00,0.9456,0.9472,0.9424,0.9437,18303,1.0,1.0,0.0,8416.129999999988,289,392,0,0.0,0.0,0.0,-38.27
2020-06-11 00:00:00,0.9437,0.9446,0.9425,0.9434,5051,0.07322174,0.07322174,0.0,8416.129999999988,289,392,0,0.0,0.0,0.0,0.0
2020-06-11 04:00:00,0.9434,0.9449,0.9429,0.9445,7328,0.13960703,0.13960703,0.0,8416.129999999988,289,392,0,0.9445,0.9425,0.0,0.0
2020-06-11 08:00:00,0.9445,0.946,0.9402,0.9402,12377,1.0,1.0,0.0,8416.129999999988,289,392,1,0.9402,0.9383,0.0,0.0
2020-06-11 12:00:00,0.9402,0.9432,0.9401,0.9418,11743,0.656447,0.656447,0.0,8416.129999999988,289,392,1,0.9402,0.9383,0.0,0.0
2020-06-11 16:00:00,0.9418,0.9422,0.9376,0.9391,17270,-1.0,-1.0,0.0,8567.869999999988,290,392,0,0.0,0.0,0.0,151.74
2020-06-11 20:00:00,0.9391,0.9444,0.9391,0.944,12813,-0.994159,-0.994159,0.0,8567.869999999988,290,392,2,0.944,0.9448,0.0,0.0
2020-06-12 00:00:00,0.9439,0.9449,0.9417,0.9446,4720,0.18049498,0.18049498,0.0,8567.869999999988,290,392,2,0.944,0.9448,0.0,0.0
2020-06-12 04:00:00,0.9446,0.945,0.944,0.9446,6039,1.0,1.0,0.0,8509.749999999987,290,393,0,0.0,0.0,0.0,-58.12
2020-06-12 08:00:00,0.9446,0.946,0.9439,0.946,9564,-1.0,-1.0,0.0,8509.749999999987,290,393,2,0.946,0.9468,0.0,0.0
2020-06-12 12:00:00,0.946,0.9477,0.9455,0.946,10231,-1.0,-1.0,0.0,8509.749999999987,290,393,2,0.946,0.9468,0.0,0.0
2020-06-12 16:00:00,0.946,0.9533,0.9458,0.9531,18634,-0.058787405,-0.058787405,0.0,8509.749999999987,290,393,2,0.946,0.9468,0.0,0.0
2020-06-12 20:00:00,0.9531,0.9553,0.9517,0.9519,10416,0.16611277,0.16611277,0.0,7820.679999999988,290,394,0,0.0,0.0,0.0,-689.07
2020-06-15 00:00:00,0.9525,0.9537,0.9507,0.9516,5802,1.0,1.0,0.0,7820.679999999988,290,394,1,0.9516,0.9508,0.0,0.0
2020-06-15 04:00:00,0.9516,0.952,0.9506,0.9507,5179,-1.0,-1.0,0.0,7820.679999999988,290,394,1,0.9516,0.9508,0.0,0.0
2020-06-15 08:00:00,0.9507,0.9547,0.9507,0.9507,12861,-1.0,-1.0,0.0,7740.599999999988,290,395,0,0.0,0.0,0.0,-80.08
2020-06-15 12:00:00,0.9507,0.952,0.9485,0.9496,10606,0.1279873,0.1279873,0.0,7740.599999999988,290,395,0,0.0,0.0,0.0,0.0
2020-06-15 16:00:00,0.9496,0.9511,0.948,0.9485,13811,-0.44891545,-0.44891545,0.0,7740.599999999988,290,395,0,0.0,0.0,0.0,0.0
2020-06-15 20:00:00,0.9485,0.9493,0.948,0.949,8890,-0.24462728,-0.24462728,0.0,7740.599999999988,290,395,0,0.949,0.9473,0.0,0.0
2020-06-16 00:00:00,0.9489,0.9492,0.9483,0.9483,2697,-0.34152633,-0.34152633,0.0,7740.599999999988,290,395,0,0.949,0.9473,0.0,0.0
2020-06-16 04:00:00,0.9483,0.9497,0.948,0.9493,5986,1.0,1.0,0.0,7740.599999999988,290,395,1,0.9493,0.9468,0.0,0.0
2020-06-16 08:00:00,0.9493,0.9498,0.9479,0.9482,9250,0.48805752,0.48805752,0.0,7740.599999999988,290,395,1,0.9493,0.9468,0.0,0.0
2020-06-16 12:00:00,0.9482,0.9485,0.9463,0.9479,10374,-0.3256838,-0.3256838,0.0,7740.599999999988,290,395,1,0.9493,0.9468,0.0,0.0
2020-06-16 16:00:00,0.9479,0.9523,0.9473,0.9494,19729,0.52582955,0.52582955,0.0,7740.599999999988,290,395,1,0.9493,0.9468,0.0,0.0
2020-06-16 20:00:00,0.9494,0.9514,0.9489,0.9512,5533,1.0,1.0,0.0,7740.599999999988,290,395,1,0.9493,0.9468,0.0,0.0
2020-06-17 00:00:00,0.9512,0.952,0.9503,0.9513,5071,1.0,1.0,0.0,7740.599999999988,290,395,1,0.9493,0.9468,0.0,0.0
2020-06-17 04:00:00,0.9513,0.9516,0.95,0.95,4504,-0.63218975,-0.63218975,0.0,7916.809999999988,291,395,0,0.0,0.0,0.0,176.21
2020-06-17 08:00:00,0.95,0.9508,0.9481,0.9506,8530,0.9450153,0.9450153,0.0,7916.809999999988,291,395,1,0.9506,0.9481,0.0,0.0
2020-06-17 12:00:00,0.9506,0.9517,0.9486,0.9492,11149,-0.8434153,-0.8434153,0.0,7916.809999999988,291,395,1,0.9506,0.9481,0.0,0.0
2020-06-17 16:00:00,0.9492,0.9529,0.9484,0.9505,15091,0.48421365,0.48421365,0.0,7916.809999999988,291,395,1,0.9506,0.9481,0.0,0.0
2020-06-17 20:00:00,0.9505,0.9505,0.9485,0.9485,6016,-0.9058322,-0.9058322,0.0,7907.799999999987,291,396,0,0.0,0.0,0.0,-9.01
2020-06-18 00:00:00,0.9484,0.9491,0.9483,0.9489,3684,-1.0,-1.0,0.0,7907.799999999987,291,396,2,0.9489,0.9497,0.0,0.0
2020-06-18 04:00:00,0.9489,0.9501,0.9487,0.949,5988,1.0,1.0,0.0,7907.799999999987,291,396,2,0.9489,0.9497,0.0,0.0
2020-06-18 08:00:00,0.949,0.9509,0.9485,0.9497,8455,-0.53270084,-0.53270084,0.0,7907.799999999987,291,396,2,0.9489,0.9497,0.0,0.0
2020-06-18 12:00:00,0.9497,0.951,0.9482,0.95,12112,-0.5233401,-0.5233401,0.0,7835.899999999988,291,397,0,0.0,0.0,0.0,-71.9
2020-06-18 16:00:00,0.95,0.9525,0.9498,0.9519,12004,0.88895273,0.88895273,0.0,7835.899999999988,291,397,1,0.9519,0.9494,0.0,0.0
2020-06-18 20:00:00,0.9519,0.9523,0.9505,0.9513,5580,1.0,1.0,0.0,7835.899999999988,291,397,1,0.9519,0.9494,0.0,0.0
2020-06-19 00:00:00,0.9512,0.952,0.9505,0.9513,3419,0.4634548,0.4634548,0.0,7835.899999999988,291,397,1,0.9519,0.9494,0.0,0.0
2020-06-19 04:00:00,0.9513,0.9517,0.9505,0.9507,4491,1.0,1.0,0.0,7835.899999999988,291,397,1,0.9519,0.9494,0.0,0.0
2020-06-19 08:00:00,0.9506,0.9511,0.9498,0.9505,6730,1.0,1.0,0.0,7835.899999999988,291,397,1,0.9519,0.9494,0.0,0.0
2020-06-19 12:00:00,0.9505,0.9515,0.9488,0.9494,9011,-1.0,-1.0,0.0,7711.119999999988,291,398,0,0.0,0.0,0.0,-124.78
2020-06-19 16:00:00,0.9494,0.953,0.949,0.9514,14389,0.23057166,0.23057166,0.0,7711.119999999988,291,398,0,0.9513,0.9521,0.0,0.0
2020-06-19 20:00:00,0.9514,0.9525,0.9511,0.9524,5570,-0.4620835,-0.4620835,0.0,7711.119999999988,291,398,0,0.9513,0.9521,0.0,0.0
2020-06-22 00:00:00,0.9505,0.9527,0.9502,0.9523,3095,0.39137167,0.39137167,0.0,7711.119999999988,291,398,0,0.0,0.0,0.0,0.0
2020-06-22 04:00:00,0.9523,0.9523,0.9507,0.9508,2771,1.0,1.0,0.0,7711.119999999988,291,398,1,0.9508,0.9488,0.0,0.0
2020-06-22 08:00:00,0.9508,0.9518,0.9495,0.9497,8482,0.6244878,0.6244878,0.0,7711.119999999988,291,398,1,0.9508,0.9488,0.0,0.0
2020-06-22 12:00:00,0.9497,0.9511,0.9495,0.9503,7280,-0.07247571,-0.07247571,0.0,7711.119999999988,291,398,1,0.9508,0.9488,0.0,0.0
2020-06-22 16:00:00,0.9503,0.9503,0.9465,0.9476,10528,-1.0,-1.0,0.0,7667.269999999988,291,399,0,0.0,0.0,0.0,-43.85
2020-06-22 20:00:00,0.9476,0.948,0.9472,0.9475,3575,1.0,1.0,0.0,7667.269999999988,291,399,1,0.9475,0.9459,0.0,0.0
2020-06-23 00:00:00,0.9473,0.9478,0.9467,0.9474,2972,0.5529608,0.5529608,0.0,7667.269999999988,291,399,1,0.9475,0.9459,0.0,0.0
2020-06-23 04:00:00,0.9474,0.9493,0.9469,0.9475,8359,1.0,1.0,0.0,7667.269999999988,291,399,1,0.9475,0.9459,0.0,0.0
2020-06-23 08:00:00,0.9475,0.9476,0.9443,0.9446,10067,1.0,1.0,0.0,7667.269999999988,291,399,1,0.9475,0.9459,0.0,0.0
2020-06-23 12:00:00,0.9446,0.9469,0.9436,0.9442,10098,0.17904314,0.17904314,0.0,7415.939999999988,291,400,0,0.0,0.0,0.0,-251.33
2020-06-23 16:00:00,0.9442,0.9449,0.942,0.9448,10540,0.5168125,0.5168125,0.0,7415.939999999988,291,400,1,0.9448,0.944,0.0,0.0
2020-06-23 20:00:00,0.9448,0.9454,0.9443,0.9447,4087,0.43781585,0.43781585,0.0,7415.939999999988,291,400,1,0.9448,0.944,0.0,0.0
2020-06-24 00:00:00,0.9447,0.945,0.943,0.9445,2914,-0.48797518,-0.48797518,0.0,7415.939999999988,291,400,1,0.9448,0.944,0.0,0.0
2020-06-24 04:00:00,0.9445,0.9448,0.9436,0.9443,4014,0.7254551,0.7254551,0.0,7415.939999999988,291,400,1,0.9448,0.944,0.0,0.0
2020-06-24 08:00:00,0.9443,0.9457,0.9433,0.9449,7279,1.0,1.0,0.0,7415.939999999988,291,400,1,0.9448,0.944,0.0,0.0
2020-06-24 12:00:00,0.9449,0.9478,0.9441,0.9477,8968,-0.100955,-0.100955,0.0,7415.939999999988,291,400,1,0.9448,0.944,0.0,0.0
2020-06-24 16:00:00,0.9477,0.9486,0.9465,0.947,10098,-1.0,-1.0,0.0,7659.809999999988,292,400,0,0.0,0.0,0.0,243.87
2020-06-24 20:00:00,0.947,0.9482,0.9465,0.9478,4060,0.4525734,0.4525734,0.0,7659.809999999988,292,400,0,0.947,0.9445,0.0,0.0
2020-06-25 00:00:00,0.9478,0.9486,0.947,0.9482,2636,1.0,1.0,0.0,7659.809999999988,292,400,1,0.9482,0.9474,0.0,0.0
2020-06-25 04:00:00,0.9482,0.9492,0.948,0.9488,3395,1.0,1.0,0.0,7659.809999999988,292,400,1,0.9482,0.9474,0.0,0.0
2020-06-25 08:00:00,0.9488,0.9493,0.9476,0.9489,5635,0.17884485,0.17884485,0.0,7659.809999999988,292,400,1,0.9482,0.9474,0.0,0.0
2020-06-25 12:00:00,0.9489,0.9508,0.948,0.9493,10117,1.0,1.0,0.0,7659.809999999988,292,400,1,0.9482,0.9474,0.0,0.0
2020-06-25 16:00:00,0.9493,0.95,0.9476,0.948,9681,0.58572364,0.58572364,0.0,7659.809999999988,292,400,1,0.9482,0.9474,0.0,0.0
2020-06-25 20:00:00,0.948,0.949,0.9478,0.9484,3619,1.0,1.0,0.0,7659.809999999988,292,400,1,0.9482,0.9474,0.0,0.0
2020-06-26 00:00:00,0.9486,0.949,0.9478,0.9487,3285,-1.0,-1.0,0.0,7677.189999999988,293,400,0,0.0,0.0,0.0,17.38
2020-06-26 04:00:00,0.9487,0.9488,0.9479,0.9479,2895,1.0,1.0,0.0,7677.189999999988,293,400,1,0.9479,0.9471,0.0,0.0
2020-06-26 08:00:00,0.9479,0.949,0.9469,0.947,5087,-0.91650546,-0.91650546,0.0,7677.189999999988,293,400,1,0.9479,0.9471,0.0,0.0
2020-06-26 12:00:00,0.947,0.9485,0.9469,0.9479,5446,0.68985313,0.68985313,0.0,7598.879999999987,293,401,0,0.0,0.0,0.0,-78.31
2020-06-26 16:00:00,0.9479,0.95,0.9469,0.9472,7856,-0.38568828,-0.38568828,0.0,7598.879999999987,293,401,0,0.9479,0.9461,0.0,0.0
2020-06-26 20:00:00,0.9472,0.9483,0.9467,0.9482,3012,1.0,1.0,0.0,7598.879999999987,293,401,1,0.9482,0.9461,0.0,0.0
2020-06-29 00:00:00,0.9466,0.9481,0.9466,0.9477,2312,-0.19233876,-0.19233876,0.0,7598.879999999987,293,401,1,0.9482,0.9461,0.0,0.0
2020-06-29 04:00:00,0.9477,0.9479,0.947,0.9471,4124,-0.7522693,-0.7522693,0.0,7555.779999999987,293,402,0,0.0,0.0,0.0,-43.1
2020-06-29 08:00:00,0.9471,0.948,0.9459,0.9466,5312,-0.12931481,-0.12931481,0.0,7555.779999999987,293,402,0,0.9471,0.9483,0.0,0.0
2020-06-29 12:00:00,0.9466,0.9469,0.9442,0.9454,5554,0.61484873,0.61484873,0.0,7555.779999999987,293,402,1,0.9454,0.9433,0.0,0.0
2020-06-29 16:00:00,0.9454,0.9524,0.9454,0.9523,7855,1.0,1.0,0.0,7555.779999999987,293,402,1,0.9454,0.9433,0.0,0.0
2020-06-29 20:00:00,0.9523,0.9525,0.951,0.9511,2906,-0.9397016,-0.9397016,0.0,8149.849999999987,294,402,0,0.0,0.0,0.0,594.07
2020-06-30 00:00:00,0.9512,0.9519,0.9506,0.9517,2352,0.12121986,0.12121986,0.0,8149.849999999987,294,402,0,0.9517,0.9499,0.0,0.0
2020-06-30 04:00:00,0.9517,0.9518,0.9509,0.9515,2359,-0.34686735,-0.34686735,0.0,8149.849999999987,294,402,0,0.9517,0.9499,0.0,0.0
2020-06-30 08:00:00,0.9515,0.9533,0.9513,0.9518,5505,0.85756785,0.85756785,0.0,8149.849999999987,294,402,1,0.9518,0.951,0.0,0.0
2020-06-30 12:00:00,0.9518,0.9527,0.9496,0.9504,6966,0.67828906,0.67828906,0.0,8149.849999999987,294,402,1,0.9518,0.951,0.0,0.0
2020-06-30 16:00:00,0.9504,0.9506,0.9461,0.947,11801,-1.0,-1.0,0.0,8020.079999999986,294,403,0,0.0,0.0,0.0,-129.77
2020-06-30 20:00:00,0.947,0.9477,0.9462,0.9471,3985,1.0,1.0,0.0,8020.079999999986,294,403,1,0.9471,0.9462,0.0,0.0
2020-07-01 00:00:00,0.9472,0.9478,0.9463,0.9475,2487,0.8407063,0.8407063,0.0,8020.079999999986,294,403,1,0.9471,0.9462,0.0,0.0
2020-07-01 04:00:00,0.9475,0.9475,0.9462,0.947,4268,1.0,1.0,0.0,8020.079999999986,294,403,1,0.9471,0.9462,0.0,0.0
2020-07-01 08:00:00,0.947,0.9476,0.9457,0.947,6236,-1.0,-1.0,0.0,8010.979999999986,294,404,0,0.0,0.0,0.0,-9.1
2020-07-01 12:00:00,0.947,0.9494,0.9467,0.948,8041,0.52076644,0.52076644,0.0,8010.979999999986,294,404,1,0.948,0.9463,0.0,0.0
2020-07-01 16:00:00,0.948,0.9483,0.9445,0.9455,8619,1.0,1.0,0.0,8010.979999999986,294,404,1,0.948,0.9463,0.0,0.0
2020-07-01 20:00:00,0.9456,0.9465,0.9453,0.9457,3855,-1.0,-1.0,0.0,7784.389999999986,294,405,0,0.0,0.0,0.0,-226.59
2020-07-02 00:00:00,0.9458,0.9464,0.9449,0.9461,2573,-0.5000658,-0.5000658,0.0,7784.389999999986,294,405,2,0.9461,0.9477,0.0,0.0
2020-07-02 04:00:00,0.9461,0.9464,0.9455,0.9457,2387,1.0,1.0,0.0,7784.389999999986,294,405,2,0.9461,0.9477,0.0,0.0
2020-07-02 08:00:00,0.9457,0.9459,0.9426,0.9429,4892,-1.0,-1.0,0.0,7784.389999999986,294,405,2,0.9461,0.9477,0.0,0.0
2020-07-02 12:00:00,0.9429,0.9448,0.9428,0.9448,6270,1.0,1.0,0.0,8065.429999999986,295,405,0,0.0,0.0,0.0,281.04
2020-07-02 16:00:00,0.9448,0.9465,0.9433,0.9462,9869,1.0,1.0,0.0,8065.429999999986,295,405,1,0.9462,0.9454,0.0,0.0
2020-07-02 20:00:00,0.9462,0.9462,0.9449,0.9452,2954,0.55402,0.55402,0.0,8065.429999999986,295,405,1,0.9462,0.9454,0.0,0.0
2020-07-03 00:00:00,0.9453,0.9461,0.9448,0.9458,2852,-1.0,-1.0,0.0,7974.199999999986,295,406,0,0.0,0.0,0.0,-91.23
2020-07-03 04:00:00,0.9458,0.946,0.9452,0.9459,6138,0.6456766,0.6456766,0.0,7974.199999999986,295,406,1,0.9459,0.9451,0.0,0.0
2020-07-03 08:00:00,0.9459,0.947,0.9455,0.9464,4876,0.8806725,0.8806725,0.0,7974.199999999986,295,406,1,0.9459,0.9451,0.0,0.0
2020-07-03 12:00:00,0.9464,0.9468,0.9459,0.9461,5124,-0.1280944,-0.1280944,0.0,7974.199999999986,295,406,1,0.9459,0.9451,0.0,0.0
2020-07-03 16:00:00,0.9461,0.9465,0.9446,0.9449,4033,-0.91459584,-0.91459584,0.0,7992.239999999986,296,406,0,0.0,0.0,0.0,18.04
2020-07-03 20:00:00,0.945,0.9454,0.9435,0.9444,8955,-0.3213707,-0.3213707,0.0,7992.239999999986,296,406,0,0.9449,0.9427,0.0,0.0
2020-07-06 00:00:00,0.9443,0.9452,0.9437,0.9442,2419,0.5895651,0.5895651,0.0,7992.239999999986,296,406,1,0.9442,0.9434,0.0,0.0
2020-07-06 04:00:00,0.9442,0.9444,0.9427,0.9427,2587,0.8046343,0.8046343,0.0,7992.239999999986,296,406,1,0.9442,0.9434,0.0,0.0
2020-07-06 08:00:00,0.9427,0.9433,0.9413,0.9421,5676,-0.53461343,-0.53461343,0.0,7856.999999999986,296,407,0,0.0,0.0,0.0,-135.24
2020-07-06 12:00:00,0.9421,0.9424,0.9389,0.939,6209,-0.025635922,-0.025635922,0.0,7856.999999999986,296,407,0,0.939,0.937,0.0,0.0
2020-07-06 16:00:00,0.9389,0.9423,0.9384,0.9414,7492,1.0,1.0,0.0,7856.999999999986,296,407,1,0.9414,0.9406,0.0,0.0
2020-07-06 20:00:00,0.9414,0.9424,0.941,0.942,3169,-0.63130337,-0.63130337,0.0,7856.999999999986,296,407,1,0.9414,0.9406,0.0,0.0
2020-07-07 00:00:00,0.9421,0.9422,0.9409,0.9414,2096,-0.5046133,-0.5046133,0.0,7856.999999999986,296,407,1,0.9414,0.9406,0.0,0.0
2020-07-07 04:00:00,0.9414,0.9428,0.9413,0.9427,3164,-0.5896122,-0.5896122,0.0,7856.999999999986,296,407,1,0.9414,0.9406,0.0,0.0
2020-07-07 08:00:00,0.9427,0.9445,0.9423,0.9444,5787,0.7154322,0.7154322,0.0,7856.999999999986,296,407,1,0.9414,0.9406,0.0,0.0
2020-07-07 12:00:00,0.9444,0.9453,0.9418,0.942,5421,0.5610524,0.5610524,0.0,7856.999999999986,296,407,1,0.9414,0.9406,0.0,0.0
2020-07-07 16:00:00,0.942,0.943,0.9408,0.9415,7640,0.78344154,0.78344154,0.0,7856.999999999986,296,407,1,0.9414,0.9406,0.0,0.0
2020-07-07 20:00:00,0.9415,0.9427,0.9412,0.9424,3314,-0.46008304,-0.46008304,0.0,7856.999999999986,296,407,1,0.9414,0.9406,0.0,0.0
2020-07-08 00:00:00,0.9424,0.9432,0.9418,0.943,3118,0.14650144,0.14650144,0.0,7856.999999999986,296,407,1,0.9414,0.9406,0.0,0.0
2020-07-08 04:00:00,0.943,0.943,0.9422,0.9423,3299,-0.439131,-0.439131,0.0,7856.999999999986,296,407,1,0.9414,0.9406,0.0,0.0
2020-07-08 08:00:00,0.9423,0.943,0.9405,0.9417,5323,-0.55414504,-0.55414504,0.0,7936.719999999987,297,407,0,0.0,0.0,0.0,79.72
2020-07-08 12:00:00,0.9417,0.9422,0.9407,0.9415,6296,0.904881,0.904881,0.0,7936.719999999987,297,407,1,0.9415,0.94,0.0,0.0
2020-07-08 16:00:00,0.9415,0.9415,0.937,0.9376,9413,-0.2775095,-0.2775095,0.0,7936.719999999987,297,407,1,0.9415,0.94,0.0,0.0
2020-07-08 20:00:00,0.9376,0.9385,0.9374,0.9382,3131,1.0,1.0,0.0,7589.439999999987,297,408,0,0.0,0.0,0.0,-347.28
2020-07-09 00:00:00,0.9383,0.9387,0.9375,0.9384,2622,-0.6882369,-0.6882369,0.0,7589.439999999987,297,408,2,0.9384,0.9392,0.0,0.0
2020-07-09 04:00:00,0.9384,0.9386,0.9363,0.9366,4212,0.33782238,0.33782238,0.0,7589.439999999987,297,408,2,0.9384,0.9392,0.0,0.0
2020-07-09 08:00:00,0.9366,0.9384,0.9362,0.9384,7438,-0.34464198,-0.34464198,0.0,7589.439999999987,297,408,2,0.9384,0.9392,0.0,0.0
2020-07-09 12:00:00,0.9384,0.9393,0.937,0.9373,6611,0.014206074,0.014206074,0.0,7589.439999999987,297,408,2,0.9384,0.9392,0.0,0.0
2020-07-09 16:00:00,0.9373,0.9405,0.9372,0.9403,12472,0.9527724,0.9527724,0.0,7683.059999999987,298,408,0,0.0,0.0,0.0,93.62
2020-07-09 20:00:00,0.9403,0.941,0.9399,0.9401,3195,0.19192716,0.19192716,0.0,7683.059999999987,298,408,0,0.9403,0.9411,0.0,0.0
2020-07-10 00:00:00,0.9399,0.9413,0.9398,0.9409,2991,-0.5812552,-0.5812552,0.0,7683.059999999987,298,408,2,0.9409,0.942,0.0,0.0
2020-07-10 04:00:00,0.9409,0.9421,0.9408,0.9416,2303,-0.88141125,-0.88141125,0.0,7683.059999999987,298,408,2,0.9409,0.942,0.0,0.0
2020-07-10 08:00:00,0.9416,0.9431,0.9413,0.9417,4800,-0.10899872,-0.10899872,0.0,7683.059999999987,298,408,2,0.9409,0.942,0.0,0.0
2020-07-10 12:00:00,0.9417,0.9424,0.941,0.9413,5479,-0.5029044,-0.5029044,0.0,7683.059999999987,298,408,2,0.9409,0.942,0.0,0.0
2020-07-10 16:00:00,0.9413,0.9413,0.9384,0.9407,8280,-0.47034624,-0.47034624,0.0,7683.059999999987,298,408,2,0.9409,0.942,0.0,0.0
2020-07-10 20:00:00,0.9407,0.9418,0.9407,0.9413,2559,0.34792542,0.34792542,0.0,7683.059999999987,298,408,2,0.9409,0.942,0.0,0.0
2020-07-13 00:00:00,0.9403,0.9413,0.9397,0.9403,2732,-0.2230192,-0.2230192,0.0,7683.059999999987,298,408,2,0.9409,0.942,0.0,0.0
2020-07-13 04:00:00,0.9403,0.9404,0.9393,0.94,2808,0.21930447,0.21930447,0.0,7683.059999999987,298,408,2,0.9409,0.942,0.0,0.0
2020-07-13 08:00:00,0.94,0.9423,0.9392,0.9419,4829,-0.09978075,-0.09978075,0.0,7683.059999999987,298,408,2,0.9409,0.942,0.0,0.0
2020-07-13 12:00:00,0.9419,0.9437,0.9414,0.9429,5329,-1.0,-1.0,0.0,7683.059999999987,298,408,2,0.9409,0.942,0.0,0.0
2020-07-13 16:00:00,0.9429,0.943,0.9398,0.9404,8054,0.94804907,0.94804907,0.0,7509.679999999987,298,409,0,0.0,0.0,0.0,-173.38
2020-07-13 20:00:00,0.9404,0.9419,0.9401,0.9415,5050,0.27994063,0.27994063,0.0,7509.679999999987,298,409,0,0.9404,0.9391,0.0,0.0
2020-07-14 00:00:00,0.9415,0.9424,0.9411,0.9421,3844,-0.26850203,-0.26850203,0.0,7509.679999999987,298,409,0,0.9404,0.9391,0.0,0.0
2020-07-14 04:00:00,0.9421,0.9424,0.9417,0.9418,3715,0.24776621,0.24776621,0.0,7509.679999999987,298,409,0,0.0,0.0,0.0,0.0
2020-07-14 08:00:00,0.9418,0.9422,0.9394,0.9395,5036,-0.43921888,-0.43921888,0.0,7509.679999999987,298,409,0,0.9418,0.9394,0.0,0.0
2020-07-14 12:00:00,0.9395,0.9406,0.9389,0.9395,6155,0.71464676,0.71464676,0.0,7509.679999999987,298,409,1,0.9395,0.9387,0.0,0.0
2020-07-14 16:00:00,0.9395,0.9406,0.938,0.9385,11166,-0.5222147,-0.5222147,0.0,7509.679999999987,298,409,1,0.9395,0.9387,0.0,0.0
2020-07-14 20:00:00,0.9385,0.9406,0.9384,0.9399,3915,-1.0,-1.0,0.0,7425.3399999999865,298,410,0,0.0,0.0,0.0,-84.34
2020-07-15 00:00:00,0.9399,0.9404,0.9389,0.9403,3703,0.1170673,0.1170673,0.0,7425.3399999999865,298,410,0,0.9385,0.9373,0.0,0.0
2020-07-15 04:00:00,0.9402,0.9406,0.9397,0.9406,3632,1.0,1.0,0.0,7425.3399999999865,298,410,1,0.9406,0.9388,0.0,0.0
2020-07-15 08:00:00,0.9406,0.9408,0.937,0.9385,5937,-0.38867977,-0.38867977,0.0,7425.3399999999865,298,410,1,0.9406,0.9388,0.0,0.0
2020-07-15 12:00:00,0.9385,0.9423,0.9385,0.9423,6955,1.0,1.0,0.0,7250.219999999987,298,411,0,0.0,0.0,0.0,-175.12
2020-07-15 16:00:00,0.9423,0.9445,0.9411,0.9443,8192,0.035162132,0.035162132,0.0,7250.219999999987,298,411,0,0.9443,0.9418,0.0,0.0
2020-07-15 20:00:00,0.9443,0.9457,0.9441,0.9443,2793,-0.5317232,-0.5317232,0.0,7250.219999999987,298,411,2,0.9443,0.9451,0.0,0.0
2020-07-16 00:00:00,0.9442,0.9451,0.9438,0.9451,2526,0.33764362,0.33764362,0.0,7250.219999999987,298,411,2,0.9443,0.9451,0.0,0.0
2020-07-16 04:00:00,0.9451,0.9457,0.9449,0.9453,3363,-0.5071907,-0.5071907,0.0,7184.619999999986,298,412,0,0.0,0.0,0.0,-65.6
2020-07-16 08:00:00,0.9453,0.9462,0.9438,0.9449,5118,-1.0,-1.0,0.0,7184.619999999986,298,412,2,0.9449,0.9459,0.0,0.0
2020-07-16 12:00:00,0.9449,0.9468,0.9445,0.9455,6617,0.7143498,0.7143498,0.0,7184.619999999986,298,412,2,0.9449,0.9459,0.0,0.0
2020-07-16 16:00:00,0.9455,0.9461,0.9429,0.9435,8173,-0.56646836,-0.56646836,0.0,7184.619999999986,298,412,2,0.9449,0.9459,0.0,0.0
2020-07-16 20:00:00,0.9435,0.9458,0.9434,0.9455,4262,0.8247898,0.8247898,0.0,7298.169999999986,299,412,0,0.0,0.0,0.0,113.55
2020-07-17 00:00:00,0.9455,0.9457,0.9445,0.9454,3231,-1.0,-1.0,0.0,7298.169999999986,299,412,2,0.9454,0.9462,0.0,0.0
2020-07-17 04:00:00,0.9454,0.9459,0.9446,0.9448,2673,0.8500435,0.8500435,0.0,7298.169999999986,299,412,2,0.9454,0.9462,0.0,0.0
2020-07-17 08:00:00,0.9448,0.9453,0.9427,0.9428,4667,1.0,1.0,0.0,7347.659999999986,300,412,0,0.0,0.0,0.0,49.49
2020-07-17 12:00:00,0.9428,0.9428,0.9402,0.941,4843,1.0,1.0,0.0,7347.659999999986,300,412,1,0.941,0.9396,0.0,0.0
2020-07-17 16:00:00,0.941,0.9411,0.9384,0.9388,6182,0.24522232,0.24522232,0.0,7347.659999999986,300,412,1,0.941,0.9396,0.0,0.0
2020-07-17 20:00:00,0.9387,0.9389,0.938,0.9387,3064,1.0,1.0,0.0,7166.059999999986,300,413,0,0.0,0.0,0.0,-181.6
2020-07-20 00:00:00,0.9392,0.9401,0.9381,0.9398,3275,0.31927428,0.31927428,0.0,7166.059999999986,300,413,0,0.9387,0.9395,0.0,0.0
2020-07-20 04:00:00,0.9398,0.9404,0.9386,0.9387,3851,0.1546634,0.1546634,0.0,7166.059999999986,300,413,0,0.0,0.0,0.0,0.0
2020-07-20 08:00:00,0.9386,0.941,0.9385,0.9394,7728,-0.7021569,-0.7021569,0.0,7166.059999999986,300,413,2,0.9394,0.941,0.0,0.0
2020-07-20 12:00:00,0.9394,0.9398,0.9374,0.9392,6620,0.19548346,0.19548346,0.0,7166.059999999986,300,413,2,0.9394,0.941,0.0,0.0
2020-07-20 16:00:00,0.9392,0.9403,0.9384,0.9396,6460,-0.12132201,-0.12132201,0.0,7166.059999999986,300,413,2,0.9394,0.941,0.0,0.0
2020-07-20 20:00:00,0.9396,0.9401,0.9387,0.9389,2434,-0.33385733,-0.33385733,0.0,7166.059999999986,300,413,2,0.9394,0.941,0.0,0.0
2020-07-21 00:00:00,0.9389,0.9394,0.9384,0.9389,2650,0.6712156,0.6712156,0.0,7206.299999999986,301,413,0,0.0,0.0,0.0,40.24
2020-07-21 04:00:00,0.9389,0.9398,0.9377,0.9393,4263,1.0,1.0,0.0,7206.299999999986,301,413,1,0.9393,0.9385,0.0,0.0
2020-07-21 08:00:00,0.9393,0.9394,0.9372,0.9385,7234,-0.5310846,-0.5310846,0.0,7206.299999999986,301,413,1,0.9393,0.9385,0.0,0.0
2020-07-21 12:00:00,0.9385,0.9392,0.9367,0.9381,6466,1.0,1.0,0.0,7141.549999999986,301,414,0,0.0,0.0,0.0,-64.75
2020-07-21 16:00:00,0.9381,0.9392,0.9327,0.9328,8135,0.23790397,0.23790397,0.0,7141.549999999986,301,414,0,0.9393,0.9418,0.0,0.0
2020-07-21 20:00:00,0.9328,0.9334,0.9321,0.9331,4556,-0.8484348,-0.8484348,0.0,7141.549999999986,301,414,2,0.9331,0.9356,0.0,0.0
2020-07-22 00:00:00,0.9331,0.9332,0.9321,0.9327,3093,-1.0,-1.0,0.0,7141.549999999986,301,414,2,0.9331,0.9356,0.0,0.0
2020-07-22 04:00:00,0.9327,0.9327,0.9318,0.9322,4009,-0.6833551,-0.6833551,0.0,7141.549999999986,301,414,2,0.9331,0.9356,0.0,0.0
2020-07-22 08:00:00,0.9322,0.9352,0.9313,0.9342,8120,-1.0,-1.0,0.0,7141.549999999986,301,414,2,0.9331,0.9356,0.0,0.0
2020-07-22 12:00:00,0.9342,0.9343,0.9301,0.9308,8489,-1.0,-1.0,0.0,7141.549999999986,301,414,2,0.9331,0.9356,0.0,0.0
2020-07-22 16:00:00,0.9308,0.9316,0.9286,0.9293,9788,0.4133952,0.4133952,0.0,7141.549999999986,301,414,2,0.9331,0.9356,0.0,0.0
2020-07-22 20:00:00,0.9293,0.93,0.9291,0.9296,3823,0.5006084,0.5006084,0.0,7141.549999999986,301,414,2,0.9331,0.9356,0.0,0.0
2020-07-23 00:00:00,0.9295,0.93,0.9284,0.9294,2794,1.0,1.0,0.0,7419.569999999985,302,414,0,0.0,0.0,0.0,278.02
2020-07-23 04:00:00,0.9294,0.9296,0.9283,0.9284,2952,-0.47243273,-0.47243273,0.0,7419.569999999985,302,414,0,0.9294,0.9302,0.0,0.0
2020-07-23 08:00:00,0.9284,0.929,0.9272,0.928,6428,-0.5131519,-0.5131519,0.0,7419.569999999985,302,414,2,0.928,0.9288,0.0,0.0
2020-07-23 12:00:00,0.928,0.9287,0.9266,0.9284,6667,1.0,1.0,0.0,7419.569999999985,302,414,2,0.928,0.9288,0.0,0.0
2020-07-23 16:00:00,0.9284,0.9287,0.9246,0.9248,10083,0.046084695,0.046084695,0.0,7419.569999999985,302,414,2,0.928,0.9288,0.0,0.0
2020-07-23 20:00:00,0.9248,0.9264,0.9245,0.9254,6905,0.6944225,0.6944225,0.0,7682.299999999985,303,414,0,0.0,0.0,0.0,262.73
2020-07-24 00:00:00,0.9252,0.9255,0.9239,0.9241,2411,0.5688355,0.5688355,0.0,7682.299999999985,303,414,1,0.9241,0.9233,0.0,0.0
2020-07-24 04:00:00,0.9241,0.925,0.9237,0.9248,3639,-0.22680098,-0.22680098,0.0,7682.299999999985,303,414,1,0.9241,0.9233,0.0,0.0
2020-07-24 08:00:00,0.9248,0.926,0.9236,0.9256,8248,0.7700509,0.7700509,0.0,7682.299999999985,303,414,1,0.9241,0.9233,0.0,0.0
2020-07-24 12:00:00,0.9255,0.926,0.9237,0.9238,6857,1.0,1.0,0.0,7682.299999999985,303,414,1,0.9241,0.9233,0.0,0.0
2020-07-24 16:00:00,0.9238,0.9247,0.9219,0.9224,9596,0.6434239,0.6434239,0.0,7682.299999999985,303,414,1,0.9241,0.9233,0.0,0.0
2020-07-24 20:00:00,0.9224,0.9227,0.9207,0.9208,3593,1.0,1.0,0.0,7538.139999999985,303,415,0,0.0,0.0,0.0,-144.16
2020-07-27 00:00:00,0.9197,0.922,0.9185,0.9195,4589,0.8664006,0.8664006,0.0,7538.139999999985,303,415,1,0.9195,0.9187,0.0,0.0
2020-07-27 04:00:00,0.9195,0.9197,0.9166,0.9175,6184,1.0,1.0,0.0,7538.139999999985,303,415,1,0.9195,0.9187,0.0,0.0
2020-07-27 08:00:00,0.9175,0.9205,0.9167,0.9205,9018,0.6279662,0.6279662,0.0,7372.609999999985,303,416,0,0.0,0.0,0.0,-165.53
2020-07-27 12:00:00,0.9205,0.923,0.9192,0.922,9940,0.8597217,0.8597217,0.0,7372.609999999985,303,416,1,0.922,0.9195,0.0,0.0
2020-07-27 16:00:00,0.922,0.9229,0.9186,0.9206,8617,-1.0,-1.0,0.0,7372.609999999985,303,416,1,0.922,0.9195,0.0,0.0
2020-07-27 20:00:00,0.9206,0.9209,0.9197,0.9199,3850,0.9059089,0.9059089,0.0,7372.609999999985,303,416,1,0.922,0.9195,0.0,0.0
2020-07-28 00:00:00,0.9198,0.9204,0.9194,0.9199,4443,-0.22018653,-0.22018653,0.0,7372.609999999985,303,416,1,0.922,0.9195,0.0,0.0
2020-07-28 04:00:00,0.92,0.9226,0.9196,0.9216,7353,1.0,1.0,0.0,7372.609999999985,303,416,1,0.922,0.9195,0.0,0.0
2020-07-28 08:00:00,0.9216,0.9228,0.9199,0.92,8933,0.12181519,0.12181519,0.0,7372.609999999985,303,416,1,0.922,0.9195,0.0,0.0
2020-07-28 12:00:00,0.92,0.9206,0.916,0.9162,7957,-1.0,-1.0,0.0,7210.279999999985,303,417,0,0.0,0.0,0.0,-162.33
2020-07-28 16:00:00,0.9162,0.9184,0.9155,0.9167,10106,0.79977,0.79977,0.0,7210.279999999985,303,417,1,0.9167,0.9159,0.0,0.0
2020-07-28 20:00:00,0.9167,0.9181,0.9167,0.9178,3931,-0.5183217,-0.5183217,0.0,7210.279999999985,303,417,1,0.9167,0.9159,0.0,0.0
2020-07-29 00:00:00,0.9178,0.9185,0.9167,0.9183,2747,0.8186287,0.8186287,0.0,7210.279999999985,303,417,1,0.9167,0.9159,0.0,0.0
2020-07-29 04:00:00,0.9183,0.9185,0.917,0.9176,3283,0.4907641,0.4907641,0.0,7210.279999999985,303,417,1,0.9167,0.9159,0.0,0.0
2020-07-29 08:00:00,0.9175,0.9177,0.9139,0.9155,7612,-1.0,-1.0,0.0,7281.519999999985,304,417,0,0.0,0.0,0.0,71.24
2020-07-29 12:00:00,0.9155,0.9187,0.9152,0.9177,8355,-1.0,-1.0,0.0,7281.519999999985,304,417,2,0.9177,0.9185,0.0,0.0
2020-07-29 16:00:00,0.9177,0.9178,0.9132,0.9134,8615,-0.5012471,-0.5012471,0.0,7281.519999999985,304,417,2,0.9177,0.9185,0.0,0.0
2020-07-29 20:00:00,0.9134,0.9148,0.9117,0.9125,11562,0.573498,0.573498,0.0,7281.519999999985,304,417,2,0.9177,0.9185,0.0,0.0
2020-07-30 00:00:00,0.9125,0.9132,0.9118,0.9126,3188,-1.0,-1.0,0.0,7281.519999999985,304,417,2,0.9177,0.9185,0.0,0.0
2020-07-30 04:00:00,0.9126,0.9136,0.912,0.9129,3778,-1.0,-1.0,0.0,7281.519999999985,304,417,2,0.9177,0.9185,0.0,0.0
2020-07-30 08:00:00,0.9129,0.915,0.9129,0.9145,8887,-0.85660154,-0.85660154,0.0,7281.519999999985,304,417,2,0.9177,0.9185,0.0,0.0
2020-07-30 12:00:00,0.9145,0.9151,0.9127,0.9129,7780,0.94548076,0.94548076,0.0,7536.489999999985,305,417,0,0.0,0.0,0.0,254.97
2020-07-30 16:00:00,0.9128,0.9131,0.911,0.9114,13806,-0.29016814,-0.29016814,0.0,7536.489999999985,305,417,0,0.0,0.0,0.0,0.0
2020-07-30 20:00:00,0.9114,0.9116,0.9088,0.9089,6260,-0.55597353,-0.55597353,0.0,7536.489999999985,305,417,2,0.9089,0.9097,0.0,0.0
2020-07-31 00:00:00,0.9088,0.9097,0.9072,0.9082,5949,-1.0,-1.0,0.0,7536.489999999985,305,417,2,0.9089,0.9097,0.0,0.0
2020-07-31 04:00:00,0.9082,0.9086,0.9061,0.9064,6688,-0.59136724,-0.59136724,0.0,7536.489999999985,305,417,2,0.9089,0.9097,0.0,0.0
2020-07-31 08:00:00,0.9064,0.9089,0.9056,0.9076,9219,-0.91169494,-0.91169494,0.0,7536.489999999985,305,417,2,0.9089,0.9097,0.0,0.0
2020-07-31 12:00:00,0.9076,0.9102,0.9071,0.9094,8462,0.04505528,0.04505528,0.0,7536.489999999985,305,417,2,0.9089,0.9097,0.0,0.0
2020-07-31 16:00:00,0.9093,0.9143,0.9085,0.9131,17474,1.0,1.0,0.0,7495.479999999985,305,418,0,0.0,0.0,0.0,-41.01
2020-07-31 20:00:00,0.9131,0.9149,0.9126,0.9138,6863,0.6350238,0.6350238,0.0,7495.479999999985,305,418,1,0.9138,0.913,0.0,0.0
2020-08-03 00:00:00,0.9132,0.9166,0.9127,0.9157,7906,-1.0,-1.0,0.0,7495.479999999985,305,418,1,0.9138,0.913,0.0,0.0
2020-08-03 04:00:00,0.9157,0.9162,0.9139,0.9153,6133,0.9810113,0.9810113,0.0,7495.479999999985,305,418,1,0.9138,0.913,0.0,0.0
2020-08-03 08:00:00,0.9153,0.9184,0.9152,0.9171,9491,1.0,1.0,0.0,7495.479999999985,305,418,1,0.9138,0.913,0.0,0.0
2020-08-03 12:00:00,0.9171,0.9219,0.9163,0.9218,9292,1.0,1.0,0.0,7495.479999999985,305,418,1,0.9138,0.913,0.0,0.0
2020-08-03 16:00:00,0.9218,0.9242,0.9191,0.9192,10515,-0.8451988,-0.8451988,0.0,8156.879999999985,306,418,0,0.0,0.0,0.0,661.4
2020-08-03 20:00:00,0.9192,0.9193,0.9172,0.9177,4725,-0.61522925,-0.61522925,0.0,8156.879999999985,306,418,2,0.9177,0.9196,0.0,0.0
2020-08-04 00:00:00,0.9177,0.9188,0.9159,0.9186,4129,-0.8055831,-0.8055831,0.0,8156.879999999985,306,418,2,0.9177,0.9196,0.0,0.0
2020-08-04 04:00:00,0.9186,0.9186,0.9173,0.9176,3327,-0.10864256,-0.10864256,0.0,8156.879999999985,306,418,2,0.9177,0.9196,0.0,0.0
2020-08-04 08:00:00,0.9176,0.9184,0.9151,0.9156,7658,0.5882542,0.5882542,0.0,8156.879999999985,306,418,2,0.9177,0.9196,0.0,0.0
2020-08-04 12:00:00,0.9156,0.9164,0.9142,0.916,8990,-0.016216088,-0.016216088,0.0,8156.879999999985,306,418,2,0.9177,0.9196,0.0,0.0
2020-08-04 16:00:00,0.916,0.9176,0.9148,0.9151,9729,0.41324285,0.41324285,0.0,8156.879999999985,306,418,2,0.9177,0.9196,0.0,0.0
2020-08-04 20:00:00,0.9151,0.9151,0.913,0.9132,4169,-0.73160255,-0.73160255,0.0,8156.879999999985,306,418,2,0.9177,0.9196,0.0,0.0
2020-08-05 00:00:00,0.9132,0.9139,0.9125,0.9131,2695,-0.22644015,-0.22644015,0.0,8156.879999999985,306,418,2,0.9177,0.9196,0.0,0.0
2020-08-05 04:00:00,0.9131,0.9133,0.9121,0.9122,2732,0.6523858,0.6523858,0.0,8566.829999999985,307,418,0,0.0,0.0,0.0,409.95
2020-08-05 08:00:00,0.9122,0.9132,0.91,0.9101,7018,-1.0,-1.0,0.0,8566.829999999985,307,418,2,0.9101,0.911,0.0,0.0
2020-08-05 12:00:00,0.9101,0.9108,0.9066,0.9068,8582,-1.0,-1.0,0.0,8566.829999999985,307,418,2,0.9101,0.911,0.0,0.0
2020-08-05 16:00:00,0.9068,0.9083,0.905,0.9071,11153,-0.7583371,-0.7583371,0.0,8566.829999999985,307,418,2,0.9101,0.911,0.0,0.0
2020-08-05 20:00:00,0.9071,0.9091,0.907,0.9083,3324,1.0,1.0,0.0,8845.779999999986,308,418,0,0.0,0.0,0.0,278.95
2020-08-06 00:00:00,0.9084,0.9084,0.9072,0.9081,2963,0.05018796,0.05018796,0.0,8845.779999999986,308,418,0,0.0,0.0,0.0,0.0
2020-08-06 04:00:00,0.9081,0.9088,0.9077,0.9084,4186,-0.3266207,-0.3266207,0.0,8845.779999999986,308,418,0,0.9084,0.9106,0.0,0.0
2020-08-06 08:00:00,0.9084,0.9107,0.9065,0.9083,9722,-0.004806837,-0.004806837,0.0,8845.779999999986,308,418,0,0.9083,0.9075,0.0,0.0
2020-08-06 12:00:00,0.9083,0.91,0.9073,0.91,8989,0.8071897,0.8071897,0.0,8845.779999999986,308,418,1,0.91,0.9075,0.0,0.0
2020-08-06 16:00:00,0.91,0.9129,0.9085,0.9103,14087,1.0,1.0,0.0,8845.779999999986,308,418,1,0.91,0.9075,0.0,0.0
2020-08-06 20:00:00,0.9103,0.9109,0.9093,0.9097,7593,-1.0,-1.0,0.0,8874.679999999986,309,418,0,0.0,0.0,0.0,28.9
2020-08-07 00:00:00,0.9097,0.9107,0.9085,0.9105,2386,-0.88179815,-0.88179815,0.0,8874.679999999986,309,418,2,0.9105,0.9113,0.0,0.0
2020-08-07 04:00:00,0.9105,0.9134,0.9104,0.9121,4852,-0.05812265,-0.05812265,0.0,8874.679999999986,309,418,2,0.9105,0.9113,0.0,0.0
2020-08-07 08:00:00,0.9121,0.914,0.9103,0.913,5460,-0.0810363,-0.0810363,0.0,8719.699999999986,309,419,0,0.0,0.0,0.0,-154.98
2020-08-07 12:00:00,0.913,0.9153,0.9112,0.9123,8642,-0.40639725,-0.40639725,0.0,8719.699999999986,309,419,0,0.9123,0.9134,0.0,0.0
2020-08-07 16:00:00,0.9123,0.9158,0.9121,0.9143,14585,-0.7011043,-0.7011043,0.0,8719.699999999986,309,419,2,0.9143,0.9151,0.0,0.0
2020-08-07 20:00:00,0.9143,0.9145,0.9124,0.9125,5198,0.91065353,0.91065353,0.0,8719.699999999986,309,419,2,0.9143,0.9151,0.0,0.0
2020-08-10 00:00:00,0.9117,0.9133,0.9117,0.9125,2366,0.23117818,0.23117818,0.0,8719.699999999986,309,419,2,0.9143,0.9151,0.0,0.0
2020-08-10 04:00:00,0.9125,0.9134,0.9123,0.9133,2257,0.6306589,0.6306589,0.0,8891.069999999987,310,419,0,0.0,0.0,0.0,171.37
2020-08-10 08:00:00,0.9133,0.9161,0.9129,0.9155,6174,0.5133973,0.5133973,0.0,8891.069999999987,310,419,1,0.9155,0.9147,0.0,0.0
2020-08-10 12:00:00,0.9155,0.9184,0.9151,0.9167,6500,0.05468895,0.05468895,0.0,8891.069999999987,310,419,1,0.9155,0.9147,0.0,0.0
2020-08-10 16:00:00,0.9167,0.9169,0.9138,0.9145,9934,-0.66970354,-0.66970354,0.0,8891.069999999987,310,419,1,0.9155,0.9147,0.0,0.0
2020-08-10 20:00:00,0.9145,0.9157,0.9145,0.9155,5160,-0.77972144,-0.77972144,0.0,8793.769999999988,310,420,0,0.0,0.0,0.0,-97.3
2020-08-11 00:00:00,0.9155,0.9168,0.9147,0.9164,2623,0.9278587,0.9278587,0.0,8793.769999999988,310,420,1,0.9164,0.9156,0.0,0.0
2020-08-11 04:00:00,0.9164,0.9167,0.9148,0.9149,2747,-0.8049207,-0.8049207,0.0,8793.769999999988,310,420,1,0.9164,0.9156,0.0,0.0
2020-08-11 08:00:00,0.9149,0.9162,0.9133,0.9142,7932,1.0,1.0,0.0,8649.359999999988,310,421,0,0.0,0.0,0.0,-144.41
2020-08-11 12:00:00,0.9142,0.9146,0.9105,0.9115,11441,-0.08787613,-0.08787613,0.0,8649.359999999988,310,421,0,0.9115,0.913,0.0,0.0
2020-08-11 16:00:00,0.9115,0.9167,0.9115,0.9156,13327,-1.0,-1.0,0.0,8649.359999999988,310,421,2,0.9156,0.9166,0.0,0.0
2020-08-11 20:00:00,0.9156,0.9178,0.9155,0.9168,8288,-0.58948,-0.58948,0.0,8649.359999999988,310,421,2,0.9156,0.9166,0.0,0.0
2020-08-12 00:00:00,0.9167,0.9179,0.9162,0.9175,4771,0.8009658,0.8009658,0.0,8535.489999999987,310,422,0,0.0,0.0,0.0,-113.87
2020-08-12 04:00:00,0.9175,0.9198,0.9171,0.9196,5197,-0.6556897,-0.6556897,0.0,8535.489999999987,310,422,2,0.9196,0.9204,0.0,0.0
2020-08-12 08:00:00,0.9196,0.9196,0.9149,0.9159,7382,-0.19302188,-0.19302188,0.0,8535.489999999987,310,422,2,0.9196,0.9204,0.0,0.0
2020-08-12 12:00:00,0.9159,0.916,0.9115,0.912,8810,-0.8122173,-0.8122173,0.0,8535.489999999987,310,422,2,0.9196,0.9204,0.0,0.0
2020-08-12 16:00:00,0.9119,0.9125,0.9097,0.9111,11992,-1.0,-1.0,0.0,8535.489999999987,310,422,2,0.9196,0.9204,0.0,0.0
2020-08-12 20:00:00,0.9111,0.9124,0.9108,0.912,5731,-0.87795854,-0.87795854,0.0,8535.489999999987,310,422,2,0.9196,0.9204,0.0,0.0
2020-08-13 00:00:00,0.9118,0.9122,0.9104,0.9111,2506,-0.14015883,-0.14015883,0.0,8535.489999999987,310,422,2,0.9196,0.9204,0.0,0.0
2020-08-13 04:00:00,0.9111,0.9115,0.91,0.9114,3255,1.0,1.0,0.0,9326.439999999988,311,422,0,0.0,0.0,0.0,790.95
2020-08-13 08:00:00,0.9114,0.9114,0.9088,0.9092,6596,-0.2643914,-0.2643914,0.0,9326.439999999988,311,422,0,0.9159,0.9167,0.0,0.0
2020-08-13 12:00:00,0.9092,0.912,0.9092,0.9097,7271,0.343594,0.343594,0.0,9326.439999999988,311,422,0,0.9159,0.9167,0.0,0.0
2020-08-13 16:00:00,0.9097,0.9107,0.9082,0.91,8940,-0.14542504,-0.14542504,0.0,9326.439999999988,311,422,0,0.0,0.0,0.0,0.0
2020-08-13 20:00:00,0.91,0.9112,0.9095,0.9097,5620,0.10023125,0.10023125,0.0,9326.439999999988,311,422,0,0.9097,0.9089,0.0,0.0
2020-08-14 00:00:00,0.9096,0.9101,0.9093,0.9099,2404,0.13835375,0.13835375,0.0,9326.439999999988,311,422,0,0.9097,0.9089,0.0,0.0
2020-08-14 04:00:00,0.9099,0.9104,0.9096,0.9101,2690,-0.8996533,-0.8996533,0.0,9326.439999999988,311,422,2,0.9101,0.9109,0.0,0.0
2020-08-14 08:00:00,0.9101,0.9114,0.9092,0.91,5270,-1.0,-1.0,0.0,9326.439999999988,311,422,2,0.9101,0.9109,0.0,0.0
2020-08-14 12:00:00,0.91,0.9123,0.9093,0.9099,7030,0.24464463,0.24464463,0.0,9326.439999999988,311,422,2,0.9101,0.9109,0.0,0.0
2020-08-14 16:00:00,0.9099,0.9106,0.9087,0.9093,9873,1.0,1.0,0.0,9346.739999999987,312,422,0,0.0,0.0,0.0,20.3
2020-08-14 20:00:00,0.9093,0.9099,0.9088,0.9091,4271,-0.7329128,-0.7329128,0.0,9346.739999999987,312,422,2,0.9091,0.9103,0.0,0.0
2020-08-17 00:00:00,0.9089,0.9097,0.9084,0.9093,2067,0.81906986,0.81906986,0.0,9346.739999999987,312,422,2,0.9091,0.9103,0.0,0.0
2020-08-17 04:00:00,0.9093,0.9096,0.9087,0.9092,1868,-1.0,-1.0,0.0,9346.739999999987,312,422,2,0.9091,0.9103,0.0,0.0
2020-08-17 08:00:00,0.9092,0.9093,0.9066,0.908,6232,-0.6427363,-0.6427363,0.0,9346.739999999987,312,422,2,0.9091,0.9103,0.0,0.0
2020-08-17 12:00:00,0.908,0.9093,0.9068,0.9084,7183,-0.7476892,-0.7476892,0.0,9346.739999999987,312,422,2,0.9091,0.9103,0.0,0.0
2020-08-17 16:00:00,0.9084,0.9084,0.9051,0.9058,8135,1.0,1.0,0.0,9417.849999999988,313,422,0,0.0,0.0,0.0,71.11
2020-08-17 20:00:00,0.9058,0.9066,0.9057,0.9065,4122,-0.60915065,-0.60915065,0.0,9417.849999999988,313,422,2,0.9065,0.9073,0.0,0.0
2020-08-18 00:00:00,0.9065,0.9067,0.9052,0.9056,2651,-0.9462468,-0.9462468,0.0,9417.849999999988,313,422,2,0.9065,0.9073,0.0,0.0
2020-08-18 04:00:00,0.9056,0.9059,0.9048,0.9052,2584,-0.93552333,-0.93552333,0.0,9417.849999999988,313,422,2,0.9065,0.9073,0.0,0.0
2020-08-18 08:00:00,0.9052,0.9066,0.9037,0.905,7774,0.611999,0.611999,0.0,9417.849999999988,313,422,2,0.9065,0.9073,0.0,0.0
2020-08-18 12:00:00,0.905,0.9061,0.9026,0.9033,8006,0.31953666,0.31953666,0.0,9417.849999999988,313,422,2,0.9065,0.9073,0.0,0.0
2020-08-18 16:00:00,0.9033,0.9042,0.9009,0.9026,11424,0.9156701,0.9156701,0.0,9743.579999999987,314,422,0,0.0,0.0,0.0,325.73
2020-08-18 20:00:00,0.9026,0.9038,0.9026,0.9037,4856,1.0,1.0,0.0,9743.579999999987,314,422,1,0.9037,0.9029,0.0,0.0
2020-08-19 00:00:00,0.9037,0.9037,0.9025,0.9029,2677,-1.0,-1.0,0.0,9743.579999999987,314,422,1,0.9037,0.9029,0.0,0.0
2020-08-19 04:00:00,0.9029,0.904,0.9025,0.9036,3179,-0.7030831,-0.7030831,0.0,9659.349999999988,314,423,0,0.0,0.0,0.0,-84.23
2020-08-19 08:00:00,0.9037,0.9038,0.902,0.9023,6523,0.029704852,0.029704852,0.0,9659.349999999988,314,423,0,0.0,0.0,0.0,0.0
2020-08-19 12:00:00,0.9023,0.9082,0.9019,0.9078,6349,-0.7629312,-0.7629312,0.0,9659.349999999988,314,423,2,0.9078,0.9086,0.0,0.0
2020-08-19 16:00:00,0.9078,0.9132,0.9064,0.9124,10988,1.0,1.0,0.0,9659.349999999988,314,423,2,0.9078,0.9086,0.0,0.0
2020-08-19 20:00:00,0.9124,0.9154,0.9121,0.915,10095,-0.8020407,-0.8020407,0.0,9174.239999999987,314,424,0,0.0,0.0,0.0,-485.11
2020-08-20 00:00:00,0.915,0.9153,0.9141,0.9152,2609,0.21389277,0.21389277,0.0,9174.239999999987,314,424,0,0.9124,0.9116,0.0,0.0
2020-08-20 04:00:00,0.9152,0.9161,0.9142,0.9145,3185,1.0,1.0,0.0,9174.239999999987,314,424,1,0.9145,0.9123,0.0,0.0
2020-08-20 08:00:00,0.9145,0.9157,0.9118,0.9123,9067,-1.0,-1.0,0.0,9174.239999999987,314,424,1,0.9145,0.9123,0.0,0.0
2020-08-20 12:00:00,0.9123,0.913,0.9097,0.911,9605,-1.0,-1.0,0.0,8953.899999999987,314,425,0,0.0,0.0,0.0,-220.34
2020-08-20 16:00:00,0.911,0.9123,0.908,0.9088,13549,-0.38143256,-0.38143256,0.0,8953.899999999987,314,425,0,0.9088,0.908,0.0,0.0
2020-08-20 20:00:00,0.9088,0.9092,0.9072,0.9076,5877,-0.10780955,-0.10780955,0.0,8953.899999999987,314,425,0,0.9088,0.908,0.0,0.0
2020-08-21 00:00:00,0.9076,0.908,0.9065,0.907,3007,-0.715631,-0.715631,0.0,8953.899999999987,314,425,2,0.907,0.9078,0.0,0.0
2020-08-21 04:00:00,0.907,0.9077,0.9068,0.9071,2891,0.5920357,0.5920357,0.0,8953.899999999987,314,425,2,0.907,0.9078,0.0,0.0
2020-08-21 08:00:00,0.9071,0.9114,0.9061,0.9106,8056,0.84427184,0.84427184,0.0,8944.169999999987,314,426,0,0.0,0.0,0.0,-9.73
2020-08-21 12:00:00,0.9106,0.9137,0.9101,0.9121,9275,0.17114384,0.17114384,0.0,8944.169999999987,314,426,0,0.9071,0.9063,0.0,0.0
2020-08-21 16:00:00,0.9121,0.914,0.9117,0.9134,10201,-0.13927323,-0.13927323,0.0,8944.169999999987,314,426,0,0.9071,0.9063,0.0,0.0
2020-08-21 20:00:00,0.9134,0.9136,0.9112,0.9117,4670,0.8890977,0.8890977,0.0,8944.169999999987,314,426,1,0.9117,0.9109,0.0,0.0
2020-08-24 00:00:00,0.9113,0.9127,0.9099,0.9124,2838,-0.38529557,-0.38529557,0.0,8944.169999999987,314,426,1,0.9117,0.9109,0.0,0.0
2020-08-24 04:00:00,0.9124,0.9128,0.9117,0.9123,2590,1.0,1.0,0.0,8944.169999999987,314,426,1,0.9117,0.9109,0.0,0.0
2020-08-24 08:00:00,0.9123,0.9125,0.9094,0.91,5714,0.05633682,0.05633682,0.0,8944.169999999987,314,426,1,0.9117,0.9109,0.0,0.0
2020-08-24 12:00:00,0.91,0.9103,0.9075,0.908,6304,-1.0,-1.0,0.0,8778.589999999987,314,427,0,0.0,0.0,0.0,-165.58
2020-08-24 16:00:00,0.908,0.9116,0.9077,0.9108,9699,-0.07336828,-0.07336828,0.0,8778.589999999987,314,427,0,0.908,0.9056,0.0,0.0
2020-08-24 20:00:00,0.9108,0.912,0.9103,0.9118,5101,-1.0,-1.0,0.0,8778.589999999987,314,427,2,0.9118,0.9128,0.0,0.0
2020-08-25 00:00:00,0.9118,0.9126,0.9108,0.911,4491,-1.0,-1.0,0.0,8778.589999999987,314,427,2,0.9118,0.9128,0.0,0.0
2020-08-25 04:00:00,0.911,0.9118,0.9105,0.9113,2683,-0.035244033,-0.035244033,0.0,8778.589999999987,314,427,2,0.9118,0.9128,0.0,0.0
2020-08-25 08:00:00,0.9113,0.9122,0.9092,0.9093,5590,-1.0,-1.0,0.0,8778.589999999987,314,427,2,0.9118,0.9128,0.0,0.0
2020-08-25 12:00:00,0.9093,0.9107,0.9081,0.9102,7049,-1.0,-1.0,0.0,8778.589999999987,314,427,2,0.9118,0.9128,0.0,0.0
2020-08-25 16:00:00,0.9102,0.9103,0.9077,0.9092,11794,-1.0,-1.0,0.0,8778.589999999987,314,427,2,0.9118,0.9128,0.0,0.0
2020-08-25 20:00:00,0.9092,0.9093,0.9074,0.9077,4620,1.0,1.0,0.0,9026.889999999987,315,427,0,0.0,0.0,0.0,248.3
2020-08-26 00:00:00,0.9081,0.9085,0.907,0.9082,2847,-1.0,-1.0,0.0,9026.889999999987,315,427,2,0.9082,0.9107,0.0,0.0
2020-08-26 04:00:00,0.9082,0.9092,0.9082,0.9092,2719,-1.0,-1.0,0.0,9026.889999999987,315,427,2,0.9082,0.9107,0.0,0.0
2020-08-26 08:00:00,0.9092,0.911,0.9091,0.9101,6863,-0.6839697,-0.6839697,0.0,9026.889999999987,315,427,2,0.9082,0.9107,0.0,0.0
2020-08-26 12:00:00,0.9101,0.9121,0.9083,0.9109,7785,-0.8785688,-0.8785688,0.0,9026.889999999987,315,427,2,0.9082,0.9107,0.0,0.0
2020-08-26 16:00:00,0.9109,0.9115,0.9072,0.9075,9782,1.0,1.0,0.0,8761.229999999987,315,428,0,0.0,0.0,0.0,-265.66
2020-08-26 20:00:00,0.9075,0.9088,0.9072,0.9081,5234,-0.76530564,-0.76530564,0.0,8761.229999999987,315,428,2,0.9081,0.9098,0.0,0.0
2020-08-27 00:00:00,0.9081,0.9081,0.907,0.9078,2623,0.6078519,0.6078519,0.0,8761.229999999987,315,428,2,0.9081,0.9098,0.0,0.0
2020-08-27 04:00:00,0.9078,0.9086,0.9072,0.9077,3009,-0.13603878,-0.13603878,0.0,8761.229999999987,315,428,2,0.9081,0.9098,0.0,0.0
2020-08-27 08:00:00,0.9076,0.9098,0.9068,0.9077,7429,1.0,1.0,0.0,8799.279999999986,316,428,0,0.0,0.0,0.0,38.05
2020-08-27 12:00:00,0.9077,0.9118,0.9073,0.9084,9124,-0.008722759,-0.008722759,0.0,8799.279999999986,316,428,0,0.9078,0.9053,0.0,0.0
2020-08-27 16:00:00,0.9084,0.9123,0.9036,0.9099,27633,-1.0,-1.0,0.0,8799.279999999986,316,428,2,0.9099,0.9124,0.0,0.0
2020-08-27 20:00:00,0.9099,0.9101,0.9081,0.9089,8662,1.0,1.0,0.0,8799.279999999986,316,428,2,0.9099,0.9124,0.0,0.0
2020-08-28 00:00:00,0.9089,0.91,0.9078,0.9093,2615,-0.44936717,-0.44936717,0.0,8799.279999999986,316,428,2,0.9099,0.9124,0.0,0.0
2020-08-28 04:00:00,0.9093,0.9097,0.9059,0.906,4414,1.0,1.0,0.0,8856.709999999986,317,428,0,0.0,0.0,0.0,57.43
2020-08-28 08:00:00,0.906,0.9064,0.9027,0.9031,13313,0.21990784,0.21990784,0.0,8856.709999999986,317,428,0,0.906,0.9068,0.0,0.0
2020-08-28 12:00:00,0.9031,0.9057,0.9024,0.9053,10568,1.0,1.0,0.0,8856.709999999986,317,428,1,0.9053,0.9045,0.0,0.0
2020-08-28 16:00:00,0.9053,0.907,0.9032,0.9049,14396,-1.0,-1.0,0.0,8856.709999999986,317,428,1,0.9053,0.9045,0.0,0.0
2020-08-28 20:00:00,0.9049,0.9056,0.904,0.9041,5141,-0.7585448,-0.7585448,0.0,8818.339999999986,317,429,0,0.0,0.0,0.0,-38.37
2020-08-31 00:00:00,0.9041,0.9048,0.9026,0.9037,4093,0.5355543,0.5355543,0.0,8818.339999999986,317,429,1,0.9037,0.9029,0.0,0.0
2020-08-31 04:00:00,0.9037,0.9049,0.9035,0.9043,3196,-1.0,-1.0,0.0,8818.339999999986,317,429,1,0.9037,0.9029,0.0,0.0
2020-08-31 08:00:00,0.9043,0.9046,0.9028,0.903,8384,-0.7757775,-0.7757775,0.0,8875.579999999985,318,429,0,0.0,0.0,0.0,57.24
2020-08-31 12:00:00,0.903,0.9053,0.9019,0.9028,8322,1.0,1.0,0.0,8875.579999999985,318,429,1,0.9028,0.9003,0.0,0.0
2020-08-31 16:00:00,0.9028,0.9034,0.8998,0.9028,13544,-1.0,-1.0,0.0,8875.579999999985,318,429,1,0.9028,0.9003,0.0,0.0
2020-08-31 20:00:00,0.9028,0.9042,0.9023,0.9036,5596,0.08533372,0.08533372,0.0,8875.579999999985,318,429,1,0.9028,0.9003,0.0,0.0
2020-09-01 00:00:00,0.9036,0.9044,0.902,0.9039,2614,0.31206957,0.31206957,0.0,8875.579999999985,318,429,1,0.9028,0.9003,0.0,0.0
2020-09-01 04:00:00,0.9039,0.9039,0.9005,0.9011,5349,-0.2205426,-0.2205426,0.0,8875.579999999985,318,429,1,0.9028,0.9003,0.0,0.0
2020-09-01 08:00:00,0.9011,0.9032,0.8999,0.9026,9660,1.0,1.0,0.0,8875.579999999985,318,429,1,0.9028,0.9003,0.0,0.0
2020-09-01 12:00:00,0.9026,0.9077,0.9026,0.9065,9246,-0.18176442,-0.18176442,0.0,8875.579999999985,318,429,1,0.9028,0.9003,0.0,0.0
2020-09-01 16:00:00,0.9065,0.9101,0.9054,0.9085,14340,0.013499478,0.013499478,0.0,8875.579999999985,318,429,1,0.9028,0.9003,0.0,0.0
2020-09-01 20:00:00,0.9085,0.9099,0.9084,0.9093,7860,-1.0,-1.0,0.0,9425.539999999986,319,429,0,0.0,0.0,0.0,549.96
2020-09-02 00:00:00,0.9093,0.9109,0.9083,0.9109,1984,0.2648761,0.2648761,0.0,9425.539999999986,319,429,0,0.9065,0.9042,0.0,0.0
2020-09-02 04:00:00,0.9109,0.9119,0.9104,0.9107,3301,-1.0,-1.0,0.0,9425.539999999986,319,429,2,0.9107,0.9122,0.0,0.0
2020-09-02 08:00:00,0.9107,0.9136,0.9105,0.9127,8231,0.35946813,0.35946813,0.0,9425.539999999986,319,429,2,0.9107,0.9122,0.0,0.0
2020-09-02 12:00:00,0.9128,0.913,0.9099,0.9113,8912,1.0,1.0,0.0,9219.649999999987,319,430,0,0.0,0.0,0.0,-205.89
2020-09-02 16:00:00,0.9113,0.9133,0.9104,0.9116,14254,0.80222344,0.80222344,0.0,9219.649999999987,319,430,1,0.9116,0.9091,0.0,0.0
2020-09-02 20:00:00,0.9116,0.9132,0.9105,0.9106,6683,-1.0,-1.0,0.0,9219.649999999987,319,430,1,0.9116,0.9091,0.0,0.0
2020-09-03 00:00:00,0.9106,0.9126,0.9097,0.9124,2456,-1.0,-1.0,0.0,9119.179999999988,319,431,0,0.0,0.0,0.0,-100.47
2020-09-03 04:00:00,0.9124,0.9131,0.9115,0.9129,3050,0.8887217,0.8887217,0.0,9119.179999999988,319,431,1,0.9129,0.9121,0.0,0.0
2020-09-03 08:00:00,0.9129,0.9142,0.9108,0.9112,8537,-0.0015036449,-0.0015036449,0.0,9119.179999999988,319,431,1,0.9129,0.9121,0.0,0.0
2020-09-03 12:00:00,0.9112,0.9131,0.9101,0.9109,8210,1.0,1.0,0.0,8950.139999999987,319,432,0,0.0,0.0,0.0,-169.04
2020-09-03 16:00:00,0.9109,0.9114,0.9082,0.9102,13632,-0.24859607,-0.24859607,0.0,8950.139999999987,319,432,0,0.9112,0.9087,0.0,0.0
2020-09-03 20:00:00,0.9102,0.9107,0.9085,0.9093,7527,-1.0,-1.0,0.0,8950.139999999987,319,432,2,0.9093,0.9101,0.0,0.0
2020-09-04 00:00:00,0.9093,0.9101,0.9085,0.9094,1987,-1.0,-1.0,0.0,8950.139999999987,319,432,2,0.9093,0.9101,0.0,0.0
2020-09-04 04:00:00,0.9094,0.9101,0.909,0.9095,2365,-0.43147343,-0.43147343,0.0,8950.139999999987,319,432,2,0.9093,0.9101,0.0,0.0
2020-09-04 08:00:00,0.9095,0.9117,0.9094,0.9096,6758,-0.7823706,-0.7823706,0.0,8950.139999999987,319,432,2,0.9093,0.9101,0.0,0.0
2020-09-04 12:00:00,0.9096,0.9134,0.9094,0.913,10063,0.5513611,0.5513611,0.0,8950.139999999987,319,432,2,0.9093,0.9101,0.0,0.0
2020-09-04 16:00:00,0.913,0.9163,0.9128,0.914,15178,1.0,1.0,0.0,8588.349999999986,319,433,0,0.0,0.0,0.0,-361.79
2020-09-04 20:00:00,0.914,0.9141,0.9121,0.9133,5705,0.1959073,0.1959073,0.0,8588.349999999986,319,433,0,0.9095,0.9084,0.0,0.0
2020-09-07 00:00:00,0.9134,0.9137,0.9129,0.9134,1543,-0.8718223,-0.8718223,0.0,8588.349999999986,319,433,2,0.9134,0.9142,0.0,0.0
2020-09-07 04:00:00,0.9134,0.9144,0.9134,0.9141,1683,-0.6851501,-0.6851501,0.0,8588.349999999986,319,433,2,0.9134,0.9142,0.0,0.0
2020-09-07 08:00:00,0.9141,0.9146,0.912,0.913,5105,0.67796063,0.67796063,0.0,8588.349999999986,319,433,2,0.9134,0.9142,0.0,0.0
2020-09-07 12:00:00,0.913,0.9155,0.913,0.9153,4847,0.15912735,0.15912735,0.0,8588.349999999986,319,433,2,0.9134,0.9142,0.0,0.0
2020-09-07 16:00:00,0.9153,0.9165,0.9142,0.9163,4562,0.27871868,0.27871868,0.0,8409.619999999986,319,434,0,0.0,0.0,0.0,-178.73
2020-09-07 20:00:00,0.9163,0.9169,0.9158,0.9159,6711,1.0,1.0,0.0,8409.619999999986,319,434,1,0.9159,0.9151,0.0,0.0
2020-09-08 00:00:00,0.916,0.9174,0.9157,0.9174,2174,-0.045879737,-0.045879737,0.0,8409.619999999986,319,434,1,0.9159,0.9151,0.0,0.0
2020-09-08 04:00:00,0.9174,0.918,0.9173,0.9177,1933,-0.53181475,-0.53181475,0.0,8409.619999999986,319,434,1,0.9159,0.9151,0.0,0.0
2020-09-08 08:00:00,0.9177,0.9183,0.9164,0.9177,6830,-0.9024142,-0.9024142,0.0,8575.829999999985,320,434,0,0.0,0.0,0.0,166.21
2020-09-08 12:00:00,0.9177,0.92,0.9167,0.9172,10864,0.33271578,0.33271578,0.0,8575.829999999985,320,434,0,0.0,0.0,0.0,0.0
2020-09-08 16:00:00,0.9172,0.9193,0.9156,0.9163,14816,0.28402185,0.28402185,0.0,8575.829999999985,320,434,0,0.9141,0.9121,0.0,0.0
2020-09-08 20:00:00,0.9163,0.9182,0.9161,0.9177,6638,-0.040738553,-0.040738553,0.0,8575.829999999985,320,434,0,0.9141,0.9121,0.0,0.0
2020-09-09 00:00:00,0.9177,0.9186,0.9171,0.918,2217,1.0,1.0,0.0,8575.829999999985,320,434,1,0.918,0.9172,0.0,0.0
2020-09-09 04:00:00,0.918,0.9186,0.9176,0.918,2050,-0.15223297,-0.15223297,0.0,8575.829999999985,320,434,1,0.918,0.9172,0.0,0.0
2020-09-09 08:00:00,0.918,0.919,0.917,0.9179,7061,-1.0,-1.0,0.0,8575.819999999985,320,435,0,0.0,0.0,0.0,-0.01
2020-09-09 12:00:00,0.9179,0.919,0.9151,0.9159,7732,1.0,1.0,0.0,8575.819999999985,320,435,1,0.9159,0.9151,0.0,0.0
2020-09-09 16:00:00,0.9159,0.9161,0.9123,0.9134,11541,1.0,1.0,0.0,8575.819999999985,320,435,1,0.9159,0.9151,0.0,0.0
2020-09-09 20:00:00,0.9134,0.9135,0.912,0.9123,4753,1.0,1.0,0.0,8341.479999999985,320,436,0,0.0,0.0,0.0,-234.34
2020-09-10 00:00:00,0.9127,0.913,0.9115,0.9119,2073,0.04275157,0.04275157,0.0,8341.479999999985,320,436,0,0.0,0.0,0.0,0.0
2020-09-10 04:00:00,0.9119,0.912,0.9111,0.9116,1968,-0.23932809,-0.23932809,0.0,8341.479999999985,320,436,0,0.9116,0.9108,0.0,0.0
2020-09-10 08:00:00,0.9116,0.9116,0.9084,0.9085,6227,-1.0,-1.0,0.0,8341.479999999985,320,436,2,0.9085,0.9093,0.0,0.0
2020-09-10 12:00:00,0.9085,0.9096,0.906,0.9064,10021,0.7569757,0.7569757,0.0,8341.479999999985,320,436,2,0.9085,0.9093,0.0,0.0
2020-09-10 16:00:00,0.9064,0.909,0.9049,0.9084,13746,-0.016137343,-0.016137343,0.0,8341.479999999985,320,436,2,0.9085,0.9093,0.0,0.0
2020-09-10 20:00:00,0.9084,0.911,0.9078,0.9105,9554,-0.56356466,-0.56356466,0.0,8341.479999999985,320,436,2,0.9085,0.9093,0.0,0.0
2020-09-11 00:00:00,0.9104,0.9108,0.9095,0.9098,1890,0.5131618,0.5131618,0.0,8159.709999999985,320,437,0,0.0,0.0,0.0,-181.77
2020-09-11 04:00:00,0.9098,0.9102,0.9095,0.9098,2274,-1.0,-1.0,0.0,8159.709999999985,320,437,2,0.9098,0.9112,0.0,0.0
2020-09-11 08:00:00,0.9098,0.9106,0.9084,0.9086,5566,-0.42878985,-0.42878985,0.0,8159.709999999985,320,437,2,0.9098,0.9112,0.0,0.0
2020-09-11 12:00:00,0.9086,0.9102,0.9079,0.9092,6318,1.0,1.0,0.0,8266.159999999985,321,437,0,0.0,0.0,0.0,106.45
2020-09-11 16:00:00,0.9092,0.9097,0.9082,0.9092,8451,-0.25355,-0.25355,0.0,8266.159999999985,321,437,0,0.9098,0.9082,0.0,0.0
2020-09-11 20:00:00,0.9092,0.9099,0.9087,0.9088,3695,0.7152848,0.7152848,0.0,8266.159999999985,321,437,1,0.9088,0.908,0.0,0.0
2020-09-14 00:00:00,0.9088,0.9098,0.9083,0.9097,1971,-0.46875593,-0.46875593,0.0,8266.159999999985,321,437,1,0.9088,0.908,0.0,0.0
2020-09-14 04:00:00,0.9098,0.9098,0.9085,0.9087,2495,0.61439013,0.61439013,0.0,8266.159999999985,321,437,1,0.9088,0.908,0.0,0.0
2020-09-14 08:00:00,0.9087,0.9092,0.9072,0.9078,5215,0.7902441,0.7902441,0.0,8266.159999999985,321,437,1,0.9088,0.908,0.0,0.0
2020-09-14 12:00:00,0.9078,0.909,0.9062,0.9068,6256,-0.4736422,-0.4736422,0.0,8176.359999999985,321,438,0,0.0,0.0,0.0,-89.8
2020-09-14 16:00:00,0.9068,0.9078,0.9058,0.9075,8473,1.0,1.0,0.0,8176.359999999985,321,438,1,0.9075,0.905,0.0,0.0
2020-09-14 20:00:00,0.9075,0.9085,0.9073,0.9082,3946,-1.0,-1.0,0.0,8176.359999999985,321,438,1,0.9075,0.905,0.0,0.0
2020-09-15 00:00:00,0.9082,0.9088,0.9077,0.9083,2026,0.54864794,0.54864794,0.0,8176.359999999985,321,438,1,0.9075,0.905,0.0,0.0
2020-09-15 04:00:00,0.9083,0.9085,0.9066,0.9068,3159,-1.0,-1.0,0.0,8247.439999999986,322,438,0,0.0,0.0,0.0,71.08
2020-09-15 08:00:00,0.9068,0.9071,0.9054,0.9061,5008,1.0,1.0,0.0,8247.439999999986,322,438,1,0.9061,0.9053,0.0,0.0
2020-09-15 12:00:00,0.9061,0.9076,0.9051,0.9067,6094,-1.0,-1.0,0.0,8247.439999999986,322,438,1,0.9061,0.9053,0.0,0.0
2020-09-15 16:00:00,0.9067,0.9086,0.9061,0.9081,7271,0.25989285,0.25989285,0.0,8247.439999999986,322,438,1,0.9061,0.9053,0.0,0.0
2020-09-15 20:00:00,0.9081,0.9086,0.9078,0.908,3315,0.19691968,0.19691968,0.0,8247.439999999986,322,438,1,0.9061,0.9053,0.0,0.0
2020-09-16 00:00:00,0.908,0.9093,0.9077,0.9091,2949,0.21846585,0.21846585,0.0,8247.439999999986,322,438,1,0.9061,0.9053,0.0,0.0
2020-09-16 04:00:00,0.9091,0.9094,0.9078,0.9078,2793,-0.16033162,-0.16033162,0.0,8247.439999999986,322,438,1,0.9061,0.9053,0.0,0.0
2020-09-16 08:00:00,0.9078,0.9084,0.9063,0.907,3766,-0.10101279,-0.10101279,0.0,8247.439999999986,322,438,1,0.9061,0.9053,0.0,0.0
2020-09-16 12:00:00,0.907,0.9078,0.9055,0.9069,6107,0.70190835,0.70190835,0.0,8247.439999999986,322,438,1,0.9061,0.9053,0.0,0.0
2020-09-16 16:00:00,0.9069,0.9093,0.9058,0.9081,9240,-0.36212477,-0.36212477,0.0,8247.439999999986,322,438,1,0.9061,0.9053,0.0,0.0
2020-09-16 20:00:00,0.9081,0.911,0.9063,0.9093,15320,-0.82447004,-0.82447004,0.0,8426.669999999986,323,438,0,0.0,0.0,0.0,179.23
2020-09-17 00:00:00,0.9093,0.9122,0.9084,0.9119,3191,0.103687026,0.103687026,0.0,8426.669999999986,323,438,0,0.9119,0.9111,0.0,0.0
2020-09-17 04:00:00,0.9119,0.914,0.9109,0.913,6248,0.8636168,0.8636168,0.0,8426.669999999986,323,438,1,0.913,0.9122,0.0,0.0
2020-09-17 08:00:00,0.913,0.9134,0.91,0.9106,9351,0.50019383,0.50019383,0.0,8426.669999999986,323,438,1,0.913,0.9122,0.0,0.0
2020-09-17 12:00:00,0.9106,0.9123,0.9096,0.9098,8490,1.0,1.0,0.0,8206.299999999985,323,439,0,0.0,0.0,0.0,-220.37
2020-09-17 16:00:00,0.9098,0.9113,0.9092,0.9098,9684,0.97770053,0.97770053,0.0,8206.299999999985,323,439,1,0.9098,0.908,0.0,0.0
2020-09-17 20:00:00,0.9098,0.9101,0.908,0.9081,3979,-0.55694914,-0.55694914,0.0,8206.299999999985,323,439,1,0.9098,0.908,0.0,0.0
2020-09-18 00:00:00,0.9081,0.9084,0.9076,0.9081,2243,-0.1279366,-0.1279366,0.0,8206.299999999985,323,439,1,0.9098,0.908,0.0,0.0
2020-09-18 04:00:00,0.9081,0.9089,0.9077,0.9084,2704,-0.095569976,-0.095569976,0.0,8206.299999999985,323,439,1,0.9098,0.908,0.0,0.0
2020-09-18 08:00:00,0.9084,0.9089,0.9075,0.9084,5512,-0.13062313,-0.13062313,0.0,8206.299999999985,323,439,1,0.9098,0.908,0.0,0.0
2020-09-18 12:00:00,0.9084,0.9107,0.9076,0.9094,7127,0.039832767,0.039832767,0.0,8206.299999999985,323,439,1,0.9098,0.908,0.0,0.0
2020-09-18 16:00:00,0.9094,0.9113,0.9088,0.9092,8323,-0.2013705,-0.2013705,0.0,8206.299999999985,323,439,1,0.9098,0.908,0.0,0.0
2020-09-18 20:00:00,0.9092,0.9113,0.9091,0.9112,4848,1.0,1.0,0.0,8206.299999999985,323,439,1,0.9098,0.908,0.0,0.0
2020-09-21 00:00:00,0.9102,0.9114,0.9097,0.9103,2095,-0.89090824,-0.89090824,0.0,8331.559999999985,324,439,0,0.0,0.0,0.0,125.26
2020-09-21 04:00:00,0.9103,0.9107,0.9095,0.9098,2169,1.0,1.0,0.0,8331.559999999985,324,439,1,0.9098,0.9073,0.0,0.0
2020-09-21 08:00:00,0.9098,0.9138,0.9087,0.9135,7876,-0.65536934,-0.65536934,0.0,8331.559999999985,324,439,1,0.9098,0.9073,0.0,0.0
2020-09-21 12:00:00,0.9135,0.9154,0.9123,0.9142,8405,-1.0,-1.0,0.0,8668.509999999986,325,439,0,0.0,0.0,0.0,336.95
2020-09-21 16:00:00,0.9142,0.9171,0.9133,0.9161,11140,-1.0,-1.0,0.0,8668.509999999986,325,439,2,0.9161,0.9169,0.0,0.0
2020-09-21 20:00:00,0.9161,0.9164,0.9141,0.9144,3923,1.0,1.0,0.0,8668.509999999986,325,439,2,0.9161,0.9169,0.0,0.0
2020-09-22 00:00:00,0.9144,0.916,0.9136,0.915,2637,-0.9749964,-0.9749964,0.0,8668.509999999986,325,439,2,0.9161,0.9169,0.0,0.0
2020-09-22 04:00:00,0.915,0.9158,0.9143,0.9144,2962,0.08514912,0.08514912,0.0,8668.509999999986,325,439,2,0.9161,0.9169,0.0,0.0
2020-09-22 08:00:00,0.9144,0.9173,0.9144,0.9154,8537,-0.76183504,-0.76183504,0.0,8668.509999999986,325,439,2,0.9161,0.9169,0.0,0.0
2020-09-22 12:00:00,0.9154,0.917,0.9136,0.9154,8917,0.21096416,0.21096416,0.0,8668.509999999986,325,439,2,0.9161,0.9169,0.0,0.0
2020-09-22 16:00:00,0.9154,0.9208,0.9147,0.9205,10957,-1.0,-1.0,0.0,8668.509999999986,325,439,2,0.9161,0.9169,0.0,0.0
2020-09-22 20:00:00,0.9205,0.9206,0.9191,0.9197,3987,0.19990449,0.19990449,0.0,8248.389999999985,325,440,0,0.0,0.0,0.0,-420.12
2020-09-23 00:00:00,0.9198,0.9216,0.9189,0.9211,3175,-0.71246046,-0.71246046,0.0,8248.389999999985,325,440,2,0.9211,0.9236,0.0,0.0
2020-09-23 04:00:00,0.9211,0.9218,0.9206,0.9213,5328,0.2236844,0.2236844,0.0,8248.389999999985,325,440,2,0.9211,0.9236,0.0,0.0
2020-09-23 08:00:00,0.9213,0.9223,0.9198,0.9199,7590,0.3896008,0.3896008,0.0,8248.389999999985,325,440,2,0.9211,0.9236,0.0,0.0
2020-09-23 12:00:00,0.9199,0.9216,0.919,0.9211,6990,0.027306907,0.027306907,0.0,8248.389999999985,325,440,2,0.9211,0.9236,0.0,0.0
2020-09-23 16:00:00,0.9211,0.9243,0.9206,0.9227,9980,-0.18851632,-0.18851632,0.0,8248.389999999985,325,440,2,0.9211,0.9236,0.0,0.0
2020-09-23 20:00:00,0.9227,0.9243,0.9227,0.9238,5425,0.84814084,0.84814084,0.0,8102.669999999985,325,441,0,0.0,0.0,0.0,-145.72
2020-09-24 00:00:00,0.9238,0.9245,0.9216,0.9221,3725,0.16715166,0.16715166,0.0,8102.669999999985,325,441,0,0.9238,0.9246,0.0,0.0
2020-09-24 04:00:00,0.9221,0.9235,0.9216,0.9234,3587,-1.0,-1.0,0.0,8102.669999999985,325,441,2,0.9234,0.9242,0.0,0.0
2020-09-24 08:00:00,0.9234,0.9257,0.9232,0.9247,6991,-1.0,-1.0,0.0,8102.669999999985,325,441,2,0.9234,0.9242,0.0,0.0
2020-09-24 12:00:00,0.9247,0.9269,0.9242,0.9257,8316,0.38950014,0.38950014,0.0,7986.109999999984,325,442,0,0.0,0.0,0.0,-116.56
2020-09-24 16:00:00,0.9257,0.928,0.9252,0.9263,12037,-0.11318803,-0.11318803,0.0,7986.109999999984,325,442,0,0.9263,0.9288,0.0,0.0
2020-09-24 20:00:00,0.9263,0.9273,0.9249,0.9266,6423,1.0,1.0,0.0,7986.109999999984,325,442,1,0.9266,0.9258,0.0,0.0
2020-09-25 00:00:00,0.9266,0.9272,0.9256,0.9271,2668,1.0,1.0,0.0,7986.109999999984,325,442,1,0.9266,0.9258,0.0,0.0
2020-09-25 04:00:00,0.9271,0.9276,0.9264,0.9264,2113,0.8497015,0.8497015,0.0,7986.109999999984,325,442,1,0.9266,0.9258,0.0,0.0
2020-09-25 08:00:00,0.9264,0.927,0.9251,0.9269,5542,-1.0,-1.0,0.0,7968.389999999984,325,443,0,0.0,0.0,0.0,-17.72
2020-09-25 12:00:00,0.9269,0.9286,0.9268,0.9278,6957,-0.52855426,-0.52855426,0.0,7968.389999999984,325,443,2,0.9278,0.9286,0.0,0.0
2020-09-25 16:00:00,0.9278,0.9296,0.9278,0.9293,8238,0.8567595,0.8567595,0.0,7968.389999999984,325,443,2,0.9278,0.9286,0.0,0.0
2020-09-25 20:00:00,0.9293,0.9296,0.9282,0.9289,3694,0.43078268,0.43078268,0.0,7835.469999999984,325,444,0,0.0,0.0,0.0,-132.92
2020-09-28 00:00:00,0.9283,0.9293,0.9279,0.9291,2570,1.0,1.0,0.0,7835.469999999984,325,444,1,0.9291,0.9266,0.0,0.0
2020-09-28 04:00:00,0.9291,0.9292,0.9283,0.9286,2272,0.23008633,0.23008633,0.0,7835.469999999984,325,444,1,0.9291,0.9266,0.0,0.0
2020-09-28 08:00:00,0.9286,0.9295,0.9268,0.9269,5416,-0.2994168,-0.2994168,0.0,7835.469999999984,325,444,1,0.9291,0.9266,0.0,0.0
2020-09-28 12:00:00,0.9269,0.9275,0.9255,0.9272,6120,0.78315824,0.78315824,0.0,7835.469999999984,325,444,1,0.9291,0.9266,0.0,0.0
2020-09-28 16:00:00,0.9272,0.9287,0.9242,0.9245,7734,0.888291,0.888291,0.0,7835.469999999984,325,444,1,0.9291,0.9266,0.0,0.0
2020-09-28 20:00:00,0.9245,0.9249,0.924,0.924,3279,0.7460817,0.7460817,0.0,7436.739999999983,325,445,0,0.0,0.0,0.0,-398.73
2020-09-29 00:00:00,0.9239,0.925,0.9233,0.924,2262,-1.0,-1.0,0.0,7436.739999999983,325,445,2,0.924,0.9248,0.0,0.0
2020-09-29 04:00:00,0.924,0.9244,0.9237,0.924,2263,-0.73368824,-0.73368824,0.0,7436.739999999983,325,445,2,0.924,0.9248,0.0,0.0
2020-09-29 08:00:00,0.924,0.9247,0.9229,0.923,5509,0.99608576,0.99608576,0.0,7436.729999999983,325,446,0,0.0,0.0,0.0,-0.01
2020-09-29 12:00:00,0.923,0.9234,0.9214,0.9218,5750,-0.33478978,-0.33478978,0.0,7436.729999999983,325,446,0,0.9218,0.9234,0.0,0.0
2020-09-29 16:00:00,0.9218,0.9224,0.919,0.9194,9802,-1.0,-1.0,0.0,7436.729999999983,325,446,2,0.9194,0.9202,0.0,0.0
2020-09-29 20:00:00,0.9194,0.92,0.9189,0.9194,4134,-0.4626787,-0.4626787,0.0,7436.729999999983,325,446,2,0.9194,0.9202,0.0,0.0
2020-09-30 00:00:00,0.9194,0.9204,0.919,0.9201,1884,-1.0,-1.0,0.0,7436.729999999983,325,446,2,0.9194,0.9202,0.0,0.0
2020-09-30 04:00:00,0.9201,0.9216,0.9195,0.921,4013,0.84767044,0.84767044,0.0,7379.4099999999835,325,447,0,0.0,0.0,0.0,-57.32
2020-09-30 08:00:00,0.921,0.9231,0.9205,0.9231,8497,-1.0,-1.0,0.0,7379.4099999999835,325,447,2,0.9231,0.924,0.0,0.0
2020-09-30 12:00:00,0.9231,0.9238,0.9215,0.9226,8575,0.024712063,0.024712063,0.0,7379.4099999999835,325,447,2,0.9231,0.924,0.0,0.0
2020-09-30 16:00:00,0.9227,0.9244,0.9162,0.9214,15082,-0.11176141,-0.11176141,0.0,7379.4099999999835,325,447,2,0.9231,0.924,0.0,0.0
2020-09-30 20:00:00,0.9214,0.9223,0.9204,0.9208,7618,1.0,1.0,0.0,7517.709999999984,326,447,0,0.0,0.0,0.0,138.3
2020-10-01 00:00:00,0.9208,0.9214,0.92,0.9213,2027,-1.0,-1.0,0.0,7517.709999999984,326,447,2,0.9213,0.9238,0.0,0.0
2020-10-01 04:00:00,0.9213,0.9214,0.9192,0.9193,3602,-1.0,-1.0,0.0,7517.709999999984,326,447,2,0.9213,0.9238,0.0,0.0
2020-10-01 08:00:00,0.9193,0.9209,0.9186,0.9195,7549,-0.3829876,-0.3829876,0.0,7517.709999999984,326,447,2,0.9213,0.9238,0.0,0.0
2020-10-01 12:00:00,0.9195,0.9195,0.9164,0.9176,8783,0.041440558,0.041440558,0.0,7517.709999999984,326,447,2,0.9213,0.9238,0.0,0.0
2020-10-01 16:00:00,0.9176,0.9199,0.9173,0.9187,12485,-0.99885935,-0.99885935,0.0,7517.709999999984,326,447,2,0.9213,0.9238,0.0,0.0
2020-10-01 20:00:00,0.9187,0.9192,0.9182,0.9185,4974,0.17765048,0.17765048,0.0,7517.709999999984,326,447,2,0.9213,0.9238,0.0,0.0
2020-10-02 00:00:00,0.9187,0.9197,0.9178,0.9195,2347,1.0,1.0,0.0,7749.049999999984,327,447,0,0.0,0.0,0.0,231.34
2020-10-02 04:00:00,0.9195,0.9213,0.9194,0.9211,2981,-1.0,-1.0,0.0,7749.049999999984,327,447,2,0.9211,0.9236,0.0,0.0
2020-10-02 08:00:00,0.9211,0.9214,0.9181,0.9212,13728,-0.5762298,-0.5762298,0.0,7749.049999999984,327,447,2,0.9211,0.9236,0.0,0.0
2020-10-02 12:00:00,0.9212,0.9218,0.9194,0.9211,8051,-0.38653398,-0.38653398,0.0,7749.049999999984,327,447,2,0.9211,0.9236,0.0,0.0
2020-10-02 16:00:00,0.9211,0.9217,0.9196,0.9202,12055,0.1685839,0.1685839,0.0,7749.049999999984,327,447,2,0.9211,0.9236,0.0,0.0
2020-10-02 20:00:00,0.9202,0.921,0.9199,0.9205,5747,0.2686547,0.2686547,0.0,7749.049999999984,327,447,2,0.9211,0.9236,0.0,0.0
2020-10-05 00:00:00,0.9194,0.92,0.9162,0.9179,4092,-0.5931287,-0.5931287,0.0,7749.049999999984,327,447,2,0.9211,0.9236,0.0,0.0
2020-10-05 04:00:00,0.9179,0.9183,0.9164,0.9173,2554,-0.90835387,-0.90835387,0.0,7749.049999999984,327,447,2,0.9211,0.9236,0.0,0.0
2020-10-05 08:00:00,0.9173,0.9183,0.9163,0.9165,5830,-0.5697181,-0.5697181,0.0,7749.049999999984,327,447,2,0.9211,0.9236,0.0,0.0
2020-10-05 12:00:00,0.9165,0.9171,0.9156,0.9163,4985,-0.7288749,-0.7288749,0.0,7749.049999999984,327,447,2,0.9211,0.9236,0.0,0.0
2020-10-05 16:00:00,0.9163,0.9164,0.9145,0.9155,7459,0.5300767,0.5300767,0.0,8156.859999999984,328,447,0,0.0,0.0,0.0,407.81
2020-10-05 20:00:00,0.9155,0.9163,0.9146,0.915,3799,1.0,1.0,0.0,8156.859999999984,328,447,1,0.915,0.9142,0.0,0.0
2020-10-06 00:00:00,0.915,0.9155,0.9146,0.9148,2162,1.0,1.0,0.0,8156.859999999984,328,447,1,0.915,0.9142,0.0,0.0
2020-10-06 04:00:00,0.9148,0.9154,0.9143,0.9149,2228,-0.20433944,-0.20433944,0.0,8156.859999999984,328,447,1,0.915,0.9142,0.0,0.0
2020-10-06 08:00:00,0.9149,0.9153,0.9138,0.9148,5135,-0.44610572,-0.44610572,0.0,8156.859999999984,328,447,1,0.915,0.9142,0.0,0.0
2020-10-06 12:00:00,0.9148,0.9152,0.9133,0.9145,6064,-0.06406845,-0.06406845,0.0,8156.859999999984,328,447,1,0.915,0.9142,0.0,0.0
2020-10-06 16:00:00,0.9145,0.9156,0.9133,0.915,7376,-1.0,-1.0,0.0,8112.219999999984,328,448,0,0.0,0.0,0.0,-44.64
2020-10-06 20:00:00,0.915,0.918,0.9145,0.9177,8499,-0.362229,-0.362229,0.0,8112.219999999984,328,448,0,0.915,0.9125,0.0,0.0
2020-10-07 00:00:00,0.9177,0.9183,0.9174,0.9179,2206,0.2858283,0.2858283,0.0,8112.219999999984,328,448,0,0.0,0.0,0.0,0.0
2020-10-07 04:00:00,0.9179,0.9185,0.9177,0.918,2368,0.07227804,0.07227804,0.0,8112.219999999984,328,448,0,0.918,0.9188,0.0,0.0
2020-10-07 08:00:00,0.918,0.9183,0.916,0.9175,6018,-1.0,-1.0,0.0,8112.219999999984,328,448,2,0.9175,0.9183,0.0,0.0
2020-10-07 12:00:00,0.9175,0.9183,0.9159,0.9161,5906,0.119555354,0.119555354,0.0,8112.219999999984,328,448,2,0.9175,0.9183,0.0,0.0
2020-10-07 16:00:00,0.9161,0.9176,0.9159,0.9164,7473,1.0,1.0,0.0,8236.709999999985,329,448,0,0.0,0.0,0.0,124.49
2020-10-07 20:00:00,0.9164,0.9176,0.9163,0.9172,3955,0.3332927,0.3332927,0.0,8236.709999999985,329,448,0,0.9164,0.9155,0.0,0.0
2020-10-08 00:00:00,0.9173,0.9175,0.9162,0.917,2142,0.83111244,0.83111244,0.0,8236.709999999985,329,448,1,0.917,0.9145,0.0,0.0
2020-10-08 04:00:00,0.917,0.9172,0.9166,0.9169,1892,-1.0,-1.0,0.0,8236.709999999985,329,448,1,0.917,0.9145,0.0,0.0
2020-10-08 08:00:00,0.9169,0.918,0.9157,0.9177,4742,1.0,1.0,0.0,8236.709999999985,329,448,1,0.917,0.9145,0.0,0.0
2020-10-08 12:00:00,0.9177,0.9185,0.9167,0.918,5357,-1.0,-1.0,0.0,8300.009999999984,330,448,0,0.0,0.0,0.0,63.3
2020-10-08 16:00:00,0.918,0.9197,0.9172,0.9177,6902,0.04334277,0.04334277,0.0,8300.009999999984,330,448,0,0.0,0.0,0.0,0.0
2020-10-08 20:00:00,0.9177,0.9177,0.9168,0.9169,3188,0.6366485,0.6366485,0.0,8300.009999999984,330,448,1,0.9169,0.9152,0.0,0.0
2020-10-09 00:00:00,0.9169,0.9173,0.9166,0.9167,1894,-0.7508922,-0.7508922,0.0,8300.009999999984,330,448,1,0.9169,0.9152,0.0,0.0
2020-10-09 04:00:00,0.9167,0.9167,0.9152,0.9155,1866,-0.541758,-0.541758,0.0,8300.009999999984,330,448,1,0.9169,0.9152,0.0,0.0
2020-10-09 08:00:00,0.9155,0.9162,0.9126,0.9127,4274,-1.0,-1.0,0.0,8172.709999999984,330,449,0,0.0,0.0,0.0,-127.3
2020-10-09 12:00:00,0.9127,0.9136,0.9119,0.912,4722,-0.3216875,-0.3216875,0.0,8172.709999999984,330,449,0,0.9167,0.9191,0.0,0.0
2020-10-09 16:00:00,0.912,0.9128,0.9097,0.9099,6890,1.0,1.0,0.0,8172.709999999984,330,449,1,0.9099,0.9085,0.0,0.0
2020-10-09 20:00:00,0.9099,0.9103,0.9094,0.9096,2846,0.8887433,0.8887433,0.0,8172.709999999984,330,449,1,0.9099,0.9085,0.0,0.0
2020-10-12 00:00:00,0.9104,0.9109,0.9099,0.9107,2163,-0.5652775,-0.5652775,0.0,8172.709999999984,330,449,1,0.9099,0.9085,0.0,0.0
2020-10-12 04:00:00,0.9107,0.911,0.9098,0.9105,2482,0.71527195,0.71527195,0.0,8172.709999999984,330,449,1,0.9099,0.9085,0.0,0.0
2020-10-12 08:00:00,0.9105,0.9124,0.9098,0.9108,4738,-1.0,-1.0,0.0,8226.119999999984,331,449,0,0.0,0.0,0.0,53.41
2020-10-12 12:00:00,0.9108,0.912,0.9095,0.9097,5065,-0.25306317,-0.25306317,0.0,8226.119999999984,331,449,0,0.9097,0.9105,0.0,0.0
2020-10-12 16:00:00,0.9097,0.9101,0.9087,0.9092,4867,0.8416394,0.8416394,0.0,8226.119999999984,331,449,1,0.9092,0.9077,0.0,0.0
2020-10-12 20:00:00,0.9092,0.9097,0.9087,0.9087,2516,-0.7513212,-0.7513212,0.0,8226.119999999984,331,449,1,0.9092,0.9077,0.0,0.0
2020-10-13 00:00:00,0.9087,0.9103,0.9087,0.9099,2308,-0.23869577,-0.23869577,0.0,8226.119999999984,331,449,1,0.9092,0.9077,0.0,0.0
2020-10-13 04:00:00,0.9099,0.9101,0.9093,0.9094,2466,-0.5037985,-0.5037985,0.0,8226.119999999984,331,449,1,0.9092,0.9077,0.0,0.0
2020-10-13 08:00:00,0.9094,0.9112,0.9092,0.9103,5090,0.7015721,0.7015721,0.0,8226.119999999984,331,449,1,0.9092,0.9077,0.0,0.0
2020-10-13 12:00:00,0.9103,0.9115,0.9096,0.9104,4803,-0.44800612,-0.44800612,0.0,8226.119999999984,331,449,1,0.9092,0.9077,0.0,0.0
2020-10-13 16:00:00,0.9104,0.9154,0.9104,0.9151,7455,0.3196159,0.3196159,0.0,8226.119999999984,331,449,1,0.9092,0.9077,0.0,0.0
2020-10-13 20:00:00,0.9151,0.9155,0.9143,0.9149,3022,-1.0,-1.0,0.0,8757.549999999985,332,449,0,0.0,0.0,0.0,531.43
2020-10-14 00:00:00,0.915,0.9154,0.914,0.9151,1837,0.95005095,0.95005095,0.0,8757.549999999985,332,449,1,0.9151,0.9126,0.0,0.0
2020-10-14 04:00:00,0.9151,0.9156,0.9146,0.9149,3510,-0.9829809,-0.9829809,0.0,8757.549999999985,332,449,1,0.9151,0.9126,0.0,0.0
2020-10-14 08:00:00,0.9149,0.9153,0.9132,0.9143,4208,-0.6908432,-0.6908432,0.0,8757.549999999985,332,449,1,0.9151,0.9126,0.0,0.0
2020-10-14 12:00:00,0.9143,0.9163,0.9125,0.9129,5526,0.5440425,0.5440425,0.0,8757.549999999985,332,449,1,0.9151,0.9126,0.0,0.0
2020-10-14 16:00:00,0.9129,0.9142,0.9113,0.9129,6158,0.7385828,0.7385828,0.0,8757.549999999985,332,449,1,0.9151,0.9126,0.0,0.0
2020-10-14 20:00:00,0.9129,0.9139,0.9124,0.9139,3413,1.0,1.0,0.0,8757.549999999985,332,449,1,0.9151,0.9126,0.0,0.0
2020-10-15 00:00:00,0.9139,0.9139,0.9127,0.9132,2396,-1.0,-1.0,0.0,8642.619999999984,332,450,0,0.0,0.0,0.0,-114.93
2020-10-15 04:00:00,0.9132,0.9138,0.9129,0.913,2480,0.86356795,0.86356795,0.0,8642.619999999984,332,450,1,0.913,0.9117,0.0,0.0
2020-10-15 08:00:00,0.913,0.9155,0.9126,0.9154,5209,-1.0,-1.0,0.0,8642.619999999984,332,450,1,0.913,0.9117,0.0,0.0
2020-10-15 12:00:00,0.9154,0.9155,0.9133,0.9141,6247,-0.59984845,-0.59984845,0.0,8642.619999999984,332,450,1,0.913,0.9117,0.0,0.0
2020-10-15 16:00:00,0.9141,0.9151,0.9136,0.9146,8060,-0.7698823,-0.7698823,0.0,8746.599999999984,333,450,0,0.0,0.0,0.0,103.98
2020-10-15 20:00:00,0.9146,0.9155,0.9141,0.9148,3084,-0.7778297,-0.7778297,0.0,8746.599999999984,333,450,2,0.9148,0.9156,0.0,0.0
2020-10-16 00:00:00,0.9145,0.915,0.9134,0.9142,2330,-0.6506489,-0.6506489,0.0,8746.599999999984,333,450,2,0.9148,0.9156,0.0,0.0
2020-10-16 04:00:00,0.9142,0.9152,0.914,0.915,2353,-0.62347746,-0.62347746,0.0,8746.599999999984,333,450,2,0.9148,0.9156,0.0,0.0
2020-10-16 08:00:00,0.915,0.9158,0.9145,0.9155,4300,-0.3381336,-0.3381336,0.0,8746.599999999984,333,450,2,0.9148,0.9156,0.0,0.0
2020-10-16 12:00:00,0.9155,0.9162,0.9123,0.9131,6766,0.29193723,0.29193723,0.0,8746.599999999984,333,450,2,0.9148,0.9156,0.0,0.0
2020-10-16 16:00:00,0.9131,0.9155,0.913,0.9153,6878,-0.17448144,-0.17448144,0.0,8746.599999999984,333,450,2,0.9148,0.9156,0.0,0.0
2020-10-16 20:00:00,0.9153,0.9156,0.9148,0.9149,3510,-0.8393654,-0.8393654,0.0,8746.599999999984,333,450,2,0.9148,0.9156,0.0,0.0
2020-10-19 00:00:00,0.9145,0.9153,0.9145,0.9149,1623,-1.0,-1.0,0.0,8746.599999999984,333,450,2,0.9148,0.9156,0.0,0.0
2020-10-19 04:00:00,0.9149,0.9159,0.9147,0.9159,2317,0.7679137,0.7679137,0.0,8737.009999999984,333,451,0,0.0,0.0,0.0,-9.59
2020-10-19 08:00:00,0.9159,0.9165,0.913,0.9131,3803,0.10648615,0.10648615,0.0,8737.009999999984,333,451,0,0.9131,0.9143,0.0,0.0
2020-10-19 12:00:00,0.9131,0.9133,0.9096,0.9099,5177,-1.0,-1.0,0.0,8737.009999999984,333,451,2,0.9099,0.9107,0.0,0.0
2020-10-19 16:00:00,0.9099,0.9106,0.909,0.9094,5897,-0.0027906327,-0.0027906327,0.0,8737.009999999984,333,451,2,0.9099,0.9107,0.0,0.0
2020-10-19 20:00:00,0.9094,0.9105,0.909,0.9096,2589,-0.123046994,-0.123046994,0.0,8737.009999999984,333,451,2,0.9099,0.9107,0.0,0.0
2020-10-20 00:00:00,0.9096,0.9107,0.9095,0.9099,1777,1.0,1.0,0.0,8765.529999999984,334,451,0,0.0,0.0,0.0,28.52
2020-10-20 04:00:00,0.9099,0.9109,0.9096,0.9097,2060,-1.0,-1.0,0.0,8765.529999999984,334,451,2,0.9097,0.9121,0.0,0.0
2020-10-20 08:00:00,0.9097,0.911,0.9083,0.9092,5597,-0.5286645,-0.5286645,0.0,8765.529999999984,334,451,2,0.9097,0.9121,0.0,0.0
2020-10-20 12:00:00,0.9092,0.9093,0.907,0.9079,5770,-1.0,-1.0,0.0,8765.529999999984,334,451,2,0.9097,0.9121,0.0,0.0
2020-10-20 16:00:00,0.9079,0.9081,0.9055,0.9071,6751,-0.6854328,-0.6854328,0.0,8765.529999999984,334,451,2,0.9097,0.9121,0.0,0.0
2020-10-20 20:00:00,0.907,0.9072,0.9064,0.907,3133,0.010445108,0.010445108,0.0,8765.529999999984,334,451,2,0.9097,0.9121,0.0,0.0
2020-10-21 00:00:00,0.9069,0.907,0.9063,0.9064,1746,1.0,1.0,0.0,9022.379999999985,335,451,0,0.0,0.0,0.0,256.85
2020-10-21 04:00:00,0.9064,0.9066,0.9056,0.9059,2480,-0.43379542,-0.43379542,0.0,9022.379999999985,335,451,0,0.9059,0.9034,0.0,0.0
2020-10-21 08:00:00,0.9059,0.9062,0.9032,0.9042,6688,-1.0,-1.0,0.0,9022.379999999985,335,451,2,0.9042,0.905,0.0,0.0
2020-10-21 12:00:00,0.9042,0.905,0.9032,0.9036,6861,1.0,1.0,0.0,9022.379999999985,335,451,2,0.9042,0.905,0.0,0.0
2020-10-21 16:00:00,0.9036,0.9051,0.903,0.9043,8152,0.27658093,0.27658093,0.0,9022.379999999985,335,451,2,0.9042,0.905,0.0,0.0
2020-10-21 20:00:00,0.9043,0.9056,0.9041,0.9053,3168,-0.5856216,-0.5856216,0.0,9022.379999999985,335,451,2,0.9042,0.905,0.0,0.0
2020-10-22 00:00:00,0.9053,0.9066,0.9041,0.9065,3118,-0.24670216,-0.24670216,0.0,8914.859999999984,335,452,0,0.0,0.0,0.0,-107.52
2020-10-22 04:00:00,0.9065,0.9071,0.9061,0.9064,1941,-0.069449544,-0.069449544,0.0,8914.859999999984,335,452,0,0.9053,0.9045,0.0,0.0
2020-10-22 08:00:00,0.9064,0.9072,0.9054,0.9068,5722,-0.9587812,-0.9587812,0.0,8914.859999999984,335,452,2,0.9068,0.9076,0.0,0.0
2020-10-22 12:00:00,0.9068,0.908,0.9064,0.9066,6564,-0.5813619,-0.5813619,0.0,8914.859999999984,335,452,2,0.9068,0.9076,0.0,0.0
2020-10-22 16:00:00,0.9066,0.9077,0.9062,0.9072,6517,0.12533484,0.12533484,0.0,8914.859999999984,335,452,2,0.9068,0.9076,0.0,0.0
2020-10-22 20:00:00,0.9072,0.9076,0.9067,0.907,2320,-0.60794216,-0.60794216,0.0,8914.859999999984,335,452,2,0.9068,0.9076,0.0,0.0
2020-10-23 00:00:00,0.907,0.9092,0.9067,0.9079,3628,-1.0,-1.0,0.0,8914.859999999984,335,452,2,0.9068,0.9076,0.0,0.0
2020-10-23 04:00:00,0.908,0.9081,0.907,0.9076,1990,1.0,1.0,0.0,8808.319999999983,335,453,0,0.0,0.0,0.0,-106.54
2020-10-23 08:00:00,0.9076,0.9081,0.9045,0.9047,5065,-0.3145,-0.3145,0.0,8808.319999999983,335,453,0,0.9053,0.9045,0.0,0.0
2020-10-23 12:00:00,0.9047,0.9051,0.9034,0.9037,5161,-0.25879824,-0.25879824,0.0,8808.319999999983,335,453,0,0.9053,0.9045,0.0,0.0
2020-10-23 16:00:00,0.9037,0.907,0.9034,0.9053,6680,1.0,1.0,0.0,8808.319999999983,335,453,1,0.9053,0.9045,0.0,0.0
2020-10-23 20:00:00,0.9053,0.9053,0.9038,0.9041,2513,-0.08966232,-0.08966232,0.0,8808.319999999983,335,453,1,0.9053,0.9045,0.0,0.0
2020-10-26 00:00:00,0.9042,0.9052,0.904,0.9048,3380,0.36909875,0.36909875,0.0,8693.959999999983,335,454,0,0.0,0.0,0.0,-114.36
2020-10-26 04:00:00,0.9048,0.9052,0.9044,0.9051,2097,-0.7790744,-0.7790744,0.0,8693.959999999983,335,454,2,0.9051,0.9059,0.0,0.0
2020-10-26 08:00:00,0.9051,0.9076,0.9044,0.9069,6795,-0.07513933,-0.07513933,0.0,8693.959999999983,335,454,2,0.9051,0.9059,0.0,0.0
2020-10-26 12:00:00,0.9069,0.9079,0.9062,0.9071,6465,-0.7738417,-0.7738417,0.0,8524.129999999983,335,455,0,0.0,0.0,0.0,-169.83
2020-10-26 16:00:00,0.9071,0.9079,0.9066,0.9071,5621,-1.0,-1.0,0.0,8524.129999999983,335,455,2,0.9071,0.9083,0.0,0.0
2020-10-26 20:00:00,0.9071,0.908,0.9071,0.9077,2729,0.11189533,0.11189533,0.0,8524.129999999983,335,455,2,0.9071,0.9083,0.0,0.0
2020-10-27 00:00:00,0.9077,0.9082,0.9069,0.9071,2447,1.0,1.0,0.0,8468.569999999983,335,456,0,0.0,0.0,0.0,-55.56
2020-10-27 04:00:00,0.9071,0.9072,0.9063,0.9063,1794,-1.0,-1.0,0.0,8468.569999999983,335,456,2,0.9063,0.9071,0.0,0.0
2020-10-27 08:00:00,0.9063,0.9094,0.9061,0.9092,5371,0.8303667,0.8303667,0.0,8468.569999999983,335,456,2,0.9063,0.9071,0.0,0.0
2020-10-27 12:00:00,0.9092,0.9098,0.9065,0.9066,5800,0.37349594,0.37349594,0.0,8201.379999999983,335,457,0,0.0,0.0,0.0,-267.19
2020-10-27 16:00:00,0.9066,0.9078,0.9062,0.9067,5045,-1.0,-1.0,0.0,8201.379999999983,335,457,2,0.9067,0.9082,0.0,0.0
2020-10-27 20:00:00,0.9067,0.9093,0.9065,0.9089,2977,-0.7250408,-0.7250408,0.0,8201.379999999983,335,457,2,0.9067,0.9082,0.0,0.0
2020-10-28 00:00:00,0.9089,0.9099,0.9087,0.9091,3273,0.58073443,0.58073443,0.0,8005.139999999983,335,458,0,0.0,0.0,0.0,-196.24
2020-10-28 04:00:00,0.9091,0.9092,0.9085,0.9089,1989,1.0,1.0,0.0,8005.139999999983,335,458,1,0.9089,0.9064,0.0,0.0
2020-10-28 08:00:00,0.9089,0.9121,0.9089,0.9118,6818,-0.5755407,-0.5755407,0.0,8005.139999999983,335,458,1,0.9089,0.9064,0.0,0.0
2020-10-28 12:00:00,0.9118,0.9128,0.9105,0.9112,8289,-1.0,-1.0,0.0,8258.409999999983,336,458,0,0.0,0.0,0.0,253.27
2020-10-28 16:00:00,0.9112,0.9115,0.9091,0.9098,7395,1.0,1.0,0.0,8258.409999999983,336,458,1,0.9098,0.909,0.0,0.0
2020-10-28 20:00:00,0.9098,0.9105,0.9095,0.9103,2697,0.038535647,0.038535647,0.0,8258.409999999983,336,458,1,0.9098,0.909,0.0,0.0
2020-10-29 00:00:00,0.9103,0.911,0.91,0.9102,2443,-0.023532437,-0.023532437,0.0,8258.409999999983,336,458,1,0.9098,0.909,0.0,0.0
2020-10-29 04:00:00,0.9102,0.9105,0.909,0.9092,2130,-0.7263275,-0.7263275,0.0,8294.379999999983,337,458,0,0.0,0.0,0.0,35.97
2020-10-29 08:00:00,0.9092,0.912,0.9089,0.9118,6558,0.45357174,0.45357174,0.0,8294.379999999983,337,458,0,0.9092,0.9084,0.0,0.0
2020-10-29 12:00:00,0.9118,0.9143,0.9107,0.9138,10876,0.52153397,0.52153397,0.0,8294.379999999983,337,458,1,0.9138,0.913,0.0,0.0
2020-10-29 16:00:00,0.9137,0.9172,0.9135,0.9167,8127,0.2460826,0.2460826,0.0,8294.379999999983,337,458,1,0.9138,0.913,0.0,0.0
2020-10-29 20:00:00,0.9167,0.9168,0.9145,0.9154,3181,1.0,1.0,0.0,8294.379999999983,337,458,1,0.9138,0.913,0.0,0.0
2020-10-30 00:00:00,0.9154,0.916,0.9145,0.9145,2444,0.091749325,0.091749325,0.0,8294.379999999983,337,458,1,0.9138,0.913,0.0,0.0
2020-10-30 04:00:00,0.9145,0.9148,0.9138,0.9142,2644,-1.0,-1.0,0.0,8357.899999999983,338,458,0,0.0,0.0,0.0,63.52
2020-10-30 08:00:00,0.9142,0.9166,0.9141,0.916,7386,-1.0,-1.0,0.0,8357.899999999983,338,458,2,0.916,0.9178,0.0,0.0
2020-10-30 12:00:00,0.916,0.9169,0.914,0.9151,8141,-0.40157896,-0.40157896,0.0,8357.899999999983,338,458,2,0.916,0.9178,0.0,0.0
2020-10-30 16:00:00,0.9151,0.9171,0.9149,0.917,7881,-0.9875929,-0.9875929,0.0,8357.899999999983,338,458,2,0.916,0.9178,0.0,0.0
2020-10-30 20:00:00,0.917,0.9173,0.9165,0.9167,2823,0.18987367,0.18987367,0.0,8357.899999999983,338,458,2,0.916,0.9178,0.0,0.0
2020-11-02 00:00:00,0.9155,0.9174,0.9155,0.917,2459,-0.81202024,-0.81202024,0.0,8357.899999999983,338,458,2,0.916,0.9178,0.0,0.0
2020-11-02 04:00:00,0.917,0.9178,0.9166,0.9173,2037,-0.3884705,-0.3884705,0.0,8357.899999999983,338,458,2,0.916,0.9178,0.0,0.0
2020-11-02 08:00:00,0.9173,0.9188,0.9167,0.9173,6444,1.0,1.0,0.0,8238.629999999983,338,459,0,0.0,0.0,0.0,-119.27
2020-11-02 12:00:00,0.9173,0.9193,0.9168,0.9188,5825,0.492577,0.492577,0.0,8238.629999999983,338,459,0,0.917,0.9178,0.0,0.0
2020-11-02 16:00:00,0.9188,0.9207,0.9188,0.9202,5435,-0.13628796,-0.13628796,0.0,8238.629999999983,338,459,0,0.0,0.0,0.0,0.0
2020-11-02 20:00:00,0.9202,0.9205,0.9185,0.9185,2989,-0.33286828,-0.33286828,0.0,8238.629999999983,338,459,0,0.9185,0.9168,0.0,0.0
2020-11-03 00:00:00,0.9185,0.9192,0.9182,0.9186,1833,-0.09255241,-0.09255241,0.0,8238.629999999983,338,459,0,0.9185,0.9168,0.0,0.0
2020-11-03 04:00:00,0.9186,0.9189,0.918,0.9181,1907,-1.0,-1.0,0.0,8238.629999999983,338,459,2,0.9181,0.9204,0.0,0.0
2020-11-03 08:00:00,0.9181,0.9182,0.9154,0.9155,4627,-1.0,-1.0,0.0,8238.629999999983,338,459,2,0.9181,0.9204,0.0,0.0
2020-11-03 12:00:00,0.9155,0.9162,0.9141,0.9153,4689,0.0010944002,0.0010944002,0.0,8238.629999999983,338,459,2,0.9181,0.9204,0.0,0.0
2020-11-03 16:00:00,0.9153,0.9154,0.9118,0.9128,5867,-0.11999075,-0.11999075,0.0,8238.629999999983,338,459,2,0.9181,0.9204,0.0,0.0
2020-11-03 20:00:00,0.9128,0.9133,0.9117,0.9128,2620,-1.0,-1.0,0.0,8238.629999999983,338,459,2,0.9181,0.9204,0.0,0.0
2020-11-04 00:00:00,0.9127,0.9151,0.9089,0.9144,6613,0.60235953,0.60235953,0.0,8715.539999999983,339,459,0,0.0,0.0,0.0,476.91
2020-11-04 04:00:00,0.9144,0.9196,0.9135,0.9153,9916,0.38747075,0.38747075,0.0,8715.539999999983,339,459,0,0.9153,0.9128,0.0,0.0
2020-11-04 08:00:00,0.9153,0.9172,0.9132,0.9155,9701,-0.6087622,-0.6087622,0.0,8715.539999999983,339,459,2,0.9155,0.9165,0.0,0.0
2020-11-04 12:00:00,0.9155,0.9156,0.9101,0.9116,9331,-1.0,-1.0,0.0,8715.539999999983,339,459,2,0.9155,0.9165,0.0,0.0
2020-11-04 16:00:00,0.9116,0.9136,0.9104,0.9126,10910,-0.08513154,-0.08513154,0.0,8715.539999999983,339,459,2,0.9155,0.9165,0.0,0.0
2020-11-04 20:00:00,0.9126,0.9131,0.9116,0.9116,4469,-0.4293037,-0.4293037,0.0,8715.539999999983,339,459,2,0.9155,0.9165,0.0,0.0
2020-11-05 00:00:00,0.9111,0.9133,0.9099,0.9117,4212,-0.6378999,-0.6378999,0.0,8715.539999999983,339,459,2,0.9155,0.9165,0.0,0.0
2020-11-05 04:00:00,0.9117,0.9126,0.9108,0.9111,3680,0.3769798,0.3769798,0.0,8715.539999999983,339,459,2,0.9155,0.9165,0.0,0.0
2020-11-05 08:00:00,0.9111,0.9118,0.9072,0.9077,9643,-0.17012596,-0.17012596,0.0,8715.539999999983,339,459,2,0.9155,0.9165,0.0,0.0
2020-11-05 12:00:00,0.9077,0.9083,0.9044,0.9056,11139,-0.6581284,-0.6581284,0.0,8715.539999999983,339,459,2,0.9155,0.9165,0.0,0.0
2020-11-05 16:00:00,0.9056,0.9083,0.9056,0.9062,10521,0.3931311,0.3931311,0.0,8715.539999999983,339,459,2,0.9155,0.9165,0.0,0.0
2020-11-05 20:00:00,0.9062,0.9064,0.9036,0.9039,5921,-1.0,-1.0,0.0,8715.539999999983,339,459,2,0.9155,0.9165,0.0,0.0
2020-11-06 00:00:00,0.9039,0.9057,0.9029,0.9047,5637,1.0,1.0,0.0,9809.019999999982,340,459,0,0.0,0.0,0.0,1093.48
2020-11-06 04:00:00,0.9047,0.905,0.9032,0.9038,4856,0.40924433,0.40924433,0.0,9809.019999999982,340,459,0,0.9038,0.903,0.0,0.0
2020-11-06 08:00:00,0.9038,0.9039,0.9014,0.9015,8380,-0.21890616,-0.21890616,0.0,9809.019999999982,340,459,0,0.9038,0.903,0.0,0.0
2020-11-06 12:00:00,0.9015,0.9018,0.8986,0.8987,10613,-0.2457351,-0.2457351,0.0,9809.019999999982,340,459,0,0.0,0.0,0.0,0.0
2020-11-06 16:00:00,0.8987,0.9023,0.8982,0.8993,13874,0.63111883,0.63111883,0.0,9809.019999999982,340,459,1,0.8993,0.8971,0.0,0.0
2020-11-06 20:00:00,0.8993,0.9008,0.8988,0.9003,3216,1.0,1.0,0.0,9809.019999999982,340,459,1,0.8993,0.8971,0.0,0.0
2020-11-09 00:00:00,0.8976,0.9002,0.8975,0.8998,4482,0.5050181,0.5050181,0.0,9809.019999999982,340,459,1,0.8993,0.8971,0.0,0.0
2020-11-09 04:00:00,0.8998,0.8999,0.8992,0.8998,3166,-1.0,-1.0,0.0,9861.819999999982,341,459,0,0.0,0.0,0.0,52.8
2020-11-09 08:00:00,0.8998,0.9008,0.8984,0.9003,8897,-0.26977053,-0.26977053,0.0,9861.819999999982,341,459,0,0.8993,0.9009,0.0,0.0
2020-11-09 12:00:00,0.9003,0.908,0.8993,0.9072,18949,-0.9023673,-0.9023673,0.0,9861.819999999982,341,459,2,0.9072,0.908,0.0,0.0
2020-11-09 16:00:00,0.9072,0.9137,0.9055,0.912,18518,0.74009347,0.74009347,0.0,9861.819999999982,341,459,2,0.9072,0.908,0.0,0.0
2020-11-09 20:00:00,0.912,0.9143,0.9117,0.9123,7080,0.45788193,0.45788193,0.0,9345.229999999981,341,460,0,0.0,0.0,0.0,-516.59
2020-11-10 00:00:00,0.9135,0.9142,0.9119,0.9123,6117,-1.0,-1.0,0.0,9345.229999999981,341,460,2,0.9123,0.9131,0.0,0.0
2020-11-10 04:00:00,0.9123,0.913,0.9115,0.9125,5352,-0.1269546,-0.1269546,0.0,9345.229999999981,341,460,2,0.9123,0.9131,0.0,0.0
2020-11-10 08:00:00,0.9125,0.9165,0.9121,0.916,10793,0.9429847,0.9429847,0.0,9324.809999999981,341,461,0,0.0,0.0,0.0,-20.42
2020-11-10 12:00:00,0.916,0.9176,0.9149,0.9153,13927,-0.3039908,-0.3039908,0.0,9324.809999999981,341,461,0,0.0,0.0,0.0,0.0
2020-11-10 16:00:00,0.9153,0.9157,0.9128,0.9141,14523,-0.49073413,-0.49073413,0.0,9324.809999999981,341,461,0,0.9141,0.9151,0.0,0.0
2020-11-10 20:00:00,0.9141,0.9158,0.9138,0.9153,5205,-1.0,-1.0,0.0,9324.809999999981,341,461,2,0.9153,0.9178,0.0,0.0
2020-11-11 00:00:00,0.9153,0.9154,0.9123,0.9139,3625,-0.6045616,-0.6045616,0.0,9324.809999999981,341,461,2,0.9153,0.9178,0.0,0.0
2020-11-11 04:00:00,0.9139,0.9149,0.9138,0.9147,3290,0.34087035,0.34087035,0.0,9324.809999999981,341,461,2,0.9153,0.9178,0.0,0.0
2020-11-11 08:00:00,0.9147,0.9183,0.9146,0.9174,8175,-0.6421912,-0.6421912,0.0,9324.809999999981,341,461,2,0.9153,0.9178,0.0,0.0
2020-11-11 12:00:00,0.9175,0.919,0.9165,0.9175,9338,-0.9223906,-0.9223906,0.0,9324.809999999981,341,461,2,0.9153,0.9178,0.0,0.0
2020-11-11 16:00:00,0.9175,0.9192,0.9172,0.9173,7739,-1.0,-1.0,0.0,9324.809999999981,341,461,2,0.9153,0.9178,0.0,0.0
2020-11-11 20:00:00,0.9173,0.9175,0.9167,0.917,2200,-0.83164567,-0.83164567,0.0,9324.809999999981,341,461,2,0.9153,0.9178,0.0,0.0
2020-11-12 00:00:00,0.9168,0.9171,0.9159,0.9161,2422,1.0,1.0,0.0,9150.85999999998,341,462,0,0.0,0.0,0.0,-173.95
2020-11-12 04:00:00,0.9161,0.9163,0.9156,0.9162,2901,-0.76864713,-0.76864713,0.0,9150.85999999998,341,462,2,0.9162,0.9171,0.0,0.0
2020-11-12 08:00:00,0.9162,0.917,0.9134,0.914,7031,0.14059794,0.14059794,0.0,9150.85999999998,341,462,2,0.9162,0.9171,0.0,0.0
2020-11-12 12:00:00,0.914,0.9165,0.9133,0.9144,7354,1.0,1.0,0.0,9371.02999999998,342,462,0,0.0,0.0,0.0,220.17
2020-11-12 16:00:00,0.9144,0.9154,0.9131,0.9151,8721,-0.27596477,-0.27596477,0.0,9371.02999999998,342,462,0,0.914,0.915,0.0,0.0
2020-11-12 20:00:00,0.9151,0.9156,0.9146,0.9149,4229,0.9610138,0.9610138,0.0,9371.02999999998,342,462,1,0.9149,0.9141,0.0,0.0
2020-11-13 00:00:00,0.9149,0.915,0.914,0.9144,2685,0.15611796,0.15611796,0.0,9371.02999999998,342,462,1,0.9149,0.9141,0.0,0.0
2020-11-13 04:00:00,0.9144,0.9152,0.9142,0.9144,2218,-0.5049795,-0.5049795,0.0,9371.02999999998,342,462,1,0.9149,0.9141,0.0,0.0
2020-11-13 08:00:00,0.9144,0.9159,0.9137,0.9138,6241,1.0,1.0,0.0,9371.02999999998,342,462,1,0.9149,0.9141,0.0,0.0
2020-11-13 12:00:00,0.9138,0.9155,0.9127,0.9133,6572,0.059321214,0.059321214,0.0,9258.309999999981,342,463,0,0.0,0.0,0.0,-112.72
2020-11-13 16:00:00,0.9133,0.9142,0.9126,0.9134,6095,0.97638404,0.97638404,0.0,9258.309999999981,342,463,1,0.9134,0.9117,0.0,0.0
2020-11-13 20:00:00,0.9134,0.9138,0.9126,0.9126,2558,-0.79062825,-0.79062825,0.0,9258.309999999981,342,463,1,0.9134,0.9117,0.0,0.0
2020-11-16 00:00:00,0.9124,0.9131,0.9114,0.9116,2832,-0.5545929,-0.5545929,0.0,9258.309999999981,342,463,1,0.9134,0.9117,0.0,0.0
2020-11-16 04:00:00,0.9116,0.9124,0.9114,0.9123,2879,-0.19048591,-0.19048591,0.0,9076.51999999998,342,464,0,0.0,0.0,0.0,-181.79
2020-11-16 08:00:00,0.9123,0.9124,0.9098,0.9112,6769,0.8808349,0.8808349,0.0,9076.51999999998,342,464,1,0.9112,0.9104,0.0,0.0
2020-11-16 12:00:00,0.9112,0.9151,0.911,0.9142,13838,-1.0,-1.0,0.0,9076.51999999998,342,464,1,0.9112,0.9104,0.0,0.0
2020-11-16 16:00:00,0.9142,0.9146,0.9118,0.9122,7638,-1.0,-1.0,0.0,9374.379999999981,343,464,0,0.0,0.0,0.0,297.86
2020-11-16 20:00:00,0.9122,0.9129,0.9119,0.9124,3680,-0.4491785,-0.4491785,0.0,9374.379999999981,343,464,0,0.9122,0.913,0.0,0.0
2020-11-17 00:00:00,0.9124,0.9128,0.9118,0.9121,2427,0.41484618,0.41484618,0.0,9374.379999999981,343,464,0,0.9122,0.913,0.0,0.0
2020-11-17 04:00:00,0.9121,0.9127,0.9116,0.9125,2119,-1.0,-1.0,0.0,9374.379999999981,343,464,2,0.9125,0.9133,0.0,0.0
2020-11-17 08:00:00,0.9125,0.9128,0.9099,0.9106,6858,-0.90892285,-0.90892285,0.0,9374.379999999981,343,464,2,0.9125,0.9133,0.0,0.0
2020-11-17 12:00:00,0.9106,0.9113,0.9088,0.9094,8009,0.4903458,0.4903458,0.0,9374.379999999981,343,464,2,0.9125,0.9133,0.0,0.0
2020-11-17 16:00:00,0.9094,0.9116,0.9092,0.9107,9003,0.36511892,0.36511892,0.0,9374.379999999981,343,464,2,0.9125,0.9133,0.0,0.0
2020-11-17 20:00:00,0.9107,0.9116,0.9103,0.9115,3144,-1.0,-1.0,0.0,9374.379999999981,343,464,2,0.9125,0.9133,0.0,0.0
2020-11-18 00:00:00,0.9113,0.9119,0.9111,0.9114,2323,-1.0,-1.0,0.0,9374.379999999981,343,464,2,0.9125,0.9133,0.0,0.0
2020-11-18 04:00:00,0.9114,0.9115,0.9101,0.9105,2649,0.43150353,0.43150353,0.0,9374.379999999981,343,464,2,0.9125,0.9133,0.0,0.0
2020-11-18 08:00:00,0.9105,0.9112,0.9097,0.9097,7473,-0.044091728,-0.044091728,0.0,9374.379999999981,343,464,2,0.9125,0.9133,0.0,0.0
2020-11-18 12:00:00,0.9098,0.9123,0.9097,0.9117,8852,-0.19846605,-0.19846605,0.0,9374.379999999981,343,464,2,0.9125,0.9133,0.0,0.0
2020-11-18 16:00:00,0.9116,0.912,0.9092,0.9097,8676,-0.20233522,-0.20233522,0.0,9374.379999999981,343,464,2,0.9125,0.9133,0.0,0.0
2020-11-18 20:00:00,0.9097,0.9116,0.9096,0.9114,4512,-0.65352726,-0.65352726,0.0,9374.379999999981,343,464,2,0.9125,0.9133,0.0,0.0
2020-11-19 00:00:00,0.911,0.9125,0.9109,0.9116,3545,0.79273236,0.79273236,0.0,9486.829999999982,344,464,0,0.0,0.0,0.0,112.45
2020-11-19 04:00:00,0.9116,0.9118,0.9108,0.9111,2722,-1.0,-1.0,0.0,9486.829999999982,344,464,2,0.9111,0.9119,0.0,0.0
2020-11-19 08:00:00,0.9111,0.9138,0.9104,0.9136,9008,0.7232036,0.7232036,0.0,9486.829999999982,344,464,2,0.9111,0.9119,0.0,0.0
2020-11-19 12:00:00,0.9136,0.9139,0.9117,0.9125,9333,-1.0,-1.0,0.0,9227.549999999981,344,465,0,0.0,0.0,0.0,-259.28
2020-11-19 16:00:00,0.9125,0.9139,0.9114,0.9122,8811,1.0,1.0,0.0,9227.549999999981,344,465,1,0.9122,0.9114,0.0,0.0
2020-11-19 20:00:00,0.9122,0.9122,0.91,0.9105,3231,0.59542346,0.59542346,0.0,9227.549999999981,344,465,1,0.9122,0.9114,0.0,0.0
2020-11-20 00:00:00,0.9105,0.9111,0.9102,0.9103,2414,-0.23045248,-0.23045248,0.0,9056.629999999981,344,466,0,0.0,0.0,0.0,-170.92
2020-11-20 04:00:00,0.9103,0.9107,0.9095,0.9096,2535,-0.951195,-0.951195,0.0,9056.629999999981,344,466,2,0.9096,0.9109,0.0,0.0
2020-11-20 08:00:00,0.9096,0.911,0.9092,0.9109,7933,-0.2497671,-0.2497671,0.0,9056.629999999981,344,466,2,0.9096,0.9109,0.0,0.0
2020-11-20 12:00:00,0.911,0.9123,0.9105,0.9106,8708,-0.29558006,-0.29558006,0.0,8928.28999999998,344,467,0,0.0,0.0,0.0,-128.34
2020-11-20 16:00:00,0.9106,0.9119,0.9096,0.9118,7108,-0.9170261,-0.9170261,0.0,8928.28999999998,344,467,2,0.9118,0.9126,0.0,0.0
2020-11-20 20:00:00,0.9118,0.9121,0.9107,0.9109,3353,0.59638935,0.59638935,0.0,8928.28999999998,344,467,2,0.9118,0.9126,0.0,0.0
2020-11-23 00:00:00,0.9105,0.9113,0.9098,0.91,3629,-0.022323433,-0.022323433,0.0,8928.28999999998,344,467,2,0.9118,0.9126,0.0,0.0
2020-11-23 04:00:00,0.91,0.9104,0.9098,0.9098,1659,0.98252,0.98252,0.0,9103.26999999998,345,467,0,0.0,0.0,0.0,174.98
2020-11-23 08:00:00,0.9098,0.911,0.9096,0.9107,6592,0.4371921,0.4371921,0.0,9103.26999999998,345,467,0,0.9109,0.9134,0.0,0.0
2020-11-23 12:00:00,0.9107,0.9109,0.9077,0.9077,7866,-0.32938555,-0.32938555,0.0,9103.26999999998,345,467,0,0.9109,0.9134,0.0,0.0
2020-11-23 16:00:00,0.9077,0.9148,0.9076,0.9121,12547,1.0,1.0,0.0,9103.26999999998,345,467,1,0.9121,0.9107,0.0,0.0
2020-11-23 20:00:00,0.9121,0.913,0.9118,0.9128,3681,-0.24478139,-0.24478139,0.0,9103.26999999998,345,467,1,0.9121,0.9107,0.0,0.0
2020-11-24 00:00:00,0.9123,0.9131,0.9119,0.9124,3461,1.0,1.0,0.0,9103.26999999998,345,467,1,0.9121,0.9107,0.0,0.0
2020-11-24 04:00:00,0.9124,0.9129,0.9116,0.9117,3665,-0.15678433,-0.15678433,0.0,9103.26999999998,345,467,1,0.9121,0.9107,0.0,0.0
2020-11-24 08:00:00,0.9117,0.9123,0.9098,0.9111,6643,-0.7698821,-0.7698821,0.0,9063.53999999998,345,468,0,0.0,0.0,0.0,-39.73
2020-11-24 12:00:00,0.9111,0.9136,0.9108,0.9125,9081,-0.47644687,-0.47644687,0.0,9063.53999999998,345,468,0,0.9124,0.9132,0.0,0.0
2020-11-24 16:00:00,0.9125,0.9134,0.9111,0.9125,9782,-0.33585235,-0.33585235,0.0,9063.53999999998,345,468,0,0.9124,0.9132,0.0,0.0
2020-11-24 20:00:00,0.9125,0.9128,0.911,0.9111,3904,1.0,1.0,0.0,9063.53999999998,345,468,1,0.9111,0.9103,0.0,0.0
2020-11-25 00:00:00,0.9111,0.9115,0.9103,0.9109,3122,0.7340387,0.7340387,0.0,9063.53999999998,345,468,1,0.9111,0.9103,0.0,0.0
2020-11-25 04:00:00,0.9109,0.9113,0.9106,0.9112,4228,-1.0,-1.0,0.0,9043.76999999998,345,469,0,0.0,0.0,0.0,-19.77
2020-11-25 08:00:00,0.9112,0.9139,0.9099,0.9122,9482,0.72132355,0.72132355,0.0,9043.76999999998,345,469,1,0.9122,0.9097,0.0,0.0
2020-11-25 12:00:00,0.9122,0.9129,0.9101,0.9106,8967,1.0,1.0,0.0,9043.76999999998,345,469,1,0.9122,0.9097,0.0,0.0
2020-11-25 16:00:00,0.9106,0.9112,0.9079,0.9081,10815,-1.0,-1.0,0.0,8886.08999999998,345,470,0,0.0,0.0,0.0,-157.68
2020-11-25 20:00:00,0.9081,0.9088,0.9078,0.9082,3940,-1.0,-1.0,0.0,8886.08999999998,345,470,2,0.9082,0.909,0.0,0.0
2020-11-26 00:00:00,0.9079,0.9086,0.907,0.9075,2323,-0.33970058,-0.33970058,0.0,8886.08999999998,345,470,2,0.9082,0.909,0.0,0.0
2020-11-26 04:00:00,0.9075,0.9075,0.9067,0.907,3047,0.68424267,0.68424267,0.0,8886.08999999998,345,470,2,0.9082,0.909,0.0,0.0
2020-11-26 08:00:00,0.907,0.909,0.9065,0.9089,6266,0.251529,0.251529,0.0,8886.08999999998,345,470,2,0.9082,0.909,0.0,0.0
2020-11-26 12:00:00,0.9089,0.9094,0.9076,0.9083,6866,-0.055109978,-0.055109978,0.0,8886.08999999998,345,470,2,0.9082,0.909,0.0,0.0
2020-11-26 16:00:00,0.9083,0.9088,0.9061,0.9066,5076,1.0,1.0,0.0,8876.41999999998,345,471,0,0.0,0.0,0.0,-9.67
2020-11-26 20:00:00,0.9066,0.9068,0.906,0.9063,3529,1.0,1.0,0.0,8876.41999999998,345,471,1,0.9063,0.9055,0.0,0.0
2020-11-27 00:00:00,0.9063,0.9067,0.9055,0.9063,1720,-0.17699045,-0.17699045,0.0,8876.41999999998,345,471,1,0.9063,0.9055,0.0,0.0
2020-11-27 04:00:00,0.9063,0.9066,0.9055,0.9056,1606,0.072175905,0.072175905,0.0,8876.41999999998,345,471,1,0.9063,0.9055,0.0,0.0
2020-11-27 08:00:00,0.9056,0.9077,0.9055,0.9068,6061,-0.6234903,-0.6234903,0.0,8876.41999999998,345,471,1,0.9063,0.9055,0.0,0.0
2020-11-27 12:00:00,0.9068,0.9083,0.9063,0.9067,7414,-1.0,-1.0,0.0,8924.56999999998,346,471,0,0.0,0.0,0.0,48.15
2020-11-27 16:00:00,0.9067,0.9072,0.904,0.905,8403,0.20556697,0.20556697,0.0,8924.56999999998,346,471,0,0.9068,0.906,0.0,0.0
2020-11-27 20:00:00,0.905,0.9056,0.9045,0.9045,6198,0.36353245,0.36353245,0.0,8924.56999999998,346,471,0,0.0,0.0,0.0,0.0
2020-11-30 00:00:00,0.9036,0.9047,0.9035,0.9035,2056,-0.47939235,-0.47939235,0.0,8924.56999999998,346,471,0,0.9035,0.9027,0.0,0.0
2020-11-30 04:00:00,0.9035,0.904,0.9029,0.903,2588,1.0,1.0,0.0,8924.56999999998,346,471,1,0.903,0.9022,0.0,0.0
2020-11-30 08:00:00,0.903,0.9035,0.9019,0.9032,7029,-1.0,-1.0,0.0,8924.56999999998,346,471,1,0.903,0.9022,0.0,0.0
2020-11-30 12:00:00,0.9032,0.9053,0.9029,0.9049,6780,0.3722048,0.3722048,0.0,8924.56999999998,346,471,1,0.903,0.9022,0.0,0.0
2020-11-30 16:00:00,0.9049,0.9065,0.9033,0.9058,12799,0.13753667,0.13753667,0.0,8924.56999999998,346,471,1,0.903,0.9022,0.0,0.0
2020-11-30 20:00:00,0.9058,0.9093,0.9054,0.9086,3722,-0.89037466,-0.89037466,0.0,9195.39999999998,347,471,0,0.0,0.0,0.0,270.83
2020-12-01 00:00:00,0.9086,0.9087,0.9064,0.9076,3380,1.0,1.0,0.0,9195.39999999998,347,471,1,0.9076,0.9068,0.0,0.0
2020-12-01 04:00:00,0.9076,0.9077,0.9069,0.9072,1863,0.1487699,0.1487699,0.0,9195.39999999998,347,471,1,0.9076,0.9068,0.0,0.0
2020-12-01 08:00:00,0.9072,0.9074,0.9055,0.9063,5978,1.0,1.0,0.0,9195.39999999998,347,471,1,0.9076,0.9068,0.0,0.0
2020-12-01 12:00:00,0.9063,0.9068,0.9037,0.9038,7448,-1.0,-1.0,0.0,9065.74999999998,347,472,0,0.0,0.0,0.0,-129.65
2020-12-01 16:00:00,0.9038,0.9053,0.8998,0.9004,11335,-0.23551618,-0.23551618,0.0,9065.74999999998,347,472,0,0.9004,0.8989,0.0,0.0
2020-12-01 20:00:00,0.9004,0.901,0.8994,0.8997,3761,1.0,1.0,0.0,9065.74999999998,347,472,1,0.8997,0.8989,0.0,0.0
2020-12-02 00:00:00,0.8993,0.8999,0.8991,0.8993,2468,1.0,1.0,0.0,9065.74999999998,347,472,1,0.8997,0.8989,0.0,0.0
2020-12-02 04:00:00,0.8993,0.8998,0.8983,0.8998,2333,-0.022209298,-0.022209298,0.0,9065.74999999998,347,472,1,0.8997,0.8989,0.0,0.0
2020-12-02 08:00:00,0.8998,0.9013,0.8989,0.9008,8734,0.83073854,0.83073854,0.0,9065.74999999998,347,472,1,0.8997,0.8989,0.0,0.0
2020-12-02 12:00:00,0.9008,0.9008,0.8959,0.8967,14249,-0.64994776,-0.64994776,0.0,9173.22999999998,348,472,0,0.0,0.0,0.0,107.48
2020-12-02 16:00:00,0.8966,0.8968,0.8943,0.8962,17735,-0.26473412,-0.26473412,0.0,9173.22999999998,348,472,0,0.8962,0.8975,0.0,0.0
2020-12-02 20:00:00,0.8962,0.8965,0.8945,0.8945,6041,1.0,1.0,0.0,9173.22999999998,348,472,1,0.8945,0.8937,0.0,0.0
2020-12-03 00:00:00,0.8945,0.8954,0.8941,0.8947,4729,-1.0,-1.0,0.0,9173.22999999998,348,472,1,0.8945,0.8937,0.0,0.0
2020-12-03 04:00:00,0.8947,0.8948,0.8937,0.8938,5362,-0.9316412,-0.9316412,0.0,9192.859999999979,349,472,0,0.0,0.0,0.0,19.63
2020-12-03 08:00:00,0.8938,0.8948,0.8925,0.8941,12402,1.0,1.0,0.0,9192.859999999979,349,472,1,0.8941,0.8916,0.0,0.0
2020-12-03 12:00:00,0.8941,0.8944,0.8906,0.8915,15345,-1.0,-1.0,0.0,9192.859999999979,349,472,1,0.8941,0.8916,0.0,0.0
2020-12-03 16:00:00,0.8915,0.8918,0.8891,0.8914,17610,-0.39725044,-0.39725044,0.0,8937.87999999998,349,473,0,0.0,0.0,0.0,-254.98
2020-12-03 20:00:00,0.8914,0.8924,0.8905,0.8905,6700,1.0,1.0,0.0,8937.87999999998,349,473,1,0.8905,0.8897,0.0,0.0
2020-12-04 00:00:00,0.8914,0.8917,0.8901,0.891,5062,-0.7557331,-0.7557331,0.0,8937.87999999998,349,473,1,0.8905,0.8897,0.0,0.0
2020-12-04 04:00:00,0.891,0.8913,0.8905,0.8906,5408,-1.0,-1.0,0.0,8985.519999999979,350,473,0,0.0,0.0,0.0,47.64
2020-12-04 08:00:00,0.8906,0.8917,0.8901,0.8915,12881,-1.0,-1.0,0.0,8985.519999999979,350,473,2,0.8915,0.8923,0.0,0.0
2020-12-04 12:00:00,0.8915,0.8917,0.8886,0.8906,15880,-0.16477863,-0.16477863,0.0,8985.519999999979,350,473,2,0.8915,0.8923,0.0,0.0
2020-12-04 16:00:00,0.8906,0.8914,0.8887,0.8904,16903,0.82085073,0.82085073,0.0,9071.689999999979,351,473,0,0.0,0.0,0.0,86.17
2020-12-04 20:00:00,0.8904,0.8923,0.8901,0.8919,7673,1.0,1.0,0.0,9071.689999999979,351,473,1,0.8919,0.8911,0.0,0.0
2020-12-07 00:00:00,0.8895,0.892,0.8895,0.8907,5649,1.0,1.0,0.0,9071.689999999979,351,473,1,0.8919,0.8911,0.0,0.0
2020-12-07 04:00:00,0.8907,0.891,0.8905,0.8909,3486,1.0,1.0,0.0,8955.659999999978,351,474,0,0.0,0.0,0.0,-116.03
2020-12-07 08:00:00,0.891,0.8947,0.8908,0.8934,14093,-1.0,-1.0,0.0,8955.659999999978,351,474,2,0.8934,0.8942,0.0,0.0
2020-12-07 12:00:00,0.8934,0.8939,0.8897,0.8898,14891,0.6548509,0.6548509,0.0,8955.659999999978,351,474,2,0.8934,0.8942,0.0,0.0
2020-12-07 16:00:00,0.8897,0.8901,0.8875,0.8894,15033,0.55896133,0.55896133,0.0,8955.659999999978,351,474,2,0.8934,0.8942,0.0,0.0
2020-12-07 20:00:00,0.8894,0.8911,0.8894,0.8905,8468,0.70025903,0.70025903,0.0,9336.889999999978,352,474,0,0.0,0.0,0.0,381.23
2020-12-08 00:00:00,0.8905,0.8913,0.8898,0.8911,3876,1.0,1.0,0.0,9336.889999999978,352,474,1,0.8911,0.8903,0.0,0.0
2020-12-08 04:00:00,0.8911,0.8913,0.8908,0.8909,4065,1.0,1.0,0.0,9336.889999999978,352,474,1,0.8911,0.8903,0.0,0.0
2020-12-08 08:00:00,0.8909,0.8914,0.8891,0.8892,11787,1.0,1.0,0.0,9336.889999999978,352,474,1,0.8911,0.8903,0.0,0.0
2020-12-08 12:00:00,0.8893,0.8905,0.8888,0.8894,15829,1.0,1.0,0.0,9148.129999999977,352,475,0,0.0,0.0,0.0,-188.76
2020-12-08 16:00:00,0.8894,0.8899,0.8882,0.8886,15636,0.85352105,0.85352105,0.0,9148.129999999977,352,475,1,0.8886,0.8878,0.0,0.0
2020-12-08 20:00:00,0.8886,0.8894,0.8884,0.8888,5333,-0.23860496,-0.23860496,0.0,9148.129999999977,352,475,1,0.8886,0.8878,0.0,0.0
2020-12-09 00:00:00,0.8888,0.8891,0.8884,0.8889,3694,-0.884126,-0.884126,0.0,9167.579999999978,353,475,0,0.0,0.0,0.0,19.45
2020-12-09 04:00:00,0.8889,0.889,0.8878,0.8878,4991,0.028117463,0.028117463,0.0,9167.579999999978,353,475,0,0.0,0.0,0.0,0.0
2020-12-09 08:00:00,0.8878,0.8889,0.8871,0.8882,10624,-0.15495555,-0.15495555,0.0,9167.579999999978,353,475,0,0.8889,0.8909,0.0,0.0
2020-12-09 12:00:00,0.8882,0.8898,0.8874,0.8881,12831,1.0,1.0,0.0,9167.579999999978,353,475,1,0.8881,0.8873,0.0,0.0
2020-12-09 16:00:00,0.8881,0.8915,0.8878,0.8905,16736,0.2017594,0.2017594,0.0,9167.579999999978,353,475,1,0.8881,0.8873,0.0,0.0
2020-12-09 20:00:00,0.8905,0.8912,0.8891,0.8893,7815,0.13078247,0.13078247,0.0,9167.579999999978,353,475,1,0.8881,0.8873,0.0,0.0
2020-12-10 00:00:00,0.8894,0.8896,0.8886,0.8894,3603,1.0,1.0,0.0,9167.579999999978,353,475,1,0.8881,0.8873,0.0,0.0
2020-12-10 04:00:00,0.8893,0.8896,0.8886,0.8889,4723,-1.0,-1.0,0.0,9294.399999999978,354,475,0,0.0,0.0,0.0,126.82
2020-12-10 08:00:00,0.8889,0.8902,0.8885,0.889,11132,0.04910247,0.04910247,0.0,9294.399999999978,354,475,0,0.0,0.0,0.0,0.0
2020-12-10 12:00:00,0.889,0.8897,0.8863,0.887,15577,0.33921087,0.33921087,0.0,9294.399999999978,354,475,0,0.887,0.8895,0.0,0.0
2020-12-10 16:00:00,0.887,0.8885,0.8852,0.8879,21607,-0.38949746,-0.38949746,0.0,9294.399999999978,354,475,0,0.887,0.8895,0.0,0.0
2020-12-10 20:00:00,0.8879,0.8885,0.8858,0.886,8016,-0.90279394,-0.90279394,0.0,9294.399999999978,354,475,2,0.886,0.8868,0.0,0.0
2020-12-11 00:00:00,0.886,0.8863,0.8851,0.8855,5121,0.3178181,0.3178181,0.0,9294.399999999978,354,475,2,0.886,0.8868,0.0,0.0
2020-12-11 04:00:00,0.8855,0.8858,0.8853,0.8855,3935,0.015602922,0.015602922,0.0,9294.399999999978,354,475,2,0.886,0.8868,0.0,0.0
2020-12-11 08:00:00,0.8855,0.8875,0.8853,0.8872,11785,-0.52761143,-0.52761143,0.0,9294.399999999978,354,475,2,0.886,0.8868,0.0,0.0
2020-12-11 12:00:00,0.8872,0.8899,0.8866,0.8897,14277,-0.63768536,-0.63768536,0.0,9175.989999999978,354,476,0,0.0,0.0,0.0,-118.41
2020-12-11 16:00:00,0.8897,0.8909,0.8884,0.8896,15396,0.079326056,0.079326056,0.0,9175.989999999978,354,476,0,0.0,0.0,0.0,0.0
2020-12-11 20:00:00,0.8896,0.8898,0.8892,0.8896,5242,-1.0,-1.0,0.0,9175.989999999978,354,476,2,0.8896,0.8915,0.0,0.0
2020-12-14 00:00:00,0.8881,0.8896,0.8878,0.8893,4829,-1.0,-1.0,0.0,9175.989999999978,354,476,2,0.8896,0.8915,0.0,0.0
2020-12-14 04:00:00,0.8893,0.8893,0.8886,0.8888,3997,1.0,1.0,0.0,9205.269999999979,355,476,0,0.0,0.0,0.0,29.28
2020-12-14 08:00:00,0.8888,0.8888,0.8854,0.8855,9025,1.0,1.0,0.0,9205.269999999979,355,476,1,0.8855,0.8837,0.0,0.0
2020-12-14 12:00:00,0.8855,0.8867,0.885,0.8855,11120,0.89625704,0.89625704,0.0,9205.269999999979,355,476,1,0.8855,0.8837,0.0,0.0
2020-12-14 16:00:00,0.8856,0.8889,0.8855,0.8861,15256,-0.7702082,-0.7702082,0.0,9205.259999999978,355,477,0,0.0,0.0,0.0,-0.01
2020-12-14 20:00:00,0.8861,0.8872,0.8861,0.8866,5493,0.49321038,0.49321038,0.0,9205.259999999978,355,477,0,0.8855,0.8863,0.0,0.0
2020-12-15 00:00:00,0.8866,0.887,0.8857,0.8864,4721,1.0,1.0,0.0,9205.259999999978,355,477,1,0.8864,0.8856,0.0,0.0
2020-12-15 04:00:00,0.8864,0.887,0.8857,0.8864,5419,-0.100117065,-0.100117065,0.0,9205.259999999978,355,477,1,0.8864,0.8856,0.0,0.0
2020-12-15 08:00:00,0.8864,0.8881,0.885,0.8859,10156,-1.0,-1.0,0.0,9205.249999999978,355,478,0,0.0,0.0,0.0,-0.01
2020-12-15 12:00:00,0.8859,0.888,0.8853,0.8873,12173,-0.4199919,-0.4199919,0.0,9205.249999999978,355,478,0,0.8864,0.8872,0.0,0.0
2020-12-15 16:00:00,0.8873,0.8876,0.8857,0.8859,12257,-1.0,-1.0,0.0,9205.249999999978,355,478,2,0.8859,0.8884,0.0,0.0
2020-12-15 20:00:00,0.8859,0.8863,0.8851,0.8855,6047,-0.6752823,-0.6752823,0.0,9205.249999999978,355,478,2,0.8859,0.8884,0.0,0.0
2020-12-16 00:00:00,0.8854,0.8861,0.8853,0.886,2373,0.12907054,0.12907054,0.0,9205.249999999978,355,478,2,0.8859,0.8884,0.0,0.0
2020-12-16 04:00:00,0.886,0.886,0.8852,0.8854,3601,0.07937618,0.07937618,0.0,9205.249999999978,355,478,2,0.8859,0.8884,0.0,0.0
2020-12-16 08:00:00,0.8854,0.886,0.8826,0.8831,12161,0.98509383,0.98509383,0.0,9253.999999999978,356,478,0,0.0,0.0,0.0,48.75
2020-12-16 12:00:00,0.883,0.8857,0.8826,0.8856,13552,-1.0,-1.0,0.0,9253.999999999978,356,478,2,0.8856,0.8873,0.0,0.0
2020-12-16 16:00:00,0.8856,0.8871,0.884,0.8869,14994,-0.14268064,-0.14268064,0.0,9253.999999999978,356,478,2,0.8856,0.8873,0.0,0.0
2020-12-16 20:00:00,0.8869,0.8892,0.8848,0.8852,14583,-0.35168275,-0.35168275,0.0,9253.999999999978,356,478,2,0.8856,0.8873,0.0,0.0
2020-12-17 00:00:00,0.8852,0.8858,0.8843,0.8851,5148,-0.45069927,-0.45069927,0.0,9253.999999999978,356,478,2,0.8856,0.8873,0.0,0.0
2020-12-17 04:00:00,0.8851,0.8852,0.8838,0.8842,6034,0.0851208,0.0851208,0.0,9253.999999999978,356,478,2,0.8856,0.8873,0.0,0.0
2020-12-17 08:00:00,0.8842,0.8847,0.8823,0.8825,11860,-1.0,-1.0,0.0,9253.999999999978,356,478,2,0.8856,0.8873,0.0,0.0
2020-12-17 12:00:00,0.8825,0.8842,0.8824,0.8841,12359,-1.0,-1.0,0.0,9253.999999999978,356,478,2,0.8856,0.8873,0.0,0.0
2020-12-17 16:00:00,0.8841,0.8857,0.883,0.8843,14291,-1.0,-1.0,0.0,9253.999999999978,356,478,2,0.8856,0.8873,0.0,0.0
2020-12-17 20:00:00,0.8843,0.8851,0.8839,0.8843,6596,-1.0,-1.0,0.0,9253.999999999978,356,478,2,0.8856,0.8873,0.0,0.0
2020-12-18 00:00:00,0.8845,0.8854,0.8838,0.8844,4567,0.32862458,0.32862458,0.0,9253.999999999978,356,478,2,0.8856,0.8873,0.0,0.0
2020-12-18 04:00:00,0.8844,0.8853,0.8842,0.8848,4683,-0.99738574,-0.99738574,0.0,9253.999999999978,356,478,2,0.8856,0.8873,0.0,0.0
2020-12-18 08:00:00,0.8848,0.8857,0.8839,0.885,9465,-0.32181686,-0.32181686,0.0,9253.999999999978,356,478,2,0.8856,0.8873,0.0,0.0
2020-12-18 12:00:00,0.885,0.8853,0.8826,0.8849,11914,-0.3527332,-0.3527332,0.0,9253.999999999978,356,478,2,0.8856,0.8873,0.0,0.0
2020-12-18 16:00:00,0.8849,0.8868,0.8846,0.8848,13369,0.979864,0.979864,0.0,9322.579999999978,357,478,0,0.0,0.0,0.0,68.58
2020-12-18 20:00:00,0.8848,0.8849,0.8829,0.8832,5354,-0.0058136415,-0.0058136415,0.0,9322.579999999978,357,478,0,0.8832,0.884,0.0,0.0
2020-12-21 00:00:00,0.8844,0.886,0.8842,0.8856,4922,-0.09783468,-0.09783468,0.0,9322.579999999978,357,478,0,0.8832,0.884,0.0,0.0
2020-12-21 04:00:00,0.8856,0.8869,0.8852,0.8864,7907,0.7104039,0.7104039,0.0,9322.579999999978,357,478,1,0.8864,0.8856,0.0,0.0
2020-12-21 08:00:00,0.8864,0.8887,0.8842,0.8885,17528,0.036411412,0.036411412,0.0,9322.579999999978,357,478,1,0.8864,0.8856,0.0,0.0
2020-12-21 12:00:00,0.8885,0.8919,0.8858,0.8872,25125,-0.38118684,-0.38118684,0.0,9322.579999999978,357,478,1,0.8864,0.8856,0.0,0.0
2020-12-21 16:00:00,0.8872,0.8885,0.8853,0.8854,17214,0.27912024,0.27912024,0.0,9322.579999999978,357,478,1,0.8864,0.8856,0.0,0.0
2020-12-21 20:00:00,0.8854,0.886,0.8845,0.8855,8388,1.0,1.0,0.0,9223.799999999977,357,479,0,0.0,0.0,0.0,-98.78
2020-12-22 00:00:00,0.8855,0.8866,0.8852,0.8864,5237,0.19810791,0.19810791,0.0,9223.799999999977,357,479,0,0.8885,0.8893,0.0,0.0
2020-12-22 04:00:00,0.8864,0.887,0.8858,0.887,5483,0.14541897,0.14541897,0.0,9223.799999999977,357,479,0,0.8885,0.8893,0.0,0.0
2020-12-22 08:00:00,0.887,0.8881,0.8861,0.8869,11426,-1.0,-1.0,0.0,9223.799999999977,357,479,2,0.8869,0.8894,0.0,0.0
2020-12-22 12:00:00,0.8869,0.8871,0.8845,0.8855,13819,1.0,1.0,0.0,9223.799999999977,357,479,2,0.8869,0.8894,0.0,0.0
2020-12-22 16:00:00,0.8855,0.8897,0.8849,0.8891,19132,1.0,1.0,0.0,9360.619999999977,358,479,0,0.0,0.0,0.0,136.82
2020-12-22 20:00:00,0.8891,0.8905,0.889,0.8894,6408,0.68661463,0.68661463,0.0,9360.619999999977,358,479,1,0.8894,0.8882,0.0,0.0
2020-12-23 00:00:00,0.8894,0.8898,0.8878,0.8883,7498,-0.74222255,-0.74222255,0.0,9360.619999999977,358,479,1,0.8894,0.8882,0.0,0.0
2020-12-23 04:00:00,0.8883,0.8887,0.8875,0.8878,6162,0.7781253,0.7781253,0.0,9360.619999999977,358,479,1,0.8894,0.8882,0.0,0.0
2020-12-23 08:00:00,0.8878,0.8896,0.8877,0.8892,10863,0.98770833,0.98770833,0.0,9201.509999999977,358,480,0,0.0,0.0,0.0,-159.11
2020-12-23 12:00:00,0.8892,0.8911,0.8886,0.8905,11995,-0.44217104,-0.44217104,0.0,9201.509999999977,358,480,0,0.0,0.0,0.0,0.0
2020-12-23 16:00:00,0.8905,0.8907,0.8868,0.8883,20508,-0.8485078,-0.8485078,0.0,9201.509999999977,358,480,2,0.8883,0.8891,0.0,0.0
2020-12-23 20:00:00,0.8882,0.8894,0.8876,0.8879,8420,0.08138172,0.08138172,0.0,9201.509999999977,358,480,2,0.8883,0.8891,0.0,0.0
2020-12-24 00:00:00,0.888,0.8887,0.8869,0.8874,5732,0.8571887,0.8571887,0.0,9240.599999999977,359,480,0,0.0,0.0,0.0,39.09
2020-12-24 04:00:00,0.8874,0.8878,0.8869,0.8875,5643,1.0,1.0,0.0,9240.599999999977,359,480,1,0.8875,0.8858,0.0,0.0
2020-12-24 08:00:00,0.8875,0.8891,0.8874,0.8888,8210,-0.8575095,-0.8575095,0.0,9240.599999999977,359,480,1,0.8875,0.8858,0.0,0.0
2020-12-24 12:00:00,0.8888,0.8907,0.888,0.8904,7204,-0.32575718,-0.32575718,0.0,9240.599999999977,359,480,1,0.8875,0.8858,0.0,0.0
2020-12-24 16:00:00,0.8904,0.8918,0.8901,0.8916,10268,-0.18431638,-0.18431638,0.0,9240.599999999977,359,480,1,0.8875,0.8858,0.0,0.0
2020-12-24 20:00:00,0.8916,0.8918,0.8905,0.8914,910,1.0,1.0,0.0,9240.599999999977,359,480,1,0.8875,0.8858,0.0,0.0
2020-12-28 00:00:00,0.8881,0.891,0.8881,0.8899,8347,0.20303656,0.20303656,0.0,9240.599999999977,359,480,1,0.8875,0.8858,0.0,0.0
2020-12-28 04:00:00,0.8899,0.8901,0.8891,0.8891,5831,-0.53949684,-0.53949684,0.0,9476.739999999976,360,480,0,0.0,0.0,0.0,236.14
2020-12-28 08:00:00,0.8891,0.8901,0.8885,0.8887,9449,-0.35767967,-0.35767967,0.0,9476.739999999976,360,480,0,0.8899,0.8915,0.0,0.0
2020-12-28 12:00:00,0.8887,0.8919,0.8879,0.8894,13720,1.0,1.0,0.0,9476.739999999976,360,480,1,0.8894,0.8886,0.0,0.0
2020-12-28 16:00:00,0.8894,0.8902,0.8876,0.8901,12292,0.5577691,0.5577691,0.0,9476.739999999976,360,480,1,0.8894,0.8886,0.0,0.0
2020-12-28 20:00:00,0.89,0.8902,0.8886,0.8889,6096,0.718431,0.718431,0.0,9476.739999999976,360,480,1,0.8894,0.8886,0.0,0.0
2020-12-29 00:00:00,0.8891,0.8892,0.8876,0.8883,7036,0.42875502,0.42875502,0.0,9476.739999999976,360,480,1,0.8894,0.8886,0.0,0.0
2020-12-29 04:00:00,0.8883,0.8885,0.8867,0.8872,6897,-0.77772015,-0.77772015,0.0,9365.929999999977,360,481,0,0.0,0.0,0.0,-110.81
2020-12-29 08:00:00,0.8872,0.8874,0.8849,0.8855,7152,0.5599762,0.5599762,0.0,9365.929999999977,360,481,1,0.8855,0.8832,0.0,0.0
2020-12-29 12:00:00,0.8855,0.8878,0.8848,0.8856,11517,0.5940906,0.5940906,0.0,9365.929999999977,360,481,1,0.8855,0.8832,0.0,0.0
2020-12-29 16:00:00,0.8856,0.8857,0.8831,0.8845,14087,-1.0,-1.0,0.0,9375.849999999977,361,481,0,0.0,0.0,0.0,9.92
2020-12-29 20:00:00,0.8845,0.8849,0.8839,0.8839,7243,-1.0,-1.0,0.0,9375.849999999977,361,481,2,0.8839,0.8862,0.0,0.0
2020-12-30 00:00:00,0.8838,0.8842,0.882,0.8823,9059,0.855073,0.855073,0.0,9375.849999999977,361,481,2,0.8839,0.8862,0.0,0.0
2020-12-30 04:00:00,0.8823,0.8829,0.8815,0.882,5882,-1.0,-1.0,0.0,9375.849999999977,361,481,2,0.8839,0.8862,0.0,0.0
2020-12-30 08:00:00,0.882,0.8854,0.8819,0.8847,10902,0.008290145,0.008290145,0.0,9375.849999999977,361,481,2,0.8839,0.8862,0.0,0.0
2020-12-30 12:00:00,0.8847,0.8851,0.8825,0.8827,11119,-1.0,-1.0,0.0,9375.849999999977,361,481,2,0.8839,0.8862,0.0,0.0
2020-12-30 16:00:00,0.8827,0.8841,0.8817,0.883,18085,-0.63304573,-0.63304573,0.0,9375.849999999977,361,481,2,0.8839,0.8862,0.0,0.0
2020-12-30 20:00:00,0.883,0.8832,0.8812,0.8812,6120,-1.0,-1.0,0.0,9375.849999999977,361,481,2,0.8839,0.8862,0.0,0.0
2020-12-31 00:00:00,0.8811,0.8818,0.8808,0.8812,4561,-0.13403387,-0.13403387,0.0,9375.849999999977,361,481,2,0.8839,0.8862,0.0,0.0
2020-12-31 04:00:00,0.8812,0.8824,0.8807,0.882,6566,0.5698498,0.5698498,0.0,9642.769999999977,362,481,0,0.0,0.0,0.0,266.92
2020-12-31 08:00:00,0.882,0.8822,0.8804,0.8813,11072,-1.0,-1.0,0.0,9642.769999999977,362,481,2,0.8813,0.8821,0.0,0.0
2020-12-31 12:00:00,0.8813,0.8819,0.8796,0.8797,11616,1.0,1.0,0.0,9642.769999999977,362,481,2,0.8813,0.8821,0.0,0.0
2020-12-31 16:00:00,0.8797,0.8853,0.8794,0.8851,15866,-0.5082654,-0.5082654,0.0,9642.769999999977,362,481,2,0.8813,0.8821,0.0,0.0
2020-12-31 20:00:00,0.8851,0.8856,0.8848,0.8852,2270,-0.13568333,-0.13568333,0.0,9254.679999999977,362,482,0,0.0,0.0,0.0,-388.09
2021-01-04 00:00:00,0.8822,0.8843,0.8822,0.8836,6103,0.80957913,0.80957913,0.0,9254.679999999977,362,482,1,0.8836,0.8811,0.0,0.0
2021-01-04 04:00:00,0.8836,0.8846,0.8832,0.8836,7549,-1.0,-1.0,0.0,9254.679999999977,362,482,1,0.8836,0.8811,0.0,0.0
2021-01-04 08:00:00,0.8836,0.8844,0.879,0.8798,13604,-0.36313823,-0.36313823,0.0,9254.679999999977,362,482,1,0.8836,0.8811,0.0,0.0
2021-01-04 12:00:00,0.8798,0.8804,0.8785,0.8795,11062,0.5387174,0.5387174,0.0,8884.439999999977,362,483,0,0.0,0.0,0.0,-370.24
2021-01-04 16:00:00,0.8795,0.882,0.8788,0.8814,20878,0.048846036,0.048846036,0.0,8884.439999999977,362,483,0,0.0,0.0,0.0,0.0
2021-01-04 20:00:00,0.8814,0.8817,0.8806,0.8812,8534,-0.09420529,-0.09420529,0.0,8884.439999999977,362,483,0,0.8812,0.8828,0.0,0.0
2021-01-05 00:00:00,0.8812,0.8817,0.8807,0.8814,5590,-0.45521927,-0.45521927,0.0,8884.439999999977,362,483,0,0.8812,0.8828,0.0,0.0
2021-01-05 04:00:00,0.8814,0.8815,0.8799,0.8804,6573,-0.5967158,-0.5967158,0.0,8884.439999999977,362,483,2,0.8804,0.8826,0.0,0.0
2021-01-05 08:00:00,0.8804,0.8811,0.8789,0.8801,12609,-1.0,-1.0,0.0,8884.439999999977,362,483,2,0.8804,0.8826,0.0,0.0
2021-01-05 12:00:00,0.8801,0.881,0.8792,0.8804,12737,1.0,1.0,0.0,8912.499999999976,363,483,0,0.0,0.0,0.0,28.06
2021-01-05 16:00:00,0.8804,0.8809,0.8776,0.878,21906,-0.17774598,-0.17774598,0.0,8912.499999999976,363,483,0,0.8801,0.8819,0.0,0.0
2021-01-05 20:00:00,0.878,0.8788,0.8776,0.8783,8719,-0.5139303,-0.5139303,0.0,8912.499999999976,363,483,2,0.8783,0.8791,0.0,0.0
2021-01-06 00:00:00,0.8783,0.8795,0.877,0.8791,12377,-0.26552567,-0.26552567,0.0,8912.499999999976,363,483,2,0.8783,0.8791,0.0,0.0
2021-01-06 04:00:00,0.8791,0.8799,0.8778,0.8785,14207,1.0,1.0,0.0,8837.489999999976,363,484,0,0.0,0.0,0.0,-75.01
2021-01-06 08:00:00,0.8785,0.8786,0.876,0.8768,17231,-0.890292,-0.890292,0.0,8837.489999999976,363,484,2,0.8768,0.8792,0.0,0.0
2021-01-06 12:00:00,0.8768,0.8792,0.8758,0.8792,17588,-0.5373295,-0.5373295,0.0,8837.489999999976,363,484,2,0.8768,0.8792,0.0,0.0
2021-01-06 16:00:00,0.8792,0.8822,0.879,0.8809,23426,-0.82575786,-0.82575786,0.0,8614.339999999976,363,485,0,0.0,0.0,0.0,-223.15
2021-01-06 20:00:00,0.8809,0.881,0.878,0.8783,15432,0.08989495,0.08989495,0.0,8614.339999999976,363,485,0,0.8783,0.8775,0.0,0.0
2021-01-07 00:00:00,0.878,0.8787,0.8775,0.8787,7311,1.0,1.0,0.0,8614.339999999976,363,485,1,0.8787,0.8779,0.0,0.0
2021-01-07 04:00:00,0.8786,0.8795,0.8784,0.8794,7889,-0.06590922,-0.06590922,0.0,8614.339999999976,363,485,1,0.8787,0.8779,0.0,0.0
2021-01-07 08:00:00,0.8794,0.8835,0.8786,0.8832,16241,0.013361514,0.013361514,0.0,8614.339999999976,363,485,1,0.8787,0.8779,0.0,0.0
2021-01-07 12:00:00,0.8832,0.8845,0.8823,0.8827,18037,-0.9239331,-0.9239331,0.0,9023.999999999976,364,485,0,0.0,0.0,0.0,409.66
2021-01-07 16:00:00,0.8827,0.8861,0.8821,0.8848,23053,0.094860524,0.094860524,0.0,9023.999999999976,364,485,0,0.8848,0.8856,0.0,0.0
2021-01-07 20:00:00,0.8848,0.8856,0.8845,0.8849,9202,0.3603883,0.3603883,0.0,9023.999999999976,364,485,0,0.8848,0.8856,0.0,0.0
2021-01-08 00:00:00,0.8849,0.8872,0.884,0.8864,7793,0.72938716,0.72938716,0.0,9023.999999999976,364,485,1,0.8864,0.8856,0.0,0.0
2021-01-08 04:00:00,0.8864,0.8867,0.8851,0.8857,8462,0.56767666,0.56767666,0.0,9023.999999999976,364,485,1,0.8864,0.8856,0.0,0.0
2021-01-08 08:00:00,0.8857,0.8885,0.8851,0.8859,17351,-1.0,-1.0,0.0,8957.039999999977,364,486,0,0.0,0.0,0.0,-66.96
2021-01-08 12:00:00,0.8859,0.8863,0.8823,0.8828,16774,0.097672924,0.097672924,0.0,8957.039999999977,364,486,0,0.8859,0.8867,0.0,0.0
2021-01-08 16:00:00,0.8828,0.8864,0.8825,0.886,27146,1.0,1.0,0.0,8957.039999999977,364,486,1,0.886,0.8836,0.0,0.0
2021-01-08 20:00:00,0.886,0.8876,0.8851,0.8853,12155,-0.78098667,-0.78098667,0.0,8957.039999999977,364,486,1,0.886,0.8836,0.0,0.0
2021-01-11 00:00:00,0.8855,0.8889,0.8845,0.8886,7647,0.49577838,0.49577838,0.0,8957.039999999977,364,486,1,0.886,0.8836,0.0,0.0
2021-01-11 04:00:00,0.8886,0.889,0.8882,0.8882,7004,0.03211898,0.03211898,0.0,8957.039999999977,364,486,1,0.886,0.8836,0.0,0.0
2021-01-11 08:00:00,0.8882,0.8899,0.8869,0.8896,13802,0.43313128,0.43313128,0.0,8957.039999999977,364,486,1,0.886,0.8836,0.0,0.0
2021-01-11 12:00:00,0.8896,0.892,0.8894,0.8916,15020,0.53133816,0.53133816,0.0,8957.039999999977,364,486,1,0.886,0.8836,0.0,0.0
2021-01-11 16:00:00,0.8916,0.892,0.8886,0.8892,21293,-1.0,-1.0,0.0,9492.169999999976,365,486,0,0.0,0.0,0.0,535.13
2021-01-11 20:00:00,0.8892,0.8905,0.8887,0.8902,6658,-1.0,-1.0,0.0,9492.169999999976,365,486,2,0.8902,0.891,0.0,0.0
2021-01-12 00:00:00,0.8902,0.8913,0.8896,0.8908,6790,0.31168628,0.31168628,0.0,9492.169999999976,365,486,2,0.8902,0.891,0.0,0.0
2021-01-12 04:00:00,0.8908,0.8916,0.8906,0.8907,5979,-0.9785002,-0.9785002,0.0,9492.169999999976,365,486,2,0.8902,0.891,0.0,0.0
2021-01-12 08:00:00,0.8907,0.891,0.889,0.8899,12573,1.0,1.0,0.0,9441.579999999976,365,487,0,0.0,0.0,0.0,-50.59
2021-01-12 12:00:00,0.8899,0.8907,0.8889,0.8902,13656,-0.16768658,-0.16768658,0.0,9441.579999999976,365,487,0,0.8902,0.8894,0.0,0.0
2021-01-12 16:00:00,0.8902,0.8908,0.8889,0.889,16834,-1.0,-1.0,0.0,9441.579999999976,365,487,2,0.889,0.8898,0.0,0.0
2021-01-12 20:00:00,0.889,0.8892,0.8861,0.8862,10650,-0.7266048,-0.7266048,0.0,9441.579999999976,365,487,2,0.889,0.8898,0.0,0.0
2021-01-13 00:00:00,0.8862,0.8867,0.8856,0.8858,5417,-1.0,-1.0,0.0,9441.579999999976,365,487,2,0.889,0.8898,0.0,0.0
2021-01-13 04:00:00,0.8858,0.8863,0.8856,0.8861,4633,1.0,1.0,0.0,9761.809999999976,366,487,0,0.0,0.0,0.0,320.23
2021-01-13 08:00:00,0.8861,0.8883,0.885,0.8873,11336,0.67253965,0.67253965,0.0,9761.809999999976,366,487,1,0.8873,0.8865,0.0,0.0
2021-01-13 12:00:00,0.8873,0.889,0.887,0.8884,13660,-1.0,-1.0,0.0,9761.809999999976,366,487,1,0.8873,0.8865,0.0,0.0
2021-01-13 16:00:00,0.8884,0.8888,0.8855,0.8872,18144,1.0,1.0,0.0,9761.809999999976,366,487,1,0.8873,0.8865,0.0,0.0
2021-01-13 20:00:00,0.8872,0.8881,0.8864,0.8876,7492,-0.39513052,-0.39513052,0.0,9761.809999999976,366,487,1,0.8873,0.8865,0.0,0.0
2021-01-14 00:00:00,0.8874,0.8878,0.8867,0.8872,4893,0.47845405,0.47845405,0.0,9761.809999999976,366,487,1,0.8873,0.8865,0.0,0.0
2021-01-14 04:00:00,0.8872,0.8892,0.8871,0.8873,9938,0.31368092,0.31368092,0.0,9761.809999999976,366,487,1,0.8873,0.8865,0.0,0.0
2021-01-14 08:00:00,0.8873,0.8883,0.8864,0.8873,13446,-0.78744614,-0.78744614,0.0,9761.799999999976,366,488,0,0.0,0.0,0.0,-0.01
2021-01-14 12:00:00,0.8873,0.8917,0.8871,0.8904,16419,0.69976926,0.69976926,0.0,9761.799999999976,366,488,1,0.8904,0.8885,0.0,0.0
2021-01-14 16:00:00,0.8904,0.8907,0.8856,0.8864,17606,1.0,1.0,0.0,9761.799999999976,366,488,1,0.8904,0.8885,0.0,0.0
2021-01-14 20:00:00,0.8864,0.8883,0.886,0.8881,9296,-0.71252656,-0.71252656,0.0,9347.639999999976,366,489,0,0.0,0.0,0.0,-414.16
2021-01-15 00:00:00,0.8882,0.8884,0.8876,0.8882,4445,1.0,1.0,0.0,9347.639999999976,366,489,1,0.8882,0.8857,0.0,0.0
2021-01-15 04:00:00,0.8882,0.8895,0.8879,0.8892,5957,-0.57636356,-0.57636356,0.0,9347.639999999976,366,489,1,0.8882,0.8857,0.0,0.0
2021-01-15 08:00:00,0.8892,0.8894,0.8873,0.8874,11031,-0.3402751,-0.3402751,0.0,9347.639999999976,366,489,1,0.8882,0.8857,0.0,0.0
2021-01-15 12:00:00,0.8874,0.889,0.8869,0.8881,11297,0.5896523,0.5896523,0.0,9347.639999999976,366,489,1,0.8882,0.8857,0.0,0.0
2021-01-15 16:00:00,0.8881,0.8906,0.888,0.89,17002,0.34050155,0.34050155,0.0,9347.639999999976,366,489,1,0.8882,0.8857,0.0,0.0
2021-01-15 20:00:00,0.89,0.8915,0.89,0.8914,5762,-0.580267,-0.580267,0.0,9526.819999999976,367,489,0,0.0,0.0,0.0,179.18
2021-01-18 00:00:00,0.8896,0.8926,0.8887,0.891,5208,0.044766273,0.044766273,0.0,9526.819999999976,367,489,0,0.891,0.8894,0.0,0.0
2021-01-18 04:00:00,0.8911,0.8921,0.8908,0.8914,5365,-0.570151,-0.570151,0.0,9526.819999999976,367,489,2,0.8914,0.8925,0.0,0.0
2021-01-18 08:00:00,0.8914,0.8924,0.8909,0.8914,11028,-1.0,-1.0,0.0,9526.819999999976,367,489,2,0.8914,0.8925,0.0,0.0
2021-01-18 12:00:00,0.8913,0.892,0.8898,0.8912,9364,-0.008852635,-0.008852635,0.0,9526.819999999976,367,489,2,0.8914,0.8925,0.0,0.0
2021-01-18 16:00:00,0.8912,0.8917,0.8904,0.8913,6357,-0.50293404,-0.50293404,0.0,9526.819999999976,367,489,2,0.8914,0.8925,0.0,0.0
2021-01-18 20:00:00,0.8913,0.8913,0.8903,0.8905,3884,-1.0,-1.0,0.0,9526.819999999976,367,489,2,0.8914,0.8925,0.0,0.0
2021-01-19 00:00:00,0.8909,0.8911,0.8902,0.8905,2989,-1.0,-1.0,0.0,9526.819999999976,367,489,2,0.8914,0.8925,0.0,0.0
2021-01-19 04:00:00,0.8905,0.8912,0.8902,0.8908,4053,0.45636368,0.45636368,0.0,9526.819999999976,367,489,2,0.8914,0.8925,0.0,0.0
2021-01-19 08:00:00,0.8909,0.8917,0.888,0.8882,10217,1.0,1.0,0.0,9587.739999999976,368,489,0,0.0,0.0,0.0,60.92
2021-01-19 12:00:00,0.8882,0.8885,0.8864,0.8874,10442,-1.0,-1.0,0.0,9587.739999999976,368,489,2,0.8874,0.8887,0.0,0.0
2021-01-19 16:00:00,0.8874,0.8893,0.8869,0.889,11713,-0.5306753,-0.5306753,0.0,9587.739999999976,368,489,2,0.8874,0.8887,0.0,0.0
2021-01-19 20:00:00,0.889,0.8895,0.8882,0.8882,4909,-1.0,-1.0,0.0,9424.549999999976,368,490,0,0.0,0.0,0.0,-163.19
2021-01-20 00:00:00,0.8882,0.8887,0.8875,0.8878,5798,0.04099546,0.04099546,0.0,9424.549999999976,368,490,0,0.889,0.8902,0.0,0.0
2021-01-20 04:00:00,0.8878,0.8881,0.8874,0.8879,3811,-0.59412324,-0.59412324,0.0,9424.549999999976,368,490,2,0.8879,0.8904,0.0,0.0
2021-01-20 08:00:00,0.8879,0.8891,0.8867,0.8886,11128,0.2903565,0.2903565,0.0,9424.549999999976,368,490,2,0.8879,0.8904,0.0,0.0
2021-01-20 12:00:00,0.8886,0.891,0.8886,0.8902,10647,-1.0,-1.0,0.0,9424.549999999976,368,490,2,0.8879,0.8904,0.0,0.0
2021-01-20 16:00:00,0.8901,0.892,0.8886,0.8902,14493,0.45160896,0.45160896,0.0,9424.549999999976,368,490,2,0.8879,0.8904,0.0,0.0
2021-01-20 20:00:00,0.8902,0.8904,0.8892,0.8892,4987,0.7696921,0.7696921,0.0,9193.639999999976,368,491,0,0.0,0.0,0.0,-230.91
2021-01-21 00:00:00,0.8893,0.89,0.8885,0.8889,4903,1.0,1.0,0.0,9193.639999999976,368,491,1,0.8889,0.8873,0.0,0.0
2021-01-21 04:00:00,0.8889,0.8891,0.8883,0.8886,4029,0.21775192,0.21775192,0.0,9193.639999999976,368,491,1,0.8889,0.8873,0.0,0.0
2021-01-21 08:00:00,0.8886,0.8897,0.8863,0.8874,10062,0.7559598,0.7559598,0.0,9193.639999999976,368,491,1,0.8889,0.8873,0.0,0.0
2021-01-21 12:00:00,0.8874,0.8881,0.8851,0.8869,13194,-0.571024,-0.571024,0.0,9193.639999999976,368,491,1,0.8889,0.8873,0.0,0.0
2021-01-21 16:00:00,0.8869,0.8875,0.8848,0.8863,15394,1.0,1.0,0.0,8998.499999999976,368,492,0,0.0,0.0,0.0,-195.14
2021-01-21 20:00:00,0.8863,0.8864,0.8848,0.8849,4953,-0.21393414,-0.21393414,0.0,8998.499999999976,368,492,0,0.8874,0.8887,0.0,0.0
2021-01-22 00:00:00,0.8848,0.8857,0.8843,0.8852,4405,-0.23836876,-0.23836876,0.0,8998.499999999976,368,492,0,0.0,0.0,0.0,0.0
2021-01-22 04:00:00,0.8852,0.8854,0.8847,0.885,3784,-0.9611981,-0.9611981,0.0,8998.499999999976,368,492,2,0.885,0.8858,0.0,0.0
2021-01-22 08:00:00,0.885,0.8863,0.8839,0.8849,10395,-0.556966,-0.556966,0.0,8998.499999999976,368,492,2,0.885,0.8858,0.0,0.0
2021-01-22 12:00:00,0.8849,0.8863,0.8843,0.8858,8294,1.0,1.0,0.0,9008.019999999977,369,492,0,0.0,0.0,0.0,9.52
2021-01-22 16:00:00,0.8858,0.8866,0.8843,0.886,8261,0.723206,0.723206,0.0,9008.019999999977,369,492,1,0.886,0.8835,0.0,0.0
2021-01-22 20:00:00,0.886,0.8862,0.8851,0.8852,3363,0.35216248,0.35216248,0.0,9008.019999999977,369,492,1,0.886,0.8835,0.0,0.0
2021-01-25 00:00:00,0.8842,0.8862,0.8842,0.8859,3399,0.53931195,0.53931195,0.0,9008.019999999977,369,492,1,0.886,0.8835,0.0,0.0
2021-01-25 04:00:00,0.8859,0.8859,0.8849,0.8849,2596,0.010262771,0.010262771,0.0,9008.019999999977,369,492,1,0.886,0.8835,0.0,0.0
2021-01-25 08:00:00,0.8849,0.8874,0.8848,0.8871,7810,0.47242084,0.47242084,0.0,9008.019999999977,369,492,1,0.886,0.8835,0.0,0.0
2021-01-25 12:00:00,0.8871,0.8877,0.886,0.8871,6914,1.0,1.0,0.0,9008.019999999977,369,492,1,0.886,0.8835,0.0,0.0
2021-01-25 16:00:00,0.8871,0.8893,0.8867,0.888,10205,0.0117337275,0.0117337275,0.0,9008.019999999977,369,492,1,0.886,0.8835,0.0,0.0
2021-01-25 20:00:00,0.888,0.8884,0.8878,0.8881,2716,0.13969503,0.13969503,0.0,9008.019999999977,369,492,1,0.886,0.8835,0.0,0.0
2021-01-26 00:00:00,0.888,0.8886,0.8874,0.8878,2519,0.014616698,0.014616698,0.0,9008.019999999977,369,492,1,0.886,0.8835,0.0,0.0
2021-01-26 04:00:00,0.8878,0.889,0.8877,0.8887,2668,0.27530816,0.27530816,0.0,9008.019999999977,369,492,1,0.886,0.8835,0.0,0.0
2021-01-26 08:00:00,0.8887,0.8896,0.8881,0.8892,7377,-1.0,-1.0,0.0,9266.649999999976,370,492,0,0.0,0.0,0.0,258.63
2021-01-26 12:00:00,0.8892,0.8895,0.8874,0.8878,6828,0.71767205,0.71767205,0.0,9266.649999999976,370,492,1,0.8878,0.8853,0.0,0.0
2021-01-26 16:00:00,0.8878,0.8885,0.8867,0.8872,7575,1.0,1.0,0.0,9266.649999999976,370,492,1,0.8878,0.8853,0.0,0.0
2021-01-26 20:00:00,0.8872,0.8872,0.8861,0.8866,3306,1.0,1.0,0.0,9266.649999999976,370,492,1,0.8878,0.8853,0.0,0.0
2021-01-27 00:00:00,0.8865,0.8869,0.8861,0.8866,2588,0.2891445,0.2891445,0.0,9266.649999999976,370,492,1,0.8878,0.8853,0.0,0.0
2021-01-27 04:00:00,0.8866,0.8871,0.8862,0.8863,2301,-1.0,-1.0,0.0,9148.669999999976,370,493,0,0.0,0.0,0.0,-117.98
2021-01-27 08:00:00,0.8863,0.8889,0.8861,0.8884,7334,0.4272695,0.4272695,0.0,9148.669999999976,370,493,0,0.8863,0.8855,0.0,0.0
2021-01-27 12:00:00,0.8884,0.8896,0.8874,0.8887,8304,1.0,1.0,0.0,9148.669999999976,370,493,1,0.8887,0.8862,0.0,0.0
2021-01-27 16:00:00,0.8887,0.8917,0.8879,0.888,14261,0.7964755,0.7964755,0.0,9148.669999999976,370,493,1,0.8887,0.8862,0.0,0.0
2021-01-27 20:00:00,0.888,0.8896,0.8874,0.8887,9992,-0.20839745,-0.20839745,0.0,9148.669999999976,370,493,1,0.8887,0.8862,0.0,0.0
2021-01-28 00:00:00,0.8888,0.8904,0.8884,0.8894,4482,-0.32772273,-0.32772273,0.0,9148.669999999976,370,493,1,0.8887,0.8862,0.0,0.0
2021-01-28 04:00:00,0.8895,0.8898,0.8887,0.8887,3577,0.13110878,0.13110878,0.0,9148.669999999976,370,493,1,0.8887,0.8862,0.0,0.0
2021-01-28 08:00:00,0.8887,0.8907,0.8884,0.8896,9624,-0.44051915,-0.44051915,0.0,9148.669999999976,370,493,1,0.8887,0.8862,0.0,0.0
2021-01-28 12:00:00,0.8896,0.8919,0.889,0.8891,10422,1.0,1.0,0.0,9148.669999999976,370,493,1,0.8887,0.8862,0.0,0.0
2021-01-28 16:00:00,0.8891,0.8895,0.887,0.8883,11510,1.0,1.0,0.0,9148.669999999976,370,493,1,0.8887,0.8862,0.0,0.0
2021-01-28 20:00:00,0.8883,0.8888,0.8873,0.8886,4167,0.45052522,0.45052522,0.0,9148.669999999976,370,493,1,0.8887,0.8862,0.0,0.0
2021-01-29 00:00:00,0.8886,0.8896,0.8871,0.8893,3328,0.8866274,0.8866274,0.0,9148.669999999976,370,493,1,0.8887,0.8862,0.0,0.0
2021-01-29 04:00:00,0.8893,0.8901,0.8892,0.8894,3094,0.18389077,0.18389077,0.0,9148.669999999976,370,493,1,0.8887,0.8862,0.0,0.0
2021-01-29 08:00:00,0.8894,0.8901,0.8884,0.8893,7526,-1.0,-1.0,0.0,9216.809999999976,371,493,0,0.0,0.0,0.0,68.14
2021-01-29 12:00:00,0.8894,0.89,0.8875,0.8881,10781,-0.6678502,-0.6678502,0.0,9216.809999999976,371,493,2,0.8881,0.89,0.0,0.0
2021-01-29 16:00:00,0.888,0.8908,0.8874,0.8905,13071,0.02468782,0.02468782,0.0,9216.809999999976,371,493,2,0.8881,0.89,0.0,0.0
2021-01-29 20:00:00,0.8906,0.8912,0.8902,0.8908,5398,-0.10320862,-0.10320862,0.0,8981.099999999977,371,494,0,0.0,0.0,0.0,-235.71
2021-02-01 00:00:00,0.8889,0.8919,0.8889,0.8912,5864,0.6086776,0.6086776,0.0,8981.099999999977,371,494,1,0.8912,0.8904,0.0,0.0
2021-02-01 04:00:00,0.8912,0.8922,0.8911,0.8918,3042,1.0,1.0,0.0,8981.099999999977,371,494,1,0.8912,0.8904,0.0,0.0
2021-02-01 08:00:00,0.8917,0.8957,0.8913,0.8948,9706,-0.0016479508,-0.0016479508,0.0,8981.099999999977,371,494,1,0.8912,0.8904,0.0,0.0
2021-02-01 12:00:00,0.8948,0.8965,0.8946,0.8958,8502,-0.61723334,-0.61723334,0.0,8981.099999999977,371,494,1,0.8912,0.8904,0.0,0.0
2021-02-01 16:00:00,0.8958,0.8969,0.8942,0.8965,9909,-0.15031354,-0.15031354,0.0,8981.099999999977,371,494,1,0.8912,0.8904,0.0,0.0
2021-02-01 20:00:00,0.8965,0.8973,0.8959,0.8968,4910,0.29586062,0.29586062,0.0,8981.099999999977,371,494,1,0.8912,0.8904,0.0,0.0
2021-02-02 00:00:00,0.8967,0.8971,0.8957,0.8958,4260,-0.31167313,-0.31167313,0.0,8981.099999999977,371,494,1,0.8912,0.8904,0.0,0.0
2021-02-02 04:00:00,0.8959,0.8968,0.8957,0.8964,3956,0.29054007,0.29054007,0.0,8981.099999999977,371,494,1,0.8912,0.8904,0.0,0.0
2021-02-02 08:00:00,0.8964,0.8977,0.8947,0.8962,7784,-0.18265879,-0.18265879,0.0,8981.099999999977,371,494,1,0.8912,0.8904,0.0,0.0
2021-02-02 12:00:00,0.8962,0.8984,0.896,0.8972,8647,-0.05237923,-0.05237923,0.0,8981.099999999977,371,494,1,0.8912,0.8904,0.0,0.0
2021-02-02 16:00:00,0.8972,0.8995,0.8971,0.8988,9994,0.30039123,0.30039123,0.0,8981.099999999977,371,494,1,0.8912,0.8904,0.0,0.0
2021-02-02 20:00:00,0.8988,0.899,0.8971,0.8971,4677,-0.68855894,-0.68855894,0.0,9715.179999999977,372,494,0,0.0,0.0,0.0,734.08
2021-02-03 00:00:00,0.8971,0.898,0.897,0.8972,3959,-0.14868474,-0.14868474,0.0,9715.179999999977,372,494,0,0.0,0.0,0.0,0.0
2021-02-03 04:00:00,0.8972,0.898,0.8972,0.8978,2589,1.0,1.0,0.0,9715.179999999977,372,494,1,0.8978,0.897,0.0,0.0
2021-02-03 08:00:00,0.8978,0.8999,0.8977,0.8988,7190,1.0,1.0,0.0,9715.179999999977,372,494,1,0.8978,0.897,0.0,0.0
2021-02-03 12:00:00,0.8988,0.9,0.8985,0.8987,7511,-0.19088301,-0.19088301,0.0,9715.179999999977,372,494,1,0.8978,0.897,0.0,0.0
2021-02-03 16:00:00,0.8987,0.9003,0.8981,0.8993,9527,-1.0,-1.0,0.0,9809.199999999977,373,494,0,0.0,0.0,0.0,94.02
2021-02-03 20:00:00,0.8993,0.8997,0.8987,0.8988,3402,0.50925845,0.50925845,0.0,9809.199999999977,373,494,1,0.8988,0.898,0.0,0.0
2021-02-04 00:00:00,0.8988,0.8992,0.8984,0.8991,3832,0.04098955,0.04098955,0.0,9809.199999999977,373,494,1,0.8988,0.898,0.0,0.0
2021-02-04 04:00:00,0.8991,0.9004,0.8987,0.9,3400,0.41354823,0.41354823,0.0,9809.199999999977,373,494,1,0.8988,0.898,0.0,0.0
2021-02-04 08:00:00,0.9,0.9026,0.9,0.9023,7830,-1.0,-1.0,0.0,9935.959999999977,374,494,0,0.0,0.0,0.0,126.76
2021-02-04 12:00:00,0.9023,0.9028,0.9014,0.9025,8149,-1.0,-1.0,0.0,9935.959999999977,374,494,2,0.9025,0.9033,0.0,0.0
2021-02-04 16:00:00,0.9025,0.9041,0.9023,0.9039,8636,1.0,1.0,0.0,9935.959999999977,374,494,2,0.9025,0.9033,0.0,0.0
2021-02-04 20:00:00,0.9039,0.9045,0.9036,0.904,4927,-0.24637204,-0.24637204,0.0,9785.499999999978,374,495,0,0.0,0.0,0.0,-150.46
2021-02-05 00:00:00,0.9038,0.9043,0.9036,0.9038,4154,-0.99857587,-0.99857587,0.0,9785.499999999978,374,495,2,0.9038,0.9046,0.0,0.0
2021-02-05 04:00:00,0.9038,0.9046,0.9037,0.9038,5215,-0.80935544,-0.80935544,0.0,9785.499999999978,374,495,2,0.9038,0.9046,0.0,0.0
2021-02-05 08:00:00,0.9038,0.904,0.9019,0.9029,8805,0.040403582,0.040403582,0.0,9785.499999999978,374,495,2,0.9038,0.9046,0.0,0.0
2021-02-05 12:00:00,0.9029,0.9037,0.9005,0.9021,12574,0.56216174,0.56216174,0.0,9785.499999999978,374,495,2,0.9038,0.9046,0.0,0.0
2021-02-05 16:00:00,0.9021,0.9023,0.8992,0.8998,14179,-1.0,-1.0,0.0,9785.499999999978,374,495,2,0.9038,0.9046,0.0,0.0
2021-02-05 20:00:00,0.8998,0.9,0.8989,0.899,4815,-0.25658247,-0.25658247,0.0,9785.499999999978,374,495,2,0.9038,0.9046,0.0,0.0
2021-02-08 00:00:00,0.8983,0.9007,0.8981,0.8998,7437,-1.0,-1.0,0.0,9785.499999999978,374,495,2,0.9038,0.9046,0.0,0.0
2021-02-08 04:00:00,0.8998,0.9004,0.8995,0.8998,4163,-1.0,-1.0,0.0,9785.499999999978,374,495,2,0.9038,0.9046,0.0,0.0
2021-02-08 08:00:00,0.8998,0.9011,0.8992,0.901,7088,1.0,1.0,0.0,10206.929999999978,375,495,0,0.0,0.0,0.0,421.43
2021-02-08 12:00:00,0.901,0.902,0.9,0.9006,8951,-0.09293234,-0.09293234,0.0,10206.929999999978,375,495,0,0.8998,0.899,0.0,0.0
2021-02-08 16:00:00,0.9006,0.9006,0.8982,0.8987,11092,-1.0,-1.0,0.0,10206.929999999978,375,495,2,0.8987,0.8995,0.0,0.0
2021-02-08 20:00:00,0.8987,0.8991,0.8984,0.8985,5698,1.0,1.0,0.0,10206.929999999978,375,495,2,0.8987,0.8995,0.0,0.0
2021-02-09 00:00:00,0.8985,0.899,0.8977,0.8981,6708,-0.31119654,-0.31119654,0.0,10206.929999999978,375,495,2,0.8987,0.8995,0.0,0.0
2021-02-09 04:00:00,0.8981,0.8981,0.8962,0.8963,5428,-1.0,-1.0,0.0,10206.929999999978,375,495,2,0.8987,0.8995,0.0,0.0
2021-02-09 08:00:00,0.8963,0.8969,0.8931,0.8935,11541,-1.0,-1.0,0.0,10206.929999999978,375,495,2,0.8987,0.8995,0.0,0.0
2021-02-09 12:00:00,0.8935,0.8943,0.8929,0.8934,9110,-1.0,-1.0,0.0,10206.929999999978,375,495,2,0.8987,0.8995,0.0,0.0
2021-02-09 16:00:00,0.8934,0.8946,0.8926,0.8927,9091,-1.0,-1.0,0.0,10206.929999999978,375,495,2,0.8987,0.8995,0.0,0.0
2021-02-09 20:00:00,0.8927,0.893,0.8919,0.8923,3183,-0.877103,-0.877103,0.0,10206.929999999978,375,495,2,0.8987,0.8995,0.0,0.0
2021-02-10 00:00:00,0.8923,0.8931,0.892,0.8927,2537,0.46863902,0.46863902,0.0,10206.929999999978,375,495,2,0.8987,0.8995,0.0,0.0
2021-02-10 04:00:00,0.8927,0.8928,0.8913,0.8917,2852,-0.10570408,-0.10570408,0.0,10206.929999999978,375,495,2,0.8987,0.8995,0.0,0.0
2021-02-10 08:00:00,0.8917,0.8918,0.8898,0.8916,6754,1.0,1.0,0.0,10969.269999999979,376,495,0,0.0,0.0,0.0,762.34
2021-02-10 12:00:00,0.8916,0.8918,0.8895,0.8903,7229,-1.0,-1.0,0.0,10969.269999999979,376,495,2,0.8903,0.8911,0.0,0.0
2021-02-10 16:00:00,0.8903,0.891,0.889,0.8893,10517,-0.52731204,-0.52731204,0.0,10969.269999999979,376,495,2,0.8903,0.8911,0.0,0.0
2021-02-10 20:00:00,0.8893,0.8905,0.8893,0.8899,3308,1.0,1.0,0.0,11085.989999999978,377,495,0,0.0,0.0,0.0,116.72
2021-02-11 00:00:00,0.89,0.8908,0.8897,0.8902,2045,-0.7126801,-0.7126801,0.0,11085.989999999978,377,495,2,0.8902,0.891,0.0,0.0
2021-02-11 04:00:00,0.8902,0.8905,0.8898,0.8899,1740,0.27901626,0.27901626,0.0,11085.989999999978,377,495,2,0.8902,0.891,0.0,0.0
2021-02-11 08:00:00,0.8899,0.8908,0.8895,0.89,4937,1.0,1.0,0.0,11121.389999999978,378,495,0,0.0,0.0,0.0,35.4
2021-02-11 12:00:00,0.8901,0.8908,0.8892,0.8898,6999,0.6507533,0.6507533,0.0,11121.389999999978,378,495,1,0.8898,0.8873,0.0,0.0
2021-02-11 16:00:00,0.8897,0.891,0.8896,0.8906,10138,1.0,1.0,0.0,11121.389999999978,378,495,1,0.8898,0.8873,0.0,0.0
2021-02-11 20:00:00,0.8906,0.8909,0.8896,0.89,4643,-2.8445502e-05,-2.8445502e-05,0.0,11121.389999999978,378,495,1,0.8898,0.8873,0.0,0.0
2021-02-12 00:00:00,0.89,0.8904,0.8893,0.8903,3833,1.0,1.0,0.0,11121.389999999978,378,495,1,0.8898,0.8873,0.0,0.0
2021-02-12 04:00:00,0.8903,0.8908,0.8901,0.8902,3667,-0.37317213,-0.37317213,0.0,11121.389999999978,378,495,1,0.8898,0.8873,0.0,0.0
2021-02-12 08:00:00,0.8902,0.8928,0.8901,0.8923,8221,-0.22100733,-0.22100733,0.0,11121.389999999978,378,495,1,0.8898,0.8873,0.0,0.0
2021-02-12 12:00:00,0.8923,0.894,0.8917,0.8937,7889,0.4835429,0.4835429,0.0,11121.389999999978,378,495,1,0.8898,0.8873,0.0,0.0
2021-02-12 16:00:00,0.8937,0.894,0.8909,0.8915,10773,-1.0,-1.0,0.0,11585.209999999977,379,495,0,0.0,0.0,0.0,463.82
2021-02-12 20:00:00,0.8915,0.8922,0.8913,0.8919,3916,0.43052414,0.43052414,0.0,11585.209999999977,379,495,0,0.8919,0.8908,0.0,0.0
2021-02-15 00:00:00,0.8904,0.8925,0.8904,0.8914,4401,-0.52988607,-0.52988607,0.0,11585.209999999977,379,495,2,0.8914,0.8922,0.0,0.0
2021-02-15 04:00:00,0.8914,0.8916,0.8906,0.8907,5098,-0.14822435,-0.14822435,0.0,11585.209999999977,379,495,2,0.8914,0.8922,0.0,0.0
2021-02-15 08:00:00,0.8907,0.8915,0.8901,0.8906,8206,0.41031393,0.41031393,0.0,11585.209999999977,379,495,2,0.8914,0.8922,0.0,0.0
2021-02-15 12:00:00,0.8906,0.891,0.8899,0.8908,6006,-0.13218476,-0.13218476,0.0,11585.209999999977,379,495,2,0.8914,0.8922,0.0,0.0
2021-02-15 16:00:00,0.8908,0.8911,0.8898,0.8903,5237,0.57116824,0.57116824,0.0,11659.289999999977,380,495,0,0.0,0.0,0.0,74.08
2021-02-15 20:00:00,0.8902,0.8903,0.8896,0.89,2518,-0.257068,-0.257068,0.0,11659.289999999977,380,495,0,0.8906,0.8898,0.0,0.0
2021-02-16 00:00:00,0.8901,0.8903,0.8888,0.889,4612,0.33332244,0.33332244,0.0,11659.289999999977,380,495,0,0.8906,0.8898,0.0,0.0
2021-02-16 04:00:00,0.889,0.8892,0.8884,0.889,4155,-1.0,-1.0,0.0,11659.289999999977,380,495,2,0.889,0.8912,0.0,0.0
2021-02-16 08:00:00,0.889,0.8898,0.888,0.8885,7766,1.0,1.0,0.0,11659.289999999977,380,495,2,0.889,0.8912,0.0,0.0
2021-02-16 12:00:00,0.8885,0.892,0.8871,0.8919,10071,-0.74497014,-0.74497014,0.0,11659.289999999977,380,495,2,0.889,0.8912,0.0,0.0
2021-02-16 16:00:00,0.8918,0.8931,0.8909,0.8923,16234,0.062150907,0.062150907,0.0,11298.429999999977,380,496,0,0.0,0.0,0.0,-360.86
2021-02-16 20:00:00,0.8923,0.8928,0.8918,0.8922,4406,0.34149402,0.34149402,0.0,11298.429999999977,380,496,0,0.8922,0.8912,0.0,0.0
2021-02-17 00:00:00,0.8922,0.894,0.8915,0.8931,6610,-0.13905801,-0.13905801,0.0,11298.429999999977,380,496,0,0.8922,0.8912,0.0,0.0
2021-02-17 04:00:00,0.8931,0.8936,0.8927,0.893,5178,-0.9074175,-0.9074175,0.0,11298.429999999977,380,496,2,0.893,0.8946,0.0,0.0
2021-02-17 08:00:00,0.893,0.8958,0.893,0.8948,10932,1.0,1.0,0.0,11298.429999999977,380,496,2,0.893,0.8946,0.0,0.0
2021-02-17 12:00:00,0.8948,0.8981,0.8946,0.898,11428,1.0,1.0,0.0,11080.669999999976,380,497,0,0.0,0.0,0.0,-217.76
2021-02-17 16:00:00,0.898,0.8991,0.897,0.8982,15025,-1.0,-1.0,0.0,11080.669999999976,380,497,2,0.8982,0.9007,0.0,0.0
2021-02-17 20:00:00,0.8982,0.8992,0.8981,0.8988,4851,-0.20763928,-0.20763928,0.0,11080.669999999976,380,497,2,0.8982,0.9007,0.0,0.0
2021-02-18 00:00:00,0.8985,0.8988,0.898,0.8984,5308,0.6809903,0.6809903,0.0,11080.669999999976,380,497,2,0.8982,0.9007,0.0,0.0
2021-02-18 04:00:00,0.8984,0.8991,0.8984,0.8988,4417,-0.644316,-0.644316,0.0,11080.669999999976,380,497,2,0.8982,0.9007,0.0,0.0
2021-02-18 08:00:00,0.8988,0.8996,0.8964,0.8966,9663,-1.0,-1.0,0.0,11080.669999999976,380,497,2,0.8982,0.9007,0.0,0.0
2021-02-18 12:00:00,0.8966,0.8978,0.8957,0.8959,10547,0.9896001,0.9896001,0.0,11270.869999999977,381,497,0,0.0,0.0,0.0,190.2
2021-02-18 16:00:00,0.8959,0.898,0.8958,0.8963,13577,0.11788422,0.11788422,0.0,11270.869999999977,381,497,0,0.8959,0.8967,0.0,0.0
2021-02-18 20:00:00,0.8963,0.8967,0.8957,0.8957,4140,1.0,1.0,0.0,11270.869999999977,381,497,1,0.8957,0.8949,0.0,0.0
2021-02-19 00:00:00,0.8957,0.8965,0.8954,0.8964,4198,-0.7465099,-0.7465099,0.0,11270.869999999977,381,497,1,0.8957,0.8949,0.0,0.0
2021-02-19 04:00:00,0.8965,0.897,0.8961,0.8963,4783,1.0,1.0,0.0,11270.869999999977,381,497,1,0.8957,0.8949,0.0,0.0
2021-02-19 08:00:00,0.8963,0.8966,0.8934,0.8942,9240,-0.91316736,-0.91316736,0.0,11343.389999999978,382,497,0,0.0,0.0,0.0,72.52
2021-02-19 12:00:00,0.8942,0.8953,0.8934,0.8946,9713,-1.0,-1.0,0.0,11343.389999999978,382,497,2,0.8946,0.8954,0.0,0.0
2021-02-19 16:00:00,0.8946,0.8966,0.8943,0.8961,9662,-0.064624906,-0.064624906,0.0,11343.389999999978,382,497,2,0.8946,0.8954,0.0,0.0
2021-02-19 20:00:00,0.8961,0.8973,0.8959,0.8965,4345,0.7302286,0.7302286,0.0,11160.929999999978,382,498,0,0.0,0.0,0.0,-182.46
2021-02-22 00:00:00,0.8961,0.8974,0.8952,0.8967,6321,-1.0,-1.0,0.0,11160.929999999978,382,498,2,0.8967,0.8975,0.0,0.0
2021-02-22 04:00:00,0.8967,0.8982,0.8966,0.8981,5945,0.9045965,0.9045965,0.0,11160.929999999978,382,498,2,0.8967,0.8975,0.0,0.0
2021-02-22 08:00:00,0.8981,0.9023,0.8977,0.8994,11107,0.87027574,0.87027574,0.0,10992.999999999978,382,499,0,0.0,0.0,0.0,-167.93
2021-02-22 12:00:00,0.8994,0.8996,0.8959,0.8962,9671,0.09042904,0.09042904,0.0,10992.999999999978,382,499,0,0.8962,0.8937,0.0,0.0
2021-02-22 16:00:00,0.8962,0.8972,0.8949,0.8954,13121,-1.0,-1.0,0.0,10992.999999999978,382,499,2,0.8954,0.8962,0.0,0.0
2021-02-22 20:00:00,0.8954,0.8966,0.8954,0.8957,3847,-0.028103424,-0.028103424,0.0,10992.999999999978,382,499,2,0.8954,0.8962,0.0,0.0
2021-02-23 00:00:00,0.8957,0.8961,0.895,0.895,4366,0.608343,0.608343,0.0,10992.999999999978,382,499,2,0.8954,0.8962,0.0,0.0
2021-02-23 04:00:00,0.8951,0.8959,0.8949,0.8957,4113,-0.04421139,-0.04421139,0.0,10992.999999999978,382,499,2,0.8954,0.8962,0.0,0.0
2021-02-23 08:00:00,0.8957,0.9013,0.8954,0.8996,10482,-1.0,-1.0,0.0,10992.999999999978,382,499,2,0.8954,0.8962,0.0,0.0
2021-02-23 12:00:00,0.8996,0.9016,0.8995,0.9005,10110,-0.011925276,-0.011925276,0.0,10495.989999999978,382,500,0,0.0,0.0,0.0,-497.01
2021-02-23 16:00:00,0.9005,0.9039,0.8994,0.9038,15486,-0.24266332,-0.24266332,0.0,10495.989999999978,382,500,0,0.9038,0.9046,0.0,0.0
2021-02-23 20:00:00,0.9038,0.9057,0.9034,0.9048,4754,0.09399076,0.09399076,0.0,10495.989999999978,382,500,0,0.9038,0.9046,0.0,0.0
2021-02-24 00:00:00,0.9048,0.9065,0.9021,0.9058,8859,-1.0,-1.0,0.0,10495.989999999978,382,500,2,0.9058,0.9083,0.0,0.0
2021-02-24 04:00:00,0.9058,0.9069,0.9053,0.9068,7913,1.0,1.0,0.0,10495.989999999978,382,500,2,0.9058,0.9083,0.0,0.0
2021-02-24 08:00:00,0.9068,0.9086,0.9048,0.9068,13119,-0.7363623,-0.7363623,0.0,10495.989999999978,382,500,2,0.9058,0.9083,0.0,0.0
2021-02-24 12:00:00,0.9068,0.9085,0.9058,0.9077,14129,-0.13899168,-0.13899168,0.0,10495.989999999978,382,500,2,0.9058,0.9083,0.0,0.0
2021-02-24 16:00:00,0.9077,0.9095,0.9071,0.9077,17204,-0.3038913,-0.3038913,0.0,10495.989999999978,382,500,2,0.9058,0.9083,0.0,0.0
2021-02-24 20:00:00,0.9077,0.9078,0.9064,0.9064,6379,-0.70619714,-0.70619714,0.0,10495.989999999978,382,500,2,0.9058,0.9083,0.0,0.0
2021-02-25 00:00:00,0.9064,0.9076,0.9062,0.9075,6750,-0.7060858,-0.7060858,0.0,10495.989999999978,382,500,2,0.9058,0.9083,0.0,0.0
2021-02-25 04:00:00,0.9074,0.9075,0.9059,0.9061,5527,-1.0,-1.0,0.0,10495.989999999978,382,500,2,0.9058,0.9083,0.0,0.0
2021-02-25 08:00:00,0.906,0.9067,0.9042,0.9061,11733,0.6673979,0.6673979,0.0,10461.839999999978,382,501,0,0.0,0.0,0.0,-34.15
2021-02-25 12:00:00,0.9061,0.9082,0.9046,0.9067,15062,-1.0,-1.0,0.0,10461.839999999978,382,501,2,0.9067,0.9092,0.0,0.0
2021-02-25 16:00:00,0.9067,0.9072,0.9028,0.9048,20566,-0.5586225,-0.5586225,0.0,10461.839999999978,382,501,2,0.9067,0.9092,0.0,0.0
2021-02-25 20:00:00,0.9048,0.9064,0.9036,0.9047,21817,0.6228439,0.6228439,0.0,10461.839999999978,382,501,2,0.9067,0.9092,0.0,0.0
2021-02-26 00:00:00,0.9046,0.9067,0.9039,0.9053,15745,-0.03215245,-0.03215245,0.0,10461.839999999978,382,501,2,0.9067,0.9092,0.0,0.0
2021-02-26 04:00:00,0.9053,0.9064,0.9042,0.9056,13044,-0.0005256552,-0.0005256552,0.0,10461.839999999978,382,501,2,0.9067,0.9092,0.0,0.0
2021-02-26 08:00:00,0.9057,0.9059,0.9027,0.9042,17570,0.4507956,0.4507956,0.0,10461.839999999978,382,501,2,0.9067,0.9092,0.0,0.0
2021-02-26 12:00:00,0.9042,0.9069,0.9039,0.906,17245,0.93562895,0.93562895,0.0,10744.809999999978,383,501,0,0.0,0.0,0.0,282.97
2021-02-26 16:00:00,0.906,0.9102,0.9045,0.9099,24004,-0.39182076,-0.39182076,0.0,10744.809999999978,383,501,0,0.9099,0.9119,0.0,0.0
2021-02-26 20:00:00,0.9098,0.91,0.9085,0.9086,9922,1.0,1.0,0.0,10744.809999999978,383,501,1,0.9086,0.9061,0.0,0.0
2021-03-01 00:00:00,0.9082,0.9088,0.9071,0.9083,9622,-1.0,-1.0,0.0,10744.809999999978,383,501,1,0.9086,0.9061,0.0,0.0
2021-03-01 04:00:00,0.9083,0.909,0.9079,0.9084,7296,-1.0,-1.0,0.0,10709.769999999977,383,502,0,0.0,0.0,0.0,-35.04
2021-03-01 08:00:00,0.9084,0.9118,0.9079,0.9117,12327,0.81916845,0.81916845,0.0,10709.769999999977,383,502,1,0.9117,0.9092,0.0,0.0
2021-03-01 12:00:00,0.9117,0.9149,0.9116,0.9142,13640,0.36985716,0.36985716,0.0,10709.769999999977,383,502,1,0.9117,0.9092,0.0,0.0
2021-03-01 16:00:00,0.9142,0.9157,0.9125,0.9147,18084,-0.48088694,-0.48088694,0.0,10709.769999999977,383,502,1,0.9117,0.9092,0.0,0.0
2021-03-01 20:00:00,0.9147,0.916,0.9147,0.9148,6137,-0.35999772,-0.35999772,0.0,10709.769999999977,383,502,1,0.9117,0.9092,0.0,0.0
2021-03-02 00:00:00,0.9148,0.9162,0.9141,0.9159,5697,-0.92412955,-0.92412955,0.0,11073.179999999977,384,502,0,0.0,0.0,0.0,363.41
2021-03-02 04:00:00,0.9159,0.9164,0.9152,0.916,9480,0.60142595,0.60142595,0.0,11073.179999999977,384,502,1,0.916,0.9142,0.0,0.0
2021-03-02 08:00:00,0.916,0.9193,0.9157,0.9185,11973,-0.9306597,-0.9306597,0.0,11073.179999999977,384,502,1,0.916,0.9142,0.0,0.0
2021-03-02 12:00:00,0.9185,0.9189,0.9168,0.918,10006,0.75695413,0.75695413,0.0,11073.179999999977,384,502,1,0.916,0.9142,0.0,0.0
2021-03-02 16:00:00,0.918,0.9184,0.9138,0.9142,10617,-1.0,-1.0,0.0,11316.439999999977,385,502,0,0.0,0.0,0.0,243.26
2021-03-02 20:00:00,0.9142,0.9149,0.9136,0.9143,3765,0.31939742,0.31939742,0.0,11316.439999999977,385,502,0,0.0,0.0,0.0,0.0
2021-03-03 00:00:00,0.9141,0.9153,0.9141,0.915,3782,0.5706589,0.5706589,0.0,11316.439999999977,385,502,1,0.915,0.9135,0.0,0.0
2021-03-03 04:00:00,0.915,0.9155,0.9149,0.9152,3826,-0.94739145,-0.94739145,0.0,11316.439999999977,385,502,1,0.915,0.9135,0.0,0.0
2021-03-03 08:00:00,0.9152,0.9173,0.914,0.9153,8388,0.13705687,0.13705687,0.0,11316.439999999977,385,502,1,0.915,0.9135,0.0,0.0
2021-03-03 12:00:00,0.9153,0.9189,0.9149,0.9174,9871,0.46188286,0.46188286,0.0,11316.439999999977,385,502,1,0.915,0.9135,0.0,0.0
2021-03-03 16:00:00,0.9174,0.9187,0.9167,0.9185,13451,-0.10073712,-0.10073712,0.0,11316.439999999977,385,502,1,0.915,0.9135,0.0,0.0
2021-03-03 20:00:00,0.9185,0.92,0.9179,0.9197,6443,0.59725183,0.59725183,0.0,11316.439999999977,385,502,1,0.915,0.9135,0.0,0.0
2021-03-04 00:00:00,0.9197,0.9201,0.9187,0.9194,5753,0.30659112,0.30659112,0.0,11316.439999999977,385,502,1,0.915,0.9135,0.0,0.0
2021-03-04 04:00:00,0.9194,0.92,0.9189,0.9193,7187,-0.2327,-0.2327,0.0,11316.439999999977,385,502,1,0.915,0.9135,0.0,0.0
2021-03-04 08:00:00,0.9193,0.9238,0.919,0.923,9673,-1.0,-1.0,0.0,11851.709999999977,386,502,0,0.0,0.0,0.0,535.27
2021-03-04 12:00:00,0.923,0.9254,0.922,0.924,10297,-1.0,-1.0,0.0,11851.709999999977,386,502,2,0.924,0.926,0.0,0.0
2021-03-04 16:00:00,0.924,0.9287,0.9233,0.9285,15635,0.7059058,0.7059058,0.0,11851.709999999977,386,502,2,0.924,0.926,0.0,0.0
2021-03-04 20:00:00,0.9285,0.9298,0.9282,0.9286,12445,0.3108645,0.3108645,0.0,11259.159999999978,386,503,0,0.0,0.0,0.0,-592.55
2021-03-05 00:00:00,0.9285,0.9296,0.9281,0.9289,6579,1.0,1.0,0.0,11259.159999999978,386,503,1,0.9289,0.9281,0.0,0.0
2021-03-05 04:00:00,0.9289,0.9294,0.9285,0.929,8873,-0.28938448,-0.28938448,0.0,11259.159999999978,386,503,1,0.9289,0.9281,0.0,0.0
2021-03-05 08:00:00,0.929,0.9311,0.9288,0.9293,10263,-1.0,-1.0,0.0,11271.669999999978,387,503,0,0.0,0.0,0.0,12.51
2021-03-05 12:00:00,0.9293,0.9307,0.9264,0.9285,10296,0.096916944,0.096916944,0.0,11271.669999999978,387,503,0,0.929,0.9315,0.0,0.0
2021-03-05 16:00:00,0.9285,0.9319,0.9257,0.9311,15822,-0.8305289,-0.8305289,0.0,11271.669999999978,387,503,2,0.9311,0.9319,0.0,0.0
2021-03-05 20:00:00,0.9312,0.9316,0.9302,0.9312,4223,-0.29183224,-0.29183224,0.0,11271.669999999978,387,503,2,0.9311,0.9319,0.0,0.0
2021-03-08 00:00:00,0.9281,0.931,0.9272,0.9306,8572,-0.21590033,-0.21590033,0.0,11271.669999999978,387,503,2,0.9311,0.9319,0.0,0.0
2021-03-08 04:00:00,0.9306,0.932,0.9305,0.9317,6974,-0.2292915,-0.2292915,0.0,11271.669999999978,387,503,2,0.9311,0.9319,0.0,0.0
2021-03-08 08:00:00,0.9317,0.9347,0.9316,0.9336,11760,1.0,1.0,0.0,11196.259999999978,387,504,0,0.0,0.0,0.0,-75.41
2021-03-08 12:00:00,0.9336,0.9353,0.9327,0.9339,11931,0.17231753,0.17231753,0.0,11196.259999999978,387,504,0,0.9306,0.9281,0.0,0.0
2021-03-08 16:00:00,0.9339,0.936,0.9328,0.9355,15207,1.0,1.0,0.0,11196.259999999978,387,504,1,0.9355,0.9336,0.0,0.0
2021-03-08 20:00:00,0.9355,0.937,0.9346,0.9362,6679,-0.8045313,-0.8045313,0.0,11196.259999999978,387,504,1,0.9355,0.9336,0.0,0.0
2021-03-09 00:00:00,0.9362,0.9376,0.9349,0.9373,6596,1.0,1.0,0.0,11196.259999999978,387,504,1,0.9355,0.9336,0.0,0.0
2021-03-09 04:00:00,0.9373,0.9374,0.9354,0.936,11892,-0.71193737,-0.71193737,0.0,11422.279999999979,388,504,0,0.0,0.0,0.0,226.02
2021-03-09 08:00:00,0.936,0.9361,0.933,0.9331,13888,-1.0,-1.0,0.0,11422.279999999979,388,504,2,0.9331,0.9339,0.0,0.0
2021-03-09 12:00:00,0.9331,0.9333,0.9304,0.9315,12596,0.3206886,0.3206886,0.0,11422.279999999979,388,504,2,0.9331,0.9339,0.0,0.0
2021-03-09 16:00:00,0.9315,0.9319,0.9282,0.9286,12937,1.0,1.0,0.0,11625.96999999998,389,504,0,0.0,0.0,0.0,203.69
2021-03-09 20:00:00,0.9286,0.9288,0.9276,0.9276,6523,1.0,1.0,0.0,11625.96999999998,389,504,1,0.9276,0.9268,0.0,0.0
2021-03-10 00:00:00,0.9276,0.9299,0.9271,0.9297,6233,1.0,1.0,0.0,11625.96999999998,389,504,1,0.9276,0.9268,0.0,0.0
2021-03-10 04:00:00,0.9297,0.9305,0.9295,0.9302,7121,-0.24602124,-0.24602124,0.0,11625.96999999998,389,504,1,0.9276,0.9268,0.0,0.0
2021-03-10 08:00:00,0.9302,0.9306,0.9285,0.9294,10227,-1.0,-1.0,0.0,11962.40999999998,390,504,0,0.0,0.0,0.0,336.44
2021-03-10 12:00:00,0.9294,0.9318,0.9289,0.9292,14537,-0.33483416,-0.33483416,0.0,11962.40999999998,390,504,0,0.0,0.0,0.0,0.0
2021-03-10 16:00:00,0.9292,0.9323,0.928,0.9307,16498,-1.0,-1.0,0.0,11962.40999999998,390,504,2,0.9307,0.9324,0.0,0.0
2021-03-10 20:00:00,0.9307,0.9313,0.9291,0.9295,8807,-0.15586849,-0.15586849,0.0,11962.40999999998,390,504,2,0.9307,0.9324,0.0,0.0
2021-03-11 00:00:00,0.9295,0.9309,0.9288,0.9308,5202,0.09424247,0.09424247,0.0,11962.40999999998,390,504,2,0.9307,0.9324,0.0,0.0
2021-03-11 04:00:00,0.9308,0.9308,0.9298,0.9305,6523,1.0,1.0,0.0,11949.07999999998,390,505,0,0.0,0.0,0.0,-13.33
2021-03-11 08:00:00,0.9305,0.9309,0.9244,0.9251,10837,0.716234,0.716234,0.0,11949.07999999998,390,505,1,0.9251,0.9226,0.0,0.0
2021-03-11 12:00:00,0.9251,0.9261,0.9244,0.9257,13384,1.0,1.0,0.0,11949.07999999998,390,505,1,0.9251,0.9226,0.0,0.0
2021-03-11 16:00:00,0.9257,0.9278,0.9244,0.9253,14759,0.36944643,0.36944643,0.0,11949.07999999998,390,505,1,0.9251,0.9226,0.0,0.0
2021-03-11 20:00:00,0.9253,0.9253,0.9234,0.9241,7554,0.21701078,0.21701078,0.0,11949.07999999998,390,505,1,0.9251,0.9226,0.0,0.0
2021-03-12 00:00:00,0.9241,0.9251,0.9233,0.9248,4922,0.10280606,0.10280606,0.0,11949.07999999998,390,505,1,0.9251,0.9226,0.0,0.0
2021-03-12 04:00:00,0.9248,0.9268,0.9248,0.9266,6643,-0.75111365,-0.75111365,0.0,11909.39999999998,390,506,0,0.0,0.0,0.0,-39.68
2021-03-12 08:00:00,0.9266,0.9321,0.9266,0.9311,10939,1.0,1.0,0.0,11909.39999999998,390,506,1,0.9311,0.9286,0.0,0.0
2021-03-12 12:00:00,0.9311,0.9315,0.9292,0.931,10568,-0.1059184,-0.1059184,0.0,11909.39999999998,390,506,1,0.9311,0.9286,0.0,0.0
2021-03-12 16:00:00,0.931,0.9325,0.9278,0.9289,14793,0.19453362,0.19453362,0.0,11909.39999999998,390,506,1,0.9311,0.9286,0.0,0.0
2021-03-12 20:00:00,0.9289,0.9298,0.9285,0.9291,5582,1.0,1.0,0.0,11909.39999999998,390,506,1,0.9311,0.9286,0.0,0.0
2021-03-15 00:00:00,0.9287,0.9297,0.9276,0.9287,12108,0.016034743,0.016034743,0.0,11909.39999999998,390,506,1,0.9311,0.9286,0.0,0.0
2021-03-15 04:00:00,0.9287,0.9308,0.9284,0.9305,7705,1.0,1.0,0.0,11909.39999999998,390,506,1,0.9311,0.9286,0.0,0.0
2021-03-15 08:00:00,0.9306,0.9313,0.9288,0.9294,11243,1.0,1.0,0.0,11909.39999999998,390,506,1,0.9311,0.9286,0.0,0.0
2021-03-15 12:00:00,0.9294,0.93,0.9278,0.9296,9051,-0.7079546,-0.7079546,0.0,11684.22999999998,390,507,0,0.0,0.0,0.0,-225.17
2021-03-15 16:00:00,0.9296,0.9297,0.9267,0.9283,9299,1.0,1.0,0.0,11684.22999999998,390,507,1,0.9283,0.9275,0.0,0.0
2021-03-15 20:00:00,0.9283,0.9284,0.9261,0.9272,3713,-1.0,-1.0,0.0,11684.22999999998,390,507,1,0.9283,0.9275,0.0,0.0
2021-03-16 00:00:00,0.9272,0.928,0.9271,0.9274,4512,0.6578337,0.6578337,0.0,11541.619999999979,390,508,0,0.0,0.0,0.0,-142.61
2021-03-16 04:00:00,0.9274,0.9277,0.9263,0.9267,7009,-0.6796075,-0.6796075,0.0,11541.619999999979,390,508,2,0.9267,0.9292,0.0,0.0
2021-03-16 08:00:00,0.9267,0.9287,0.9265,0.9277,8763,-0.27968788,-0.27968788,0.0,11541.619999999979,390,508,2,0.9267,0.9292,0.0,0.0
2021-03-16 12:00:00,0.9277,0.9278,0.9243,0.9259,13079,-0.9665431,-0.9665431,0.0,11541.619999999979,390,508,2,0.9267,0.9292,0.0,0.0
2021-03-16 16:00:00,0.9259,0.9272,0.9249,0.9256,10603,-1.0,-1.0,0.0,11541.619999999979,390,508,2,0.9267,0.9292,0.0,0.0
2021-03-16 20:00:00,0.9256,0.9256,0.9243,0.9247,4287,-1.0,-1.0,0.0,11541.619999999979,390,508,2,0.9267,0.9292,0.0,0.0
2021-03-17 00:00:00,0.9247,0.9263,0.9245,0.9261,5599,-1.0,-1.0,0.0,11541.619999999979,390,508,2,0.9267,0.9292,0.0,0.0
2021-03-17 04:00:00,0.9261,0.9263,0.9255,0.926,4955,0.29893774,0.29893774,0.0,11541.619999999979,390,508,2,0.9267,0.9292,0.0,0.0
2021-03-17 08:00:00,0.926,0.928,0.9254,0.9262,6497,-0.7669677,-0.7669677,0.0,11541.619999999979,390,508,2,0.9267,0.9292,0.0,0.0
2021-03-17 12:00:00,0.9263,0.9296,0.9254,0.9285,9954,-1.0,-1.0,0.0,11541.619999999979,390,508,2,0.9267,0.9292,0.0,0.0
2021-03-17 16:00:00,0.9285,0.9289,0.9267,0.9271,8260,-0.1414366,-0.1414366,0.0,11541.619999999979,390,508,2,0.9267,0.9292,0.0,0.0
2021-03-17 20:00:00,0.9263,0.9267,0.9214,0.9223,14507,-1.0,-1.0,0.0,11541.619999999979,390,508,2,0.9267,0.9292,0.0,0.0
2021-03-18 00:00:00,0.9223,0.924,0.9219,0.9238,5161,-0.0030882321,-0.0030882321,0.0,11541.619999999979,390,508,2,0.9267,0.9292,0.0,0.0
2021-03-18 04:00:00,0.9238,0.9243,0.923,0.9234,5654,0.77068603,0.77068603,0.0,11911.599999999979,391,508,0,0.0,0.0,0.0,369.98
2021-03-18 08:00:00,0.9234,0.9271,0.9219,0.9252,12369,-1.0,-1.0,0.0,11911.599999999979,391,508,2,0.9252,0.9274,0.0,0.0
2021-03-18 12:00:00,0.9252,0.9297,0.925,0.9296,11361,-0.74084437,-0.74084437,0.0,11911.599999999979,391,508,2,0.9252,0.9274,0.0,0.0
2021-03-18 16:00:00,0.9296,0.9305,0.9268,0.927,13464,0.7065503,0.7065503,0.0,11328.599999999979,391,509,0,0.0,0.0,0.0,-583.0
2021-03-18 20:00:00,0.927,0.9287,0.9259,0.9273,6930,-0.53244203,-0.53244203,0.0,11328.599999999979,391,509,2,0.9273,0.9298,0.0,0.0
2021-03-19 00:00:00,0.9273,0.9285,0.9271,0.9279,4963,0.3606178,0.3606178,0.0,11328.599999999979,391,509,2,0.9273,0.9298,0.0,0.0
2021-03-19 04:00:00,0.9279,0.9284,0.9267,0.9271,6820,0.029305337,0.029305337,0.0,11328.599999999979,391,509,2,0.9273,0.9298,0.0,0.0
2021-03-19 08:00:00,0.9272,0.9295,0.9251,0.9294,10590,0.739219,0.739219,0.0,11353.71999999998,392,509,0,0.0,0.0,0.0,25.12
2021-03-19 12:00:00,0.9294,0.932,0.9271,0.9311,12524,-0.019337429,-0.019337429,0.0,11353.71999999998,392,509,0,0.9311,0.9286,0.0,0.0
2021-03-19 16:00:00,0.9311,0.9315,0.9291,0.9292,12136,-1.0,-1.0,0.0,11353.71999999998,392,509,2,0.9292,0.9303,0.0,0.0
2021-03-19 20:00:00,0.9292,0.9296,0.9288,0.9292,3319,-0.6949906,-0.6949906,0.0,11353.71999999998,392,509,2,0.9292,0.9303,0.0,0.0
2021-03-22 00:00:00,0.9291,0.9308,0.929,0.9299,4378,-1.0,-1.0,0.0,11353.71999999998,392,509,2,0.9292,0.9303,0.0,0.0
2021-03-22 04:00:00,0.9299,0.93,0.9286,0.9299,2980,0.57407284,0.57407284,0.0,11353.71999999998,392,509,2,0.9292,0.9303,0.0,0.0
2021-03-22 08:00:00,0.9299,0.931,0.9267,0.9269,8575,0.5433875,0.5433875,0.0,11353.71999999998,392,509,2,0.9292,0.9303,0.0,0.0
2021-03-22 12:00:00,0.9269,0.9269,0.9241,0.9261,9589,-0.46794125,-0.46794125,0.0,11353.71999999998,392,509,2,0.9292,0.9303,0.0,0.0
2021-03-22 16:00:00,0.9261,0.9262,0.9223,0.9233,8912,0.5752163,0.5752163,0.0,11743.73999999998,393,509,0,0.0,0.0,0.0,390.02
2021-03-22 20:00:00,0.9233,0.924,0.9226,0.9228,2429,-0.6074877,-0.6074877,0.0,11743.73999999998,393,509,2,0.9228,0.924,0.0,0.0
2021-03-23 00:00:00,0.9228,0.9246,0.9228,0.9243,4104,0.0385,0.0385,0.0,11743.73999999998,393,509,2,0.9228,0.924,0.0,0.0
2021-03-23 04:00:00,0.9243,0.9249,0.9239,0.9244,3293,0.64976996,0.64976996,0.0,11548.89999999998,393,510,0,0.0,0.0,0.0,-194.84
2021-03-23 08:00:00,0.9244,0.9293,0.924,0.929,8668,-1.0,-1.0,0.0,11548.89999999998,393,510,2,0.929,0.9298,0.0,0.0
2021-03-23 12:00:00,0.929,0.9323,0.9283,0.9323,6348,0.41220018,0.41220018,0.0,11548.89999999998,393,510,2,0.929,0.9298,0.0,0.0
2021-03-23 16:00:00,0.9323,0.9338,0.9323,0.9338,7631,-0.23035371,-0.23035371,0.0,11123.72999999998,393,511,0,0.0,0.0,0.0,-425.17
2021-03-23 20:00:00,0.9338,0.9347,0.9332,0.9338,4768,0.06846274,0.06846274,0.0,11123.72999999998,393,511,0,0.0,0.0,0.0,0.0
2021-03-24 00:00:00,0.9338,0.9347,0.9337,0.934,4556,-0.03071981,-0.03071981,0.0,11123.72999999998,393,511,0,0.934,0.9328,0.0,0.0
2021-03-24 04:00:00,0.934,0.9347,0.9337,0.9345,4636,-0.37828612,-0.37828612,0.0,11123.72999999998,393,511,0,0.934,0.9328,0.0,0.0
2021-03-24 08:00:00,0.9343,0.937,0.9341,0.9348,7577,0.13420527,0.13420527,0.0,11123.72999999998,393,511,0,0.934,0.9328,0.0,0.0
2021-03-24 12:00:00,0.9348,0.9369,0.9344,0.9364,6760,-0.65246993,-0.65246993,0.0,11123.72999999998,393,511,2,0.9364,0.938,0.0,0.0
2021-03-24 16:00:00,0.9364,0.9365,0.9347,0.9351,8127,0.071491584,0.071491584,0.0,11123.72999999998,393,511,2,0.9364,0.938,0.0,0.0
2021-03-24 20:00:00,0.9351,0.9358,0.9348,0.9353,3798,-1.0,-1.0,0.0,11123.72999999998,393,511,2,0.9364,0.938,0.0,0.0
2021-03-25 00:00:00,0.9353,0.9366,0.9353,0.9359,3814,-0.17881465,-0.17881465,0.0,11123.72999999998,393,511,2,0.9364,0.938,0.0,0.0
2021-03-25 04:00:00,0.9359,0.936,0.9351,0.9357,3389,0.4049843,0.4049843,0.0,11123.72999999998,393,511,2,0.9364,0.938,0.0,0.0
2021-03-25 08:00:00,0.9357,0.9376,0.9356,0.9358,6123,0.66427076,0.66427076,0.0,11210.89999999998,394,511,0,0.0,0.0,0.0,87.17
2021-03-25 12:00:00,0.9358,0.9367,0.9349,0.9354,8264,-1.0,-1.0,0.0,11210.89999999998,394,511,2,0.9354,0.9379,0.0,0.0
2021-03-25 16:00:00,0.9354,0.9399,0.9351,0.9391,11022,-0.68765944,-0.68765944,0.0,11210.89999999998,394,511,2,0.9354,0.9379,0.0,0.0
2021-03-25 20:00:00,0.9391,0.9402,0.9387,0.9396,4718,1.0,1.0,0.0,10744.76999999998,394,512,0,0.0,0.0,0.0,-466.13
2021-03-26 00:00:00,0.9396,0.9399,0.9392,0.9394,2843,-1.0,-1.0,0.0,10744.76999999998,394,512,2,0.9394,0.9402,0.0,0.0
2021-03-26 04:00:00,0.9394,0.9402,0.9394,0.9398,2096,-0.956566,-0.956566,0.0,10744.76999999998,394,512,2,0.9394,0.9402,0.0,0.0
2021-03-26 08:00:00,0.9397,0.9417,0.9391,0.9401,5987,0.21135333,0.21135333,0.0,10744.76999999998,394,512,2,0.9394,0.9402,0.0,0.0
2021-03-26 12:00:00,0.9401,0.9418,0.9397,0.9408,7084,-1.0,-1.0,0.0,10744.76999999998,394,512,2,0.9394,0.9402,0.0,0.0
2021-03-26 16:00:00,0.9408,0.9412,0.9389,0.9396,6963,-0.07479402,-0.07479402,0.0,10575.41999999998,394,513,0,0.0,0.0,0.0,-169.35
2021-03-26 20:00:00,0.9396,0.9399,0.9382,0.9388,3718,0.8153767,0.8153767,0.0,10575.41999999998,394,513,1,0.9388,0.9376,0.0,0.0
2021-03-29 00:00:00,0.9381,0.9401,0.9381,0.94,1885,1.0,1.0,0.0,10575.41999999998,394,513,1,0.9388,0.9376,0.0,0.0
2021-03-29 04:00:00,0.94,0.9403,0.9394,0.9399,2724,1.0,1.0,0.0,10575.41999999998,394,513,1,0.9388,0.9376,0.0,0.0
2021-03-29 08:00:00,0.9399,0.94,0.937,0.9384,6747,0.5254697,0.5254697,0.0,10575.41999999998,394,513,1,0.9388,0.9376,0.0,0.0
2021-03-29 12:00:00,0.9384,0.9405,0.9378,0.9398,6155,0.6571015,0.6571015,0.0,10575.41999999998,394,513,1,0.9388,0.9376,0.0,0.0
2021-03-29 16:00:00,0.9398,0.9399,0.9375,0.938,9464,1.0,1.0,0.0,10575.41999999998,394,513,1,0.9388,0.9376,0.0,0.0
2021-03-29 20:00:00,0.938,0.9398,0.9377,0.9389,3930,0.72133607,0.72133607,0.0,10575.41999999998,394,513,1,0.9388,0.9376,0.0,0.0
2021-03-30 00:00:00,0.9388,0.9395,0.9381,0.9392,2336,-0.3052313,-0.3052313,0.0,10575.41999999998,394,513,1,0.9388,0.9376,0.0,0.0
2021-03-30 04:00:00,0.9392,0.9397,0.939,0.9394,3726,0.39150155,0.39150155,0.0,10575.41999999998,394,513,1,0.9388,0.9376,0.0,0.0
2021-03-30 08:00:00,0.9395,0.9424,0.9393,0.9421,6254,0.06389451,0.06389451,0.0,10575.41999999998,394,513,1,0.9388,0.9376,0.0,0.0
2021-03-30 12:00:00,0.9421,0.9426,0.9414,0.942,8263,1.0,1.0,0.0,10575.41999999998,394,513,1,0.9388,0.9376,0.0,0.0
2021-03-30 16:00:00,0.942,0.9439,0.9411,0.9423,12667,0.23066062,0.23066062,0.0,10575.41999999998,394,513,1,0.9388,0.9376,0.0,0.0
2021-03-30 20:00:00,0.9423,0.9424,0.9418,0.942,3795,-0.03248501,-0.03248501,0.0,10575.41999999998,394,513,1,0.9388,0.9376,0.0,0.0
2021-03-31 00:00:00,0.942,0.9432,0.9415,0.9427,3941,-1.0,-1.0,0.0,10956.85999999998,395,513,0,0.0,0.0,0.0,381.44
2021-03-31 04:00:00,0.9427,0.9442,0.9424,0.9441,6072,0.21592952,0.21592952,0.0,10956.85999999998,395,513,0,0.9427,0.9435,0.0,0.0
2021-03-31 08:00:00,0.9441,0.9447,0.9414,0.9419,8076,-1.0,-1.0,0.0,10956.85999999998,395,513,2,0.9419,0.9435,0.0,0.0
2021-03-31 12:00:00,0.9419,0.9443,0.9418,0.9439,8808,1.0,1.0,0.0,10956.85999999998,395,513,2,0.9419,0.9435,0.0,0.0
2021-03-31 16:00:00,0.9439,0.9442,0.9404,0.942,12776,0.6724394,0.6724394,0.0,10709.33999999998,395,514,0,0.0,0.0,0.0,-247.52
2021-03-31 20:00:00,0.942,0.9459,0.942,0.9435,6766,-0.22863787,-0.22863787,0.0,10709.33999999998,395,514,0,0.9435,0.946,0.0,0.0
2021-04-01 00:00:00,0.9435,0.9448,0.9432,0.9446,3740,-1.0,-1.0,0.0,10709.33999999998,395,514,2,0.9446,0.9471,0.0,0.0
2021-04-01 04:00:00,0.9446,0.9459,0.9442,0.9458,5568,0.4950303,0.4950303,0.0,10709.33999999998,395,514,2,0.9446,0.9471,0.0,0.0
2021-04-01 08:00:00,0.9458,0.9469,0.9442,0.9468,10583,-0.5691305,-0.5691305,0.0,10709.33999999998,395,514,2,0.9446,0.9471,0.0,0.0
2021-04-01 12:00:00,0.9468,0.9473,0.9437,0.9442,10444,-0.77353543,-0.77353543,0.0,10709.33999999998,395,514,2,0.9446,0.9471,0.0,0.0
2021-04-01 16:00:00,0.9442,0.9453,0.9404,0.9411,10045,-0.96366197,-0.96366197,0.0,10709.33999999998,395,514,2,0.9446,0.9471,0.0,0.0
2021-04-01 20:00:00,0.9411,0.9421,0.941,0.9416,3454,0.18167794,0.18167794,0.0,10709.33999999998,395,514,2,0.9446,0.9471,0.0,0.0
2021-04-02 00:00:00,0.9415,0.9422,0.941,0.942,1720,0.36730713,0.36730713,0.0,10709.33999999998,395,514,2,0.9446,0.9471,0.0,0.0
2021-04-02 04:00:00,0.9421,0.9423,0.9414,0.9417,2677,-1.0,-1.0,0.0,10709.33999999998,395,514,2,0.9446,0.9471,0.0,0.0
2021-04-02 08:00:00,0.9416,0.9423,0.9408,0.941,2217,-0.5711734,-0.5711734,0.0,10709.33999999998,395,514,2,0.9446,0.9471,0.0,0.0
2021-04-02 12:00:00,0.941,0.9422,0.9405,0.9418,3184,0.7641045,0.7641045,0.0,11143.43999999998,396,514,0,0.0,0.0,0.0,434.1
2021-04-02 16:00:00,0.9418,0.9434,0.9412,0.9423,3887,0.821416,0.821416,0.0,11143.43999999998,396,514,1,0.9423,0.9415,0.0,0.0
2021-04-02 20:00:00,0.9423,0.9429,0.9407,0.942,3286,-0.61721313,-0.61721313,0.0,11143.43999999998,396,514,1,0.9423,0.9415,0.0,0.0
2021-04-05 00:00:00,0.9417,0.9431,0.9417,0.9423,3478,-0.21529885,-0.21529885,0.0,11143.43999999998,396,514,1,0.9423,0.9415,0.0,0.0
2021-04-05 04:00:00,0.9423,0.9431,0.9416,0.9431,5831,-0.17490803,-0.17490803,0.0,11143.43999999998,396,514,1,0.9423,0.9415,0.0,0.0
2021-04-05 08:00:00,0.9431,0.9439,0.9422,0.9428,3827,0.37524784,0.37524784,0.0,11143.43999999998,396,514,1,0.9423,0.9415,0.0,0.0
2021-04-05 12:00:00,0.9429,0.9437,0.9401,0.9404,4267,0.025651969,0.025651969,0.0,11143.43999999998,396,514,1,0.9423,0.9415,0.0,0.0
2021-04-05 16:00:00,0.9404,0.9406,0.9354,0.936,9028,0.62389207,0.62389207,0.0,10905.17999999998,396,515,0,0.0,0.0,0.0,-238.26
2021-04-05 20:00:00,0.936,0.9366,0.936,0.9362,3976,1.0,1.0,0.0,10905.17999999998,396,515,1,0.9362,0.9354,0.0,0.0
2021-04-06 00:00:00,0.9361,0.9371,0.9352,0.9371,2416,-0.8842181,-0.8842181,0.0,10905.17999999998,396,515,1,0.9362,0.9354,0.0,0.0
2021-04-06 04:00:00,0.9371,0.9383,0.9369,0.9373,4342,-0.1753765,-0.1753765,0.0,10905.17999999998,396,515,1,0.9362,0.9354,0.0,0.0
2021-04-06 08:00:00,0.9374,0.9396,0.9369,0.9378,6160,1.0,1.0,0.0,10905.17999999998,396,515,1,0.9362,0.9354,0.0,0.0
2021-04-06 12:00:00,0.9378,0.9392,0.935,0.9353,8332,-1.0,-1.0,0.0,11100.969999999981,397,515,0,0.0,0.0,0.0,195.79
2021-04-06 16:00:00,0.9353,0.9359,0.9322,0.9324,10042,-0.45694968,-0.45694968,0.0,11100.969999999981,397,515,0,0.0,0.0,0.0,0.0
2021-04-06 20:00:00,0.9324,0.9333,0.9303,0.9308,4736,1.0,1.0,0.0,11100.969999999981,397,515,1,0.9308,0.9292,0.0,0.0
2021-04-07 00:00:00,0.9308,0.9318,0.9306,0.9312,2974,-0.27223164,-0.27223164,0.0,11100.969999999981,397,515,1,0.9308,0.9292,0.0,0.0
2021-04-07 04:00:00,0.9312,0.9314,0.9305,0.9309,3442,-1.0,-1.0,0.0,11150.43999999998,398,515,0,0.0,0.0,0.0,49.47
2021-04-07 08:00:00,0.9309,0.9313,0.9289,0.9294,7568,-0.5674855,-0.5674855,0.0,11150.43999999998,398,515,2,0.9294,0.9302,0.0,0.0
2021-04-07 12:00:00,0.9294,0.9296,0.9283,0.9292,7767,0.45143792,0.45143792,0.0,11150.43999999998,398,515,2,0.9294,0.9302,0.0,0.0
2021-04-07 16:00:00,0.9292,0.9292,0.9268,0.9284,10845,0.8587489,0.8587489,0.0,11175.229999999981,399,515,0,0.0,0.0,0.0,24.79
2021-04-07 20:00:00,0.9284,0.9303,0.9278,0.9295,4416,-0.55337155,-0.55337155,0.0,11175.229999999981,399,515,2,0.9295,0.9303,0.0,0.0
2021-04-08 00:00:00,0.9295,0.9303,0.9286,0.9301,3611,0.62425095,0.62425095,0.0,11175.229999999981,399,515,2,0.9295,0.9303,0.0,0.0
2021-04-08 04:00:00,0.9301,0.9303,0.9291,0.9292,2380,0.50301445,0.50301445,0.0,11175.229999999981,399,515,2,0.9295,0.9303,0.0,0.0
2021-04-08 08:00:00,0.9292,0.9293,0.9275,0.9276,6184,-1.0,-1.0,0.0,11175.229999999981,399,515,2,0.9295,0.9303,0.0,0.0
2021-04-08 12:00:00,0.9276,0.9289,0.9263,0.9263,7190,0.47813883,0.47813883,0.0,11175.229999999981,399,515,2,0.9295,0.9303,0.0,0.0
2021-04-08 16:00:00,0.9263,0.9266,0.9232,0.9235,9547,1.0,1.0,0.0,11571.589999999982,400,515,0,0.0,0.0,0.0,396.36
2021-04-08 20:00:00,0.9235,0.9245,0.9235,0.9238,3872,-0.54166216,-0.54166216,0.0,11571.589999999982,400,515,2,0.9238,0.9253,0.0,0.0
2021-04-09 00:00:00,0.924,0.9246,0.9231,0.9238,2466,-0.9971855,-0.9971855,0.0,11571.589999999982,400,515,2,0.9238,0.9253,0.0,0.0
2021-04-09 04:00:00,0.9238,0.925,0.9237,0.9249,3429,-0.47872964,-0.47872964,0.0,11571.589999999982,400,515,2,0.9238,0.9253,0.0,0.0
2021-04-09 08:00:00,0.9249,0.926,0.924,0.9259,9604,1.0,1.0,0.0,11430.709999999983,400,516,0,0.0,0.0,0.0,-140.88
2021-04-09 12:00:00,0.9259,0.9282,0.9252,0.9276,7993,0.5444622,0.5444622,0.0,11430.709999999983,400,516,1,0.9276,0.9268,0.0,0.0
2021-04-09 16:00:00,0.9276,0.9279,0.9246,0.9252,9298,0.9617584,0.9617584,0.0,11430.709999999983,400,516,1,0.9276,0.9268,0.0,0.0
2021-04-09 20:00:00,0.9252,0.9252,0.9243,0.9245,3556,-0.27036566,-0.27036566,0.0,11126.989999999983,400,517,0,0.0,0.0,0.0,-303.72
2021-04-12 00:00:00,0.9242,0.9258,0.9241,0.9258,2340,-0.6732841,-0.6732841,0.0,11126.989999999983,400,517,2,0.9258,0.9283,0.0,0.0
2021-04-12 04:00:00,0.9258,0.9264,0.9254,0.9263,4545,0.91206247,0.91206247,0.0,11126.989999999983,400,517,2,0.9258,0.9283,0.0,0.0
2021-04-12 08:00:00,0.9263,0.9269,0.9246,0.9253,8234,0.3273048,0.3273048,0.0,11126.989999999983,400,517,2,0.9258,0.9283,0.0,0.0
2021-04-12 12:00:00,0.9253,0.9254,0.9228,0.9233,6480,-0.004147302,-0.004147302,0.0,11126.989999999983,400,517,2,0.9258,0.9283,0.0,0.0
2021-04-12 16:00:00,0.9233,0.9241,0.9213,0.9223,8703,0.3967548,0.3967548,0.0,11126.989999999983,400,517,2,0.9258,0.9283,0.0,0.0
2021-04-12 20:00:00,0.9223,0.9233,0.922,0.9221,3410,-1.0,-1.0,0.0,11126.989999999983,400,517,2,0.9258,0.9283,0.0,0.0
2021-04-13 00:00:00,0.922,0.9241,0.9216,0.9234,2696,-1.0,-1.0,0.0,11126.989999999983,400,517,2,0.9258,0.9283,0.0,0.0
2021-04-13 04:00:00,0.9234,0.9248,0.9234,0.9245,5054,-0.8287684,-0.8287684,0.0,11126.989999999983,400,517,2,0.9258,0.9283,0.0,0.0
2021-04-13 08:00:00,0.9246,0.9255,0.9231,0.9245,7494,-0.4715874,-0.4715874,0.0,11126.989999999983,400,517,2,0.9258,0.9283,0.0,0.0
2021-04-13 12:00:00,0.9245,0.926,0.9216,0.9225,11593,-0.61898607,-0.61898607,0.0,11126.989999999983,400,517,2,0.9258,0.9283,0.0,0.0
2021-04-13 16:00:00,0.9225,0.9227,0.9207,0.9213,13244,-0.2275102,-0.2275102,0.0,11126.989999999983,400,517,2,0.9258,0.9283,0.0,0.0
2021-04-13 20:00:00,0.9213,0.9214,0.9198,0.9205,5111,0.32028982,0.32028982,0.0,11126.989999999983,400,517,2,0.9258,0.9283,0.0,0.0
2021-04-14 00:00:00,0.9205,0.9208,0.92,0.9203,2167,0.17673367,0.17673367,0.0,11126.989999999983,400,517,2,0.9258,0.9283,0.0,0.0
2021-04-14 04:00:00,0.9203,0.9206,0.9196,0.9198,4364,1.0,1.0,0.0,11800.909999999983,401,517,0,0.0,0.0,0.0,673.92
2021-04-14 08:00:00,0.9198,0.9208,0.9189,0.9191,5494,-0.7629702,-0.7629702,0.0,11800.909999999983,401,517,2,0.9191,0.9216,0.0,0.0
2021-04-14 12:00:00,0.9191,0.9232,0.9187,0.9222,5997,0.25816402,0.25816402,0.0,11800.909999999983,401,517,2,0.9191,0.9216,0.0,0.0
2021-04-14 16:00:00,0.9222,0.9234,0.9215,0.9223,8210,0.15912995,0.15912995,0.0,11397.209999999983,401,518,0,0.0,0.0,0.0,-403.7
2021-04-14 20:00:00,0.9223,0.9232,0.9221,0.9224,2636,-1.0,-1.0,0.0,11397.209999999983,401,518,2,0.9224,0.9237,0.0,0.0
2021-04-15 00:00:00,0.9224,0.9232,0.9216,0.9226,2891,-0.6745684,-0.6745684,0.0,11397.209999999983,401,518,2,0.9224,0.9237,0.0,0.0
2021-04-15 04:00:00,0.9227,0.924,0.9224,0.9238,3412,0.23825221,0.23825221,0.0,11397.209999999983,401,518,2,0.9224,0.9237,0.0,0.0
2021-04-15 08:00:00,0.9238,0.9238,0.9217,0.9226,5149,-0.741162,-0.741162,0.0,11220.819999999983,401,519,0,0.0,0.0,0.0,-176.39
2021-04-15 12:00:00,0.9227,0.9246,0.9214,0.9245,6219,-0.8093048,-0.8093048,0.0,11220.819999999983,401,519,2,0.9245,0.9253,0.0,0.0
2021-04-15 16:00:00,0.9245,0.9245,0.9206,0.9224,8573,-1.0,-1.0,0.0,11220.819999999983,401,519,2,0.9245,0.9253,0.0,0.0
2021-04-15 20:00:00,0.9224,0.9231,0.9214,0.9222,3117,1.0,1.0,0.0,11480.889999999983,402,519,0,0.0,0.0,0.0,260.07
2021-04-16 00:00:00,0.9222,0.9228,0.9212,0.9228,3585,-0.13232467,-0.13232467,0.0,11480.889999999983,402,519,0,0.0,0.0,0.0,0.0
2021-04-16 04:00:00,0.9228,0.9235,0.9221,0.9222,2765,-0.961201,-0.961201,0.0,11480.889999999983,402,519,2,0.9222,0.923,0.0,0.0
2021-04-16 08:00:00,0.9222,0.9223,0.9179,0.9199,6071,-1.0,-1.0,0.0,11480.889999999983,402,519,2,0.9222,0.923,0.0,0.0
2021-04-16 12:00:00,0.9199,0.9204,0.9184,0.9192,5768,0.06702153,0.06702153,0.0,11480.889999999983,402,519,2,0.9222,0.923,0.0,0.0
2021-04-16 16:00:00,0.9192,0.9201,0.9182,0.92,5711,0.1226528,0.1226528,0.0,11480.889999999983,402,519,2,0.9222,0.923,0.0,0.0
2021-04-16 20:00:00,0.92,0.9206,0.9196,0.9198,1915,0.17914088,0.17914088,0.0,11480.889999999983,402,519,2,0.9222,0.923,0.0,0.0
2021-04-19 00:00:00,0.9189,0.9209,0.9189,0.9207,2148,1.0,1.0,0.0,11784.149999999983,403,519,0,0.0,0.0,0.0,303.26
2021-04-19 04:00:00,0.9206,0.9215,0.9205,0.9208,3724,-1.0,-1.0,0.0,11784.149999999983,403,519,2,0.9208,0.9219,0.0,0.0
2021-04-19 08:00:00,0.9208,0.921,0.9146,0.9146,6609,0.5491189,0.5491189,0.0,11784.149999999983,403,519,2,0.9208,0.9219,0.0,0.0
2021-04-19 12:00:00,0.9146,0.9151,0.9129,0.9133,6652,-1.0,-1.0,0.0,11784.149999999983,403,519,2,0.9208,0.9219,0.0,0.0
2021-04-19 16:00:00,0.9133,0.9161,0.9132,0.915,7200,-1.0,-1.0,0.0,11784.149999999983,403,519,2,0.9208,0.9219,0.0,0.0
2021-04-19 20:00:00,0.915,0.9156,0.9145,0.9148,2921,1.0,1.0,0.0,12532.459999999983,404,519,0,0.0,0.0,0.0,748.31
2021-04-20 00:00:00,0.9148,0.9155,0.9136,0.9155,2205,0.039026264,0.039026264,0.0,12532.459999999983,404,519,0,0.915,0.9125,0.0,0.0
2021-04-20 04:00:00,0.9155,0.9156,0.9135,0.914,3262,-0.20978078,-0.20978078,0.0,12532.459999999983,404,519,0,0.915,0.9125,0.0,0.0
2021-04-20 08:00:00,0.914,0.9156,0.9135,0.9147,6890,0.9803207,0.9803207,0.0,12532.459999999983,404,519,1,0.9147,0.9139,0.0,0.0
2021-04-20 12:00:00,0.9147,0.917,0.9145,0.9164,6426,-0.56749076,-0.56749076,0.0,12532.459999999983,404,519,1,0.9147,0.9139,0.0,0.0
2021-04-20 16:00:00,0.9163,0.9166,0.9138,0.916,7266,0.09731262,0.09731262,0.0,12532.459999999983,404,519,1,0.9147,0.9139,0.0,0.0
2021-04-20 20:00:00,0.9161,0.9168,0.9155,0.9156,2569,0.53314406,0.53314406,0.0,12532.459999999983,404,519,1,0.9147,0.9139,0.0,0.0
2021-04-21 00:00:00,0.9156,0.9162,0.9149,0.9161,2146,1.0,1.0,0.0,12532.459999999983,404,519,1,0.9147,0.9139,0.0,0.0
2021-04-21 04:00:00,0.9161,0.9167,0.9153,0.9164,2390,-0.984119,-0.984119,0.0,12724.779999999982,405,519,0,0.0,0.0,0.0,192.32
2021-04-21 08:00:00,0.9164,0.9185,0.9154,0.9184,5510,-0.49174902,-0.49174902,0.0,12724.779999999982,405,519,0,0.9184,0.9176,0.0,0.0
2021-04-21 12:00:00,0.9184,0.9186,0.9167,0.9179,5506,-1.0,-1.0,0.0,12724.779999999982,405,519,2,0.9179,0.9187,0.0,0.0
2021-04-21 16:00:00,0.9179,0.9196,0.9163,0.9172,7482,-1.0,-1.0,0.0,12724.779999999982,405,519,2,0.9179,0.9187,0.0,0.0
2021-04-21 20:00:00,0.9172,0.9175,0.9166,0.9166,2403,0.008656079,0.008656079,0.0,12724.779999999982,405,519,2,0.9179,0.9187,0.0,0.0
2021-04-22 00:00:00,0.9166,0.9172,0.9162,0.9166,1901,-0.80208695,-0.80208695,0.0,12724.779999999982,405,519,2,0.9179,0.9187,0.0,0.0
2021-04-22 04:00:00,0.9166,0.9166,0.9158,0.9165,3023,-1.0,-1.0,0.0,12724.779999999982,405,519,2,0.9179,0.9187,0.0,0.0
2021-04-22 08:00:00,0.9165,0.9167,0.9145,0.9161,4594,-0.30279353,-0.30279353,0.0,12724.779999999982,405,519,2,0.9179,0.9187,0.0,0.0
2021-04-22 12:00:00,0.9161,0.9169,0.9144,0.9156,5981,0.22185217,0.22185217,0.0,12724.779999999982,405,519,2,0.9179,0.9187,0.0,0.0
2021-04-22 16:00:00,0.9155,0.9188,0.9152,0.9188,9135,1.0,1.0,0.0,13045.419999999982,406,519,0,0.0,0.0,0.0,320.64
2021-04-22 20:00:00,0.9188,0.9191,0.9165,0.9167,4735,-1.0,-1.0,0.0,13045.419999999982,406,519,2,0.9167,0.9182,0.0,0.0
2021-04-23 00:00:00,0.9169,0.9177,0.9164,0.9167,3397,0.1499085,0.1499085,0.0,13045.419999999982,406,519,2,0.9167,0.9182,0.0,0.0
2021-04-23 04:00:00,0.9167,0.9173,0.9164,0.9167,3061,0.9611585,0.9611585,0.0,13045.409999999982,406,520,0,0.0,0.0,0.0,-0.01
2021-04-23 08:00:00,0.9166,0.9174,0.9152,0.9153,4488,-0.4223558,-0.4223558,0.0,13045.409999999982,406,520,0,0.9167,0.9175,0.0,0.0
2021-04-23 12:00:00,0.9153,0.9157,0.9142,0.9148,5361,1.0,1.0,0.0,13045.409999999982,406,520,1,0.9148,0.9128,0.0,0.0
2021-04-23 16:00:00,0.9148,0.9172,0.9144,0.9145,8097,-1.0,-1.0,0.0,13045.409999999982,406,520,1,0.9148,0.9128,0.0,0.0
2021-04-23 20:00:00,0.9144,0.9147,0.9128,0.9136,2423,-0.51616335,-0.51616335,0.0,13045.409999999982,406,520,1,0.9148,0.9128,0.0,0.0
2021-04-26 00:00:00,0.913,0.9146,0.913,0.9135,2078,0.2323904,0.2323904,0.0,13045.409999999982,406,520,1,0.9148,0.9128,0.0,0.0
2021-04-26 04:00:00,0.9135,0.9135,0.9122,0.9125,2390,-1.0,-1.0,0.0,12860.019999999982,406,521,0,0.0,0.0,0.0,-185.39
2021-04-26 08:00:00,0.9125,0.9147,0.9123,0.9143,5278,0.07416167,0.07416167,0.0,12860.019999999982,406,521,0,0.9136,0.9118,0.0,0.0
2021-04-26 12:00:00,0.9143,0.9164,0.913,0.916,5452,-1.0,-1.0,0.0,12860.019999999982,406,521,2,0.916,0.9172,0.0,0.0
2021-04-26 16:00:00,0.916,0.9166,0.9136,0.9142,7087,-0.57581866,-0.57581866,0.0,12860.019999999982,406,521,2,0.916,0.9172,0.0,0.0
2021-04-26 20:00:00,0.9142,0.9147,0.9138,0.9139,2800,1.0,1.0,0.0,13113.229999999981,407,521,0,0.0,0.0,0.0,253.21
2021-04-27 00:00:00,0.9139,0.9149,0.9133,0.9146,2093,-0.5652946,-0.5652946,0.0,13113.229999999981,407,521,2,0.9146,0.9154,0.0,0.0
2021-04-27 04:00:00,0.9146,0.9161,0.9145,0.9156,2203,1.0,1.0,0.0,13113.229999999981,407,521,2,0.9146,0.9154,0.0,0.0
2021-04-27 08:00:00,0.9156,0.9172,0.9151,0.9168,5259,-0.4643512,-0.4643512,0.0,12969.549999999981,407,522,0,0.0,0.0,0.0,-143.68
2021-04-27 12:00:00,0.9168,0.9169,0.9126,0.9134,5462,-0.31790307,-0.31790307,0.0,12969.549999999981,407,522,0,0.0,0.0,0.0,0.0
2021-04-27 16:00:00,0.9135,0.9149,0.9124,0.9139,6460,1.0,1.0,0.0,12969.549999999981,407,522,1,0.9139,0.9131,0.0,0.0
2021-04-27 20:00:00,0.9139,0.9145,0.9131,0.9134,2631,-0.14866391,-0.14866391,0.0,12969.549999999981,407,522,1,0.9139,0.9131,0.0,0.0
2021-04-28 00:00:00,0.9134,0.9152,0.9131,0.9151,2094,1.0,1.0,0.0,12969.549999999981,407,522,1,0.9139,0.9131,0.0,0.0
2021-04-28 04:00:00,0.9151,0.9155,0.9145,0.9155,2620,-0.2073608,-0.2073608,0.0,12969.549999999981,407,522,1,0.9139,0.9131,0.0,0.0
2021-04-28 08:00:00,0.9155,0.9182,0.9152,0.916,5250,0.40701884,0.40701884,0.0,12969.549999999981,407,522,1,0.9139,0.9131,0.0,0.0
2021-04-28 12:00:00,0.9161,0.9166,0.9143,0.9151,5761,0.23843294,0.23843294,0.0,12969.549999999981,407,522,1,0.9139,0.9131,0.0,0.0
2021-04-28 16:00:00,0.9151,0.9159,0.912,0.9127,8299,1.0,1.0,0.0,12969.549999999981,407,522,1,0.9139,0.9131,0.0,0.0
2021-04-28 20:00:00,0.9127,0.9142,0.9088,0.9094,9946,-0.15744606,-0.15744606,0.0,12799.569999999982,407,523,0,0.0,0.0,0.0,-169.98
2021-04-29 00:00:00,0.9094,0.9098,0.9079,0.9087,2274,-0.8359134,-0.8359134,0.0,12799.569999999982,407,523,2,0.9087,0.9095,0.0,0.0
2021-04-29 04:00:00,0.9087,0.91,0.9082,0.9097,2479,0.45819622,0.45819622,0.0,12799.569999999982,407,523,2,0.9087,0.9095,0.0,0.0
2021-04-29 08:00:00,0.9097,0.9113,0.9094,0.9104,4757,-1.0,-1.0,0.0,12660.229999999981,407,524,0,0.0,0.0,0.0,-139.34
2021-04-29 12:00:00,0.9103,0.9104,0.908,0.9087,7700,-1.0,-1.0,0.0,12660.229999999981,407,524,2,0.9087,0.9095,0.0,0.0
2021-04-29 16:00:00,0.9087,0.9119,0.9086,0.9097,11945,-0.2644189,-0.2644189,0.0,12660.229999999981,407,524,2,0.9087,0.9095,0.0,0.0
2021-04-29 20:00:00,0.9097,0.9097,0.9082,0.9085,3034,0.6796962,0.6796962,0.0,12522.409999999982,407,525,0,0.0,0.0,0.0,-137.82
2021-04-30 00:00:00,0.9085,0.9092,0.9081,0.9086,2807,-0.115174554,-0.115174554,0.0,12522.409999999982,407,525,0,0.9127,0.9142,0.0,0.0
2021-04-30 04:00:00,0.9086,0.9091,0.9082,0.909,2567,0.95288086,0.95288086,0.0,12522.409999999982,407,525,1,0.909,0.9082,0.0,0.0
2021-04-30 08:00:00,0.909,0.9099,0.908,0.9096,5392,-0.52693975,-0.52693975,0.0,12522.409999999982,407,525,1,0.909,0.9082,0.0,0.0
2021-04-30 12:00:00,0.9096,0.9111,0.9082,0.9106,6715,0.6875587,0.6875587,0.0,12522.409999999982,407,525,1,0.909,0.9082,0.0,0.0
2021-04-30 16:00:00,0.9106,0.9134,0.9096,0.9129,13715,1.0,1.0,0.0,12522.409999999982,407,525,1,0.909,0.9082,0.0,0.0
2021-04-30 20:00:00,0.9129,0.914,0.9127,0.913,3489,1.0,1.0,0.0,12522.409999999982,407,525,1,0.909,0.9082,0.0,0.0
2021-05-03 00:00:00,0.9119,0.9136,0.9115,0.913,1683,1.0,1.0,0.0,12522.409999999982,407,525,1,0.909,0.9082,0.0,0.0
2021-05-03 04:00:00,0.913,0.9141,0.9128,0.9138,1846,-0.86952025,-0.86952025,0.0,13069.61999999998,408,525,0,0.0,0.0,0.0,547.21
2021-05-03 08:00:00,0.9138,0.9142,0.9121,0.9125,5309,-1.0,-1.0,0.0,13069.61999999998,408,525,2,0.9125,0.9145,0.0,0.0
2021-05-03 12:00:00,0.9125,0.9148,0.9119,0.9138,5243,-0.16398756,-0.16398756,0.0,13069.61999999998,408,525,2,0.9125,0.9145,0.0,0.0
2021-05-03 16:00:00,0.9138,0.9139,0.9093,0.912,8840,-0.33574155,-0.33574155,0.0,13069.61999999998,408,525,2,0.9125,0.9145,0.0,0.0
2021-05-03 20:00:00,0.912,0.912,0.911,0.9111,3227,0.96339005,0.96339005,0.0,13140.91999999998,409,525,0,0.0,0.0,0.0,71.3
2021-05-04 00:00:00,0.9107,0.9122,0.9096,0.912,3599,-0.1926987,-0.1926987,0.0,13140.91999999998,409,525,0,0.912,0.914,0.0,0.0
2021-05-04 04:00:00,0.912,0.9145,0.912,0.9145,2095,-1.0,-1.0,0.0,13140.91999999998,409,525,2,0.9145,0.917,0.0,0.0
2021-05-04 08:00:00,0.9145,0.9156,0.9137,0.9153,5530,-0.20659661,-0.20659661,0.0,13140.91999999998,409,525,2,0.9145,0.917,0.0,0.0
2021-05-04 12:00:00,0.9153,0.9161,0.912,0.9123,7442,0.85173094,0.85173094,0.0,13025.76999999998,409,526,0,0.0,0.0,0.0,-115.15
2021-05-04 16:00:00,0.9123,0.9142,0.9115,0.9136,13916,-0.9558786,-0.9558786,0.0,13025.76999999998,409,526,2,0.9136,0.9149,0.0,0.0
2021-05-04 20:00:00,0.9136,0.9139,0.9128,0.9132,4043,0.008162146,0.008162146,0.0,13025.76999999998,409,526,2,0.9136,0.9149,0.0,0.0
2021-05-05 00:00:00,0.9133,0.9138,0.9129,0.9134,1357,0.55496144,0.55496144,0.0,13025.76999999998,409,526,2,0.9136,0.9149,0.0,0.0
2021-05-05 04:00:00,0.9134,0.9134,0.9127,0.9129,2205,1.0,1.0,0.0,13054.22999999998,410,526,0,0.0,0.0,0.0,28.46
2021-05-05 08:00:00,0.9129,0.9164,0.9129,0.9155,6243,-0.8375931,-0.8375931,0.0,13054.22999999998,410,526,2,0.9155,0.9163,0.0,0.0
2021-05-05 12:00:00,0.9155,0.9159,0.9127,0.9135,5134,-0.25280297,-0.25280297,0.0,13054.22999999998,410,526,2,0.9155,0.9163,0.0,0.0
2021-05-05 16:00:00,0.9135,0.9138,0.9121,0.9135,8781,-0.10341281,-0.10341281,0.0,13054.22999999998,410,526,2,0.9155,0.9163,0.0,0.0
2021-05-05 20:00:00,0.9135,0.9139,0.9127,0.9127,2504,-0.047817748,-0.047817748,0.0,13054.22999999998,410,526,2,0.9155,0.9163,0.0,0.0
2021-05-06 00:00:00,0.9127,0.9139,0.9122,0.9139,2127,-1.0,-1.0,0.0,13054.22999999998,410,526,2,0.9155,0.9163,0.0,0.0
2021-05-06 04:00:00,0.9138,0.9145,0.9132,0.914,2834,-0.3735144,-0.3735144,0.0,13054.22999999998,410,526,2,0.9155,0.9163,0.0,0.0
2021-05-06 08:00:00,0.914,0.914,0.9097,0.9104,5062,-1.0,-1.0,0.0,13054.22999999998,410,526,2,0.9155,0.9163,0.0,0.0
2021-05-06 12:00:00,0.9104,0.9108,0.9081,0.909,6919,0.7647644,0.7647644,0.0,13779.47999999998,411,526,0,0.0,0.0,0.0,725.25
2021-05-06 16:00:00,0.909,0.9101,0.907,0.9091,8306,0.120085895,0.120085895,0.0,13779.47999999998,411,526,0,0.909,0.9098,0.0,0.0
2021-05-06 20:00:00,0.9091,0.9092,0.9071,0.9071,2471,-0.53624165,-0.53624165,0.0,13779.47999999998,411,526,2,0.9071,0.9079,0.0,0.0
2021-05-07 00:00:00,0.9071,0.9081,0.9068,0.9077,2491,-0.17491202,-0.17491202,0.0,13779.47999999998,411,526,2,0.9071,0.9079,0.0,0.0
2021-05-07 04:00:00,0.9077,0.9081,0.907,0.9074,2283,0.5152702,0.5152702,0.0,13779.47999999998,411,526,2,0.9071,0.9079,0.0,0.0
2021-05-07 08:00:00,0.9074,0.9088,0.9058,0.9075,4924,-0.057215866,-0.057215866,0.0,13779.47999999998,411,526,2,0.9071,0.9079,0.0,0.0
2021-05-07 12:00:00,0.9075,0.9094,0.9021,0.9037,8761,-0.64142907,-0.64142907,0.0,13779.47999999998,411,526,2,0.9071,0.9079,0.0,0.0
2021-05-07 16:00:00,0.9036,0.906,0.9008,0.902,13556,-1.0,-1.0,0.0,13779.47999999998,411,526,2,0.9071,0.9079,0.0,0.0
2021-05-07 20:00:00,0.9021,0.9022,0.9004,0.9005,3223,0.22182308,0.22182308,0.0,13779.47999999998,411,526,2,0.9071,0.9079,0.0,0.0
2021-05-10 00:00:00,0.9003,0.9018,0.9,0.9011,4337,-0.8234631,-0.8234631,0.0,13779.47999999998,411,526,2,0.9071,0.9079,0.0,0.0
2021-05-10 04:00:00,0.9011,0.9018,0.901,0.9017,2438,0.1394055,0.1394055,0.0,13779.47999999998,411,526,2,0.9071,0.9079,0.0,0.0
2021-05-10 08:00:00,0.9016,0.9019,0.8995,0.9,7600,-0.23276699,-0.23276699,0.0,13779.47999999998,411,526,2,0.9071,0.9079,0.0,0.0
2021-05-10 12:00:00,0.9,0.9014,0.8986,0.8987,5251,-0.45330715,-0.45330715,0.0,13779.47999999998,411,526,2,0.9071,0.9079,0.0,0.0
2021-05-10 16:00:00,0.8988,0.9006,0.8986,0.8999,9738,1.0,1.0,0.0,15024.17999999998,412,526,0,0.0,0.0,0.0,1244.7
2021-05-10 20:00:00,0.8999,0.9014,0.8998,0.9011,3734,1.0,1.0,0.0,15024.17999999998,412,526,1,0.9011,0.8997,0.0,0.0
2021-05-11 00:00:00,0.901,0.9014,0.9004,0.9012,2839,-0.29411155,-0.29411155,0.0,15024.17999999998,412,526,1,0.9011,0.8997,0.0,0.0
2021-05-11 04:00:00,0.9012,0.9013,0.9001,0.9005,2589,0.49253273,0.49253273,0.0,15024.17999999998,412,526,1,0.9011,0.8997,0.0,0.0
2021-05-11 08:00:00,0.9005,0.9033,0.9003,0.9018,6588,-1.0,-1.0,0.0,14927.03999999998,412,527,0,0.0,0.0,0.0,-97.14
2021-05-11 12:00:00,0.9018,0.9028,0.901,0.902,6108,-0.60454786,-0.60454786,0.0,14927.03999999998,412,527,2,0.902,0.9042,0.0,0.0
2021-05-11 16:00:00,0.902,0.9032,0.9004,0.9031,10920,-1.0,-1.0,0.0,14927.03999999998,412,527,2,0.902,0.9042,0.0,0.0
2021-05-11 20:00:00,0.9031,0.9039,0.903,0.9035,3201,0.09597031,0.09597031,0.0,14927.03999999998,412,527,2,0.902,0.9042,0.0,0.0
2021-05-12 00:00:00,0.9035,0.9044,0.9027,0.9044,1998,-0.2690192,-0.2690192,0.0,14927.03999999998,412,527,2,0.902,0.9042,0.0,0.0
2021-05-12 04:00:00,0.9044,0.9059,0.9044,0.9055,2175,0.22186601,0.22186601,0.0,14539.33999999998,412,528,0,0.0,0.0,0.0,-387.7
2021-05-12 08:00:00,0.9055,0.9057,0.9034,0.9045,5347,-1.0,-1.0,0.0,14539.33999999998,412,528,2,0.9045,0.9055,0.0,0.0
2021-05-12 12:00:00,0.9045,0.9079,0.9033,0.9047,9097,-0.023619778,-0.023619778,0.0,14539.33999999998,412,528,2,0.9045,0.9055,0.0,0.0
2021-05-12 16:00:00,0.9047,0.9094,0.903,0.9092,16173,1.0,1.0,0.0,14507.84999999998,412,529,0,0.0,0.0,0.0,-31.49
2021-05-12 20:00:00,0.9092,0.9092,0.9078,0.9089,5946,0.071182095,0.071182095,0.0,14507.84999999998,412,529,0,0.9047,0.9039,0.0,0.0
2021-05-13 00:00:00,0.9089,0.9093,0.9076,0.9084,3594,-0.13037306,-0.13037306,0.0,14507.84999999998,412,529,0,0.9047,0.9039,0.0,0.0
2021-05-13 04:00:00,0.9084,0.9089,0.9079,0.9085,3170,-1.0,-1.0,0.0,14507.84999999998,412,529,2,0.9085,0.9101,0.0,0.0
2021-05-13 08:00:00,0.9085,0.9092,0.9066,0.9085,9459,-0.56918263,-0.56918263,0.0,14507.84999999998,412,529,2,0.9085,0.9101,0.0,0.0
2021-05-13 12:00:00,0.9085,0.9088,0.9064,0.9077,9749,0.4824366,0.4824366,0.0,14507.84999999998,412,529,2,0.9085,0.9101,0.0,0.0
2021-05-13 16:00:00,0.9078,0.9078,0.9051,0.9061,10099,0.41903594,0.41903594,0.0,14507.84999999998,412,529,2,0.9085,0.9101,0.0,0.0
2021-05-13 20:00:00,0.9061,0.9069,0.9051,0.9057,5117,0.25523975,0.25523975,0.0,14507.84999999998,412,529,2,0.9085,0.9101,0.0,0.0
2021-05-14 00:00:00,0.9058,0.9063,0.905,0.906,1824,0.38250816,0.38250816,0.0,14507.84999999998,412,529,2,0.9085,0.9101,0.0,0.0
2021-05-14 04:00:00,0.9061,0.9064,0.9052,0.9053,2371,0.404248,0.404248,0.0,14507.84999999998,412,529,2,0.9085,0.9101,0.0,0.0
2021-05-14 08:00:00,0.9053,0.9055,0.9021,0.9025,5376,0.8390023,0.8390023,0.0,15010.74999999998,413,529,0,0.0,0.0,0.0,502.9
2021-05-14 12:00:00,0.9025,0.9051,0.9024,0.9032,6680,-1.0,-1.0,0.0,15010.74999999998,413,529,2,0.9032,0.9057,0.0,0.0
2021-05-14 16:00:00,0.9032,0.9038,0.9012,0.9027,8407,-0.3997928,-0.3997928,0.0,15010.74999999998,413,529,2,0.9032,0.9057,0.0,0.0
2021-05-14 20:00:00,0.9027,0.9029,0.9015,0.9016,2109,-0.49601427,-0.49601427,0.0,15010.74999999998,413,529,2,0.9032,0.9057,0.0,0.0
2021-05-17 00:00:00,0.901,0.9023,0.901,0.9023,1891,0.28416273,0.28416273,0.0,15010.74999999998,413,529,2,0.9032,0.9057,0.0,0.0
2021-05-17 04:00:00,0.9023,0.9029,0.9019,0.9025,2376,0.14385352,0.14385352,0.0,15010.74999999998,413,529,2,0.9032,0.9057,0.0,0.0
2021-05-17 08:00:00,0.9025,0.9029,0.9011,0.9018,4705,-0.036890388,-0.036890388,0.0,15010.74999999998,413,529,2,0.9032,0.9057,0.0,0.0
2021-05-17 12:00:00,0.9018,0.9024,0.9002,0.9017,6096,1.0,1.0,0.0,15237.50999999998,414,529,0,0.0,0.0,0.0,226.76
2021-05-17 16:00:00,0.9017,0.9023,0.9007,0.9018,8377,0.80714506,0.80714506,0.0,15237.50999999998,414,529,1,0.9018,0.901,0.0,0.0
2021-05-17 20:00:00,0.9018,0.9033,0.9017,0.9032,2575,0.515115,0.515115,0.0,15237.50999999998,414,529,1,0.9018,0.901,0.0,0.0
2021-05-18 00:00:00,0.9031,0.9035,0.9023,0.9033,1676,-0.19821173,-0.19821173,0.0,15237.50999999998,414,529,1,0.9018,0.901,0.0,0.0
2021-05-18 04:00:00,0.9032,0.9034,0.9016,0.9019,3004,0.8884722,0.8884722,0.0,15237.50999999998,414,529,1,0.9018,0.901,0.0,0.0
2021-05-18 08:00:00,0.9019,0.9023,0.8965,0.8971,6255,-0.71788466,-0.71788466,0.0,15253.93999999998,415,529,0,0.0,0.0,0.0,16.43
2021-05-18 12:00:00,0.8971,0.8986,0.896,0.8971,5711,0.026366252,0.026366252,0.0,15253.93999999998,415,529,0,0.8971,0.8996,0.0,0.0
2021-05-18 16:00:00,0.8971,0.8987,0.8965,0.8979,9180,1.0,1.0,0.0,15253.93999999998,415,529,1,0.8979,0.8971,0.0,0.0
2021-05-18 20:00:00,0.8979,0.8979,0.8964,0.8976,3092,0.29284075,0.29284075,0.0,15253.93999999998,415,529,1,0.8979,0.8971,0.0,0.0
2021-05-19 00:00:00,0.8976,0.8978,0.8968,0.8976,1812,-0.13321397,-0.13321397,0.0,15253.93999999998,415,529,1,0.8979,0.8971,0.0,0.0
2021-05-19 04:00:00,0.8976,0.8985,0.897,0.8974,2853,-0.35450017,-0.35450017,0.0,15253.93999999998,415,529,1,0.8979,0.8971,0.0,0.0
2021-05-19 08:00:00,0.8974,0.9014,0.8968,0.9003,6450,0.6011936,0.6011936,0.0,15253.93999999998,415,529,1,0.8979,0.8971,0.0,0.0
2021-05-19 12:00:00,0.9003,0.9032,0.8999,0.902,7055,-1.0,-1.0,0.0,15648.31999999998,416,529,0,0.0,0.0,0.0,394.38
2021-05-19 16:00:00,0.902,0.9021,0.8996,0.9005,11619,0.15761214,0.15761214,0.0,15648.31999999998,416,529,0,0.902,0.9035,0.0,0.0
2021-05-19 20:00:00,0.9005,0.9048,0.9004,0.9037,9879,-0.8130387,-0.8130387,0.0,15648.31999999998,416,529,2,0.9037,0.9048,0.0,0.0
2021-05-20 00:00:00,0.9037,0.9045,0.9022,0.9037,2355,0.86322683,0.86322683,0.0,15648.31999999998,416,529,2,0.9037,0.9048,0.0,0.0
2021-05-20 04:00:00,0.9037,0.9047,0.9034,0.9038,3119,-0.729081,-0.729081,0.0,15648.31999999998,416,529,2,0.9037,0.9048,0.0,0.0
2021-05-20 08:00:00,0.9038,0.9043,0.8997,0.9018,6514,-0.20302786,-0.20302786,0.0,15648.31999999998,416,529,2,0.9037,0.9048,0.0,0.0
2021-05-20 12:00:00,0.9018,0.9021,0.9003,0.9008,5824,1.0,1.0,0.0,15969.13999999998,417,529,0,0.0,0.0,0.0,320.82
2021-05-20 16:00:00,0.9008,0.901,0.8983,0.8988,9039,-0.12541667,-0.12541667,0.0,15969.13999999998,417,529,0,0.0,0.0,0.0,0.0
2021-05-20 20:00:00,0.8988,0.8989,0.8972,0.8972,2959,0.8607308,0.8607308,0.0,15969.13999999998,417,529,1,0.8972,0.8956,0.0,0.0
2021-05-21 00:00:00,0.8972,0.8977,0.8967,0.8972,2422,-0.17313564,-0.17313564,0.0,15969.13999999998,417,529,1,0.8972,0.8956,0.0,0.0
2021-05-21 04:00:00,0.8972,0.8975,0.8964,0.8965,4067,1.0,1.0,0.0,15969.13999999998,417,529,1,0.8972,0.8956,0.0,0.0
2021-05-21 08:00:00,0.8965,0.8975,0.8954,0.897,6037,1.0,1.0,0.0,15969.13999999998,417,529,1,0.8972,0.8956,0.0,0.0
2021-05-21 12:00:00,0.897,0.8991,0.8956,0.8978,6814,-1.0,-1.0,0.0,15934.849999999979,417,530,0,0.0,0.0,0.0,-34.29
2021-05-21 16:00:00,0.8978,0.9,0.8975,0.8993,11885,0.42168915,0.42168915,0.0,15934.849999999979,417,530,0,0.0,0.0,0.0,0.0
2021-05-21 20:00:00,0.8993,0.8993,0.8971,0.8977,3445,1.0,1.0,0.0,15934.849999999979,417,530,1,0.8977,0.8969,0.0,0.0
2021-05-24 00:00:00,0.8977,0.8983,0.8964,0.8978,2221,0.27139613,0.27139613,0.0,15934.849999999979,417,530,1,0.8977,0.8969,0.0,0.0
2021-05-24 04:00:00,0.8978,0.8982,0.8975,0.8982,3751,-1.0,-1.0,0.0,15951.95999999998,418,530,0,0.0,0.0,0.0,17.11
2021-05-24 08:00:00,0.8982,0.9002,0.897,0.8988,7415,-1.0,-1.0,0.0,15951.95999999998,418,530,2,0.8988,0.8996,0.0,0.0
2021-05-24 12:00:00,0.8988,0.8991,0.8969,0.8974,7897,0.3538088,0.3538088,0.0,15951.95999999998,418,530,2,0.8988,0.8996,0.0,0.0
2021-05-24 16:00:00,0.8974,0.8979,0.8957,0.8969,9485,0.339638,0.339638,0.0,15951.95999999998,418,530,2,0.8988,0.8996,0.0,0.0
2021-05-24 20:00:00,0.8969,0.8974,0.8965,0.8968,3168,-0.9717523,-0.9717523,0.0,15951.95999999998,418,530,2,0.8988,0.8996,0.0,0.0
2021-05-25 00:00:00,0.8969,0.8971,0.8959,0.8965,2622,-0.8613664,-0.8613664,0.0,15951.95999999998,418,530,2,0.8988,0.8996,0.0,0.0
2021-05-25 04:00:00,0.8965,0.8966,0.8959,0.8962,3635,-0.36739284,-0.36739284,0.0,15951.95999999998,418,530,2,0.8988,0.8996,0.0,0.0
2021-05-25 08:00:00,0.8961,0.8968,0.8934,0.8936,10871,1.0,1.0,0.0,16396.71999999998,419,530,0,0.0,0.0,0.0,444.76
2021-05-25 12:00:00,0.8936,0.8965,0.8931,0.8962,8904,-0.74337685,-0.74337685,0.0,16396.71999999998,419,530,2,0.8962,0.8975,0.0,0.0
2021-05-25 16:00:00,0.8962,0.8975,0.8954,0.8964,11070,-1.0,-1.0,0.0,16396.71999999998,419,530,2,0.8962,0.8975,0.0,0.0
2021-05-25 20:00:00,0.8964,0.8966,0.8948,0.8948,3830,0.7652948,0.7652948,0.0,16361.539999999979,419,531,0,0.0,0.0,0.0,-35.18
2021-05-26 00:00:00,0.8952,0.8958,0.8933,0.8956,2741,1.0,1.0,0.0,16361.539999999979,419,531,1,0.8956,0.8941,0.0,0.0
2021-05-26 04:00:00,0.8956,0.8958,0.8943,0.8944,4144,0.15990825,0.15990825,0.0,16361.539999999979,419,531,1,0.8956,0.8941,0.0,0.0
2021-05-26 08:00:00,0.8944,0.8958,0.8944,0.895,7064,0.22372739,0.22372739,0.0,16361.539999999979,419,531,1,0.8956,0.8941,0.0,0.0
2021-05-26 12:00:00,0.895,0.8973,0.8942,0.8968,7734,-0.9382262,-0.9382262,0.0,16256.39999999998,419,532,0,0.0,0.0,0.0,-105.14
2021-05-26 16:00:00,0.8968,0.8982,0.8948,0.8975,10917,1.0,1.0,0.0,16256.39999999998,419,532,1,0.8975,0.8967,0.0,0.0
2021-05-26 20:00:00,0.8975,0.8988,0.8971,0.8978,3990,1.0,1.0,0.0,16256.39999999998,419,532,1,0.8975,0.8967,0.0,0.0
2021-05-27 00:00:00,0.8978,0.8984,0.8966,0.898,2391,-1.0,-1.0,0.0,16308.779999999979,420,532,0,0.0,0.0,0.0,52.38
2021-05-27 04:00:00,0.898,0.8987,0.897,0.897,3481,-0.06702776,-0.06702776,0.0,16308.779999999979,420,532,0,0.0,0.0,0.0,0.0
2021-05-27 08:00:00,0.897,0.8988,0.8961,0.8986,6662,-0.4375089,-0.4375089,0.0,16308.779999999979,420,532,0,0.8986,0.8994,0.0,0.0
2021-05-27 12:00:00,0.8986,0.9003,0.8973,0.9,8890,0.9396622,0.9396622,0.0,16308.779999999979,420,532,1,0.9,0.8992,0.0,0.0
2021-05-27 16:00:00,0.8999,0.9009,0.8969,0.8976,13814,0.85162324,0.85162324,0.0,16308.779999999979,420,532,1,0.9,0.8992,0.0,0.0
2021-05-27 20:00:00,0.8976,0.8977,0.8965,0.8965,3743,-0.78504694,-0.78504694,0.0,15888.369999999979,420,533,0,0.0,0.0,0.0,-420.41
2021-05-28 00:00:00,0.8966,0.8979,0.8964,0.8975,2625,1.0,1.0,0.0,15888.369999999979,420,533,1,0.8975,0.8967,0.0,0.0
2021-05-28 04:00:00,0.8975,0.898,0.8973,0.8975,3122,-1.0,-1.0,0.0,15888.369999999979,420,533,1,0.8975,0.8967,0.0,0.0
2021-05-28 08:00:00,0.8975,0.8993,0.8972,0.8979,7824,0.5623572,0.5623572,0.0,15888.369999999979,420,533,1,0.8975,0.8967,0.0,0.0
2021-05-28 12:00:00,0.8979,0.903,0.8978,0.9029,10421,-1.0,-1.0,0.0,15956.63999999998,421,533,0,0.0,0.0,0.0,68.27
2021-05-28 16:00:00,0.9029,0.9029,0.899,0.8995,10522,-1.0,-1.0,0.0,15956.63999999998,421,533,2,0.8995,0.9009,0.0,0.0
2021-05-28 20:00:00,0.8995,0.9001,0.899,0.9001,4032,0.5620181,0.5620181,0.0,15956.63999999998,421,533,2,0.8995,0.9009,0.0,0.0
2021-05-31 00:00:00,0.8988,0.9005,0.8988,0.8998,2118,0.542484,0.542484,0.0,15956.63999999998,421,533,2,0.8995,0.9009,0.0,0.0
2021-05-31 04:00:00,0.8998,0.9,0.8985,0.8991,2689,0.44390646,0.44390646,0.0,15956.63999999998,421,533,2,0.8995,0.9009,0.0,0.0
2021-05-31 08:00:00,0.8991,0.9013,0.899,0.8998,5376,-0.90396583,-0.90396583,0.0,15956.63999999998,421,533,2,0.8995,0.9009,0.0,0.0
2021-05-31 12:00:00,0.8998,0.901,0.8996,0.9001,4418,-0.15717667,-0.15717667,0.0,15956.63999999998,421,533,2,0.8995,0.9009,0.0,0.0
2021-05-31 16:00:00,0.9,0.901,0.8984,0.8988,5726,0.31710768,0.31710768,0.0,15956.63999999998,421,533,2,0.8995,0.9009,0.0,0.0
2021-05-31 20:00:00,0.8988,0.8989,0.8985,0.8987,2869,0.18557319,0.18557319,0.0,15956.63999999998,421,533,2,0.8995,0.9009,0.0,0.0
2021-06-01 00:00:00,0.8987,0.8988,0.8982,0.8985,1863,-0.9806726,-0.9806726,0.0,15956.63999999998,421,533,2,0.8995,0.9009,0.0,0.0
2021-06-01 04:00:00,0.8985,0.8991,0.8981,0.8989,3367,0.8419465,0.8419465,0.0,16128.17999999998,422,533,0,0.0,0.0,0.0,171.54
2021-06-01 08:00:00,0.899,0.8999,0.8978,0.8988,6684,0.99627507,0.99627507,0.0,16128.17999999998,422,533,1,0.8988,0.8976,0.0,0.0
2021-06-01 12:00:00,0.8988,0.8996,0.8984,0.8985,5794,-0.45581296,-0.45581296,0.0,16128.17999999998,422,533,1,0.8988,0.8976,0.0,0.0
2021-06-01 16:00:00,0.8985,0.8989,0.8947,0.8961,9783,-0.44117245,-0.44117245,0.0,16128.17999999998,422,533,1,0.8988,0.8976,0.0,0.0
2021-06-01 20:00:00,0.8961,0.8975,0.8961,0.897,3352,0.73480356,0.73480356,0.0,15661.23999999998,422,534,0,0.0,0.0,0.0,-466.94
2021-06-02 00:00:00,0.8971,0.8974,0.8966,0.8971,2289,-0.03934505,-0.03934505,0.0,15661.23999999998,422,534,0,0.0,0.0,0.0,0.0
2021-06-02 04:00:00,0.897,0.8975,0.8967,0.8975,4078,1.0,1.0,0.0,15661.23999999998,422,534,1,0.8975,0.8967,0.0,0.0
2021-06-02 08:00:00,0.8975,0.901,0.8969,0.9005,8114,0.0627076,0.0627076,0.0,15661.23999999998,422,534,1,0.8975,0.8967,0.0,0.0
2021-06-02 12:00:00,0.9005,0.9024,0.9004,0.9009,8370,0.63908654,0.63908654,0.0,15661.23999999998,422,534,1,0.8975,0.8967,0.0,0.0
2021-06-02 16:00:00,0.9009,0.901,0.8979,0.8983,7052,-0.5839385,-0.5839385,0.0,15661.23999999998,422,534,1,0.8975,0.8967,0.0,0.0
2021-06-02 20:00:00,0.8983,0.8986,0.8976,0.8976,2899,-0.40408197,-0.40408197,0.0,15661.23999999998,422,534,1,0.8975,0.8967,0.0,0.0
2021-06-03 00:00:00,0.8976,0.8983,0.8975,0.898,1660,-1.0,-1.0,0.0,15678.04999999998,423,534,0,0.0,0.0,0.0,16.81
2021-06-03 04:00:00,0.898,0.8985,0.898,0.8984,1662,1.0,1.0,0.0,15678.04999999998,423,534,1,0.8984,0.8976,0.0,0.0
2021-06-03 08:00:00,0.8984,0.9011,0.8984,0.9003,5461,-0.4572082,-0.4572082,0.0,15678.04999999998,423,534,1,0.8984,0.8976,0.0,0.0
2021-06-03 12:00:00,0.9003,0.9019,0.8986,0.9018,9077,1.0,1.0,0.0,15678.04999999998,423,534,1,0.8984,0.8976,0.0,0.0
2021-06-03 16:00:00,0.9018,0.9052,0.9015,0.9047,13406,1.0,1.0,0.0,15678.04999999998,423,534,1,0.8984,0.8976,0.0,0.0
2021-06-03 20:00:00,0.9047,0.9049,0.9033,0.9033,3577,0.3031426,0.3031426,0.0,15678.04999999998,423,534,1,0.8984,0.8976,0.0,0.0
2021-06-04 00:00:00,0.9033,0.9044,0.9031,0.9038,2153,0.6568673,0.6568673,0.0,15678.04999999998,423,534,1,0.8984,0.8976,0.0,0.0
2021-06-04 04:00:00,0.9038,0.9047,0.9035,0.9046,3641,-0.4907534,-0.4907534,0.0,15678.04999999998,423,534,1,0.8984,0.8976,0.0,0.0
2021-06-04 08:00:00,0.9046,0.9054,0.9042,0.9044,5520,-0.3990861,-0.3990861,0.0,15678.04999999998,423,534,1,0.8984,0.8976,0.0,0.0
2021-06-04 12:00:00,0.9043,0.9049,0.8988,0.8993,9519,0.25784373,0.25784373,0.0,15678.04999999998,423,534,1,0.8984,0.8976,0.0,0.0
2021-06-04 16:00:00,0.8994,0.8997,0.8982,0.8996,10190,1.0,1.0,0.0,15678.04999999998,423,534,1,0.8984,0.8976,0.0,0.0
2021-06-04 20:00:00,0.8996,0.8997,0.8985,0.8991,2692,-0.74019325,-0.74019325,0.0,15880.55999999998,424,534,0,0.0,0.0,0.0,202.51
2021-06-07 00:00:00,0.8988,0.8999,0.8987,0.8992,2807,-1.0,-1.0,0.0,15880.55999999998,424,534,2,0.8992,0.9,0.0,0.0
2021-06-07 04:00:00,0.8992,0.8997,0.8988,0.899,2479,-0.35416788,-0.35416788,0.0,15880.55999999998,424,534,2,0.8992,0.9,0.0,0.0
2021-06-07 08:00:00,0.899,0.901,0.8989,0.8994,4231,1.0,1.0,0.0,15914.71999999998,425,534,0,0.0,0.0,0.0,34.16
2021-06-07 12:00:00,0.8994,0.9003,0.8981,0.8993,4984,1.0,1.0,0.0,15914.71999999998,425,534,1,0.8993,0.8983,0.0,0.0
2021-06-07 16:00:00,0.8993,0.8997,0.8968,0.8972,6765,-0.5378982,-0.5378982,0.0,15914.71999999998,425,534,1,0.8993,0.8983,0.0,0.0
2021-06-07 20:00:00,0.8972,0.8978,0.897,0.8976,1817,-0.3193961,-0.3193961,0.0,15555.90999999998,425,535,0,0.0,0.0,0.0,-358.81
2021-06-08 00:00:00,0.8975,0.8981,0.8967,0.8979,3054,-1.0,-1.0,0.0,15555.90999999998,425,535,2,0.8979,0.8989,0.0,0.0
2021-06-08 04:00:00,0.8979,0.8981,0.8973,0.8979,3310,-1.0,-1.0,0.0,15555.90999999998,425,535,2,0.8979,0.8989,0.0,0.0
2021-06-08 08:00:00,0.8979,0.8989,0.8967,0.8969,5570,1.0,1.0,0.0,15555.89999999998,425,536,0,0.0,0.0,0.0,-0.01
2021-06-08 12:00:00,0.897,0.8973,0.8952,0.8963,7649,-0.07243687,-0.07243687,0.0,15555.89999999998,425,536,0,0.8979,0.9004,0.0,0.0
2021-06-08 16:00:00,0.8964,0.8973,0.8954,0.8967,9871,-0.66552454,-0.66552454,0.0,15555.89999999998,425,536,2,0.8967,0.8975,0.0,0.0
2021-06-08 20:00:00,0.8967,0.897,0.8963,0.8967,2514,0.33371246,0.33371246,0.0,15555.89999999998,425,536,2,0.8967,0.8975,0.0,0.0
2021-06-09 00:00:00,0.8967,0.897,0.8962,0.8968,1572,1.0,1.0,0.0,15555.88999999998,425,537,0,0.0,0.0,0.0,-0.01
2021-06-09 04:00:00,0.8968,0.8968,0.8961,0.8965,2125,-0.2726247,-0.2726247,0.0,15555.88999999998,425,537,0,0.8967,0.8989,0.0,0.0
2021-06-09 08:00:00,0.8965,0.8972,0.8956,0.8962,5557,-0.59731865,-0.59731865,0.0,15555.88999999998,425,537,2,0.8962,0.8972,0.0,0.0
2021-06-09 12:00:00,0.8962,0.8965,0.8946,0.8947,6053,0.7658837,0.7658837,0.0,15555.88999999998,425,537,2,0.8962,0.8972,0.0,0.0
2021-06-09 16:00:00,0.8947,0.8966,0.8926,0.8965,9655,0.33810958,0.33810958,0.0,15555.88999999998,425,537,2,0.8962,0.8972,0.0,0.0
2021-06-09 20:00:00,0.8965,0.8965,0.8954,0.8954,3431,-0.80213606,-0.80213606,0.0,15555.88999999998,425,537,2,0.8962,0.8972,0.0,0.0
2021-06-10 00:00:00,0.8954,0.8964,0.895,0.8962,1862,-1.0,-1.0,0.0,15555.88999999998,425,537,2,0.8962,0.8972,0.0,0.0
2021-06-10 04:00:00,0.8962,0.8964,0.8957,0.8958,3756,-0.44180492,-0.44180492,0.0,15555.88999999998,425,537,2,0.8962,0.8972,0.0,0.0
2021-06-10 08:00:00,0.8958,0.8972,0.8954,0.8962,6261,-0.8756893,-0.8756893,0.0,15555.88999999998,425,537,2,0.8962,0.8972,0.0,0.0
2021-06-10 12:00:00,0.8963,0.8993,0.8951,0.8958,11746,0.15108638,0.15108638,0.0,15555.88999999998,425,537,2,0.8962,0.8972,0.0,0.0
2021-06-10 16:00:00,0.8959,0.8991,0.894,0.8948,16891,-0.17420402,-0.17420402,0.0,15555.88999999998,425,537,2,0.8962,0.8972,0.0,0.0
2021-06-10 20:00:00,0.8948,0.8952,0.8944,0.8944,3443,-1.0,-1.0,0.0,15555.88999999998,425,537,2,0.8962,0.8972,0.0,0.0
2021-06-11 00:00:00,0.8943,0.895,0.8942,0.8944,1863,0.50145197,0.50145197,0.0,15855.54999999998,426,537,0,0.0,0.0,0.0,299.66
2021-06-11 04:00:00,0.8944,0.8945,0.8934,0.8938,3604,-1.0,-1.0,0.0,15855.54999999998,426,537,2,0.8938,0.8962,0.0,0.0
2021-06-11 08:00:00,0.8938,0.8959,0.8933,0.8956,8056,-0.7158763,-0.7158763,0.0,15855.54999999998,426,537,2,0.8938,0.8962,0.0,0.0
2021-06-11 12:00:00,0.8956,0.8976,0.8954,0.8974,8221,-1.0,-1.0,0.0,15855.54999999998,426,537,2,0.8938,0.8962,0.0,0.0
2021-06-11 16:00:00,0.8974,0.9,0.8971,0.8991,10643,1.0,1.0,0.0,15242.609999999979,426,538,0,0.0,0.0,0.0,-612.94
2021-06-11 20:00:00,0.8991,0.8993,0.8981,0.8981,2870,0.55902886,0.55902886,0.0,15242.609999999979,426,538,1,0.8981,0.8973,0.0,0.0
2021-06-14 00:00:00,0.8978,0.8989,0.8977,0.8988,2083,-1.0,-1.0,0.0,15242.609999999979,426,538,1,0.8981,0.8973,0.0,0.0
2021-06-14 04:00:00,0.8988,0.8991,0.8984,0.8987,2815,0.24606863,0.24606863,0.0,15242.609999999979,426,538,1,0.8981,0.8973,0.0,0.0
2021-06-14 08:00:00,0.8988,0.9,0.8983,0.8991,7163,0.2141996,0.2141996,0.0,15242.609999999979,426,538,1,0.8981,0.8973,0.0,0.0
2021-06-14 12:00:00,0.8991,0.8994,0.8979,0.8987,7483,1.0,1.0,0.0,15242.609999999979,426,538,1,0.8981,0.8973,0.0,0.0
2021-06-14 16:00:00,0.8987,0.8998,0.898,0.8994,8574,0.23071772,0.23071772,0.0,15242.609999999979,426,538,1,0.8981,0.8973,0.0,0.0
2021-06-14 20:00:00,0.8994,0.9002,0.8993,0.8995,2763,-0.26299322,-0.26299322,0.0,15242.609999999979,426,538,1,0.8981,0.8973,0.0,0.0
2021-06-15 00:00:00,0.8994,0.8999,0.8991,0.8994,1579,0.26740083,0.26740083,0.0,15242.609999999979,426,538,1,0.8981,0.8973,0.0,0.0
2021-06-15 04:00:00,0.8994,0.9002,0.8993,0.8994,3455,0.28897005,0.28897005,0.0,15242.609999999979,426,538,1,0.8981,0.8973,0.0,0.0
2021-06-15 08:00:00,0.8994,0.8996,0.8965,0.8977,7124,-0.24966344,-0.24966344,0.0,15242.609999999979,426,538,1,0.8981,0.8973,0.0,0.0
2021-06-15 12:00:00,0.8977,0.9008,0.8977,0.8999,8373,0.4071995,0.4071995,0.0,15242.609999999979,426,538,1,0.8981,0.8973,0.0,0.0
2021-06-15 16:00:00,0.9,0.9004,0.8979,0.8987,9300,-0.26937935,-0.26937935,0.0,15242.609999999979,426,538,1,0.8981,0.8973,0.0,0.0
2021-06-15 20:00:00,0.8987,0.8988,0.8979,0.8982,2710,-0.5358291,-0.5358291,0.0,15340.949999999979,427,538,0,0.0,0.0,0.0,98.34
2021-06-16 00:00:00,0.8982,0.8987,0.8974,0.8986,1579,1.0,1.0,0.0,15340.949999999979,427,538,1,0.8986,0.8978,0.0,0.0
2021-06-16 04:00:00,0.8986,0.8991,0.8985,0.8986,1857,0.089241624,0.089241624,0.0,15340.949999999979,427,538,1,0.8986,0.8978,0.0,0.0
2021-06-16 08:00:00,0.8986,0.899,0.8978,0.8982,5820,0.39888257,0.39888257,0.0,15340.949999999979,427,538,1,0.8986,0.8978,0.0,0.0
2021-06-16 12:00:00,0.8982,0.8997,0.8981,0.8988,5198,0.3427254,0.3427254,0.0,15340.949999999979,427,538,1,0.8986,0.8978,0.0,0.0
2021-06-16 16:00:00,0.8995,0.9001,0.8986,0.8988,4695,-1.0,-1.0,0.0,15373.939999999979,428,538,0,0.0,0.0,0.0,32.99
2021-06-16 20:00:00,0.8989,0.9088,0.8987,0.9085,18853,-1.0,-1.0,0.0,15373.939999999979,428,538,2,0.9085,0.9103,0.0,0.0
2021-06-17 00:00:00,0.9086,0.9091,0.9082,0.909,4333,-0.7924675,-0.7924675,0.0,15373.939999999979,428,538,2,0.9085,0.9103,0.0,0.0
2021-06-17 04:00:00,0.909,0.909,0.9076,0.9083,7302,0.48377767,0.48377767,0.0,15373.939999999979,428,538,2,0.9085,0.9103,0.0,0.0
2021-06-17 08:00:00,0.9084,0.9142,0.9078,0.9136,13410,-0.6585282,-0.6585282,0.0,15373.939999999979,428,538,2,0.9085,0.9103,0.0,0.0
2021-06-17 12:00:00,0.9136,0.9157,0.913,0.9151,12438,-1.0,-1.0,0.0,14516.789999999979,428,539,0,0.0,0.0,0.0,-857.15
2021-06-17 16:00:00,0.9151,0.9188,0.9133,0.9186,15814,1.0,1.0,0.0,14516.789999999979,428,539,1,0.9186,0.9178,0.0,0.0
2021-06-17 20:00:00,0.9186,0.9186,0.9169,0.9176,4548,-0.030947007,-0.030947007,0.0,14516.789999999979,428,539,1,0.9186,0.9178,0.0,0.0
2021-06-18 00:00:00,0.9176,0.9184,0.9166,0.9183,3991,-1.0,-1.0,0.0,14357.38999999998,428,540,0,0.0,0.0,0.0,-159.4
2021-06-18 04:00:00,0.9183,0.9184,0.9168,0.9177,4762,-0.1432828,-0.1432828,0.0,14357.38999999998,428,540,0,0.9176,0.9151,0.0,0.0
2021-06-18 08:00:00,0.9177,0.9194,0.9173,0.9186,12088,-0.3521654,-0.3521654,0.0,14357.38999999998,428,540,0,0.9176,0.9151,0.0,0.0
2021-06-18 12:00:00,0.9186,0.9218,0.918,0.9202,13528,-1.0,-1.0,0.0,14357.38999999998,428,540,2,0.9202,0.921,0.0,0.0
2021-06-18 16:00:00,0.9202,0.9227,0.9202,0.9216,8190,-0.8158535,-0.8158535,0.0,14357.38999999998,428,540,2,0.9202,0.921,0.0,0.0
2021-06-18 20:00:00,0.9216,0.9239,0.9209,0.9233,6947,-1.0,-1.0,0.0,14135.71999999998,428,541,0,0.0,0.0,0.0,-221.67
2021-06-21 00:00:00,0.9202,0.9229,0.9202,0.922,3640,0.85229605,0.85229605,0.0,14135.71999999998,428,541,1,0.922,0.9195,0.0,0.0
2021-06-21 04:00:00,0.922,0.9236,0.9217,0.9227,7274,-0.37147605,-0.37147605,0.0,14135.71999999998,428,541,1,0.922,0.9195,0.0,0.0
2021-06-21 08:00:00,0.9227,0.9237,0.9208,0.9209,11773,-1.0,-1.0,0.0,14244.95999999998,429,541,0,0.0,0.0,0.0,109.24
2021-06-21 12:00:00,0.9209,0.9217,0.9207,0.921,10304,-0.41507205,-0.41507205,0.0,14244.95999999998,429,541,0,0.9202,0.9192,0.0,0.0
2021-06-21 16:00:00,0.9209,0.9212,0.9175,0.918,13029,1.0,1.0,0.0,14244.95999999998,429,541,1,0.918,0.9172,0.0,0.0
2021-06-21 20:00:00,0.918,0.9185,0.9176,0.9179,4769,-0.26903358,-0.26903358,0.0,14244.95999999998,429,541,1,0.918,0.9172,0.0,0.0
2021-06-22 00:00:00,0.9179,0.9192,0.9174,0.919,2351,-0.29331473,-0.29331473,0.0,14244.95999999998,429,541,1,0.918,0.9172,0.0,0.0
2021-06-22 04:00:00,0.919,0.9197,0.9188,0.9197,5135,0.7583794,0.7583794,0.0,14244.95999999998,429,541,1,0.918,0.9172,0.0,0.0
2021-06-22 08:00:00,0.9197,0.9209,0.9188,0.9199,9386,-0.7577896,-0.7577896,0.0,14511.449999999979,430,541,0,0.0,0.0,0.0,266.49
2021-06-22 12:00:00,0.9199,0.9213,0.9195,0.9204,9999,0.43056726,0.43056726,0.0,14511.449999999979,430,541,0,0.0,0.0,0.0,0.0
2021-06-22 16:00:00,0.9204,0.9207,0.9185,0.9186,14093,-1.0,-1.0,0.0,14511.449999999979,430,541,2,0.9186,0.9194,0.0,0.0
2021-06-22 20:00:00,0.9186,0.9188,0.9173,0.918,6285,-1.0,-1.0,0.0,14511.449999999979,430,541,2,0.9186,0.9194,0.0,0.0
2021-06-23 00:00:00,0.9179,0.9192,0.9172,0.9189,3421,-0.46594125,-0.46594125,0.0,14511.449999999979,430,541,2,0.9186,0.9194,0.0,0.0
2021-06-23 04:00:00,0.9189,0.92,0.9189,0.9197,4060,0.97932655,0.97932655,0.0,14463.56999999998,430,542,0,0.0,0.0,0.0,-47.88
2021-06-23 08:00:00,0.9197,0.92,0.9175,0.9186,11051,0.75109863,0.75109863,0.0,14463.56999999998,430,542,1,0.9186,0.9178,0.0,0.0
2021-06-23 12:00:00,0.9186,0.9189,0.9167,0.9169,9686,-0.7333853,-0.7333853,0.0,14463.56999999998,430,542,1,0.9186,0.9178,0.0,0.0
2021-06-23 16:00:00,0.9169,0.9185,0.9154,0.9184,11346,0.41746923,0.41746923,0.0,14193.789999999979,430,543,0,0.0,0.0,0.0,-269.78
2021-06-23 20:00:00,0.9184,0.9192,0.9178,0.9183,4342,1.0,1.0,0.0,14193.789999999979,430,543,1,0.9183,0.9173,0.0,0.0
2021-06-24 00:00:00,0.9182,0.9197,0.9176,0.9183,2621,0.91413903,0.91413903,0.0,14193.789999999979,430,543,1,0.9183,0.9173,0.0,0.0
2021-06-24 04:00:00,0.9183,0.9195,0.9182,0.9194,5053,-0.14530765,-0.14530765,0.0,14193.789999999979,430,543,1,0.9183,0.9173,0.0,0.0
2021-06-24 08:00:00,0.9194,0.92,0.9179,0.9198,8489,0.5572256,0.5572256,0.0,14193.789999999979,430,543,1,0.9183,0.9173,0.0,0.0
2021-06-24 12:00:00,0.9198,0.92,0.9174,0.9176,8975,1.0,1.0,0.0,14193.789999999979,430,543,1,0.9183,0.9173,0.0,0.0
2021-06-24 16:00:00,0.9176,0.9195,0.9175,0.9186,9444,-0.4937054,-0.4937054,0.0,14193.789999999979,430,543,1,0.9183,0.9173,0.0,0.0
2021-06-24 20:00:00,0.9186,0.9186,0.9177,0.9177,4915,-0.6418418,-0.6418418,0.0,14240.57999999998,431,543,0,0.0,0.0,0.0,46.79
2021-06-25 00:00:00,0.9176,0.9182,0.9173,0.918,2101,-0.42059118,-0.42059118,0.0,14240.57999999998,431,543,0,0.0,0.0,0.0,0.0
2021-06-25 04:00:00,0.918,0.918,0.917,0.9177,2830,0.07665308,0.07665308,0.0,14240.57999999998,431,543,0,0.9177,0.9185,0.0,0.0
2021-06-25 08:00:00,0.9177,0.9181,0.9166,0.9168,6895,-0.18376909,-0.18376909,0.0,14240.57999999998,431,543,0,0.9177,0.9185,0.0,0.0
2021-06-25 12:00:00,0.9168,0.9177,0.9154,0.9163,8975,0.24546976,0.24546976,0.0,14240.57999999998,431,543,0,0.9177,0.9185,0.0,0.0
2021-06-25 16:00:00,0.9163,0.9178,0.9142,0.9173,11304,-0.3952752,-0.3952752,0.0,14240.57999999998,431,543,0,0.9177,0.9185,0.0,0.0
2021-06-25 20:00:00,0.9173,0.9183,0.9166,0.9168,2757,0.66509223,0.66509223,0.0,14240.57999999998,431,543,1,0.9168,0.9152,0.0,0.0
2021-06-28 00:00:00,0.9168,0.9181,0.9166,0.9174,1839,-0.10888193,-0.10888193,0.0,14240.57999999998,431,543,1,0.9168,0.9152,0.0,0.0
2021-06-28 04:00:00,0.9174,0.919,0.9172,0.9186,3377,-0.42651907,-0.42651907,0.0,14240.57999999998,431,543,1,0.9168,0.9152,0.0,0.0
2021-06-28 08:00:00,0.9186,0.9191,0.9172,0.9179,7014,-0.07122409,-0.07122409,0.0,14240.57999999998,431,543,1,0.9168,0.9152,0.0,0.0
2021-06-28 12:00:00,0.9179,0.9215,0.9177,0.92,8516,0.8128376,0.8128376,0.0,14240.57999999998,431,543,1,0.9168,0.9152,0.0,0.0
2021-06-28 16:00:00,0.92,0.9203,0.9183,0.9194,10768,0.005238031,0.005238031,0.0,14240.57999999998,431,543,1,0.9168,0.9152,0.0,0.0
2021-06-28 20:00:00,0.9194,0.9201,0.9191,0.9194,3525,-0.40168548,-0.40168548,0.0,14240.57999999998,431,543,1,0.9168,0.9152,0.0,0.0
2021-06-29 00:00:00,0.9194,0.9205,0.9191,0.9203,2152,1.0,1.0,0.0,14240.57999999998,431,543,1,0.9168,0.9152,0.0,0.0
2021-06-29 04:00:00,0.9203,0.9207,0.9197,0.9203,3048,-1.0,-1.0,0.0,14789.43999999998,432,543,0,0.0,0.0,0.0,548.86
2021-06-29 08:00:00,0.9203,0.9212,0.919,0.9211,7782,-0.40303805,-0.40303805,0.0,14789.43999999998,432,543,0,0.9194,0.9213,0.0,0.0
2021-06-29 12:00:00,0.9211,0.9232,0.92,0.9227,9617,-0.7428503,-0.7428503,0.0,14789.43999999998,432,543,2,0.9227,0.9245,0.0,0.0
2021-06-29 16:00:00,0.9227,0.9233,0.9198,0.9208,9944,0.33827263,0.33827263,0.0,14789.43999999998,432,543,2,0.9227,0.9245,0.0,0.0
2021-06-29 20:00:00,0.9208,0.9215,0.9205,0.921,3397,0.9436608,0.9436608,0.0,15099.03999999998,433,543,0,0.0,0.0,0.0,309.6
2021-06-30 00:00:00,0.921,0.9213,0.9201,0.9211,2026,-1.0,-1.0,0.0,15099.03999999998,433,543,2,0.9211,0.9227,0.0,0.0
2021-06-30 04:00:00,0.9211,0.9215,0.9206,0.9214,4671,0.53361666,0.53361666,0.0,15099.03999999998,433,543,2,0.9211,0.9227,0.0,0.0
2021-06-30 08:00:00,0.9214,0.9232,0.9208,0.9229,8550,-1.0,-1.0,0.0,15099.03999999998,433,543,2,0.9211,0.9227,0.0,0.0
2021-06-30 12:00:00,0.9229,0.9246,0.9221,0.9242,10954,0.6141094,0.6141094,0.0,14798.889999999981,433,544,0,0.0,0.0,0.0,-300.15
2021-06-30 16:00:00,0.9241,0.9258,0.9234,0.9255,14602,-0.29529566,-0.29529566,0.0,14798.889999999981,433,544,0,0.9255,0.9234,0.0,0.0
2021-06-30 20:00:00,0.9255,0.9262,0.9248,0.9249,5280,0.38717046,0.38717046,0.0,14798.889999999981,433,544,0,0.9255,0.9234,0.0,0.0
2021-07-01 00:00:00,0.9249,0.926,0.9244,0.9257,2863,0.22215372,0.22215372,0.0,14798.889999999981,433,544,0,0.9255,0.9234,0.0,0.0
2021-07-01 04:00:00,0.9257,0.926,0.9254,0.9257,3495,1.0,1.0,0.0,14798.889999999981,433,544,1,0.9257,0.9249,0.0,0.0
2021-07-01 08:00:00,0.9258,0.9272,0.9247,0.9266,12103,-0.2839146,-0.2839146,0.0,14798.889999999981,433,544,1,0.9257,0.9249,0.0,0.0
2021-07-01 12:00:00,0.9266,0.9272,0.9241,0.9242,12560,0.89043343,0.89043343,0.0,14798.889999999981,433,544,1,0.9257,0.9249,0.0,0.0
2021-07-01 16:00:00,0.9241,0.9261,0.9236,0.9258,15981,0.9915772,0.9915772,0.0,14553.389999999981,433,545,0,0.0,0.0,0.0,-245.5
2021-07-01 20:00:00,0.9258,0.9265,0.9253,0.9254,4796,-0.44434425,-0.44434425,0.0,14553.389999999981,433,545,0,0.9258,0.927,0.0,0.0
2021-07-02 00:00:00,0.9253,0.9262,0.9236,0.9259,2803,1.0,1.0,0.0,14553.389999999981,433,545,1,0.9259,0.9239,0.0,0.0
2021-07-02 04:00:00,0.9259,0.9265,0.9257,0.9262,3554,-0.7239043,-0.7239043,0.0,14553.389999999981,433,545,1,0.9259,0.9239,0.0,0.0
2021-07-02 08:00:00,0.9262,0.9275,0.9257,0.9261,8679,0.30686215,0.30686215,0.0,14553.389999999981,433,545,1,0.9259,0.9239,0.0,0.0
2021-07-02 12:00:00,0.9261,0.9272,0.9228,0.9231,12380,1.0,1.0,0.0,14553.389999999981,433,545,1,0.9259,0.9239,0.0,0.0
2021-07-02 16:00:00,0.9232,0.9259,0.9222,0.9226,17808,-0.2361354,-0.2361354,0.0,14103.27999999998,433,546,0,0.0,0.0,0.0,-450.11
2021-07-02 20:00:00,0.9226,0.923,0.92,0.9206,3548,-0.0050203707,-0.0050203707,0.0,14103.27999999998,433,546,0,0.9206,0.9198,0.0,0.0
2021-07-05 00:00:00,0.92,0.9226,0.92,0.9221,2464,-0.98569673,-0.98569673,0.0,14103.27999999998,433,546,2,0.9221,0.9229,0.0,0.0
2021-07-05 04:00:00,0.9221,0.9225,0.9215,0.9222,2165,0.8994281,0.8994281,0.0,14103.27999999998,433,546,2,0.9221,0.9229,0.0,0.0
2021-07-05 08:00:00,0.9222,0.9233,0.9214,0.9217,5443,-1.0,-1.0,0.0,14103.27999999998,433,546,2,0.9221,0.9229,0.0,0.0
2021-07-05 12:00:00,0.9217,0.9222,0.9204,0.9216,6175,-0.09204102,-0.09204102,0.0,14103.27999999998,433,546,2,0.9221,0.9229,0.0,0.0
2021-07-05 16:00:00,0.9216,0.9229,0.9215,0.9219,4604,-1.0,-1.0,0.0,14103.27999999998,433,546,2,0.9221,0.9229,0.0,0.0
2021-07-05 20:00:00,0.9219,0.9225,0.9215,0.9224,5352,-0.18431745,-0.18431745,0.0,14103.27999999998,433,546,2,0.9221,0.9229,0.0,0.0
2021-07-06 00:00:00,0.9221,0.9225,0.9211,0.922,2132,-0.67395616,-0.67395616,0.0,14103.27999999998,433,546,2,0.9221,0.9229,0.0,0.0
2021-07-06 04:00:00,0.922,0.9223,0.9206,0.921,2465,1.0,1.0,0.0,14118.82999999998,434,546,0,0.0,0.0,0.0,15.55
2021-07-06 08:00:00,0.921,0.9235,0.9194,0.9234,8797,-0.9222666,-0.9222666,0.0,14118.82999999998,434,546,2,0.9234,0.9249,0.0,0.0
2021-07-06 12:00:00,0.9234,0.9246,0.9223,0.9236,10274,0.37930664,0.37930664,0.0,14118.82999999998,434,546,2,0.9234,0.9249,0.0,0.0
2021-07-06 16:00:00,0.9236,0.9252,0.9227,0.9249,17762,-0.8765138,-0.8765138,0.0,14118.82999999998,434,546,2,0.9234,0.9249,0.0,0.0
2021-07-06 20:00:00,0.9249,0.9251,0.924,0.9242,3852,-0.9705878,-0.9705878,0.0,13884.43999999998,434,547,0,0.0,0.0,0.0,-234.39
2021-07-07 00:00:00,0.9242,0.925,0.9233,0.9245,2878,0.84101397,0.84101397,0.0,13884.43999999998,434,547,1,0.9245,0.923,0.0,0.0
2021-07-07 04:00:00,0.9245,0.9249,0.9237,0.9237,2554,-0.37096688,-0.37096688,0.0,13884.43999999998,434,547,1,0.9245,0.923,0.0,0.0
2021-07-07 08:00:00,0.9237,0.9246,0.9225,0.9232,9185,-1.0,-1.0,0.0,13761.65999999998,434,548,0,0.0,0.0,0.0,-122.78
2021-07-07 12:00:00,0.9232,0.9243,0.9223,0.924,11167,0.30004653,0.30004653,0.0,13761.65999999998,434,548,0,0.9237,0.9212,0.0,0.0
2021-07-07 16:00:00,0.924,0.9268,0.9239,0.9256,14696,-0.2846416,-0.2846416,0.0,13761.65999999998,434,548,0,0.9237,0.9212,0.0,0.0
2021-07-07 20:00:00,0.9255,0.9258,0.924,0.9255,7392,-1.0,-1.0,0.0,13761.65999999998,434,548,2,0.9255,0.9263,0.0,0.0
2021-07-08 00:00:00,0.9254,0.9262,0.9247,0.9259,2479,-1.0,-1.0,0.0,13761.65999999998,434,548,2,0.9255,0.9263,0.0,0.0
2021-07-08 04:00:00,0.9258,0.9261,0.9253,0.9253,4054,0.004500277,0.004500277,0.0,13761.65999999998,434,548,2,0.9255,0.9263,0.0,0.0
2021-07-08 08:00:00,0.9254,0.9255,0.9174,0.9177,13032,0.29137754,0.29137754,0.0,13761.65999999998,434,548,2,0.9255,0.9263,0.0,0.0
2021-07-08 12:00:00,0.9177,0.918,0.9154,0.9161,13650,-1.0,-1.0,0.0,13761.65999999998,434,548,2,0.9255,0.9263,0.0,0.0
2021-07-08 16:00:00,0.9161,0.9163,0.9134,0.9155,14618,1.0,1.0,0.0,15179.66999999998,435,548,0,0.0,0.0,0.0,1418.01
2021-07-08 20:00:00,0.9155,0.9164,0.9147,0.9151,4948,1.0,1.0,0.0,15179.66999999998,435,548,1,0.9151,0.9143,0.0,0.0
2021-07-09 00:00:00,0.915,0.9155,0.9142,0.9153,3517,0.02316082,0.02316082,0.0,15179.66999999998,435,548,1,0.9151,0.9143,0.0,0.0
2021-07-09 04:00:00,0.9153,0.9158,0.9148,0.9157,4137,-0.31965718,-0.31965718,0.0,15179.66999999998,435,548,1,0.9151,0.9143,0.0,0.0
2021-07-09 08:00:00,0.9157,0.9175,0.9145,0.9156,9938,-0.4014826,-0.4014826,0.0,15179.66999999998,435,548,1,0.9151,0.9143,0.0,0.0
2021-07-09 12:00:00,0.9156,0.9159,0.9143,0.9146,9951,-0.64889973,-0.64889973,0.0,15262.80999999998,436,548,0,0.0,0.0,0.0,83.14
2021-07-09 16:00:00,0.9146,0.9162,0.9144,0.9148,9462,1.0,1.0,0.0,15262.80999999998,436,548,1,0.9148,0.914,0.0,0.0
2021-07-09 20:00:00,0.9148,0.915,0.9136,0.9137,2162,1.0,1.0,0.0,15262.80999999998,436,548,1,0.9148,0.914,0.0,0.0
2021-07-12 00:00:00,0.9135,0.9148,0.9135,0.914,3953,-0.37517628,-0.37517628,0.0,15079.23999999998,436,549,0,0.0,0.0,0.0,-183.57
2021-07-12 04:00:00,0.914,0.9148,0.9135,0.9146,3393,-0.7956298,-0.7956298,0.0,15079.23999999998,436,549,2,0.9146,0.9154,0.0,0.0
2021-07-12 08:00:00,0.9146,0.9156,0.9132,0.9145,6491,-0.87367904,-0.87367904,0.0,15079.23999999998,436,549,2,0.9146,0.9154,0.0,0.0
2021-07-12 12:00:00,0.9145,0.9171,0.914,0.9151,6869,-0.98620445,-0.98620445,0.0,15079.23999999998,436,549,2,0.9146,0.9154,0.0,0.0
2021-07-12 16:00:00,0.9151,0.9162,0.9142,0.9154,7415,0.29051936,0.29051936,0.0,15079.23999999998,436,549,2,0.9146,0.9154,0.0,0.0
2021-07-12 20:00:00,0.9154,0.9159,0.9149,0.915,3316,-1.0,-1.0,0.0,14947.08999999998,436,550,0,0.0,0.0,0.0,-132.15
2021-07-13 00:00:00,0.9149,0.9152,0.9146,0.9146,1934,0.26122427,0.26122427,0.0,14947.08999999998,436,550,0,0.0,0.0,0.0,0.0
2021-07-13 04:00:00,0.9146,0.9148,0.9143,0.9148,1689,0.10287795,0.10287795,0.0,14947.08999999998,436,550,0,0.9148,0.9156,0.0,0.0
2021-07-13 08:00:00,0.9148,0.9163,0.9146,0.9155,5268,1.0,1.0,0.0,14947.08999999998,436,550,1,0.9155,0.9133,0.0,0.0
2021-07-13 12:00:00,0.9155,0.92,0.9155,0.9196,9759,-0.12622014,-0.12622014,0.0,14947.08999999998,436,550,1,0.9155,0.9133,0.0,0.0
2021-07-13 16:00:00,0.9195,0.92,0.9157,0.9171,13783,-0.039205834,-0.039205834,0.0,14947.08999999998,436,550,1,0.9155,0.9133,0.0,0.0
2021-07-13 20:00:00,0.9171,0.919,0.9171,0.9185,5870,1.0,1.0,0.0,14947.08999999998,436,550,1,0.9155,0.9133,0.0,0.0
2021-07-14 00:00:00,0.9185,0.9192,0.9177,0.9189,2601,-0.2323991,-0.2323991,0.0,14947.08999999998,436,550,1,0.9155,0.9133,0.0,0.0
2021-07-14 04:00:00,0.9189,0.9189,0.918,0.9183,4819,0.9758888,0.9758888,0.0,14947.08999999998,436,550,1,0.9155,0.9133,0.0,0.0
2021-07-14 08:00:00,0.9184,0.9193,0.9172,0.9191,7642,-1.0,-1.0,0.0,15406.959999999981,437,550,0,0.0,0.0,0.0,459.87
2021-07-14 12:00:00,0.9191,0.9199,0.9162,0.9168,8978,-0.10846644,-0.10846644,0.0,15406.959999999981,437,550,0,0.0,0.0,0.0,0.0
2021-07-14 16:00:00,0.9168,0.9175,0.9145,0.9146,13518,0.5286639,0.5286639,0.0,15406.959999999981,437,550,1,0.9146,0.913,0.0,0.0
2021-07-14 20:00:00,0.9146,0.9152,0.9142,0.9144,3624,-1.0,-1.0,0.0,15406.959999999981,437,550,1,0.9146,0.913,0.0,0.0
2021-07-15 00:00:00,0.9143,0.9155,0.9141,0.9145,2778,0.60360837,0.60360837,0.0,15406.959999999981,437,550,1,0.9146,0.913,0.0,0.0
2021-07-15 04:00:00,0.9145,0.9155,0.9143,0.9146,3734,1.0,1.0,0.0,15406.959999999981,437,550,1,0.9146,0.913,0.0,0.0
2021-07-15 08:00:00,0.9146,0.9148,0.9118,0.9122,7133,1.0,1.0,0.0,15406.959999999981,437,550,1,0.9146,0.913,0.0,0.0
2021-07-15 12:00:00,0.9122,0.9181,0.9121,0.9179,11239,0.93121797,0.93121797,0.0,15003.33999999998,437,551,0,0.0,0.0,0.0,-403.62
2021-07-15 16:00:00,0.9179,0.919,0.9165,0.9189,11297,0.22631243,0.22631243,0.0,15003.33999999998,437,551,0,0.0,0.0,0.0,0.0
2021-07-15 20:00:00,0.9189,0.9193,0.9176,0.9177,5850,0.60373276,0.60373276,0.0,15003.33999999998,437,551,1,0.9177,0.9169,0.0,0.0
2021-07-16 00:00:00,0.9177,0.9181,0.9166,0.918,2160,-0.37190074,-0.37190074,0.0,15003.33999999998,437,551,1,0.9177,0.9169,0.0,0.0
2021-07-16 04:00:00,0.918,0.9189,0.918,0.9185,2245,-0.16329625,-0.16329625,0.0,15003.33999999998,437,551,1,0.9177,0.9169,0.0,0.0
2021-07-16 08:00:00,0.9185,0.9203,0.918,0.9192,6544,0.032672226,0.032672226,0.0,15003.33999999998,437,551,1,0.9177,0.9169,0.0,0.0
2021-07-16 12:00:00,0.9192,0.9204,0.9184,0.9199,9238,-0.31160006,-0.31160006,0.0,15003.33999999998,437,551,1,0.9177,0.9169,0.0,0.0
2021-07-16 16:00:00,0.9199,0.9202,0.9185,0.9192,11900,0.12253407,0.12253407,0.0,15003.33999999998,437,551,1,0.9177,0.9169,0.0,0.0
2021-07-16 20:00:00,0.9193,0.9199,0.9188,0.9194,3218,-0.047106937,-0.047106937,0.0,15003.33999999998,437,551,1,0.9177,0.9169,0.0,0.0
2021-07-19 00:00:00,0.918,0.9204,0.918,0.9194,2302,-1.0,-1.0,0.0,15283.92999999998,438,551,0,0.0,0.0,0.0,280.59
2021-07-19 04:00:00,0.9194,0.9197,0.919,0.9191,2760,-0.56677234,-0.56677234,0.0,15283.92999999998,438,551,2,0.9191,0.9216,0.0,0.0
2021-07-19 08:00:00,0.9191,0.9217,0.919,0.9213,7241,0.5057428,0.5057428,0.0,15283.92999999998,438,551,2,0.9191,0.9216,0.0,0.0
2021-07-19 12:00:00,0.9213,0.9222,0.9188,0.9189,11091,0.6153321,0.6153321,0.0,15283.92999999998,438,551,2,0.9191,0.9216,0.0,0.0
2021-07-19 16:00:00,0.9189,0.9191,0.9163,0.9178,17353,1.0,1.0,0.0,15317.52999999998,439,551,0,0.0,0.0,0.0,33.6
2021-07-19 20:00:00,0.9178,0.9184,0.9177,0.9178,5758,-0.2643245,-0.2643245,0.0,15317.52999999998,439,551,0,0.9178,0.9162,0.0,0.0
2021-07-20 00:00:00,0.9178,0.9188,0.9164,0.9185,2451,0.5819639,0.5819639,0.0,15317.52999999998,439,551,1,0.9185,0.9177,0.0,0.0
2021-07-20 04:00:00,0.9185,0.9188,0.9179,0.9185,2610,-0.21144177,-0.21144177,0.0,15317.52999999998,439,551,1,0.9185,0.9177,0.0,0.0
2021-07-20 08:00:00,0.9185,0.9196,0.9181,0.9183,9177,-0.36082765,-0.36082765,0.0,15317.52999999998,439,551,1,0.9185,0.9177,0.0,0.0
2021-07-20 12:00:00,0.9183,0.9218,0.9173,0.9208,11634,-0.42298257,-0.42298257,0.0,15317.52999999998,439,551,1,0.9185,0.9177,0.0,0.0
2021-07-20 16:00:00,0.9208,0.9233,0.9207,0.9218,14585,-1.0,-1.0,0.0,15705.68999999998,440,551,0,0.0,0.0,0.0,388.16
2021-07-20 20:00:00,0.9218,0.9221,0.921,0.9214,4136,0.013924066,0.013924066,0.0,15705.68999999998,440,551,0,0.9178,0.9162,0.0,0.0
2021-07-21 00:00:00,0.9213,0.9217,0.9209,0.9214,2438,0.87940013,0.87940013,0.0,15705.68999999998,440,551,1,0.9214,0.9206,0.0,0.0
2021-07-21 04:00:00,0.9214,0.9219,0.921,0.9213,1880,1.0,1.0,0.0,15705.68999999998,440,551,1,0.9214,0.9206,0.0,0.0
2021-07-21 08:00:00,0.9213,0.9231,0.9207,0.921,7101,-0.39784986,-0.39784986,0.0,15705.68999999998,440,551,1,0.9214,0.9206,0.0,0.0
2021-07-21 12:00:00,0.921,0.9223,0.921,0.9218,6791,-0.026453543,-0.026453543,0.0,15705.68999999998,440,551,1,0.9214,0.9206,0.0,0.0
2021-07-21 16:00:00,0.9218,0.9221,0.9176,0.9183,10718,-1.0,-1.0,0.0,15774.969999999981,441,551,0,0.0,0.0,0.0,69.28
2021-07-21 20:00:00,0.9183,0.9185,0.917,0.9175,4208,-0.93162477,-0.93162477,0.0,15774.969999999981,441,551,2,0.9175,0.92,0.0,0.0
2021-07-22 00:00:00,0.9176,0.9182,0.917,0.9179,1861,1.0,1.0,0.0,15774.969999999981,441,551,2,0.9175,0.92,0.0,0.0
2021-07-22 04:00:00,0.9179,0.918,0.9171,0.9174,1663,0.45575723,0.45575723,0.0,15774.969999999981,441,551,2,0.9175,0.92,0.0,0.0
2021-07-22 08:00:00,0.9174,0.9191,0.9165,0.9178,6869,0.5331245,0.5331245,0.0,15774.969999999981,441,551,2,0.9175,0.92,0.0,0.0
2021-07-22 12:00:00,0.9178,0.9199,0.9171,0.9175,12314,1.0,1.0,0.0,15722.989999999982,441,552,0,0.0,0.0,0.0,-51.98
2021-07-22 16:00:00,0.9175,0.92,0.9155,0.9197,13951,0.1411202,0.1411202,0.0,15722.989999999982,441,552,0,0.9197,0.9189,0.0,0.0
2021-07-22 20:00:00,0.9197,0.9202,0.9186,0.9188,4211,1.0,1.0,0.0,15722.989999999982,441,552,1,0.9188,0.918,0.0,0.0
2021-07-23 00:00:00,0.9188,0.9194,0.9187,0.9188,2027,-0.60555667,-0.60555667,0.0,15722.989999999982,441,552,1,0.9188,0.918,0.0,0.0
2021-07-23 04:00:00,0.9188,0.9201,0.9186,0.9199,1595,1.0,1.0,0.0,15722.989999999982,441,552,1,0.9188,0.918,0.0,0.0
2021-07-23 08:00:00,0.9199,0.9208,0.919,0.9205,5776,1.0,1.0,0.0,15722.989999999982,441,552,1,0.9188,0.918,0.0,0.0
2021-07-23 12:00:00,0.9205,0.9222,0.9199,0.92,9900,1.0,1.0,0.0,15722.989999999982,441,552,1,0.9188,0.918,0.0,0.0
2021-07-23 16:00:00,0.9199,0.9216,0.9196,0.9205,9576,-0.27867457,-0.27867457,0.0,15722.989999999982,441,552,1,0.9188,0.918,0.0,0.0
2021-07-23 20:00:00,0.9205,0.9205,0.9193,0.9197,2156,-0.16111505,-0.16111505,0.0,15722.989999999982,441,552,1,0.9188,0.918,0.0,0.0
2021-07-26 00:00:00,0.9185,0.9202,0.9185,0.92,1925,-1.0,-1.0,0.0,15878.709999999981,442,552,0,0.0,0.0,0.0,155.72
2021-07-26 04:00:00,0.92,0.92,0.9186,0.9187,2753,0.9410414,0.9410414,0.0,15878.709999999981,442,552,1,0.9187,0.9179,0.0,0.0
2021-07-26 08:00:00,0.9187,0.9194,0.9166,0.9183,8326,-1.0,-1.0,0.0,15878.709999999981,442,552,1,0.9187,0.9179,0.0,0.0
2021-07-26 12:00:00,0.9183,0.9195,0.9174,0.9192,8743,0.9827968,0.9827968,0.0,15878.709999999981,442,552,1,0.9187,0.9179,0.0,0.0
2021-07-26 16:00:00,0.9193,0.9195,0.9153,0.9154,10097,-0.9104777,-0.9104777,0.0,15966.01999999998,443,552,0,0.0,0.0,0.0,87.31
2021-07-26 20:00:00,0.9154,0.9161,0.9149,0.9156,2819,1.0,1.0,0.0,15966.01999999998,443,552,1,0.9156,0.9139,0.0,0.0
2021-07-27 00:00:00,0.9157,0.9161,0.9147,0.9152,3279,-0.22596583,-0.22596583,0.0,15966.01999999998,443,552,1,0.9156,0.9139,0.0,0.0
2021-07-27 04:00:00,0.9152,0.9163,0.9152,0.9159,5974,0.5448054,0.5448054,0.0,15966.01999999998,443,552,1,0.9156,0.9139,0.0,0.0
2021-07-27 08:00:00,0.9159,0.9181,0.9159,0.9172,8626,0.6077905,0.6077905,0.0,15966.01999999998,443,552,1,0.9156,0.9139,0.0,0.0
2021-07-27 12:00:00,0.9172,0.9186,0.9142,0.9142,9051,-1.0,-1.0,0.0,16246.36999999998,444,552,0,0.0,0.0,0.0,280.35
2021-07-27 16:00:00,0.9142,0.9158,0.9132,0.9133,12556,1.0,1.0,0.0,16246.36999999998,444,552,1,0.9133,0.9125,0.0,0.0
2021-07-27 20:00:00,0.9133,0.9146,0.9129,0.9143,3457,1.0,1.0,0.0,16246.36999999998,444,552,1,0.9133,0.9125,0.0,0.0
2021-07-28 00:00:00,0.9142,0.9152,0.9133,0.9152,1449,0.9853558,0.9853558,0.0,16246.36999999998,444,552,1,0.9133,0.9125,0.0,0.0
2021-07-28 04:00:00,0.9152,0.9153,0.9143,0.9149,2060,-0.46561205,-0.46561205,0.0,16246.36999999998,444,552,1,0.9133,0.9125,0.0,0.0
2021-07-28 08:00:00,0.9149,0.9159,0.9132,0.9134,4762,0.936785,0.936785,0.0,16246.36999999998,444,552,1,0.9133,0.9125,0.0,0.0
2021-07-28 12:00:00,0.9134,0.9164,0.9134,0.9159,7518,0.61062515,0.61062515,0.0,16246.36999999998,444,552,1,0.9133,0.9125,0.0,0.0
2021-07-28 16:00:00,0.9159,0.9167,0.9128,0.913,9946,1.0,1.0,0.0,16246.36999999998,444,552,1,0.9133,0.9125,0.0,0.0
2021-07-28 20:00:00,0.913,0.9158,0.9099,0.9099,15182,0.15625791,0.15625791,0.0,16246.36999999998,444,552,1,0.9133,0.9125,0.0,0.0
2021-07-29 00:00:00,0.9099,0.9101,0.9097,0.9098,1823,-0.43700173,-0.43700173,0.0,15644.94999999998,444,553,0,0.0,0.0,0.0,-601.42
2021-07-29 04:00:00,0.9098,0.9099,0.9087,0.909,2422,1.0,1.0,0.0,15644.94999999998,444,553,1,0.909,0.9065,0.0,0.0
2021-07-29 08:00:00,0.909,0.9095,0.9076,0.9081,7845,0.8015775,0.8015775,0.0,15644.94999999998,444,553,1,0.909,0.9065,0.0,0.0
2021-07-29 12:00:00,0.9081,0.9092,0.9073,0.9077,7552,0.10982701,0.10982701,0.0,15644.94999999998,444,553,1,0.909,0.9065,0.0,0.0
2021-07-29 16:00:00,0.9077,0.9082,0.9055,0.9064,7711,0.16161014,0.16161014,0.0,15644.94999999998,444,553,1,0.909,0.9065,0.0,0.0
2021-07-29 20:00:00,0.9064,0.9066,0.9054,0.9061,3542,0.13512687,0.13512687,0.0,15203.76999999998,444,554,0,0.0,0.0,0.0,-441.18
2021-07-30 00:00:00,0.906,0.9064,0.9051,0.9063,2444,-1.0,-1.0,0.0,15203.76999999998,444,554,2,0.9063,0.9079,0.0,0.0
2021-07-30 04:00:00,0.9063,0.9071,0.9061,0.9069,2434,-0.034068055,-0.034068055,0.0,15203.76999999998,444,554,2,0.9063,0.9079,0.0,0.0
2021-07-30 08:00:00,0.907,0.9076,0.9048,0.9049,6149,-0.6262697,-0.6262697,0.0,15203.76999999998,444,554,2,0.9063,0.9079,0.0,0.0
2021-07-30 12:00:00,0.9049,0.9069,0.9039,0.9063,7513,-1.0,-1.0,0.0,15203.76999999998,444,554,2,0.9063,0.9079,0.0,0.0
2021-07-30 16:00:00,0.9063,0.9075,0.9054,0.9063,10838,1.0,1.0,0.0,15203.75999999998,444,555,0,0.0,0.0,0.0,-0.01
2021-07-30 20:00:00,0.9063,0.9066,0.9049,0.9051,3385,-1.0,-1.0,0.0,15203.75999999998,444,555,2,0.9051,0.9059,0.0,0.0
2021-08-02 00:00:00,0.9044,0.9069,0.9042,0.9059,1707,1.0,1.0,0.0,15203.75999999998,444,555,2,0.9051,0.9059,0.0,0.0
2021-08-02 04:00:00,0.9059,0.9066,0.9055,0.9058,2728,-0.41832727,-0.41832727,0.0,15071.90999999998,444,556,0,0.0,0.0,0.0,-131.85
2021-08-02 08:00:00,0.9059,0.9065,0.9047,0.9055,4623,0.31078953,0.31078953,0.0,15071.90999999998,444,556,0,0.9063,0.9076,0.0,0.0
2021-08-02 12:00:00,0.9055,0.9068,0.9046,0.9066,6103,1.0,1.0,0.0,15071.90999999998,444,556,1,0.9066,0.9058,0.0,0.0
2021-08-02 16:00:00,0.9066,0.9066,0.9038,0.9052,11162,-1.0,-1.0,0.0,15071.90999999998,444,556,1,0.9066,0.9058,0.0,0.0
2021-08-02 20:00:00,0.9052,0.9057,0.9049,0.9053,3423,-1.0,-1.0,0.0,14843.34999999998,444,557,0,0.0,0.0,0.0,-228.56
2021-08-03 00:00:00,0.9053,0.9056,0.9041,0.9055,2688,-1.0,-1.0,0.0,14843.34999999998,444,557,2,0.9055,0.9063,0.0,0.0
2021-08-03 04:00:00,0.9055,0.9057,0.9049,0.905,3150,-0.094008714,-0.094008714,0.0,14843.34999999998,444,557,2,0.9055,0.9063,0.0,0.0
2021-08-03 08:00:00,0.905,0.9057,0.9043,0.9044,6451,-0.349501,-0.349501,0.0,14843.34999999998,444,557,2,0.9055,0.9063,0.0,0.0
2021-08-03 12:00:00,0.9044,0.9047,0.9023,0.9028,6180,0.6647275,0.6647275,0.0,15020.03999999998,445,557,0,0.0,0.0,0.0,176.69
2021-08-03 16:00:00,0.9028,0.9048,0.9026,0.904,9768,0.65161604,0.65161604,0.0,15020.03999999998,445,557,1,0.904,0.9015,0.0,0.0
2021-08-03 20:00:00,0.904,0.9047,0.9036,0.9037,2455,-0.5714933,-0.5714933,0.0,15020.03999999998,445,557,1,0.904,0.9015,0.0,0.0
2021-08-04 00:00:00,0.9035,0.9043,0.9032,0.9042,1430,0.7578589,0.7578589,0.0,15020.03999999998,445,557,1,0.904,0.9015,0.0,0.0
2021-08-04 04:00:00,0.9042,0.9042,0.9034,0.9037,2591,0.4931317,0.4931317,0.0,15020.03999999998,445,557,1,0.904,0.9015,0.0,0.0
2021-08-04 08:00:00,0.9037,0.906,0.9033,0.9056,4910,1.0,1.0,0.0,15020.03999999998,445,557,1,0.904,0.9015,0.0,0.0
2021-08-04 12:00:00,0.9056,0.9058,0.9025,0.9025,6498,-1.0,-1.0,0.0,15280.44999999998,446,557,0,0.0,0.0,0.0,260.41
2021-08-04 16:00:00,0.9025,0.9076,0.9018,0.9063,13334,0.03675685,0.03675685,0.0,15280.44999999998,446,557,0,0.904,0.9065,0.0,0.0
2021-08-04 20:00:00,0.9063,0.9067,0.906,0.9065,2568,1.0,1.0,0.0,15280.44999999998,446,557,1,0.9065,0.9043,0.0,0.0
2021-08-05 00:00:00,0.9064,0.9073,0.9058,0.9073,1763,-1.0,-1.0,0.0,15280.44999999998,446,557,1,0.9065,0.9043,0.0,0.0
2021-08-05 04:00:00,0.9073,0.9076,0.9069,0.9072,2438,-0.37951759,-0.37951759,0.0,15280.44999999998,446,557,1,0.9065,0.9043,0.0,0.0
2021-08-05 08:00:00,0.9072,0.9078,0.9053,0.9065,5633,0.72633857,0.72633857,0.0,15280.44999999998,446,557,1,0.9065,0.9043,0.0,0.0
2021-08-05 12:00:00,0.9064,0.9073,0.9051,0.907,8451,-0.10950075,-0.10950075,0.0,15280.44999999998,446,557,1,0.9065,0.9043,0.0,0.0
2021-08-05 16:00:00,0.907,0.9073,0.9058,0.9066,8896,0.7637532,0.7637532,0.0,15280.44999999998,446,557,1,0.9065,0.9043,0.0,0.0
2021-08-05 20:00:00,0.9066,0.9068,0.9062,0.9068,2651,0.57254416,0.57254416,0.0,15280.44999999998,446,557,1,0.9065,0.9043,0.0,0.0
2021-08-06 00:00:00,0.9067,0.9073,0.9062,0.9073,1448,1.0,1.0,0.0,15280.44999999998,446,557,1,0.9065,0.9043,0.0,0.0
2021-08-06 04:00:00,0.9073,0.9082,0.9072,0.9079,1996,-1.0,-1.0,0.0,15413.149999999981,447,557,0,0.0,0.0,0.0,132.7
2021-08-06 08:00:00,0.9079,0.9083,0.9068,0.908,5249,-0.7535824,-0.7535824,0.0,15413.149999999981,447,557,2,0.908,0.9098,0.0,0.0
2021-08-06 12:00:00,0.908,0.9108,0.9078,0.9105,9869,-1.0,-1.0,0.0,15413.149999999981,447,557,2,0.908,0.9098,0.0,0.0
2021-08-06 16:00:00,0.9105,0.9156,0.9103,0.9154,11716,-1.0,-1.0,0.0,14993.329999999982,447,558,0,0.0,0.0,0.0,-419.82
2021-08-06 20:00:00,0.9155,0.9155,0.9144,0.915,2826,-0.8586769,-0.8586769,0.0,14993.329999999982,447,558,2,0.915,0.9175,0.0,0.0
2021-08-09 00:00:00,0.9136,0.9163,0.9135,0.9157,4111,0.32500866,0.32500866,0.0,14993.329999999982,447,558,2,0.915,0.9175,0.0,0.0
2021-08-09 04:00:00,0.9157,0.9157,0.9148,0.9149,1859,-0.34793785,-0.34793785,0.0,14993.329999999982,447,558,2,0.915,0.9175,0.0,0.0
2021-08-09 08:00:00,0.9149,0.9168,0.9145,0.9167,5894,0.103158504,0.103158504,0.0,14993.329999999982,447,558,2,0.915,0.9175,0.0,0.0
2021-08-09 12:00:00,0.9167,0.9174,0.9158,0.917,6282,-0.22427596,-0.22427596,0.0,14993.329999999982,447,558,2,0.915,0.9175,0.0,0.0
2021-08-09 16:00:00,0.917,0.92,0.9163,0.9197,9509,0.14278713,0.14278713,0.0,14993.329999999982,447,558,2,0.915,0.9175,0.0,0.0
2021-08-09 20:00:00,0.9197,0.9207,0.9195,0.9198,2847,0.08439141,0.08439141,0.0,14217.819999999982,447,559,0,0.0,0.0,0.0,-775.51
2021-08-10 00:00:00,0.9198,0.921,0.9191,0.9202,2036,1.0,1.0,0.0,14217.819999999982,447,559,1,0.9202,0.9194,0.0,0.0
2021-08-10 04:00:00,0.9202,0.9205,0.9195,0.9201,1619,-0.030829545,-0.030829545,0.0,14217.819999999982,447,559,1,0.9202,0.9194,0.0,0.0
2021-08-10 08:00:00,0.9201,0.9218,0.9197,0.921,5053,1.0,1.0,0.0,14217.819999999982,447,559,1,0.9202,0.9194,0.0,0.0
2021-08-10 12:00:00,0.921,0.9232,0.9208,0.9231,6071,-0.72760016,-0.72760016,0.0,14343.159999999982,448,559,0,0.0,0.0,0.0,125.34
2021-08-10 16:00:00,0.9231,0.9234,0.922,0.9233,7795,-0.084317155,-0.084317155,0.0,14343.159999999982,448,559,0,0.9233,0.9247,0.0,0.0
2021-08-10 20:00:00,0.9233,0.9234,0.9212,0.9222,2966,0.5239371,0.5239371,0.0,14343.159999999982,448,559,1,0.9222,0.9214,0.0,0.0
2021-08-11 00:00:00,0.9223,0.9232,0.9221,0.9232,3217,0.6061446,0.6061446,0.0,14343.159999999982,448,559,1,0.9222,0.9214,0.0,0.0
2021-08-11 04:00:00,0.9232,0.9233,0.922,0.9228,1547,-1.0,-1.0,0.0,14501.599999999982,449,559,0,0.0,0.0,0.0,158.44
2021-08-11 08:00:00,0.9228,0.9242,0.9226,0.9237,4914,-1.0,-1.0,0.0,14501.599999999982,449,559,2,0.9237,0.9245,0.0,0.0
2021-08-11 12:00:00,0.9237,0.9239,0.9202,0.9214,7471,-0.53460914,-0.53460914,0.0,14501.599999999982,449,559,2,0.9237,0.9245,0.0,0.0
2021-08-11 16:00:00,0.9214,0.9226,0.9205,0.921,9038,1.0,1.0,0.0,14869.319999999982,450,559,0,0.0,0.0,0.0,367.72
2021-08-11 20:00:00,0.921,0.9221,0.9205,0.9219,4044,-1.0,-1.0,0.0,14869.319999999982,450,559,2,0.9219,0.9227,0.0,0.0
2021-08-12 00:00:00,0.9218,0.922,0.921,0.9217,1824,0.98508275,0.98508275,0.0,14869.319999999982,450,559,2,0.9219,0.9227,0.0,0.0
2021-08-12 04:00:00,0.9217,0.9221,0.9212,0.9217,1660,1.0,1.0,0.0,14902.109999999982,451,559,0,0.0,0.0,0.0,32.79
2021-08-12 08:00:00,0.9217,0.9224,0.9211,0.9215,4068,0.48388988,0.48388988,0.0,14902.109999999982,451,559,0,0.9215,0.9192,0.0,0.0
2021-08-12 12:00:00,0.9215,0.9232,0.9213,0.9223,4538,-0.35093322,-0.35093322,0.0,14902.109999999982,451,559,0,0.9215,0.9192,0.0,0.0
2021-08-12 16:00:00,0.9224,0.9237,0.9223,0.9233,4697,-0.31969398,-0.31969398,0.0,14902.109999999982,451,559,0,0.9215,0.9192,0.0,0.0
2021-08-12 20:00:00,0.9233,0.924,0.923,0.9232,2703,-0.69928414,-0.69928414,0.0,14902.109999999982,451,559,2,0.9232,0.9251,0.0,0.0
2021-08-13 00:00:00,0.9231,0.9235,0.923,0.9233,1457,0.48955476,0.48955476,0.0,14902.109999999982,451,559,2,0.9232,0.9251,0.0,0.0
2021-08-13 04:00:00,0.9233,0.9234,0.9229,0.9231,1796,-0.19294143,-0.19294143,0.0,14902.109999999982,451,559,2,0.9232,0.9251,0.0,0.0
2021-08-13 08:00:00,0.9231,0.9239,0.9225,0.9226,3369,0.03269346,0.03269346,0.0,14902.109999999982,451,559,2,0.9232,0.9251,0.0,0.0
2021-08-13 12:00:00,0.9226,0.9227,0.9197,0.9199,4421,1.0,1.0,0.0,15000.809999999983,452,559,0,0.0,0.0,0.0,98.7
2021-08-13 16:00:00,0.9199,0.9201,0.9151,0.9157,8646,-1.0,-1.0,0.0,15000.809999999983,452,559,2,0.9157,0.9176,0.0,0.0
2021-08-13 20:00:00,0.9157,0.9158,0.9151,0.9152,2686,-0.6888638,-0.6888638,0.0,15000.809999999983,452,559,2,0.9157,0.9176,0.0,0.0
2021-08-16 00:00:00,0.9149,0.917,0.9149,0.9154,1562,1.0,1.0,0.0,15082.939999999982,453,559,0,0.0,0.0,0.0,82.13
2021-08-16 04:00:00,0.9154,0.9163,0.9148,0.9158,1810,0.13325532,0.13325532,0.0,15082.939999999982,453,559,0,0.9154,0.9162,0.0,0.0
2021-08-16 08:00:00,0.9158,0.9164,0.9128,0.9129,4719,-0.2925101,-0.2925101,0.0,15082.939999999982,453,559,0,0.9154,0.9162,0.0,0.0
2021-08-16 12:00:00,0.9129,0.9145,0.9128,0.9133,6611,1.0,1.0,0.0,15082.939999999982,453,559,1,0.9133,0.911,0.0,0.0
2021-08-16 16:00:00,0.9133,0.9134,0.9109,0.9125,7973,0.5054341,0.5054341,0.0,15082.939999999982,453,559,1,0.9133,0.911,0.0,0.0
2021-08-16 20:00:00,0.9125,0.9126,0.9121,0.9122,1990,-1.0,-1.0,0.0,14951.179999999982,453,560,0,0.0,0.0,0.0,-131.76
2021-08-17 00:00:00,0.9122,0.913,0.9114,0.913,2583,0.95683604,0.95683604,0.0,14951.179999999982,453,560,1,0.913,0.9122,0.0,0.0
2021-08-17 04:00:00,0.913,0.9137,0.9127,0.9135,2222,-1.0,-1.0,0.0,14951.179999999982,453,560,1,0.913,0.9122,0.0,0.0
2021-08-17 08:00:00,0.9135,0.9136,0.9101,0.9107,5902,1.0,1.0,0.0,14951.179999999982,453,560,1,0.913,0.9122,0.0,0.0
2021-08-17 12:00:00,0.9106,0.9126,0.9099,0.9122,6597,0.388925,0.388925,0.0,14576.439999999982,453,561,0,0.0,0.0,0.0,-374.74
2021-08-17 16:00:00,0.9122,0.9149,0.9117,0.9147,8737,0.15108597,0.15108597,0.0,14576.439999999982,453,561,0,0.9147,0.9139,0.0,0.0
2021-08-17 20:00:00,0.9147,0.9151,0.9139,0.9145,3680,0.19795524,0.19795524,0.0,14576.439999999982,453,561,0,0.9147,0.9139,0.0,0.0
2021-08-18 00:00:00,0.9145,0.9153,0.9135,0.9148,1568,-1.0,-1.0,0.0,14576.439999999982,453,561,2,0.9148,0.9163,0.0,0.0
2021-08-18 04:00:00,0.9148,0.9148,0.9136,0.9142,1746,0.6756227,0.6756227,0.0,14576.439999999982,453,561,2,0.9148,0.9163,0.0,0.0
2021-08-18 08:00:00,0.9142,0.9145,0.9127,0.9132,4471,-0.7524536,-0.7524536,0.0,14576.439999999982,453,561,2,0.9148,0.9163,0.0,0.0
2021-08-18 12:00:00,0.9132,0.9164,0.9129,0.9156,5588,0.123473324,0.123473324,0.0,14576.439999999982,453,561,2,0.9148,0.9163,0.0,0.0
2021-08-18 16:00:00,0.9156,0.9196,0.9153,0.9181,6986,-0.47835425,-0.47835425,0.0,14576.439999999982,453,561,2,0.9148,0.9163,0.0,0.0
2021-08-18 20:00:00,0.9181,0.9182,0.9149,0.9168,8371,0.3669209,0.3669209,0.0,14047.989999999982,453,562,0,0.0,0.0,0.0,-528.45
2021-08-19 00:00:00,0.9168,0.9191,0.9153,0.9187,3091,1.0,1.0,0.0,14047.989999999982,453,562,1,0.9187,0.9179,0.0,0.0
2021-08-19 04:00:00,0.9187,0.9207,0.9186,0.9197,2214,-0.5638957,-0.5638957,0.0,14047.989999999982,453,562,1,0.9187,0.9179,0.0,0.0
2021-08-19 08:00:00,0.9197,0.9199,0.9145,0.9161,8443,-0.28469867,-0.28469867,0.0,14047.989999999982,453,562,1,0.9187,0.9179,0.0,0.0
2021-08-19 12:00:00,0.9161,0.9177,0.9156,0.917,8196,-0.82840115,-0.82840115,0.0,13647.599999999982,453,563,0,0.0,0.0,0.0,-400.39
2021-08-19 16:00:00,0.917,0.9187,0.9167,0.9173,10651,1.0,1.0,0.0,13647.599999999982,453,563,1,0.9173,0.9159,0.0,0.0
2021-08-19 20:00:00,0.9173,0.9191,0.9173,0.9186,4755,0.9525786,0.9525786,0.0,13647.599999999982,453,563,1,0.9173,0.9159,0.0,0.0
2021-08-20 00:00:00,0.9185,0.919,0.9177,0.918,1777,0.7338331,0.7338331,0.0,13647.599999999982,453,563,1,0.9173,0.9159,0.0,0.0
2021-08-20 04:00:00,0.918,0.918,0.9161,0.9165,1673,1.0,1.0,0.0,13647.599999999982,453,563,1,0.9173,0.9159,0.0,0.0
2021-08-20 08:00:00,0.9165,0.9185,0.9159,0.9179,5860,-1.0,-1.0,0.0,13527.859999999982,453,564,0,0.0,0.0,0.0,-119.74
2021-08-20 12:00:00,0.9179,0.9186,0.9163,0.9184,4430,0.4594025,0.4594025,0.0,13527.859999999982,453,564,0,0.0,0.0,0.0,0.0
2021-08-20 16:00:00,0.9184,0.9185,0.9164,0.9168,7320,0.87939024,0.87939024,0.0,13527.859999999982,453,564,1,0.9168,0.916,0.0,0.0
2021-08-20 20:00:00,0.9168,0.918,0.9165,0.9169,2100,-0.15198372,-0.15198372,0.0,13527.859999999982,453,564,1,0.9168,0.916,0.0,0.0
2021-08-23 00:00:00,0.9159,0.9178,0.9159,0.9173,1918,0.20665884,0.20665884,0.0,13527.859999999982,453,564,1,0.9168,0.916,0.0,0.0
2021-08-23 04:00:00,0.9173,0.9174,0.9157,0.9164,3132,0.85684454,0.85684454,0.0,13527.859999999982,453,564,1,0.9168,0.916,0.0,0.0
2021-08-23 08:00:00,0.9164,0.917,0.914,0.9141,5666,-0.16081867,-0.16081867,0.0,13527.859999999982,453,564,1,0.9168,0.916,0.0,0.0
2021-08-23 12:00:00,0.9141,0.9178,0.914,0.9163,5318,-0.0334253,-0.0334253,0.0,13128.339999999982,453,565,0,0.0,0.0,0.0,-399.52
2021-08-23 16:00:00,0.9163,0.9163,0.9127,0.9132,8850,-1.0,-1.0,0.0,13128.339999999982,453,565,2,0.9132,0.914,0.0,0.0
2021-08-23 20:00:00,0.9132,0.9132,0.9122,0.9123,3203,-0.5167012,-0.5167012,0.0,13128.339999999982,453,565,2,0.9132,0.914,0.0,0.0
2021-08-24 00:00:00,0.9122,0.9132,0.9121,0.913,1910,-1.0,-1.0,0.0,13128.339999999982,453,565,2,0.9132,0.914,0.0,0.0
2021-08-24 04:00:00,0.913,0.9134,0.9127,0.9131,1220,-0.54287714,-0.54287714,0.0,13128.339999999982,453,565,2,0.9132,0.914,0.0,0.0
2021-08-24 08:00:00,0.9131,0.9137,0.9122,0.9131,4915,1.0,1.0,0.0,13142.669999999982,454,565,0,0.0,0.0,0.0,14.33
2021-08-24 12:00:00,0.9131,0.9136,0.911,0.9114,5747,1.0,1.0,0.0,13142.669999999982,454,565,1,0.9114,0.9106,0.0,0.0
2021-08-24 16:00:00,0.9114,0.9133,0.9111,0.9129,9499,-0.43173307,-0.43173307,0.0,13142.669999999982,454,565,1,0.9114,0.9106,0.0,0.0
2021-08-24 20:00:00,0.9129,0.9139,0.9124,0.9126,2733,-0.92735314,-0.92735314,0.0,13358.009999999982,455,565,0,0.0,0.0,0.0,215.34
2021-08-25 00:00:00,0.9124,0.9147,0.9117,0.9146,2171,0.8983219,0.8983219,0.0,13358.009999999982,455,565,1,0.9146,0.9138,0.0,0.0
2021-08-25 04:00:00,0.9146,0.9153,0.9143,0.9145,2126,1.0,1.0,0.0,13358.009999999982,455,565,1,0.9146,0.9138,0.0,0.0
2021-08-25 08:00:00,0.9145,0.9151,0.9125,0.913,4602,0.5946106,0.5946106,0.0,13358.009999999982,455,565,1,0.9146,0.9138,0.0,0.0
2021-08-25 12:00:00,0.913,0.9158,0.9128,0.9149,6192,-0.94938725,-0.94938725,0.0,13124.509999999982,455,566,0,0.0,0.0,0.0,-233.5
2021-08-25 16:00:00,0.915,0.9152,0.9131,0.9137,9865,-0.53224456,-0.53224456,0.0,13124.509999999982,455,566,2,0.9137,0.9145,0.0,0.0
2021-08-25 20:00:00,0.9137,0.9146,0.913,0.9137,4129,0.42678118,0.42678118,0.0,13124.509999999982,455,566,2,0.9137,0.9145,0.0,0.0
2021-08-26 00:00:00,0.9137,0.9142,0.9122,0.9141,2159,-0.6995091,-0.6995091,0.0,13124.509999999982,455,566,2,0.9137,0.9145,0.0,0.0
2021-08-26 04:00:00,0.9141,0.9148,0.9139,0.9147,2718,0.36059782,0.36059782,0.0,13124.509999999982,455,566,2,0.9137,0.9145,0.0,0.0
2021-08-26 08:00:00,0.9147,0.9177,0.9141,0.9173,5872,-1.0,-1.0,0.0,12980.849999999982,455,567,0,0.0,0.0,0.0,-143.66
2021-08-26 12:00:00,0.9173,0.9179,0.9153,0.9174,6804,0.11823512,0.11823512,0.0,12980.849999999982,455,567,0,0.0,0.0,0.0,0.0
2021-08-26 16:00:00,0.9174,0.9192,0.9169,0.9187,12154,-0.9943085,-0.9943085,0.0,12980.849999999982,455,567,2,0.9187,0.9205,0.0,0.0
2021-08-26 20:00:00,0.9187,0.9191,0.9177,0.9177,4159,0.59019786,0.59019786,0.0,12980.849999999982,455,567,2,0.9187,0.9205,0.0,0.0
2021-08-27 00:00:00,0.9174,0.9183,0.9172,0.9181,2433,-1.0,-1.0,0.0,12980.849999999982,455,567,2,0.9187,0.9205,0.0,0.0
2021-08-27 04:00:00,0.9181,0.9182,0.9162,0.9163,1701,1.0,1.0,0.0,13066.399999999981,456,567,0,0.0,0.0,0.0,85.55
2021-08-27 08:00:00,0.9163,0.9184,0.9157,0.9184,4368,-0.2567655,-0.2567655,0.0,13066.399999999981,456,567,0,0.0,0.0,0.0,0.0
2021-08-27 12:00:00,0.9184,0.9184,0.9172,0.9182,5727,0.40480486,0.40480486,0.0,13066.399999999981,456,567,0,0.9182,0.9169,0.0,0.0
2021-08-27 16:00:00,0.9182,0.92,0.9106,0.9107,16684,-0.121081896,-0.121081896,0.0,13066.399999999981,456,567,0,0.9182,0.9169,0.0,0.0
2021-08-27 20:00:00,0.9107,0.9118,0.9107,0.9111,2994,-0.21767266,-0.21767266,0.0,13066.399999999981,456,567,0,0.0,0.0,0.0,0.0
2021-08-30 00:00:00,0.9108,0.9126,0.9102,0.9106,2136,-1.0,-1.0,0.0,13066.399999999981,456,567,2,0.9106,0.9129,0.0,0.0
2021-08-30 04:00:00,0.9106,0.9111,0.9101,0.9111,2306,-0.41831657,-0.41831657,0.0,13066.399999999981,456,567,2,0.9106,0.9129,0.0,0.0
2021-08-30 08:00:00,0.9111,0.9158,0.9108,0.9157,4578,0.09282585,0.09282585,0.0,13066.399999999981,456,567,2,0.9106,0.9129,0.0,0.0
2021-08-30 12:00:00,0.9157,0.9162,0.9144,0.916,4503,-0.8201084,-0.8201084,0.0,12336.219999999981,456,568,0,0.0,0.0,0.0,-730.18
2021-08-30 16:00:00,0.916,0.9185,0.9152,0.9165,8223,0.9349299,0.9349299,0.0,12336.219999999981,456,568,1,0.9165,0.9157,0.0,0.0
2021-08-30 20:00:00,0.9165,0.9174,0.9163,0.9168,3156,0.16318725,0.16318725,0.0,12336.219999999981,456,568,1,0.9165,0.9157,0.0,0.0
2021-08-31 00:00:00,0.9168,0.9173,0.9159,0.9167,1966,-0.14701337,-0.14701337,0.0,12336.219999999981,456,568,1,0.9165,0.9157,0.0,0.0
2021-08-31 04:00:00,0.9167,0.9171,0.9151,0.9154,2462,-0.3622477,-0.3622477,0.0,12336.219999999981,456,568,1,0.9165,0.9157,0.0,0.0
2021-08-31 08:00:00,0.9154,0.9159,0.9141,0.9143,5197,-1.0,-1.0,0.0,12187.569999999982,456,569,0,0.0,0.0,0.0,-148.65
2021-08-31 12:00:00,0.9142,0.9143,0.9115,0.9122,8096,0.20910564,0.20910564,0.0,12187.569999999982,456,569,0,0.9122,0.913,0.0,0.0
2021-08-31 16:00:00,0.9122,0.9173,0.9117,0.9159,13333,0.16181727,0.16181727,0.0,12187.569999999982,456,569,0,0.9122,0.913,0.0,0.0
2021-08-31 20:00:00,0.9159,0.9163,0.9148,0.915,4327,0.103723235,0.103723235,0.0,12187.569999999982,456,569,0,0.0,0.0,0.0,0.0
2021-09-01 00:00:00,0.9148,0.9165,0.9146,0.9164,1780,0.37704343,0.37704343,0.0,12187.569999999982,456,569,0,0.9122,0.9114,0.0,0.0
2021-09-01 04:00:00,0.9164,0.9184,0.9164,0.9183,2930,0.8715177,0.8715177,0.0,12187.569999999982,456,569,1,0.9183,0.9175,0.0,0.0
2021-09-01 08:00:00,0.9183,0.9189,0.917,0.9175,6936,1.0,1.0,0.0,12187.569999999982,456,569,1,0.9183,0.9175,0.0,0.0
2021-09-01 12:00:00,0.9175,0.918,0.915,0.915,7316,-0.12889819,-0.12889819,0.0,12080.519999999982,456,570,0,0.0,0.0,0.0,-107.05
2021-09-01 16:00:00,0.915,0.9164,0.9139,0.9147,9513,0.18114758,0.18114758,0.0,12080.519999999982,456,570,0,0.9147,0.9172,0.0,0.0
2021-09-01 20:00:00,0.9147,0.9158,0.9144,0.9152,3724,-1.0,-1.0,0.0,12080.519999999982,456,570,2,0.9152,0.916,0.0,0.0
2021-09-02 00:00:00,0.9152,0.9157,0.9148,0.9151,1891,-0.6807228,-0.6807228,0.0,12080.519999999982,456,570,2,0.9152,0.916,0.0,0.0
2021-09-02 04:00:00,0.9151,0.9157,0.9151,0.9157,1592,-0.68739915,-0.68739915,0.0,12080.519999999982,456,570,2,0.9152,0.916,0.0,0.0
2021-09-02 08:00:00,0.9157,0.916,0.9145,0.9156,4903,-0.24622907,-0.24622907,0.0,12080.519999999982,456,570,2,0.9152,0.916,0.0,0.0
2021-09-02 12:00:00,0.9155,0.9168,0.9145,0.9161,6581,-0.5646313,-0.5646313,0.0,12080.519999999982,456,570,2,0.9152,0.916,0.0,0.0
2021-09-02 16:00:00,0.9161,0.9166,0.914,0.9154,9327,0.2329098,0.2329098,0.0,11961.329999999982,456,571,0,0.0,0.0,0.0,-119.19
2021-09-02 20:00:00,0.9154,0.9155,0.9141,0.9142,3957,-0.6068773,-0.6068773,0.0,11961.329999999982,456,571,2,0.9142,0.915,0.0,0.0
2021-09-03 00:00:00,0.9142,0.9147,0.9134,0.914,1885,-0.88008165,-0.88008165,0.0,11961.329999999982,456,571,2,0.9142,0.915,0.0,0.0
2021-09-03 04:00:00,0.914,0.9144,0.9135,0.9144,3337,1.0,1.0,0.0,11987.479999999981,457,571,0,0.0,0.0,0.0,26.15
2021-09-03 08:00:00,0.9144,0.9146,0.9135,0.9141,4659,-0.47908482,-0.47908482,0.0,11987.479999999981,457,571,0,0.9141,0.9149,0.0,0.0
2021-09-03 12:00:00,0.9141,0.9159,0.9115,0.9138,11060,-0.06557096,-0.06557096,0.0,11987.479999999981,457,571,0,0.9141,0.9149,0.0,0.0
2021-09-03 16:00:00,0.9138,0.9149,0.9116,0.9134,14004,0.6162053,0.6162053,0.0,11987.479999999981,457,571,1,0.9134,0.9119,0.0,0.0
2021-09-03 20:00:00,0.9134,0.9144,0.9126,0.9139,3094,-0.04738367,-0.04738367,0.0,11987.479999999981,457,571,1,0.9134,0.9119,0.0,0.0
2021-09-06 00:00:00,0.9123,0.9145,0.9118,0.9143,1787,1.0,1.0,0.0,11987.479999999981,457,571,1,0.9134,0.9119,0.0,0.0
2021-09-06 04:00:00,0.9144,0.915,0.9142,0.9148,2885,-0.88258004,-0.88258004,0.0,12105.499999999982,458,571,0,0.0,0.0,0.0,118.02
2021-09-06 08:00:00,0.9148,0.9161,0.9145,0.9156,4292,1.0,1.0,0.0,12105.499999999982,458,571,1,0.9156,0.9148,0.0,0.0
2021-09-06 12:00:00,0.9156,0.9165,0.9154,0.9164,4138,-0.2551594,-0.2551594,0.0,12105.499999999982,458,571,1,0.9156,0.9148,0.0,0.0
2021-09-06 16:00:00,0.9164,0.9168,0.9151,0.9151,4504,-0.23718204,-0.23718204,0.0,12105.499999999982,458,571,1,0.9156,0.9148,0.0,0.0
2021-09-06 20:00:00,0.9151,0.9153,0.9149,0.915,2699,-0.4933161,-0.4933161,0.0,12105.499999999982,458,571,1,0.9156,0.9148,0.0,0.0
2021-09-07 00:00:00,0.9147,0.9154,0.914,0.9141,1451,1.0,1.0,0.0,12105.499999999982,458,571,1,0.9156,0.9148,0.0,0.0
2021-09-07 04:00:00,0.9141,0.9143,0.9136,0.9143,2094,1.0,1.0,0.0,11906.879999999981,458,572,0,0.0,0.0,0.0,-198.62
2021-09-07 08:00:00,0.9143,0.9156,0.9133,0.9142,7377,0.58290285,0.58290285,0.0,11906.879999999981,458,572,1,0.9142,0.9134,0.0,0.0
2021-09-07 12:00:00,0.9142,0.9156,0.9137,0.9156,8776,-0.31042185,-0.31042185,0.0,11906.879999999981,458,572,1,0.9142,0.9134,0.0,0.0
2021-09-07 16:00:00,0.9156,0.9189,0.9152,0.9187,11876,-0.37370783,-0.37370783,0.0,11906.879999999981,458,572,1,0.9142,0.9134,0.0,0.0
2021-09-07 20:00:00,0.9187,0.9199,0.9184,0.9195,4145,0.2989039,0.2989039,0.0,11906.879999999981,458,572,1,0.9142,0.9134,0.0,0.0
2021-09-08 00:00:00,0.9194,0.9197,0.9182,0.919,1942,-0.13497943,-0.13497943,0.0,11906.879999999981,458,572,1,0.9142,0.9134,0.0,0.0
2021-09-08 04:00:00,0.919,0.9197,0.919,0.9195,2381,-0.2574351,-0.2574351,0.0,11906.879999999981,458,572,1,0.9142,0.9134,0.0,0.0
2021-09-08 08:00:00,0.9195,0.9206,0.9183,0.9199,7823,-1.0,-1.0,0.0,12601.19999999998,459,572,0,0.0,0.0,0.0,694.32
2021-09-08 12:00:00,0.9199,0.9214,0.9193,0.9214,7951,-0.35709432,-0.35709432,0.0,12601.19999999998,459,572,0,0.9195,0.9204,0.0,0.0
2021-09-08 16:00:00,0.9214,0.9235,0.9211,0.9221,13513,-1.0,-1.0,0.0,12601.19999999998,459,572,2,0.9221,0.9229,0.0,0.0
2021-09-08 20:00:00,0.9221,0.9224,0.9207,0.9217,5489,-0.749307,-0.749307,0.0,12601.19999999998,459,572,2,0.9221,0.9229,0.0,0.0
2021-09-09 00:00:00,0.9216,0.9223,0.921,0.9218,1499,1.0,1.0,0.0,12656.77999999998,460,572,0,0.0,0.0,0.0,55.58
2021-09-09 04:00:00,0.9218,0.9218,0.9201,0.9206,1956,-0.91697097,-0.91697097,0.0,12656.77999999998,460,572,2,0.9206,0.9214,0.0,0.0
2021-09-09 08:00:00,0.9206,0.9208,0.9186,0.9191,6726,-1.0,-1.0,0.0,12656.77999999998,460,572,2,0.9206,0.9214,0.0,0.0
2021-09-09 12:00:00,0.9191,0.9199,0.9167,0.9186,10327,0.85824645,0.85824645,0.0,12865.559999999981,461,572,0,0.0,0.0,0.0,208.78
2021-09-09 16:00:00,0.9186,0.9196,0.9165,0.9167,11264,-1.0,-1.0,0.0,12865.559999999981,461,572,2,0.9167,0.919,0.0,0.0
2021-09-09 20:00:00,0.9167,0.9171,0.9161,0.9168,4573,-1.0,-1.0,0.0,12865.559999999981,461,572,2,0.9167,0.919,0.0,0.0
2021-09-10 00:00:00,0.9166,0.9169,0.9155,0.9166,3012,-0.71902543,-0.71902543,0.0,12865.559999999981,461,572,2,0.9167,0.919,0.0,0.0
2021-09-10 04:00:00,0.9166,0.917,0.9162,0.9167,2391,-0.92626745,-0.92626745,0.0,12865.559999999981,461,572,2,0.9167,0.919,0.0,0.0
2021-09-10 08:00:00,0.9167,0.9171,0.915,0.9153,5721,0.06922557,0.06922557,0.0,12865.559999999981,461,572,2,0.9167,0.919,0.0,0.0
2021-09-10 12:00:00,0.9153,0.9184,0.915,0.9175,7157,-0.90122926,-0.90122926,0.0,12865.559999999981,461,572,2,0.9167,0.919,0.0,0.0
2021-09-10 16:00:00,0.9175,0.9184,0.9165,0.9179,10003,-0.891719,-0.891719,0.0,12865.559999999981,461,572,2,0.9167,0.919,0.0,0.0
2021-09-10 20:00:00,0.918,0.9185,0.9176,0.9181,3562,-0.20691626,-0.20691626,0.0,12865.559999999981,461,572,2,0.9167,0.919,0.0,0.0
2021-09-13 00:00:00,0.9175,0.9189,0.9172,0.9189,7393,0.68924177,0.68924177,0.0,12667.679999999982,461,573,0,0.0,0.0,0.0,-197.88
2021-09-13 04:00:00,0.9189,0.9192,0.9184,0.9191,1905,-0.1071275,-0.1071275,0.0,12667.679999999982,461,573,0,0.9179,0.9165,0.0,0.0
2021-09-13 08:00:00,0.9191,0.9217,0.9191,0.9213,6180,-0.40344682,-0.40344682,0.0,12667.679999999982,461,573,0,0.9179,0.9165,0.0,0.0
2021-09-13 12:00:00,0.9213,0.9241,0.9208,0.9227,6828,-1.0,-1.0,0.0,12667.679999999982,461,573,2,0.9227,0.9245,0.0,0.0
2021-09-13 16:00:00,0.9227,0.9228,0.9204,0.9218,9111,0.02700216,0.02700216,0.0,12667.679999999982,461,573,2,0.9227,0.9245,0.0,0.0
2021-09-13 20:00:00,0.9218,0.923,0.9218,0.9222,4304,-0.5739753,-0.5739753,0.0,12667.679999999982,461,573,2,0.9227,0.9245,0.0,0.0
2021-09-14 00:00:00,0.9219,0.9226,0.9209,0.9225,3147,-1.0,-1.0,0.0,12667.679999999982,461,573,2,0.9227,0.9245,0.0,0.0
2021-09-14 04:00:00,0.9226,0.9228,0.9215,0.9219,2014,0.52961606,0.52961606,0.0,12667.679999999982,461,573,2,0.9227,0.9245,0.0,0.0
2021-09-14 08:00:00,0.9219,0.9223,0.9206,0.9218,4759,0.3322511,0.3322511,0.0,12667.679999999982,461,573,2,0.9227,0.9245,0.0,0.0
2021-09-14 12:00:00,0.9218,0.9225,0.9184,0.9189,7872,-0.3585909,-0.3585909,0.0,12667.679999999982,461,573,2,0.9227,0.9245,0.0,0.0
2021-09-14 16:00:00,0.9188,0.9209,0.9182,0.9189,9510,-0.7100939,-0.7100939,0.0,12667.679999999982,461,573,2,0.9227,0.9245,0.0,0.0
2021-09-14 20:00:00,0.9189,0.9204,0.9181,0.9204,5014,-0.3643097,-0.3643097,0.0,12667.679999999982,461,573,2,0.9227,0.9245,0.0,0.0
2021-09-15 00:00:00,0.9201,0.9204,0.9186,0.9201,2280,-0.34677708,-0.34677708,0.0,12667.679999999982,461,573,2,0.9227,0.9245,0.0,0.0
2021-09-15 04:00:00,0.9201,0.9204,0.9193,0.9202,2218,0.20571135,0.20571135,0.0,12667.679999999982,461,573,2,0.9227,0.9245,0.0,0.0
2021-09-15 08:00:00,0.9202,0.9205,0.9176,0.9179,5544,-0.20498967,-0.20498967,0.0,12667.679999999982,461,573,2,0.9227,0.9245,0.0,0.0
2021-09-15 12:00:00,0.9179,0.9193,0.9164,0.9187,7488,-0.4528109,-0.4528109,0.0,12667.679999999982,461,573,2,0.9227,0.9245,0.0,0.0
2021-09-15 16:00:00,0.9187,0.9201,0.9177,0.9201,9129,-1.0,-1.0,0.0,12667.679999999982,461,573,2,0.9227,0.9245,0.0,0.0
2021-09-15 20:00:00,0.9201,0.9205,0.9193,0.9196,2703,-1.0,-1.0,0.0,12667.679999999982,461,573,2,0.9227,0.9245,0.0,0.0
2021-09-16 00:00:00,0.9196,0.9202,0.9184,0.9199,2534,0.3804016,0.3804016,0.0,12667.679999999982,461,573,2,0.9227,0.9245,0.0,0.0
2021-09-16 04:00:00,0.9199,0.9204,0.9194,0.9202,2605,0.2749086,0.2749086,0.0,12667.679999999982,461,573,2,0.9227,0.9245,0.0,0.0
2021-09-16 08:00:00,0.9202,0.9239,0.9198,0.9238,7362,0.5403054,0.5403054,0.0,13016.379999999983,462,573,0,0.0,0.0,0.0,348.7
2021-09-16 12:00:00,0.9238,0.9269,0.9229,0.9264,7936,0.20258613,0.20258613,0.0,13016.379999999983,462,573,0,0.0,0.0,0.0,0.0
2021-09-16 16:00:00,0.9264,0.9272,0.9245,0.926,9548,-0.8439847,-0.8439847,0.0,13016.379999999983,462,573,2,0.926,0.9285,0.0,0.0
2021-09-16 20:00:00,0.926,0.9278,0.9258,0.9275,4903,0.13862897,0.13862897,0.0,13016.379999999983,462,573,2,0.926,0.9285,0.0,0.0
2021-09-17 00:00:00,0.9274,0.9279,0.9269,0.9277,2027,0.8956023,0.8956023,0.0,12799.679999999982,462,574,0,0.0,0.0,0.0,-216.7
2021-09-17 04:00:00,0.9277,0.9281,0.9264,0.9267,2857,-1.0,-1.0,0.0,12799.679999999982,462,574,2,0.9267,0.9275,0.0,0.0
2021-09-17 08:00:00,0.9267,0.9274,0.926,0.9273,6210,-0.93955743,-0.93955743,0.0,12799.679999999982,462,574,2,0.9267,0.9275,0.0,0.0
2021-09-17 12:00:00,0.9273,0.9285,0.9266,0.9283,7676,-1.0,-1.0,0.0,12799.679999999982,462,574,2,0.9267,0.9275,0.0,0.0
2021-09-17 16:00:00,0.9283,0.9323,0.9281,0.9322,10981,-0.11571019,-0.11571019,0.0,12572.189999999982,462,575,0,0.0,0.0,0.0,-227.49
2021-09-17 20:00:00,0.9322,0.9325,0.9315,0.9322,3786,-0.4644154,-0.4644154,0.0,12572.189999999982,462,575,0,0.9322,0.9314,0.0,0.0
2021-09-20 00:00:00,0.9314,0.9325,0.9311,0.9322,2059,0.96684235,0.96684235,0.0,12572.189999999982,462,575,1,0.9322,0.9314,0.0,0.0
2021-09-20 04:00:00,0.9323,0.9333,0.9321,0.9322,3042,0.49135408,0.49135408,0.0,12572.189999999982,462,575,1,0.9322,0.9314,0.0,0.0
2021-09-20 08:00:00,0.9321,0.9333,0.9313,0.9315,5962,0.7684304,0.7684304,0.0,12572.189999999982,462,575,1,0.9322,0.9314,0.0,0.0
2021-09-20 12:00:00,0.9315,0.933,0.9285,0.9286,7595,0.001374427,0.001374427,0.0,12572.189999999982,462,575,1,0.9322,0.9314,0.0,0.0
2021-09-20 16:00:00,0.9286,0.93,0.9271,0.9279,8776,0.19991186,0.19991186,0.0,12069.279999999982,462,576,0,0.0,0.0,0.0,-502.91
2021-09-20 20:00:00,0.9279,0.9281,0.9275,0.9278,3717,0.47590876,0.47590876,0.0,12069.279999999982,462,576,0,0.9278,0.9296,0.0,0.0
2021-09-21 00:00:00,0.9273,0.9281,0.9269,0.9278,2203,1.0,1.0,0.0,12069.279999999982,462,576,1,0.9278,0.927,0.0,0.0
2021-09-21 04:00:00,0.9278,0.9281,0.9265,0.9277,2304,0.098140486,0.098140486,0.0,12069.279999999982,462,576,1,0.9278,0.927,0.0,0.0
2021-09-21 08:00:00,0.9277,0.9283,0.9254,0.9257,6904,-0.23726737,-0.23726737,0.0,12069.279999999982,462,576,1,0.9278,0.927,0.0,0.0
2021-09-21 12:00:00,0.9257,0.9258,0.9234,0.9235,8358,-0.04562304,-0.04562304,0.0,11788.519999999982,462,577,0,0.0,0.0,0.0,-280.76
2021-09-21 16:00:00,0.9235,0.9249,0.9225,0.9234,10533,-0.37204686,-0.37204686,0.0,11788.519999999982,462,577,0,0.9234,0.9242,0.0,0.0
2021-09-21 20:00:00,0.9234,0.9244,0.9231,0.9235,3917,-0.5314123,-0.5314123,0.0,11788.519999999982,462,577,2,0.9235,0.9243,0.0,0.0
2021-09-22 00:00:00,0.9235,0.9243,0.9226,0.9242,2420,-1.0,-1.0,0.0,11788.519999999982,462,577,2,0.9235,0.9243,0.0,0.0
2021-09-22 04:00:00,0.9242,0.9249,0.9237,0.9247,4946,0.24187115,0.24187115,0.0,11788.519999999982,462,577,2,0.9235,0.9243,0.0,0.0
2021-09-22 08:00:00,0.9247,0.925,0.9223,0.9223,5682,0.7740654,0.7740654,0.0,11631.989999999982,462,578,0,0.0,0.0,0.0,-156.53
2021-09-22 12:00:00,0.9223,0.9229,0.9217,0.9224,6025,1.0,1.0,0.0,11631.989999999982,462,578,1,0.9224,0.9199,0.0,0.0
2021-09-22 16:00:00,0.9224,0.9233,0.9216,0.923,7620,-0.40389788,-0.40389788,0.0,11631.989999999982,462,578,1,0.9224,0.9199,0.0,0.0
2021-09-22 20:00:00,0.923,0.9273,0.9215,0.9261,18622,-1.0,-1.0,0.0,11709.059999999981,463,578,0,0.0,0.0,0.0,77.07
2021-09-23 00:00:00,0.925,0.9273,0.9246,0.9269,2243,-0.43954027,-0.43954027,0.0,11709.059999999981,463,578,0,0.9223,0.9201,0.0,0.0
2021-09-23 04:00:00,0.9269,0.9273,0.926,0.9261,3744,1.0,1.0,0.0,11709.059999999981,463,578,1,0.9261,0.9253,0.0,0.0
2021-09-23 08:00:00,0.9261,0.9263,0.9229,0.9238,8395,0.2975036,0.2975036,0.0,11709.059999999981,463,578,1,0.9261,0.9253,0.0,0.0
2021-09-23 12:00:00,0.9238,0.9255,0.9229,0.9236,9785,-0.9442594,-0.9442594,0.0,11411.35999999998,463,579,0,0.0,0.0,0.0,-297.7
2021-09-23 16:00:00,0.9236,0.9248,0.9217,0.9234,10360,-0.4629015,-0.4629015,0.0,11411.35999999998,463,579,0,0.0,0.0,0.0,0.0
2021-09-23 20:00:00,0.9234,0.9252,0.9227,0.9242,3105,-0.591098,-0.591098,0.0,11411.35999999998,463,579,2,0.9242,0.9253,0.0,0.0
2021-09-24 00:00:00,0.9241,0.9248,0.9232,0.9242,2459,-0.013363354,-0.013363354,0.0,11411.35999999998,463,579,2,0.9242,0.9253,0.0,0.0
2021-09-24 04:00:00,0.9242,0.9252,0.9242,0.9251,1746,0.19030213,0.19030213,0.0,11411.35999999998,463,579,2,0.9242,0.9253,0.0,0.0
2021-09-24 08:00:00,0.9251,0.9261,0.9238,0.9241,5723,-0.30828527,-0.30828527,0.0,11411.35999999998,463,579,2,0.9242,0.9253,0.0,0.0
2021-09-24 12:00:00,0.9241,0.9252,0.9222,0.9251,6444,1.0,1.0,0.0,11423.969999999981,464,579,0,0.0,0.0,0.0,12.61
2021-09-24 16:00:00,0.9251,0.9258,0.924,0.9248,8613,-0.24291645,-0.24291645,0.0,11423.969999999981,464,579,0,0.9251,0.9226,0.0,0.0
2021-09-24 20:00:00,0.9248,0.9253,0.9241,0.9243,2880,-0.25431737,-0.25431737,0.0,11423.969999999981,464,579,0,0.0,0.0,0.0,0.0
2021-09-27 00:00:00,0.9234,0.9251,0.9234,0.9251,2446,0.82694364,0.82694364,0.0,11423.969999999981,464,579,1,0.9251,0.9234,0.0,0.0
2021-09-27 04:00:00,0.9251,0.9256,0.9246,0.9255,2480,0.89377874,0.89377874,0.0,11423.969999999981,464,579,1,0.9251,0.9234,0.0,0.0
2021-09-27 08:00:00,0.9255,0.9291,0.9255,0.9284,8682,0.85014737,0.85014737,0.0,11423.969999999981,464,579,1,0.9251,0.9234,0.0,0.0
2021-09-27 12:00:00,0.9283,0.9286,0.9259,0.9268,10424,0.6597182,0.6597182,0.0,11423.969999999981,464,579,1,0.9251,0.9234,0.0,0.0
2021-09-27 16:00:00,0.9268,0.9283,0.9248,0.9258,10317,0.547524,0.547524,0.0,11423.969999999981,464,579,1,0.9251,0.9234,0.0,0.0
2021-09-27 20:00:00,0.9258,0.9262,0.9251,0.9257,3575,0.89483243,0.89483243,0.0,11423.969999999981,464,579,1,0.9251,0.9234,0.0,0.0
2021-09-28 00:00:00,0.9257,0.9266,0.925,0.9264,1301,-0.2331146,-0.2331146,0.0,11423.969999999981,464,579,1,0.9251,0.9234,0.0,0.0
2021-09-28 04:00:00,0.9264,0.927,0.926,0.9263,1714,-1.0,-1.0,0.0,11588.589999999982,465,579,0,0.0,0.0,0.0,164.62
2021-09-28 08:00:00,0.9263,0.9295,0.926,0.9278,7999,-0.15692341,-0.15692341,0.0,11588.589999999982,465,579,0,0.9268,0.9276,0.0,0.0
2021-09-28 12:00:00,0.9278,0.9294,0.9268,0.9285,11820,-0.58509654,-0.58509654,0.0,11588.589999999982,465,579,2,0.9285,0.9293,0.0,0.0
2021-09-28 16:00:00,0.9285,0.9302,0.9266,0.9289,14776,-0.29833984,-0.29833984,0.0,11588.589999999982,465,579,2,0.9285,0.9293,0.0,0.0
2021-09-28 20:00:00,0.9289,0.9301,0.9289,0.9292,4730,0.8979142,0.8979142,0.0,11537.059999999981,465,580,0,0.0,0.0,0.0,-51.53
2021-09-29 00:00:00,0.9291,0.9299,0.9278,0.9298,2741,-0.6493625,-0.6493625,0.0,11537.059999999981,465,580,2,0.9298,0.9307,0.0,0.0
2021-09-29 04:00:00,0.9298,0.9299,0.928,0.9293,3165,-0.2950879,-0.2950879,0.0,11537.059999999981,465,580,2,0.9298,0.9307,0.0,0.0
2021-09-29 08:00:00,0.9292,0.9307,0.9285,0.9294,10507,0.5462851,0.5462851,0.0,11537.059999999981,465,580,2,0.9298,0.9307,0.0,0.0
2021-09-29 12:00:00,0.9295,0.9303,0.928,0.9302,11787,0.07005555,0.07005555,0.0,11537.059999999981,465,580,2,0.9298,0.9307,0.0,0.0
2021-09-29 16:00:00,0.9302,0.935,0.9297,0.935,12358,-1.0,-1.0,0.0,11537.059999999981,465,580,2,0.9298,0.9307,0.0,0.0
2021-09-29 20:00:00,0.935,0.9355,0.9343,0.9344,4748,-0.25394627,-0.25394627,0.0,10865.84999999998,465,581,0,0.0,0.0,0.0,-671.21
2021-09-30 00:00:00,0.9341,0.9347,0.9327,0.9338,1641,1.0,1.0,0.0,10865.84999999998,465,581,1,0.9338,0.933,0.0,0.0
2021-09-30 04:00:00,0.9338,0.9342,0.933,0.9333,2606,-0.22777618,-0.22777618,0.0,10865.84999999998,465,581,1,0.9338,0.933,0.0,0.0
2021-09-30 08:00:00,0.9333,0.9351,0.9328,0.9344,8313,-1.0,-1.0,0.0,10805.16999999998,465,582,0,0.0,0.0,0.0,-60.68
2021-09-30 12:00:00,0.9344,0.9368,0.9336,0.9337,9844,1.0,1.0,0.0,10805.16999999998,465,582,1,0.9337,0.9319,0.0,0.0
2021-09-30 16:00:00,0.9337,0.9356,0.9321,0.9341,15750,-0.3965398,-0.3965398,0.0,10805.16999999998,465,582,1,0.9337,0.9319,0.0,0.0
2021-09-30 20:00:00,0.9341,0.9344,0.9315,0.9315,5985,-0.85211617,-0.85211617,0.0,10853.46999999998,466,582,0,0.0,0.0,0.0,48.3
2021-10-01 00:00:00,0.9316,0.9333,0.931,0.9331,2126,-0.20101862,-0.20101862,0.0,10853.46999999998,466,582,0,0.0,0.0,0.0,0.0
2021-10-01 04:00:00,0.9331,0.9333,0.9313,0.9315,2076,-0.018884819,-0.018884819,0.0,10853.46999999998,466,582,0,0.9315,0.929,0.0,0.0
2021-10-01 08:00:00,0.9315,0.9323,0.93,0.9319,8283,0.769622,0.769622,0.0,10853.46999999998,466,582,1,0.9319,0.9305,0.0,0.0
2021-10-01 12:00:00,0.9319,0.9338,0.9283,0.9284,11767,0.5408439,0.5408439,0.0,10853.46999999998,466,582,1,0.9319,0.9305,0.0,0.0
2021-10-01 16:00:00,0.9284,0.9309,0.9282,0.9298,14503,-0.3322152,-0.3322152,0.0,10431.45999999998,466,583,0,0.0,0.0,0.0,-422.01
2021-10-01 20:00:00,0.9298,0.931,0.9295,0.9304,3241,0.43945104,0.43945104,0.0,10431.45999999998,466,583,0,0.9304,0.929,0.0,0.0
2021-10-04 00:00:00,0.9304,0.9304,0.9287,0.93,2641,0.047048178,0.047048178,0.0,10431.45999999998,466,583,0,0.9304,0.929,0.0,0.0
2021-10-04 04:00:00,0.93,0.9311,0.9299,0.9309,1736,-1.0,-1.0,0.0,10431.45999999998,466,583,2,0.9309,0.9334,0.0,0.0
2021-10-04 08:00:00,0.9308,0.931,0.9289,0.929,7720,-0.149845,-0.149845,0.0,10431.45999999998,466,583,2,0.9309,0.9334,0.0,0.0
2021-10-04 12:00:00,0.929,0.9292,0.9242,0.925,8190,1.0,1.0,0.0,10651.769999999979,467,583,0,0.0,0.0,0.0,220.31
2021-10-04 16:00:00,0.925,0.9254,0.923,0.9245,9764,-0.7800296,-0.7800296,0.0,10651.769999999979,467,583,2,0.9245,0.9253,0.0,0.0
2021-10-04 20:00:00,0.9245,0.9251,0.9241,0.9247,3300,0.17739184,0.17739184,0.0,10651.769999999979,467,583,2,0.9245,0.9253,0.0,0.0
2021-10-05 00:00:00,0.9244,0.9255,0.9239,0.9254,2026,0.5225513,0.5225513,0.0,10651.769999999979,467,583,2,0.9245,0.9253,0.0,0.0
2021-10-05 04:00:00,0.9254,0.9266,0.9253,0.9266,2307,-0.416601,-0.416601,0.0,10545.609999999979,467,584,0,0.0,0.0,0.0,-106.16
2021-10-05 08:00:00,0.9266,0.9271,0.9259,0.9265,7794,0.055759307,0.055759307,0.0,10545.609999999979,467,584,0,0.9254,0.9236,0.0,0.0
2021-10-05 12:00:00,0.9265,0.9275,0.9261,0.9275,6237,0.6960392,0.6960392,0.0,10545.609999999979,467,584,1,0.9275,0.9267,0.0,0.0
2021-10-05 16:00:00,0.9275,0.9288,0.9262,0.9277,10430,-0.056393553,-0.056393553,0.0,10545.609999999979,467,584,1,0.9275,0.9267,0.0,0.0
2021-10-05 20:00:00,0.9277,0.9284,0.9273,0.9279,2898,-1.0,-1.0,0.0,10569.009999999978,468,584,0,0.0,0.0,0.0,23.4
2021-10-06 00:00:00,0.9278,0.9291,0.9275,0.9289,1733,0.67517346,0.67517346,0.0,10569.009999999978,468,584,1,0.9289,0.928,0.0,0.0
2021-10-06 04:00:00,0.9289,0.9298,0.9286,0.9296,1830,-0.58729476,-0.58729476,0.0,10569.009999999978,468,584,1,0.9289,0.928,0.0,0.0
2021-10-06 08:00:00,0.9296,0.9307,0.9291,0.9301,8365,1.0,1.0,0.0,10569.009999999978,468,584,1,0.9289,0.928,0.0,0.0
2021-10-06 12:00:00,0.9301,0.9308,0.9283,0.9286,11158,0.05333392,0.05333392,0.0,10569.009999999978,468,584,1,0.9289,0.928,0.0,0.0
2021-10-06 16:00:00,0.9286,0.9293,0.9272,0.9282,11158,-1.0,-1.0,0.0,10533.769999999979,468,585,0,0.0,0.0,0.0,-35.24
2021-10-06 20:00:00,0.9282,0.9284,0.9271,0.9272,4482,0.96720076,0.96720076,0.0,10533.769999999979,468,585,1,0.9272,0.9264,0.0,0.0
2021-10-07 00:00:00,0.9272,0.928,0.9264,0.9279,2069,-0.2980961,-0.2980961,0.0,10533.769999999979,468,585,1,0.9272,0.9264,0.0,0.0
2021-10-07 04:00:00,0.9279,0.9284,0.9274,0.9275,1667,-0.5903655,-0.5903655,0.0,10533.769999999979,468,585,1,0.9272,0.9264,0.0,0.0
2021-10-07 08:00:00,0.9275,0.9284,0.9263,0.9271,6246,1.0,1.0,0.0,10533.769999999979,468,585,1,0.9272,0.9264,0.0,0.0
2021-10-07 12:00:00,0.9271,0.9276,0.9253,0.9273,7996,0.1680204,0.1680204,0.0,10533.769999999979,468,585,1,0.9272,0.9264,0.0,0.0
2021-10-07 16:00:00,0.9273,0.9285,0.9259,0.9284,9868,-0.78095424,-0.78095424,0.0,10545.449999999979,469,585,0,0.0,0.0,0.0,11.68
2021-10-07 20:00:00,0.9284,0.9292,0.9276,0.9286,3829,1.0,1.0,0.0,10545.449999999979,469,585,1,0.9286,0.9277,0.0,0.0
2021-10-08 00:00:00,0.9285,0.9294,0.927,0.9289,1779,-0.5352763,-0.5352763,0.0,10545.449999999979,469,585,1,0.9286,0.9277,0.0,0.0
2021-10-08 04:00:00,0.9289,0.93,0.9288,0.9299,3020,0.5648769,0.5648769,0.0,10545.449999999979,469,585,1,0.9286,0.9277,0.0,0.0
2021-10-08 08:00:00,0.9298,0.9306,0.9294,0.9303,5505,-1.0,-1.0,0.0,10697.97999999998,470,585,0,0.0,0.0,0.0,152.53
2021-10-08 12:00:00,0.9303,0.9304,0.9259,0.9266,10241,-0.8363533,-0.8363533,0.0,10697.97999999998,470,585,2,0.9266,0.9291,0.0,0.0
2021-10-08 16:00:00,0.9266,0.9291,0.9261,0.9275,11517,0.7204506,0.7204506,0.0,10697.97999999998,470,585,2,0.9266,0.9291,0.0,0.0
2021-10-08 20:00:00,0.9275,0.9278,0.9263,0.9271,3131,-0.12693942,-0.12693942,0.0,10697.97999999998,470,585,2,0.9266,0.9291,0.0,0.0
2021-10-11 00:00:00,0.9261,0.9279,0.9261,0.9275,2084,1.0,1.0,0.0,10638.62999999998,470,586,0,0.0,0.0,0.0,-59.35
2021-10-11 04:00:00,0.9275,0.9288,0.9272,0.9282,2579,0.7627788,0.7627788,0.0,10638.62999999998,470,586,1,0.9282,0.9272,0.0,0.0
2021-10-11 08:00:00,0.9282,0.9285,0.9259,0.9265,7472,-1.0,-1.0,0.0,10638.62999999998,470,586,1,0.9282,0.9272,0.0,0.0
2021-10-11 12:00:00,0.9265,0.9282,0.9261,0.9272,6764,0.93958277,0.93958277,0.0,10438.119999999979,470,587,0,0.0,0.0,0.0,-200.51
2021-10-11 16:00:00,0.9272,0.9274,0.925,0.9274,7058,1.0,1.0,0.0,10438.119999999979,470,587,1,0.9274,0.9257,0.0,0.0
2021-10-11 20:00:00,0.9274,0.928,0.9271,0.9276,2903,-1.0,-1.0,0.0,10438.119999999979,470,587,1,0.9274,0.9257,0.0,0.0
2021-10-12 00:00:00,0.9275,0.928,0.9268,0.9278,1508,-0.03935532,-0.03935532,0.0,10438.119999999979,470,587,1,0.9274,0.9257,0.0,0.0
2021-10-12 04:00:00,0.9278,0.9279,0.9273,0.9279,1610,0.41842324,0.41842324,0.0,10438.119999999979,470,587,1,0.9274,0.9257,0.0,0.0
2021-10-12 08:00:00,0.9278,0.928,0.9257,0.9278,5555,0.09444546,0.09444546,0.0,10438.119999999979,470,587,1,0.9274,0.9257,0.0,0.0
2021-10-12 12:00:00,0.9278,0.9309,0.9269,0.9302,7733,-0.29976016,-0.29976016,0.0,10438.119999999979,470,587,1,0.9274,0.9257,0.0,0.0
2021-10-12 16:00:00,0.9302,0.9312,0.9288,0.9312,11243,-0.06826463,-0.06826463,0.0,10438.119999999979,470,587,1,0.9274,0.9257,0.0,0.0
2021-10-12 20:00:00,0.9312,0.9313,0.9303,0.9306,3105,1.0,1.0,0.0,10438.119999999979,470,587,1,0.9274,0.9257,0.0,0.0
2021-10-13 00:00:00,0.9303,0.9308,0.929,0.93,2283,-1.0,-1.0,0.0,10810.04999999998,471,587,0,0.0,0.0,0.0,371.93
2021-10-13 04:00:00,0.93,0.93,0.9287,0.9293,1985,-0.62815607,-0.62815607,0.0,10810.04999999998,471,587,2,0.9293,0.9301,0.0,0.0
2021-10-13 08:00:00,0.9293,0.9298,0.9282,0.9285,6220,0.049146663,0.049146663,0.0,10810.04999999998,471,587,2,0.9293,0.9301,0.0,0.0
2021-10-13 12:00:00,0.9285,0.9298,0.927,0.9291,9959,0.6448881,0.6448881,0.0,10810.04999999998,471,587,2,0.9293,0.9301,0.0,0.0
2021-10-13 16:00:00,0.9291,0.9297,0.9252,0.9253,13487,1.0,1.0,0.0,10834.07999999998,472,587,0,0.0,0.0,0.0,24.03
2021-10-13 20:00:00,0.9252,0.9253,0.9235,0.924,5384,0.6475357,0.6475357,0.0,10834.07999999998,472,587,1,0.924,0.9215,0.0,0.0
2021-10-14 00:00:00,0.924,0.9242,0.9233,0.9234,1415,-0.38160172,-0.38160172,0.0,10834.07999999998,472,587,1,0.924,0.9215,0.0,0.0
2021-10-14 04:00:00,0.9234,0.9244,0.9232,0.9234,2534,1.0,1.0,0.0,10834.07999999998,472,587,1,0.924,0.9215,0.0,0.0
2021-10-14 08:00:00,0.9234,0.9235,0.9199,0.9203,7741,0.14981407,0.14981407,0.0,10834.07999999998,472,587,1,0.924,0.9215,0.0,0.0
2021-10-14 12:00:00,0.9203,0.922,0.9195,0.921,8373,1.0,1.0,0.0,10392.63999999998,472,588,0,0.0,0.0,0.0,-441.44
2021-10-14 16:00:00,0.921,0.924,0.9209,0.9237,8913,-0.41494325,-0.41494325,0.0,10392.63999999998,472,588,0,0.9203,0.9178,0.0,0.0
2021-10-14 20:00:00,0.9238,0.9241,0.9229,0.9234,2944,1.0,1.0,0.0,10392.63999999998,472,588,1,0.9234,0.9217,0.0,0.0
2021-10-15 00:00:00,0.9232,0.9246,0.9224,0.9244,1977,-0.78914464,-0.78914464,0.0,10392.63999999998,472,588,1,0.9234,0.9217,0.0,0.0
2021-10-15 04:00:00,0.9244,0.9244,0.9228,0.9229,1881,0.114149734,0.114149734,0.0,10392.63999999998,472,588,1,0.9234,0.9217,0.0,0.0
2021-10-15 08:00:00,0.9229,0.9238,0.9225,0.9232,7275,-0.58623934,-0.58623934,0.0,10392.63999999998,472,588,1,0.9234,0.9217,0.0,0.0
2021-10-15 12:00:00,0.9232,0.9264,0.9229,0.9261,8699,-0.73864186,-0.73864186,0.0,10369.66999999998,472,589,0,0.0,0.0,0.0,-22.97
2021-10-15 16:00:00,0.9261,0.9261,0.9225,0.924,11192,0.98875767,0.98875767,0.0,10369.66999999998,472,589,1,0.924,0.9232,0.0,0.0
2021-10-15 20:00:00,0.924,0.9242,0.9222,0.923,2934,1.0,1.0,0.0,10369.66999999998,472,589,1,0.924,0.9232,0.0,0.0
2021-10-18 00:00:00,0.9229,0.9244,0.9228,0.9243,4765,-0.439096,-0.439096,0.0,10255.12999999998,472,590,0,0.0,0.0,0.0,-114.54
2021-10-18 04:00:00,0.9243,0.9252,0.9236,0.9251,2097,-0.03383676,-0.03383676,0.0,10255.12999999998,472,590,0,0.9243,0.9251,0.0,0.0
2021-10-18 08:00:00,0.9251,0.9264,0.9247,0.9264,7192,-1.0,-1.0,0.0,10255.12999999998,472,590,2,0.9264,0.928,0.0,0.0
2021-10-18 12:00:00,0.9264,0.9273,0.9227,0.924,10120,-1.0,-1.0,0.0,10255.12999999998,472,590,2,0.9264,0.928,0.0,0.0
2021-10-18 16:00:00,0.924,0.9247,0.9223,0.9224,9604,0.33250025,0.33250025,0.0,10255.12999999998,472,590,2,0.9264,0.928,0.0,0.0
2021-10-18 20:00:00,0.9224,0.9238,0.9224,0.9238,2939,-0.16389298,-0.16389298,0.0,10255.12999999998,472,590,2,0.9264,0.928,0.0,0.0
2021-10-19 00:00:00,0.9237,0.9239,0.9226,0.9227,2285,-0.77910894,-0.77910894,0.0,10255.12999999998,472,590,2,0.9264,0.928,0.0,0.0
2021-10-19 04:00:00,0.9227,0.9228,0.9206,0.9212,3001,-0.35461593,-0.35461593,0.0,10255.12999999998,472,590,2,0.9264,0.928,0.0,0.0
2021-10-19 08:00:00,0.9212,0.9213,0.919,0.9193,8886,0.14166404,0.14166404,0.0,10255.12999999998,472,590,2,0.9264,0.928,0.0,0.0
2021-10-19 12:00:00,0.9193,0.9201,0.9185,0.9199,8834,1.0,1.0,0.0,11056.05999999998,473,590,0,0.0,0.0,0.0,800.93
2021-10-19 16:00:00,0.9199,0.9232,0.9191,0.9227,9466,-0.27537373,-0.27537373,0.0,11056.05999999998,473,590,0,0.9193,0.9213,0.0,0.0
2021-10-19 20:00:00,0.9228,0.9232,0.9221,0.9229,3456,-0.05218604,-0.05218604,0.0,11056.05999999998,473,590,0,0.0,0.0,0.0,0.0
2021-10-20 00:00:00,0.9228,0.9242,0.9219,0.9241,2205,1.0,1.0,0.0,11056.05999999998,473,590,1,0.9241,0.9223,0.0,0.0
2021-10-20 04:00:00,0.9241,0.9244,0.9233,0.9237,3350,1.0,1.0,0.0,11056.05999999998,473,590,1,0.9241,0.9223,0.0,0.0
2021-10-20 08:00:00,0.9237,0.9252,0.9234,0.9247,8474,-1.0,-1.0,0.0,11007.16999999998,473,591,0,0.0,0.0,0.0,-48.89
2021-10-20 12:00:00,0.9247,0.9248,0.9216,0.922,7882,0.24728039,0.24728039,0.0,11007.16999999998,473,591,0,0.9237,0.9253,0.0,0.0
2021-10-20 16:00:00,0.922,0.9221,0.9189,0.919,10735,1.0,1.0,0.0,11007.16999999998,473,591,1,0.919,0.9165,0.0,0.0
2021-10-20 20:00:00,0.919,0.9195,0.9186,0.9188,5019,0.6370003,0.6370003,0.0,11007.16999999998,473,591,1,0.919,0.9165,0.0,0.0
2021-10-21 00:00:00,0.9187,0.9199,0.9184,0.9189,2095,0.6739801,0.6739801,0.0,11007.16999999998,473,591,1,0.919,0.9165,0.0,0.0
2021-10-21 04:00:00,0.9189,0.9195,0.9185,0.9189,2822,0.74019206,0.74019206,0.0,11007.16999999998,473,591,1,0.919,0.9165,0.0,0.0
2021-10-21 08:00:00,0.9189,0.9206,0.9186,0.9196,8955,0.15528674,0.15528674,0.0,11007.16999999998,473,591,1,0.919,0.9165,0.0,0.0
2021-10-21 12:00:00,0.9196,0.9197,0.9174,0.9179,9467,-0.18918805,-0.18918805,0.0,11007.16999999998,473,591,1,0.919,0.9165,0.0,0.0
2021-10-21 16:00:00,0.9179,0.9188,0.917,0.918,10733,0.45851195,0.45851195,0.0,11007.16999999998,473,591,1,0.919,0.9165,0.0,0.0
2021-10-21 20:00:00,0.918,0.919,0.9179,0.9182,4178,-1.0,-1.0,0.0,10886.24999999998,473,592,0,0.0,0.0,0.0,-120.92
2021-10-22 00:00:00,0.9181,0.9185,0.9178,0.9183,1894,-1.0,-1.0,0.0,10886.24999999998,473,592,2,0.9183,0.9198,0.0,0.0
2021-10-22 04:00:00,0.9183,0.9184,0.9175,0.9179,2384,0.4596957,0.4596957,0.0,10886.24999999998,473,592,2,0.9183,0.9198,0.0,0.0
2021-10-22 08:00:00,0.9179,0.9183,0.9165,0.9171,6957,1.0,1.0,0.0,10934.06999999998,474,592,0,0.0,0.0,0.0,47.82
2021-10-22 12:00:00,0.9171,0.9178,0.9163,0.9163,8681,1.0,1.0,0.0,10934.06999999998,474,592,1,0.9163,0.9138,0.0,0.0
2021-10-22 16:00:00,0.9163,0.9175,0.9151,0.9166,14749,-0.57515085,-0.57515085,0.0,10934.06999999998,474,592,1,0.9163,0.9138,0.0,0.0
2021-10-22 20:00:00,0.9166,0.9175,0.9158,0.916,3946,-0.15541273,-0.15541273,0.0,10934.06999999998,474,592,1,0.9163,0.9138,0.0,0.0
2021-10-25 00:00:00,0.9151,0.9169,0.9151,0.9161,2270,1.0,1.0,0.0,10934.06999999998,474,592,1,0.9163,0.9138,0.0,0.0
2021-10-25 04:00:00,0.9161,0.9171,0.915,0.9152,3376,0.4514082,0.4514082,0.0,10934.06999999998,474,592,1,0.9163,0.9138,0.0,0.0
2021-10-25 08:00:00,0.9152,0.918,0.9152,0.9174,8518,0.6627307,0.6627307,0.0,10934.06999999998,474,592,1,0.9163,0.9138,0.0,0.0
2021-10-25 12:00:00,0.9174,0.9203,0.9171,0.9199,10336,-0.7500993,-0.7500993,0.0,11066.08999999998,475,592,0,0.0,0.0,0.0,132.02
2021-10-25 16:00:00,0.9199,0.92,0.9177,0.9199,9913,-0.2892248,-0.2892248,0.0,11066.08999999998,475,592,0,0.9199,0.9207,0.0,0.0
2021-10-25 20:00:00,0.9199,0.9199,0.919,0.9198,2592,1.0,1.0,0.0,11066.08999999998,475,592,1,0.9198,0.919,0.0,0.0
2021-10-26 00:00:00,0.9197,0.9207,0.9184,0.9206,2476,-0.7016391,-0.7016391,0.0,11066.08999999998,475,592,1,0.9198,0.919,0.0,0.0
2021-10-26 04:00:00,0.9206,0.9209,0.9204,0.9207,2009,-1.0,-1.0,0.0,11163.59999999998,476,592,0,0.0,0.0,0.0,97.51
2021-10-26 08:00:00,0.9207,0.9226,0.9201,0.9214,7912,0.24691167,0.24691167,0.0,11163.59999999998,476,592,0,0.0,0.0,0.0,0.0
2021-10-26 12:00:00,0.9214,0.9216,0.9187,0.9195,9952,-0.888254,-0.888254,0.0,11163.59999999998,476,592,2,0.9195,0.9203,0.0,0.0
2021-10-26 16:00:00,0.9195,0.921,0.919,0.9205,10030,0.25013143,0.25013143,0.0,11163.59999999998,476,592,2,0.9195,0.9203,0.0,0.0
2021-10-26 20:00:00,0.9205,0.9205,0.9194,0.9199,2682,-0.53444844,-0.53444844,0.0,11040.629999999981,476,593,0,0.0,0.0,0.0,-122.97
2021-10-27 00:00:00,0.9196,0.9201,0.9188,0.9198,1701,0.73177487,0.73177487,0.0,11040.629999999981,476,593,1,0.9198,0.9184,0.0,0.0
2021-10-27 04:00:00,0.9198,0.9199,0.9189,0.9191,1784,0.42845815,0.42845815,0.0,11040.629999999981,476,593,1,0.9198,0.9184,0.0,0.0
2021-10-27 08:00:00,0.9191,0.9199,0.9172,0.9182,8071,0.4247265,0.4247265,0.0,11040.629999999981,476,593,1,0.9198,0.9184,0.0,0.0
2021-10-27 12:00:00,0.9182,0.9204,0.9173,0.9177,11382,-0.3849805,-0.3849805,0.0,10846.52999999998,476,594,0,0.0,0.0,0.0,-194.1
2021-10-27 16:00:00,0.9177,0.9187,0.9165,0.9178,13737,0.91402817,0.91402817,0.0,10846.52999999998,476,594,1,0.9178,0.917,0.0,0.0
2021-10-27 20:00:00,0.9178,0.9183,0.9167,0.9181,3970,0.66393244,0.66393244,0.0,10846.52999999998,476,594,1,0.9178,0.917,0.0,0.0
2021-10-28 00:00:00,0.918,0.919,0.9168,0.9187,2216,0.7385668,0.7385668,0.0,10846.52999999998,476,594,1,0.9178,0.917,0.0,0.0
2021-10-28 04:00:00,0.9186,0.919,0.9174,0.9184,3832,-1.0,-1.0,0.0,10953.82999999998,477,594,0,0.0,0.0,0.0,107.3
2021-10-28 08:00:00,0.9184,0.9194,0.9166,0.9186,9485,-0.050235003,-0.050235003,0.0,10953.82999999998,477,594,0,0.9186,0.9211,0.0,0.0
2021-10-28 12:00:00,0.9186,0.9195,0.9167,0.9169,13462,-0.4035567,-0.4035567,0.0,10953.82999999998,477,594,0,0.9186,0.9211,0.0,0.0
2021-10-28 16:00:00,0.9168,0.9171,0.9116,0.9123,19209,1.0,1.0,0.0,10953.82999999998,477,594,1,0.9123,0.9102,0.0,0.0
2021-10-28 20:00:00,0.9123,0.9129,0.9115,0.9118,4916,0.9866636,0.9866636,0.0,10953.82999999998,477,594,1,0.9123,0.9102,0.0,0.0
2021-10-29 00:00:00,0.9118,0.9119,0.9111,0.9113,2846,-0.11941577,-0.11941577,0.0,10953.82999999998,477,594,1,0.9123,0.9102,0.0,0.0
2021-10-29 04:00:00,0.9112,0.9123,0.9108,0.9123,2706,0.3743414,0.3743414,0.0,10953.82999999998,477,594,1,0.9123,0.9102,0.0,0.0
2021-10-29 08:00:00,0.9123,0.9125,0.9102,0.9118,7970,0.071343385,0.071343385,0.0,10953.82999999998,477,594,1,0.9123,0.9102,0.0,0.0
2021-10-29 12:00:00,0.9118,0.9129,0.9106,0.9119,11137,0.54993075,0.54993075,0.0,10953.82999999998,477,594,1,0.9123,0.9102,0.0,0.0
2021-10-29 16:00:00,0.9119,0.9176,0.9113,0.9168,18250,-0.93991786,-0.93991786,0.0,10906.00999999998,477,595,0,0.0,0.0,0.0,-47.82
2021-10-29 20:00:00,0.9168,0.9168,0.915,0.9151,4244,0.87159497,0.87159497,0.0,10906.00999999998,477,595,1,0.9151,0.9142,0.0,0.0
2021-11-01 00:00:00,0.9148,0.9165,0.9146,0.9159,3382,-0.1861407,-0.1861407,0.0,10906.00999999998,477,595,1,0.9151,0.9142,0.0,0.0
2021-11-01 04:00:00,0.9159,0.9171,0.9158,0.916,2962,0.88878596,0.88878596,0.0,10906.00999999998,477,595,1,0.9151,0.9142,0.0,0.0
2021-11-01 08:00:00,0.916,0.9171,0.915,0.9153,8362,1.0,1.0,0.0,10906.00999999998,477,595,1,0.9151,0.9142,0.0,0.0
2021-11-01 12:00:00,0.9153,0.9156,0.9119,0.912,8733,1.0,1.0,0.0,10906.00999999998,477,595,1,0.9151,0.9142,0.0,0.0
2021-11-01 16:00:00,0.912,0.9125,0.9103,0.9107,8122,0.8660082,0.8660082,0.0,10537.049999999981,477,596,0,0.0,0.0,0.0,-368.96
2021-11-01 20:00:00,0.9107,0.9108,0.9087,0.9092,4013,-0.20795819,-0.20795819,0.0,10537.049999999981,477,596,0,0.9107,0.9098,0.0,0.0
2021-11-02 00:00:00,0.9089,0.9109,0.9088,0.9106,2556,-0.94923407,-0.94923407,0.0,10537.049999999981,477,596,2,0.9106,0.9114,0.0,0.0
2021-11-02 04:00:00,0.9106,0.9107,0.9091,0.9092,2371,0.8859032,0.8859032,0.0,10537.049999999981,477,596,2,0.9106,0.9114,0.0,0.0
2021-11-02 08:00:00,0.9092,0.9128,0.909,0.9119,7503,0.66408205,0.66408205,0.0,10537.049999999981,477,596,2,0.9106,0.9114,0.0,0.0
2021-11-02 12:00:00,0.9119,0.9137,0.9117,0.9134,8942,-0.48235413,-0.48235413,0.0,10387.569999999982,477,597,0,0.0,0.0,0.0,-149.48
2021-11-02 16:00:00,0.9134,0.915,0.9129,0.914,9483,-1.0,-1.0,0.0,10387.569999999982,477,597,2,0.914,0.9155,0.0,0.0
2021-11-02 20:00:00,0.914,0.9149,0.9138,0.9144,2860,0.9858144,0.9858144,0.0,10387.569999999982,477,597,2,0.914,0.9155,0.0,0.0
2021-11-03 00:00:00,0.9141,0.9151,0.9139,0.914,1952,0.29344442,0.29344442,0.0,10387.569999999982,477,597,2,0.914,0.9155,0.0,0.0
2021-11-03 04:00:00,0.914,0.9142,0.9135,0.9137,1575,0.67062855,0.67062855,0.0,10387.559999999981,477,598,0,0.0,0.0,0.0,-0.01
2021-11-03 08:00:00,0.9137,0.9146,0.9107,0.911,5454,-1.0,-1.0,0.0,10387.559999999981,477,598,2,0.911,0.9118,0.0,0.0
2021-11-03 12:00:00,0.911,0.9137,0.9106,0.9128,8892,-0.72027427,-0.72027427,0.0,10387.559999999981,477,598,2,0.911,0.9118,0.0,0.0
2021-11-03 16:00:00,0.9129,0.9138,0.9119,0.9128,9553,-1.0,-1.0,0.0,10183.329999999982,477,599,0,0.0,0.0,0.0,-204.23
2021-11-03 20:00:00,0.9128,0.9141,0.9104,0.9118,16722,1.0,1.0,0.0,10183.329999999982,477,599,1,0.9118,0.9093,0.0,0.0
2021-11-04 00:00:00,0.9115,0.9123,0.9111,0.9121,2361,-0.71026295,-0.71026295,0.0,10183.329999999982,477,599,1,0.9118,0.9093,0.0,0.0
2021-11-04 04:00:00,0.9121,0.9127,0.9119,0.9124,2078,1.0,1.0,0.0,10183.329999999982,477,599,1,0.9118,0.9093,0.0,0.0
2021-11-04 08:00:00,0.9125,0.9143,0.9123,0.9127,8877,1.0,1.0,0.0,10183.329999999982,477,599,1,0.9118,0.9093,0.0,0.0
2021-11-04 12:00:00,0.9127,0.914,0.9119,0.9135,12594,0.17799395,0.17799395,0.0,10183.329999999982,477,599,1,0.9118,0.9093,0.0,0.0
2021-11-04 16:00:00,0.9135,0.9145,0.9122,0.9126,13277,0.5491127,0.5491127,0.0,10183.329999999982,477,599,1,0.9118,0.9093,0.0,0.0
2021-11-04 20:00:00,0.9126,0.9131,0.9121,0.9126,3835,-1.0,-1.0,0.0,10272.279999999982,478,599,0,0.0,0.0,0.0,88.95
2021-11-05 00:00:00,0.9124,0.9131,0.912,0.9121,3163,-1.0,-1.0,0.0,10272.279999999982,478,599,2,0.9121,0.9129,0.0,0.0
2021-11-05 04:00:00,0.9121,0.9135,0.9121,0.9127,3056,-1.0,-1.0,0.0,10272.279999999982,478,599,2,0.9121,0.9129,0.0,0.0
2021-11-05 08:00:00,0.9127,0.915,0.9122,0.9149,6311,0.47518277,0.47518277,0.0,10272.279999999982,478,599,2,0.9121,0.9129,0.0,0.0
2021-11-05 12:00:00,0.9149,0.9175,0.9149,0.9157,13702,0.78134835,0.78134835,0.0,9957.389999999983,478,600,0,0.0,0.0,0.0,-314.89
2021-11-05 16:00:00,0.9157,0.9162,0.9113,0.912,11425,0.19459303,0.19459303,0.0,9957.389999999983,478,600,0,0.9157,0.917,0.0,0.0
2021-11-05 20:00:00,0.912,0.9128,0.9116,0.9121,2766,0.41566476,0.41566476,0.0,9957.389999999983,478,600,0,0.9157,0.917,0.0,0.0
2021-11-08 00:00:00,0.9117,0.9134,0.9117,0.9134,2644,0.72879213,0.72879213,0.0,9957.389999999983,478,600,1,0.9134,0.9126,0.0,0.0
2021-11-08 04:00:00,0.9134,0.9138,0.913,0.9134,1581,0.043630846,0.043630846,0.0,9957.389999999983,478,600,1,0.9134,0.9126,0.0,0.0
2021-11-08 08:00:00,0.9134,0.915,0.9128,0.9148,9161,-1.0,-1.0,0.0,9957.379999999983,478,601,0,0.0,0.0,0.0,-0.01
2021-11-08 12:00:00,0.9148,0.9157,0.9141,0.9154,7609,0.7327143,0.7327143,0.0,9957.379999999983,478,601,1,0.9154,0.9145,0.0,0.0
2021-11-08 16:00:00,0.9154,0.9158,0.9129,0.9136,9340,-0.16138513,-0.16138513,0.0,9957.379999999983,478,601,1,0.9154,0.9145,0.0,0.0
2021-11-08 20:00:00,0.9136,0.9138,0.9129,0.9133,2982,0.23041865,0.23041865,0.0,9761.429999999982,478,602,0,0.0,0.0,0.0,-195.95
2021-11-09 00:00:00,0.9131,0.914,0.912,0.9136,3350,-0.2509694,-0.2509694,0.0,9761.429999999982,478,602,0,0.9154,0.9132,0.0,0.0
2021-11-09 04:00:00,0.9136,0.9136,0.9117,0.9121,4721,-0.7607954,-0.7607954,0.0,9761.429999999982,478,602,2,0.9121,0.913,0.0,0.0
2021-11-09 08:00:00,0.9121,0.9139,0.9117,0.9128,7886,-1.0,-1.0,0.0,9761.429999999982,478,602,2,0.9121,0.913,0.0,0.0
2021-11-09 12:00:00,0.9128,0.9154,0.9124,0.9131,9498,0.6259207,0.6259207,0.0,9761.429999999982,478,602,2,0.9121,0.913,0.0,0.0
2021-11-09 16:00:00,0.9131,0.9146,0.911,0.9111,14528,1.0,1.0,0.0,9654.769999999982,478,603,0,0.0,0.0,0.0,-106.66
2021-11-09 20:00:00,0.9111,0.9116,0.9102,0.9112,4844,0.2841715,0.2841715,0.0,9654.769999999982,478,603,0,0.9131,0.9156,0.0,0.0
2021-11-10 00:00:00,0.9108,0.9119,0.9105,0.9114,2728,0.89908534,0.89908534,0.0,9654.769999999982,478,603,1,0.9114,0.9106,0.0,0.0
2021-11-10 04:00:00,0.9114,0.913,0.9113,0.9129,2777,1.0,1.0,0.0,9654.769999999982,478,603,1,0.9114,0.9106,0.0,0.0
2021-11-10 08:00:00,0.9129,0.9138,0.9116,0.9123,9186,0.25061423,0.25061423,0.0,9654.769999999982,478,603,1,0.9114,0.9106,0.0,0.0
2021-11-10 12:00:00,0.9123,0.915,0.9117,0.913,12813,-0.54633534,-0.54633534,0.0,9654.769999999982,478,603,1,0.9114,0.9106,0.0,0.0
2021-11-10 16:00:00,0.913,0.9175,0.9119,0.9168,19720,-0.07383668,-0.07383668,0.0,9654.769999999982,478,603,1,0.9114,0.9106,0.0,0.0
2021-11-10 20:00:00,0.9168,0.9187,0.9165,0.9181,10407,0.062738076,0.062738076,0.0,9654.769999999982,478,603,1,0.9114,0.9106,0.0,0.0
2021-11-11 00:00:00,0.9178,0.9188,0.9172,0.9184,3371,0.4649923,0.4649923,0.0,9654.769999999982,478,603,1,0.9114,0.9106,0.0,0.0
2021-11-11 04:00:00,0.9184,0.919,0.9181,0.9188,2938,-0.6189519,-0.6189519,0.0,10397.459999999983,479,603,0,0.0,0.0,0.0,742.69
2021-11-11 08:00:00,0.9188,0.9212,0.9179,0.9209,8355,-0.2832418,-0.2832418,0.0,10397.459999999983,479,603,0,0.9168,0.916,0.0,0.0
2021-11-11 12:00:00,0.9209,0.9224,0.9198,0.9219,9644,0.24040866,0.24040866,0.0,10397.459999999983,479,603,0,0.9168,0.916,0.0,0.0
2021-11-11 16:00:00,0.9219,0.9223,0.92,0.9211,9746,-0.13485861,-0.13485861,0.0,10397.459999999983,479,603,0,0.9168,0.916,0.0,0.0
2021-11-11 20:00:00,0.9211,0.922,0.9207,0.9208,4155,-0.43997133,-0.43997133,0.0,10397.459999999983,479,603,0,0.9168,0.916,0.0,0.0
2021-11-12 00:00:00,0.9205,0.9227,0.9203,0.9227,3384,-0.20492233,-0.20492233,0.0,10397.459999999983,479,603,0,0.9168,0.916,0.0,0.0
2021-11-12 04:00:00,0.9227,0.923,0.922,0.922,2136,-0.029205838,-0.029205838,0.0,10397.459999999983,479,603,0,0.9168,0.916,0.0,0.0
2021-11-12 08:00:00,0.922,0.9224,0.9209,0.9222,7246,-1.0,-1.0,0.0,10397.459999999983,479,603,2,0.9222,0.9245,0.0,0.0
2021-11-12 12:00:00,0.9222,0.9235,0.9222,0.9228,7345,1.0,1.0,0.0,10397.459999999983,479,603,2,0.9222,0.9245,0.0,0.0
2021-11-12 16:00:00,0.9228,0.9238,0.9202,0.9208,13094,-1.0,-1.0,0.0,10397.459999999983,479,603,2,0.9222,0.9245,0.0,0.0
2021-11-12 20:00:00,0.9208,0.9213,0.9204,0.9211,3139,-0.060682103,-0.060682103,0.0,10397.459999999983,479,603,2,0.9222,0.9245,0.0,0.0
2021-11-15 00:00:00,0.9201,0.9213,0.919,0.919,1825,-0.28577077,-0.28577077,0.0,10397.459999999983,479,603,2,0.9222,0.9245,0.0,0.0
2021-11-15 04:00:00,0.919,0.92,0.9187,0.9196,2304,1.0,1.0,0.0,10763.329999999984,480,603,0,0.0,0.0,0.0,365.87
2021-11-15 08:00:00,0.9196,0.9214,0.9194,0.9202,7689,-1.0,-1.0,0.0,10763.329999999984,480,603,2,0.9202,0.9219,0.0,0.0
2021-11-15 12:00:00,0.9202,0.921,0.9196,0.9203,8846,-0.58718574,-0.58718574,0.0,10763.329999999984,480,603,2,0.9202,0.9219,0.0,0.0
2021-11-15 16:00:00,0.9203,0.9242,0.9199,0.9235,13166,1.0,1.0,0.0,10751.469999999983,480,604,0,0.0,0.0,0.0,-11.86
2021-11-15 20:00:00,0.9235,0.9257,0.9233,0.9251,5571,-0.52044326,-0.52044326,0.0,10751.469999999983,480,604,2,0.9251,0.9259,0.0,0.0
2021-11-16 00:00:00,0.925,0.9258,0.9242,0.9247,3449,0.70795554,0.70795554,0.0,10751.469999999983,480,604,2,0.9251,0.9259,0.0,0.0
2021-11-16 04:00:00,0.9247,0.9248,0.9237,0.9247,2500,-1.0,-1.0,0.0,10751.469999999983,480,604,2,0.9251,0.9259,0.0,0.0
2021-11-16 08:00:00,0.9247,0.9278,0.9246,0.9273,8164,0.0016711842,0.0016711842,0.0,10751.469999999983,480,604,2,0.9251,0.9259,0.0,0.0
2021-11-16 12:00:00,0.9273,0.9287,0.9258,0.9271,12285,-1.0,-1.0,0.0,10489.009999999984,480,605,0,0.0,0.0,0.0,-262.46
2021-11-16 16:00:00,0.9271,0.9309,0.9268,0.9307,15335,0.027686536,0.027686536,0.0,10489.009999999984,480,605,0,0.9271,0.9287,0.0,0.0
2021-11-16 20:00:00,0.9307,0.9312,0.9297,0.9299,6748,-1.0,-1.0,0.0,10489.009999999984,480,605,2,0.9299,0.9324,0.0,0.0
2021-11-17 00:00:00,0.9297,0.9307,0.9291,0.9302,3343,1.0,1.0,0.0,10489.009999999984,480,605,2,0.9299,0.9324,0.0,0.0
2021-11-17 04:00:00,0.9302,0.933,0.9302,0.9322,5264,1.0,1.0,0.0,10453.979999999983,480,606,0,0.0,0.0,0.0,-35.03
2021-11-17 08:00:00,0.9322,0.9322,0.9303,0.9316,10053,-1.0,-1.0,0.0,10453.979999999983,480,606,2,0.9316,0.9324,0.0,0.0
2021-11-17 12:00:00,0.9316,0.932,0.9299,0.9319,8820,1.0,1.0,0.0,10453.979999999983,480,606,2,0.9316,0.9324,0.0,0.0
2021-11-17 16:00:00,0.9319,0.932,0.9276,0.9284,12280,0.7267956,0.7267956,0.0,10453.979999999983,480,606,2,0.9316,0.9324,0.0,0.0
2021-11-17 20:00:00,0.9284,0.9289,0.9276,0.9282,5862,-0.66400975,-0.66400975,0.0,10453.979999999983,480,606,2,0.9316,0.9324,0.0,0.0
2021-11-18 00:00:00,0.9279,0.9288,0.9268,0.9282,3281,0.20203762,0.20203762,0.0,10453.979999999983,480,606,2,0.9316,0.9324,0.0,0.0
2021-11-18 04:00:00,0.9282,0.9287,0.927,0.9286,3633,0.90042603,0.90042603,0.0,10848.739999999983,481,606,0,0.0,0.0,0.0,394.76
2021-11-18 08:00:00,0.9286,0.9292,0.9268,0.9272,8762,-0.24219762,-0.24219762,0.0,10848.739999999983,481,606,0,0.0,0.0,0.0,0.0
2021-11-18 12:00:00,0.9272,0.9278,0.9256,0.9274,11601,0.10005359,0.10005359,0.0,10848.739999999983,481,606,0,0.9274,0.9285,0.0,0.0
2021-11-18 16:00:00,0.9274,0.928,0.9251,0.9255,13972,0.5460591,0.5460591,0.0,10848.739999999983,481,606,1,0.9255,0.9246,0.0,0.0
2021-11-18 20:00:00,0.9255,0.9258,0.9252,0.9256,3687,1.0,1.0,0.0,10848.739999999983,481,606,1,0.9255,0.9246,0.0,0.0
2021-11-19 00:00:00,0.9254,0.9268,0.9249,0.9268,3128,-0.8988424,-0.8988424,0.0,10860.749999999984,482,606,0,0.0,0.0,0.0,12.01
2021-11-19 04:00:00,0.9268,0.927,0.926,0.9264,2398,0.18593805,0.18593805,0.0,10860.749999999984,482,606,0,0.0,0.0,0.0,0.0
2021-11-19 08:00:00,0.9264,0.9286,0.925,0.9257,11463,1.0,1.0,0.0,10860.749999999984,482,606,1,0.9257,0.9239,0.0,0.0
2021-11-19 12:00:00,0.9257,0.929,0.9254,0.9267,16617,-0.19463167,-0.19463167,0.0,10860.749999999984,482,606,1,0.9257,0.9239,0.0,0.0
2021-11-19 16:00:00,0.9267,0.9286,0.9257,0.9283,16208,-0.09671864,-0.09671864,0.0,10860.749999999984,482,606,1,0.9257,0.9239,0.0,0.0
2021-11-19 20:00:00,0.9283,0.929,0.928,0.9288,5157,-1.0,-1.0,0.0,11174.399999999983,483,606,0,0.0,0.0,0.0,313.65
2021-11-22 00:00:00,0.9276,0.9301,0.9275,0.9298,8634,0.25235042,0.25235042,0.0,11174.399999999983,483,606,0,0.9298,0.9273,0.0,0.0
2021-11-22 04:00:00,0.9298,0.93,0.9287,0.9291,2894,1.0,1.0,0.0,11174.399999999983,483,606,1,0.9291,0.9267,0.0,0.0
2021-11-22 08:00:00,0.9291,0.9304,0.9275,0.9282,8368,0.9507533,0.9507533,0.0,11174.399999999983,483,606,1,0.9291,0.9267,0.0,0.0
2021-11-22 12:00:00,0.9282,0.929,0.9267,0.9271,9312,-0.8690202,-0.8690202,0.0,11062.689999999984,483,607,0,0.0,0.0,0.0,-111.71
2021-11-22 16:00:00,0.9271,0.932,0.9271,0.9319,15448,1.0,1.0,0.0,11062.689999999984,483,607,1,0.9319,0.9299,0.0,0.0
2021-11-22 20:00:00,0.9319,0.9335,0.9315,0.933,5513,-0.40953118,-0.40953118,0.0,11062.689999999984,483,607,1,0.9319,0.9299,0.0,0.0
2021-11-23 00:00:00,0.933,0.9332,0.9295,0.9323,2589,0.23848489,0.23848489,0.0,11062.689999999984,483,607,1,0.9319,0.9299,0.0,0.0
2021-11-23 04:00:00,0.9323,0.9335,0.9322,0.933,2498,0.5140564,0.5140564,0.0,11062.689999999984,483,607,1,0.9319,0.9299,0.0,0.0
2021-11-23 08:00:00,0.933,0.933,0.9301,0.932,15083,-1.0,-1.0,0.0,11198.539999999985,484,607,0,0.0,0.0,0.0,135.85
2021-11-23 12:00:00,0.932,0.9337,0.9303,0.9333,12645,-1.0,-1.0,0.0,11198.539999999985,484,607,2,0.9333,0.9358,0.0,0.0
2021-11-23 16:00:00,0.9333,0.9344,0.9318,0.933,14045,-0.8198843,-0.8198843,0.0,11198.539999999985,484,607,2,0.9333,0.9358,0.0,0.0
2021-11-23 20:00:00,0.933,0.9338,0.933,0.9331,5150,0.98547155,0.98547155,0.0,11236.039999999985,485,607,0,0.0,0.0,0.0,37.5
2021-11-24 00:00:00,0.933,0.9345,0.9313,0.934,2823,-0.43590435,-0.43590435,0.0,11236.039999999985,485,607,0,0.0,0.0,0.0,0.0
2021-11-24 04:00:00,0.934,0.9345,0.9333,0.9336,2186,-0.34810868,-0.34810868,0.0,11236.039999999985,485,607,0,0.0,0.0,0.0,0.0
2021-11-24 08:00:00,0.9336,0.9359,0.9328,0.9356,10351,-1.0,-1.0,0.0,11236.039999999985,485,607,2,0.9356,0.937,0.0,0.0
2021-11-24 12:00:00,0.9356,0.9369,0.935,0.9354,12749,0.7090812,0.7090812,0.0,11236.039999999985,485,607,2,0.9356,0.937,0.0,0.0
2021-11-24 16:00:00,0.9355,0.9374,0.9348,0.9352,16277,-1.0,-1.0,0.0,11236.039999999985,485,607,2,0.9356,0.937,0.0,0.0
2021-11-24 20:00:00,0.9352,0.9352,0.9334,0.934,5043,1.0,1.0,0.0,11286.319999999985,486,607,0,0.0,0.0,0.0,50.28
2021-11-25 00:00:00,0.9337,0.9344,0.9328,0.934,2595,-0.11154324,-0.11154324,0.0,11286.319999999985,486,607,0,0.0,0.0,0.0,0.0
2021-11-25 04:00:00,0.934,0.934,0.9335,0.9337,1865,-0.0005981873,-0.0005981873,0.0,11286.319999999985,486,607,0,0.934,0.9348,0.0,0.0
2021-11-25 08:00:00,0.9337,0.9338,0.9324,0.9336,6143,1.0,1.0,0.0,11286.319999999985,486,607,1,0.9336,0.9324,0.0,0.0
2021-11-25 12:00:00,0.9336,0.9345,0.933,0.9338,6683,0.21715578,0.21715578,0.0,11286.319999999985,486,607,1,0.9336,0.9324,0.0,0.0
2021-11-25 16:00:00,0.9338,0.9361,0.9336,0.9357,5239,1.0,1.0,0.0,11286.319999999985,486,607,1,0.9336,0.9324,0.0,0.0
2021-11-25 20:00:00,0.9357,0.9359,0.9356,0.9358,14152,-1.0,-1.0,0.0,11551.679999999986,487,607,0,0.0,0.0,0.0,265.36
2021-11-26 00:00:00,0.9355,0.9359,0.9333,0.934,4319,-0.8035209,-0.8035209,0.0,11551.679999999986,487,607,2,0.934,0.9352,0.0,0.0
2021-11-26 04:00:00,0.934,0.9345,0.9316,0.9319,4558,0.7178049,0.7178049,0.0,11551.679999999986,487,607,2,0.934,0.9352,0.0,0.0
2021-11-26 08:00:00,0.9319,0.9323,0.9263,0.9265,22149,1.0,1.0,0.0,11822.179999999986,488,607,0,0.0,0.0,0.0,270.5
2021-11-26 12:00:00,0.9265,0.9274,0.9247,0.9255,19183,0.7663397,0.7663397,0.0,11822.179999999986,488,607,1,0.9255,0.9232,0.0,0.0
2021-11-26 16:00:00,0.9255,0.9267,0.9219,0.9226,21535,0.33808115,0.33808115,0.0,11822.179999999986,488,607,1,0.9255,0.9232,0.0,0.0
2021-11-26 20:00:00,0.9226,0.9248,0.9211,0.9244,5875,0.5833033,0.5833033,0.0,11443.679999999986,488,608,0,0.0,0.0,0.0,-378.5
2021-11-29 00:00:00,0.9221,0.9259,0.922,0.9258,6312,0.11958091,0.11958091,0.0,11443.679999999986,488,608,0,0.9258,0.9266,0.0,0.0
2021-11-29 04:00:00,0.9258,0.9263,0.925,0.9252,3737,0.9960388,0.9960388,0.0,11443.679999999986,488,608,1,0.9252,0.9244,0.0,0.0
2021-11-29 08:00:00,0.9252,0.9273,0.9238,0.9248,14349,-1.0,-1.0,0.0,11443.679999999986,488,608,1,0.9252,0.9244,0.0,0.0
2021-11-29 12:00:00,0.9248,0.9263,0.9234,0.9261,11369,-0.044502236,-0.044502236,0.0,11443.679999999986,488,608,1,0.9252,0.9244,0.0,0.0
2021-11-29 16:00:00,0.9262,0.9264,0.9244,0.9246,13593,-0.25365096,-0.25365096,0.0,11443.679999999986,488,608,1,0.9252,0.9244,0.0,0.0
2021-11-29 20:00:00,0.9246,0.9247,0.9226,0.9228,5948,0.82598513,0.82598513,0.0,11443.679999999986,488,608,1,0.9252,0.9244,0.0,0.0
2021-11-30 00:00:00,0.9224,0.9242,0.9223,0.9227,2949,-0.23723912,-0.23723912,0.0,11140.399999999985,488,609,0,0.0,0.0,0.0,-303.28
2021-11-30 04:00:00,0.9227,0.9228,0.9208,0.9211,4902,1.0,1.0,0.0,11140.399999999985,488,609,1,0.9211,0.9193,0.0,0.0
2021-11-30 08:00:00,0.9211,0.922,0.918,0.9182,16572,-1.0,-1.0,0.0,11140.399999999985,488,609,1,0.9211,0.9193,0.0,0.0
2021-11-30 12:00:00,0.9182,0.9196,0.9168,0.9178,12834,1.0,1.0,0.0,10785.429999999986,488,610,0,0.0,0.0,0.0,-354.97
2021-11-30 16:00:00,0.9178,0.9266,0.9157,0.9203,25871,-0.8566565,-0.8566565,0.0,10785.429999999986,488,610,2,0.9203,0.9211,0.0,0.0
2021-11-30 20:00:00,0.9203,0.9205,0.9179,0.9185,7142,0.14271046,0.14271046,0.0,10785.429999999986,488,610,2,0.9203,0.9211,0.0,0.0
2021-12-01 00:00:00,0.9183,0.9213,0.9179,0.9213,4120,-0.52993107,-0.52993107,0.0,10785.429999999986,488,610,2,0.9203,0.9211,0.0,0.0
2021-12-01 04:00:00,0.9213,0.9218,0.9201,0.9202,2957,-0.93490195,-0.93490195,0.0,10666.519999999986,488,611,0,0.0,0.0,0.0,-118.91
2021-12-01 08:00:00,0.9202,0.9213,0.9173,0.9194,13971,-1.0,-1.0,0.0,10666.519999999986,488,611,2,0.9194,0.9211,0.0,0.0
2021-12-01 12:00:00,0.9194,0.9218,0.9183,0.9192,9762,0.0018168627,0.0018168627,0.0,10666.519999999986,488,611,2,0.9194,0.9211,0.0,0.0
2021-12-01 16:00:00,0.9192,0.9207,0.9169,0.9192,15744,1.0,1.0,0.0,10689.969999999987,489,611,0,0.0,0.0,0.0,23.45
2021-12-01 20:00:00,0.9192,0.921,0.9187,0.9202,7349,-0.17965405,-0.17965405,0.0,10689.969999999987,489,611,0,0.9211,0.9219,0.0,0.0
2021-12-02 00:00:00,0.9202,0.9208,0.9189,0.9197,3498,0.56384087,0.56384087,0.0,10689.969999999987,489,611,1,0.9197,0.9172,0.0,0.0
2021-12-02 04:00:00,0.9197,0.9213,0.9188,0.9212,2266,0.014223438,0.014223438,0.0,10689.969999999987,489,611,1,0.9197,0.9172,0.0,0.0
2021-12-02 08:00:00,0.921,0.9222,0.9203,0.9205,9669,-1.0,-1.0,0.0,10866.709999999986,490,611,0,0.0,0.0,0.0,176.74
2021-12-02 12:00:00,0.9205,0.9206,0.9178,0.9189,11376,-0.32407796,-0.32407796,0.0,10866.709999999986,490,611,0,0.9205,0.923,0.0,0.0
2021-12-02 16:00:00,0.9189,0.9212,0.9179,0.9207,15164,-0.85052556,-0.85052556,0.0,10866.709999999986,490,611,2,0.9207,0.9215,0.0,0.0
2021-12-02 20:00:00,0.9207,0.9211,0.9199,0.9202,4518,-0.70615685,-0.70615685,0.0,10866.709999999986,490,611,2,0.9207,0.9215,0.0,0.0
2021-12-03 00:00:00,0.9201,0.9206,0.9184,0.92,2646,-1.0,-1.0,0.0,10866.709999999986,490,611,2,0.9207,0.9215,0.0,0.0
2021-12-03 04:00:00,0.92,0.9209,0.9199,0.9206,1899,-1.0,-1.0,0.0,10866.709999999986,490,611,2,0.9207,0.9215,0.0,0.0
2021-12-03 08:00:00,0.9206,0.9218,0.9203,0.9206,7011,0.11033796,0.11033796,0.0,10866.709999999986,490,611,2,0.9207,0.9215,0.0,0.0
2021-12-03 12:00:00,0.9206,0.9208,0.9169,0.9193,13053,0.78721917,0.78721917,0.0,10878.669999999986,491,611,0,0.0,0.0,0.0,11.96
2021-12-03 16:00:00,0.9193,0.9211,0.9179,0.9181,21000,-0.4173028,-0.4173028,0.0,10878.669999999986,491,611,0,0.9206,0.9216,0.0,0.0
2021-12-03 20:00:00,0.9181,0.9186,0.9166,0.9179,6795,-0.12871377,-0.12871377,0.0,10878.669999999986,491,611,0,0.9206,0.9216,0.0,0.0
2021-12-06 00:00:00,0.9172,0.9201,0.9169,0.9199,3185,-0.19626728,-0.19626728,0.0,10878.669999999986,491,611,0,0.9206,0.9216,0.0,0.0
2021-12-06 04:00:00,0.9199,0.9207,0.9198,0.9207,2345,0.20677967,0.20677967,0.0,10878.669999999986,491,611,0,0.9206,0.9216,0.0,0.0
2021-12-06 08:00:00,0.9207,0.9227,0.9205,0.9226,7659,-1.0,-1.0,0.0,10878.669999999986,491,611,2,0.9226,0.9251,0.0,0.0
2021-12-06 12:00:00,0.9226,0.9232,0.921,0.9224,9344,-1.0,-1.0,0.0,10878.669999999986,491,611,2,0.9226,0.9251,0.0,0.0
2021-12-06 16:00:00,0.9225,0.9265,0.9215,0.9264,13122,1.0,1.0,0.0,10902.669999999986,492,611,0,0.0,0.0,0.0,24.0
2021-12-06 20:00:00,0.9264,0.9269,0.9253,0.9254,5204,-1.0,-1.0,0.0,10902.669999999986,492,611,2,0.9254,0.9274,0.0,0.0
2021-12-07 00:00:00,0.925,0.9257,0.9246,0.9251,1934,0.58670676,0.58670676,0.0,10902.669999999986,492,611,2,0.9254,0.9274,0.0,0.0
2021-12-07 04:00:00,0.9251,0.9251,0.924,0.9249,2208,-0.59422606,-0.59422606,0.0,10902.669999999986,492,611,2,0.9254,0.9274,0.0,0.0
2021-12-07 08:00:00,0.9249,0.9254,0.9231,0.9235,7508,-1.0,-1.0,0.0,10902.669999999986,492,611,2,0.9254,0.9274,0.0,0.0
2021-12-07 12:00:00,0.9235,0.9275,0.9233,0.9266,9972,1.0,1.0,0.0,11131.569999999985,493,611,0,0.0,0.0,0.0,228.9
2021-12-07 16:00:00,0.9266,0.927,0.9249,0.9265,10952,0.10715836,0.10715836,0.0,11131.569999999985,493,611,0,0.9266,0.9283,0.0,0.0
2021-12-07 20:00:00,0.9265,0.9266,0.9243,0.925,5791,-1.0,-1.0,0.0,11131.569999999985,493,611,2,0.925,0.9268,0.0,0.0
2021-12-08 00:00:00,0.9247,0.9252,0.9237,0.924,1898,0.65736574,0.65736574,0.0,11131.569999999985,493,611,2,0.925,0.9268,0.0,0.0
2021-12-08 04:00:00,0.924,0.9242,0.9233,0.9235,1972,0.3906739,0.3906739,0.0,11131.569999999985,493,611,2,0.925,0.9268,0.0,0.0
2021-12-08 08:00:00,0.9236,0.9252,0.923,0.9242,8324,0.29171404,0.29171404,0.0,11131.569999999985,493,611,2,0.925,0.9268,0.0,0.0
2021-12-08 12:00:00,0.9242,0.9252,0.9225,0.9226,16473,-0.22782013,-0.22782013,0.0,11131.569999999985,493,611,2,0.925,0.9268,0.0,0.0
2021-12-08 16:00:00,0.9226,0.9239,0.9206,0.9207,12522,0.65803313,0.65803313,0.0,11426.489999999985,494,611,0,0.0,0.0,0.0,294.92
2021-12-08 20:00:00,0.9207,0.9211,0.9195,0.9205,5556,-1.0,-1.0,0.0,11426.489999999985,494,611,2,0.9205,0.9213,0.0,0.0
2021-12-09 00:00:00,0.9204,0.9213,0.9187,0.9212,2275,1.0,1.0,0.0,11426.489999999985,494,611,2,0.9205,0.9213,0.0,0.0
2021-12-09 04:00:00,0.9212,0.9215,0.9203,0.921,1882,1.0,1.0,0.0,11338.309999999985,494,612,0,0.0,0.0,0.0,-88.18
2021-12-09 08:00:00,0.921,0.9218,0.9201,0.9217,7399,-1.0,-1.0,0.0,11338.309999999985,494,612,2,0.9217,0.9228,0.0,0.0
2021-12-09 12:00:00,0.9217,0.924,0.9212,0.9236,9612,-1.0,-1.0,0.0,11338.309999999985,494,612,2,0.9217,0.9228,0.0,0.0
2021-12-09 16:00:00,0.9236,0.9265,0.9228,0.925,11401,0.831696,0.831696,0.0,11100.219999999985,494,613,0,0.0,0.0,0.0,-238.09
2021-12-09 20:00:00,0.925,0.9256,0.9234,0.9235,5830,-1.0,-1.0,0.0,11100.219999999985,494,613,2,0.9235,0.9243,0.0,0.0
2021-12-10 00:00:00,0.9233,0.9242,0.923,0.9234,2145,0.43404183,0.43404183,0.0,11100.219999999985,494,613,2,0.9235,0.9243,0.0,0.0
2021-12-10 04:00:00,0.9234,0.9242,0.9234,0.9242,1928,-0.25603348,-0.25603348,0.0,11100.219999999985,494,613,2,0.9235,0.9243,0.0,0.0
2021-12-10 08:00:00,0.9241,0.9252,0.923,0.9238,7612,1.0,1.0,0.0,11014.279999999984,494,614,0,0.0,0.0,0.0,-85.94
2021-12-10 12:00:00,0.9238,0.9254,0.9222,0.9232,8167,1.0,1.0,0.0,11014.279999999984,494,614,1,0.9232,0.9219,0.0,0.0
2021-12-10 16:00:00,0.9233,0.9238,0.9199,0.9204,12648,-1.0,-1.0,0.0,11014.279999999984,494,614,1,0.9232,0.9219,0.0,0.0
2021-12-10 20:00:00,0.9204,0.9211,0.92,0.9206,2914,-0.5597749,-0.5597749,0.0,10674.619999999984,494,615,0,0.0,0.0,0.0,-339.66
2021-12-13 00:00:00,0.921,0.9219,0.9199,0.9216,2343,-0.028860055,-0.028860055,0.0,10674.619999999984,494,615,0,0.9206,0.9186,0.0,0.0
2021-12-13 04:00:00,0.9217,0.9221,0.9215,0.922,1667,0.15784034,0.15784034,0.0,10674.619999999984,494,615,0,0.9206,0.9186,0.0,0.0
2021-12-13 08:00:00,0.922,0.9256,0.9219,0.9249,5312,0.96029717,0.96029717,0.0,10674.619999999984,494,615,1,0.9249,0.9227,0.0,0.0
2021-12-13 12:00:00,0.9249,0.9249,0.9222,0.923,8282,-0.46065474,-0.46065474,0.0,10674.619999999984,494,615,1,0.9249,0.9227,0.0,0.0
2021-12-13 16:00:00,0.923,0.9234,0.9206,0.9217,11351,0.03550701,0.03550701,0.0,10674.619999999984,494,615,1,0.9249,0.9227,0.0,0.0
2021-12-13 20:00:00,0.9217,0.9227,0.9213,0.9225,3931,-1.0,-1.0,0.0,10297.879999999985,494,616,0,0.0,0.0,0.0,-376.74
2021-12-14 00:00:00,0.9228,0.9234,0.922,0.9228,2487,-0.82730734,-0.82730734,0.0,10297.879999999985,494,616,2,0.9228,0.9253,0.0,0.0
2021-12-14 04:00:00,0.9228,0.9236,0.9227,0.9231,2180,0.2704845,0.2704845,0.0,10297.879999999985,494,616,2,0.9228,0.9253,0.0,0.0
2021-12-14 08:00:00,0.9231,0.9237,0.9203,0.9206,4978,0.09374187,0.09374187,0.0,10297.879999999985,494,616,2,0.9228,0.9253,0.0,0.0
2021-12-14 12:00:00,0.9206,0.9206,0.9188,0.9195,9791,0.8677019,0.8677019,0.0,10547.429999999984,495,616,0,0.0,0.0,0.0,249.55
2021-12-14 16:00:00,0.9195,0.9244,0.9195,0.9229,9900,-1.0,-1.0,0.0,10547.429999999984,495,616,2,0.9229,0.9251,0.0,0.0
2021-12-14 20:00:00,0.9229,0.9245,0.9228,0.9239,3065,-0.033494577,-0.033494577,0.0,10547.429999999984,495,616,2,0.9229,0.9251,0.0,0.0
2021-12-15 00:00:00,0.9229,0.9243,0.9222,0.9236,1875,0.85306513,0.85306513,0.0,10430.819999999983,495,617,0,0.0,0.0,0.0,-116.61
2021-12-15 04:00:00,0.9236,0.9243,0.9234,0.9239,1614,-0.40297696,-0.40297696,0.0,10430.819999999983,495,617,0,0.9239,0.9264,0.0,0.0
2021-12-15 08:00:00,0.9239,0.9249,0.9234,0.9242,5410,-0.55814826,-0.55814826,0.0,10430.819999999983,495,617,2,0.9242,0.925,0.0,0.0
2021-12-15 12:00:00,0.9243,0.9252,0.9242,0.9245,7237,0.00895356,0.00895356,0.0,10430.819999999983,495,617,2,0.9242,0.925,0.0,0.0
2021-12-15 16:00:00,0.9245,0.927,0.9244,0.9266,12215,-0.42710242,-0.42710242,0.0,10430.819999999983,495,617,2,0.9242,0.925,0.0,0.0
2021-12-15 20:00:00,0.9266,0.9294,0.924,0.9243,17304,-1.0,-1.0,0.0,10153.249999999984,495,618,0,0.0,0.0,0.0,-277.57
2021-12-16 00:00:00,0.9241,0.9254,0.9232,0.9249,11457,0.8305072,0.8305072,0.0,10153.249999999984,495,618,1,0.9249,0.9224,0.0,0.0
2021-12-16 04:00:00,0.9249,0.9256,0.9238,0.9251,2303,1.0,1.0,0.0,10153.249999999984,495,618,1,0.9249,0.9224,0.0,0.0
2021-12-16 08:00:00,0.9251,0.9254,0.9221,0.924,6996,-1.0,-1.0,0.0,10175.719999999983,496,618,0,0.0,0.0,0.0,22.47
2021-12-16 12:00:00,0.924,0.9255,0.9204,0.9206,13512,-0.12364825,-0.12364825,0.0,10175.719999999983,496,618,0,0.9206,0.9214,0.0,0.0
2021-12-16 16:00:00,0.9206,0.9229,0.9199,0.9206,13869,1.0,1.0,0.0,10175.719999999983,496,618,1,0.9206,0.9188,0.0,0.0
2021-12-16 20:00:00,0.9206,0.9207,0.919,0.9192,5394,-1.0,-1.0,0.0,10175.719999999983,496,618,1,0.9206,0.9188,0.0,0.0
2021-12-17 00:00:00,0.9189,0.9197,0.9185,0.9194,2749,-0.49167272,-0.49167272,0.0,10175.719999999983,496,618,1,0.9206,0.9188,0.0,0.0
2021-12-17 04:00:00,0.9195,0.9197,0.918,0.9181,2842,-0.5272548,-0.5272548,0.0,10175.719999999983,496,618,1,0.9206,0.9188,0.0,0.0
2021-12-17 08:00:00,0.9181,0.9198,0.9175,0.9179,8028,-0.6187438,-0.6187438,0.0,9896.239999999983,496,619,0,0.0,0.0,0.0,-279.48
2021-12-17 12:00:00,0.918,0.921,0.9177,0.9208,8244,0.5599202,0.5599202,0.0,9896.239999999983,496,619,1,0.9208,0.92,0.0,0.0
2021-12-17 16:00:00,0.9208,0.9238,0.9201,0.9236,11327,-0.44725496,-0.44725496,0.0,9896.239999999983,496,619,1,0.9208,0.92,0.0,0.0
2021-12-17 20:00:00,0.9236,0.9246,0.9232,0.9241,5087,-0.3921859,-0.3921859,0.0,9896.239999999983,496,619,1,0.9208,0.92,0.0,0.0
2021-12-20 00:00:00,0.9238,0.9244,0.9216,0.9241,2344,0.6829693,0.6829693,0.0,9896.239999999983,496,619,1,0.9208,0.92,0.0,0.0
2021-12-20 04:00:00,0.9241,0.9244,0.9232,0.9233,2087,0.8709624,0.8709624,0.0,9896.239999999983,496,619,1,0.9208,0.92,0.0,0.0
2021-12-20 08:00:00,0.9233,0.9251,0.9224,0.924,7697,0.98457104,0.98457104,0.0,9896.239999999983,496,619,1,0.9208,0.92,0.0,0.0
2021-12-20 12:00:00,0.924,0.9243,0.9215,0.922,8998,0.38001683,0.38001683,0.0,9896.239999999983,496,619,1,0.9208,0.92,0.0,0.0
2021-12-20 16:00:00,0.922,0.9222,0.9192,0.9213,11443,-0.57550806,-0.57550806,0.0,10027.249999999984,497,619,0,0.0,0.0,0.0,131.01
2021-12-20 20:00:00,0.9213,0.9225,0.9211,0.9214,4078,-1.0,-1.0,0.0,10027.249999999984,497,619,2,0.9214,0.9227,0.0,0.0
2021-12-21 00:00:00,0.9213,0.9219,0.9194,0.9216,2238,1.0,1.0,0.0,10027.249999999984,497,619,2,0.9214,0.9227,0.0,0.0
2021-12-21 04:00:00,0.9216,0.9221,0.9213,0.922,1557,-1.0,-1.0,0.0,10027.249999999984,497,619,2,0.9214,0.9227,0.0,0.0
2021-12-21 08:00:00,0.922,0.9221,0.9195,0.9207,7669,-0.007081344,-0.007081344,0.0,10027.249999999984,497,619,2,0.9214,0.9227,0.0,0.0
2021-12-21 12:00:00,0.9207,0.9229,0.9205,0.9227,8937,1.0,1.0,0.0,10104.569999999983,498,619,0,0.0,0.0,0.0,77.32
2021-12-21 16:00:00,0.9227,0.9254,0.9225,0.9251,10083,-1.0,-1.0,0.0,10104.569999999983,498,619,2,0.9251,0.9273,0.0,0.0
2021-12-21 20:00:00,0.9251,0.9252,0.9232,0.9232,3990,1.0,1.0,0.0,10104.569999999983,498,619,2,0.9251,0.9273,0.0,0.0
2021-12-22 00:00:00,0.9234,0.9242,0.9225,0.9237,1802,1.0,1.0,0.0,10316.639999999983,499,619,0,0.0,0.0,0.0,212.07
2021-12-22 04:00:00,0.9237,0.9248,0.9237,0.9243,1516,1.0,1.0,0.0,10316.639999999983,499,619,1,0.9243,0.9235,0.0,0.0
2021-12-22 08:00:00,0.9243,0.9252,0.924,0.9244,5882,-0.50532216,-0.50532216,0.0,10316.639999999983,499,619,1,0.9243,0.9235,0.0,0.0
2021-12-22 12:00:00,0.9244,0.9247,0.9219,0.922,8689,1.0,1.0,0.0,10316.639999999983,499,619,1,0.9243,0.9235,0.0,0.0
2021-12-22 16:00:00,0.922,0.9224,0.9196,0.9199,10819,0.22051188,0.22051188,0.0,10054.849999999982,499,620,0,0.0,0.0,0.0,-261.79
2021-12-22 20:00:00,0.9199,0.9204,0.919,0.9195,3929,-1.0,-1.0,0.0,10054.849999999982,499,620,2,0.9195,0.9203,0.0,0.0
2021-12-23 00:00:00,0.9198,0.9203,0.9189,0.919,1882,-0.4370971,-0.4370971,0.0,10054.849999999982,499,620,2,0.9195,0.9203,0.0,0.0
2021-12-23 04:00:00,0.919,0.9195,0.9187,0.9191,1366,-0.51776695,-0.51776695,0.0,10054.849999999982,499,620,2,0.9195,0.9203,0.0,0.0
2021-12-23 08:00:00,0.9191,0.9219,0.9189,0.9203,4814,1.0,1.0,0.0,10099.069999999982,500,620,0,0.0,0.0,0.0,44.22
2021-12-23 12:00:00,0.9203,0.9213,0.9192,0.9205,8221,-0.6513278,-0.6513278,0.0,10099.069999999982,500,620,2,0.9205,0.9213,0.0,0.0
2021-12-23 16:00:00,0.9205,0.9213,0.9176,0.9177,10632,-0.5118652,-0.5118652,0.0,10099.069999999982,500,620,2,0.9205,0.9213,0.0,0.0
2021-12-23 20:00:00,0.9177,0.9185,0.9175,0.9182,3666,-1.0,-1.0,0.0,10099.069999999982,500,620,2,0.9205,0.9213,0.0,0.0
2021-12-24 00:00:00,0.918,0.9189,0.9173,0.9176,9035,0.026800167,0.026800167,0.0,10099.069999999982,500,620,2,0.9205,0.9213,0.0,0.0
2021-12-24 04:00:00,0.9176,0.918,0.9166,0.9172,10456,-1.0,-1.0,0.0,10099.069999999982,500,620,2,0.9205,0.9213,0.0,0.0
2021-12-24 08:00:00,0.9172,0.9184,0.917,0.9173,8004,-0.2484062,-0.2484062,0.0,10099.069999999982,500,620,2,0.9205,0.9213,0.0,0.0
2021-12-24 12:00:00,0.9173,0.9196,0.917,0.9187,10357,0.7807328,0.7807328,0.0,10453.77999999998,501,620,0,0.0,0.0,0.0,354.71
2021-12-24 16:00:00,0.9187,0.9196,0.9185,0.9194,6396,0.65479404,0.65479404,0.0,10453.77999999998,501,620,1,0.9194,0.9186,0.0,0.0
2021-12-24 20:00:00,0.9194,0.9194,0.9181,0.9183,1951,0.44291675,0.44291675,0.0,10453.77999999998,501,620,1,0.9194,0.9186,0.0,0.0
2021-12-27 00:00:00,0.9174,0.9196,0.9171,0.9192,2087,-0.41495916,-0.41495916,0.0,10327.40999999998,501,621,0,0.0,0.0,0.0,-126.37
2021-12-27 04:00:00,0.9192,0.9198,0.9191,0.9195,1143,1.0,1.0,0.0,10327.40999999998,501,621,1,0.9195,0.9186,0.0,0.0
2021-12-27 08:00:00,0.9195,0.92,0.9184,0.9196,3979,-0.9393943,-0.9393943,0.0,10327.40999999998,501,621,1,0.9195,0.9186,0.0,0.0
2021-12-27 12:00:00,0.9196,0.9199,0.918,0.9191,4500,-0.30696952,-0.30696952,0.0,10327.40999999998,501,621,1,0.9195,0.9186,0.0,0.0
2021-12-27 16:00:00,0.9191,0.9194,0.9172,0.9178,5494,-0.6131119,-0.6131119,0.0,10327.40999999998,501,621,1,0.9195,0.9186,0.0,0.0
2021-12-27 20:00:00,0.9178,0.918,0.9172,0.9175,2884,-1.0,-1.0,0.0,10134.58999999998,501,622,0,0.0,0.0,0.0,-192.82
2021-12-28 00:00:00,0.9174,0.9179,0.9168,0.9178,1682,0.9017064,0.9017064,0.0,10134.58999999998,501,622,1,0.9178,0.9157,0.0,0.0
2021-12-28 04:00:00,0.9178,0.9178,0.9172,0.9174,1217,-0.9534866,-0.9534866,0.0,10134.58999999998,501,622,1,0.9178,0.9157,0.0,0.0
2021-12-28 08:00:00,0.9174,0.9182,0.9164,0.9164,3889,-1.0,-1.0,0.0,10090.07999999998,501,623,0,0.0,0.0,0.0,-44.51
2021-12-28 12:00:00,0.9164,0.9168,0.9159,0.9166,5834,-1.0,-1.0,0.0,10090.07999999998,501,623,2,0.9166,0.9175,0.0,0.0
2021-12-28 16:00:00,0.9166,0.919,0.9162,0.9169,6619,0.82705444,0.82705444,0.0,10090.07999999998,501,623,2,0.9166,0.9175,0.0,0.0
2021-12-28 20:00:00,0.9169,0.9177,0.9169,0.9174,3679,0.1777395,0.1777395,0.0,10090.07999999998,501,623,2,0.9166,0.9175,0.0,0.0
2021-12-29 00:00:00,0.9171,0.9177,0.9165,0.9175,1490,0.7365419,0.7365419,0.0,10001.45999999998,501,624,0,0.0,0.0,0.0,-88.62
2021-12-29 04:00:00,0.9176,0.9176,0.9169,0.9175,1413,-0.76377696,-0.76377696,0.0,10001.45999999998,501,624,2,0.9175,0.9183,0.0,0.0
2021-12-29 08:00:00,0.9175,0.9196,0.9172,0.9192,4494,0.114850104,0.114850104,0.0,10001.45999999998,501,624,2,0.9175,0.9183,0.0,0.0
2021-12-29 12:00:00,0.9192,0.9201,0.9166,0.917,7867,0.08315162,0.08315162,0.0,9814.439999999979,501,625,0,0.0,0.0,0.0,-187.02
2021-12-29 16:00:00,0.917,0.9174,0.9127,0.9151,9929,-0.022887554,-0.022887554,0.0,9814.439999999979,501,625,0,0.9175,0.9167,0.0,0.0
2021-12-29 20:00:00,0.9151,0.9157,0.9142,0.9146,2991,-1.0,-1.0,0.0,9814.439999999979,501,625,2,0.9146,0.916,0.0,0.0
2021-12-30 00:00:00,0.9143,0.9151,0.9138,0.915,1769,-0.53736264,-0.53736264,0.0,9814.439999999979,501,625,2,0.9146,0.916,0.0,0.0
2021-12-30 04:00:00,0.915,0.9163,0.915,0.9162,2049,-0.9776558,-0.9776558,0.0,9814.439999999979,501,625,2,0.9146,0.916,0.0,0.0
2021-12-30 08:00:00,0.9162,0.9181,0.9159,0.9179,5513,0.7652027,0.7652027,0.0,9642.279999999979,501,626,0,0.0,0.0,0.0,-172.16
2021-12-30 12:00:00,0.9179,0.9179,0.9135,0.9162,8402,0.30743065,0.30743065,0.0,9642.279999999979,501,626,0,0.9162,0.9187,0.0,0.0
2021-12-30 16:00:00,0.9162,0.9169,0.9132,0.9143,9515,-0.17731275,-0.17731275,0.0,9642.279999999979,501,626,0,0.9162,0.9187,0.0,0.0
2021-12-30 20:00:00,0.9143,0.9153,0.9135,0.9135,2746,-1.0,-1.0,0.0,9642.279999999979,501,626,2,0.9135,0.916,0.0,0.0
2021-12-31 00:00:00,0.9132,0.9141,0.9131,0.914,1971,-0.9792162,-0.9792162,0.0,9642.279999999979,501,626,2,0.9135,0.916,0.0,0.0
2021-12-31 04:00:00,0.914,0.9146,0.9135,0.9145,1410,0.97326434,0.97326434,0.0,9589.539999999979,501,627,0,0.0,0.0,0.0,-52.74
2021-12-31 08:00:00,0.9145,0.9148,0.9125,0.9126,4556,0.43787414,0.43787414,0.0,9589.539999999979,501,627,0,0.0,0.0,0.0,0.0
2021-12-31 12:00:00,0.9126,0.9136,0.9109,0.9114,8024,0.705265,0.705265,0.0,9589.539999999979,501,627,1,0.9114,0.9096,0.0,0.0
2021-12-31 16:00:00,0.9114,0.9143,0.9102,0.9113,9257,-1.0,-1.0,0.0,9589.539999999979,501,627,1,0.9114,0.9096,0.0,0.0
2021-12-31 20:00:00,0.9113,0.9123,0.9111,0.9122,1610,0.29184577,0.29184577,0.0,9589.539999999979,501,627,1,0.9114,0.9096,0.0,0.0
2022-01-03 00:00:00,0.9111,0.9137,0.9098,0.9132,2487,-0.5971169,-0.5971169,0.0,9589.539999999979,501,627,1,0.9114,0.9096,0.0,0.0
2022-01-03 04:00:00,0.9129,0.9149,0.9129,0.9147,1883,1.0,1.0,0.0,9589.539999999979,501,627,1,0.9114,0.9096,0.0,0.0
2022-01-03 08:00:00,0.9147,0.9147,0.9117,0.9119,5840,0.2497429,0.2497429,0.0,9589.539999999979,501,627,1,0.9114,0.9096,0.0,0.0
2022-01-03 12:00:00,0.9119,0.9152,0.9116,0.9147,7488,1.0,1.0,0.0,9589.539999999979,501,627,1,0.9114,0.9096,0.0,0.0
2022-01-03 16:00:00,0.9148,0.92,0.9146,0.9191,9745,-0.33646762,-0.33646762,0.0,9589.539999999979,501,627,1,0.9114,0.9096,0.0,0.0
2022-01-03 20:00:00,0.9192,0.9192,0.9181,0.9188,3147,0.5091944,0.5091944,0.0,9589.539999999979,501,627,1,0.9114,0.9096,0.0,0.0
2022-01-04 00:00:00,0.9187,0.9192,0.9173,0.9175,2115,-0.43037447,-0.43037447,0.0,9589.539999999979,501,627,1,0.9114,0.9096,0.0,0.0
2022-01-04 04:00:00,0.9175,0.919,0.9173,0.918,2532,-0.56782776,-0.56782776,0.0,10231.73999999998,502,627,0,0.0,0.0,0.0,642.2
2022-01-04 08:00:00,0.918,0.9193,0.9175,0.9178,6409,-0.8243669,-0.8243669,0.0,10231.73999999998,502,627,2,0.9178,0.9203,0.0,0.0
2022-01-04 12:00:00,0.9178,0.9191,0.9172,0.9174,8349,0.7691849,0.7691849,0.0,10231.73999999998,502,627,2,0.9178,0.9203,0.0,0.0
2022-01-04 16:00:00,0.9174,0.9176,0.9136,0.9155,10632,-0.12352592,-0.12352592,0.0,10231.73999999998,502,627,2,0.9178,0.9203,0.0,0.0
2022-01-04 20:00:00,0.9155,0.917,0.9154,0.9159,4140,-0.5378825,-0.5378825,0.0,10231.73999999998,502,627,2,0.9178,0.9203,0.0,0.0
2022-01-05 00:00:00,0.9159,0.9168,0.9152,0.9163,2441,1.0,1.0,0.0,10444.789999999979,503,627,0,0.0,0.0,0.0,213.05
2022-01-05 04:00:00,0.9163,0.9167,0.9159,0.916,2300,0.13982168,0.13982168,0.0,10444.789999999979,503,627,0,0.9155,0.913,0.0,0.0
2022-01-05 08:00:00,0.916,0.9161,0.9141,0.9158,5757,-0.21874914,-0.21874914,0.0,10444.789999999979,503,627,0,0.9155,0.913,0.0,0.0
2022-01-05 12:00:00,0.9158,0.917,0.9148,0.9156,9477,0.31285957,0.31285957,0.0,10444.789999999979,503,627,0,0.9155,0.913,0.0,0.0
2022-01-05 16:00:00,0.9156,0.9165,0.9145,0.9161,8420,0.093586974,0.093586974,0.0,10444.789999999979,503,627,0,0.9155,0.913,0.0,0.0
2022-01-05 20:00:00,0.9161,0.9183,0.9154,0.917,8328,1.0,1.0,0.0,10444.789999999979,503,627,1,0.917,0.9145,0.0,0.0
2022-01-06 00:00:00,0.917,0.9183,0.9161,0.917,2544,-0.75966436,-0.75966436,0.0,10444.789999999979,503,627,1,0.917,0.9145,0.0,0.0
2022-01-06 04:00:00,0.917,0.9183,0.9169,0.9178,2347,-1.0,-1.0,0.0,10444.779999999979,503,628,0,0.0,0.0,0.0,-0.01
2022-01-06 08:00:00,0.9178,0.9199,0.9178,0.9186,6830,-1.0,-1.0,0.0,10444.779999999979,503,628,2,0.9186,0.9211,0.0,0.0
2022-01-06 12:00:00,0.9186,0.9195,0.9172,0.9184,9837,-0.030856457,-0.030856457,0.0,10444.779999999979,503,628,2,0.9186,0.9211,0.0,0.0
2022-01-06 16:00:00,0.9184,0.9207,0.9168,0.9204,13440,0.42769253,0.42769253,0.0,10444.779999999979,503,628,2,0.9186,0.9211,0.0,0.0
2022-01-06 20:00:00,0.9204,0.9224,0.9204,0.9211,4436,-0.18368094,-0.18368094,0.0,10444.779999999979,503,628,2,0.9186,0.9211,0.0,0.0
2022-01-07 00:00:00,0.921,0.9218,0.9207,0.921,1771,-1.0,-1.0,0.0,10156.96999999998,503,629,0,0.0,0.0,0.0,-287.81
2022-01-07 04:00:00,0.921,0.9215,0.9209,0.9211,1437,-1.0,-1.0,0.0,10156.96999999998,503,629,2,0.9211,0.9219,0.0,0.0
2022-01-07 08:00:00,0.9211,0.9217,0.9202,0.9212,4706,0.8918824,0.8918824,0.0,10156.96999999998,503,629,2,0.9211,0.9219,0.0,0.0
2022-01-07 12:00:00,0.9212,0.9232,0.9206,0.9227,8714,0.9172093,0.9172093,0.0,10145.75999999998,503,630,0,0.0,0.0,0.0,-11.21
2022-01-07 16:00:00,0.9227,0.9231,0.9187,0.9188,12432,1.0,1.0,0.0,10145.75999999998,503,630,1,0.9188,0.918,0.0,0.0
2022-01-07 20:00:00,0.9188,0.9191,0.9182,0.9184,2609,-1.0,-1.0,0.0,10145.75999999998,503,630,1,0.9188,0.918,0.0,0.0
2022-01-10 00:00:00,0.9179,0.9193,0.9179,0.919,2081,-0.25113347,-0.25113347,0.0,10145.75999999998,503,630,1,0.9188,0.918,0.0,0.0
2022-01-10 04:00:00,0.919,0.9208,0.9188,0.9205,1809,-1.0,-1.0,0.0,10168.05999999998,504,630,0,0.0,0.0,0.0,22.3
2022-01-10 08:00:00,0.9205,0.9216,0.9194,0.921,7772,0.7442954,0.7442954,0.0,10168.05999999998,504,630,1,0.921,0.9194,0.0,0.0
2022-01-10 12:00:00,0.921,0.9254,0.9205,0.9253,9728,0.51856047,0.51856047,0.0,10168.05999999998,504,630,1,0.921,0.9194,0.0,0.0
2022-01-10 16:00:00,0.9253,0.9267,0.9247,0.9262,11870,0.43640515,0.43640515,0.0,10168.05999999998,504,630,1,0.921,0.9194,0.0,0.0
2022-01-10 20:00:00,0.9262,0.9275,0.926,0.9271,4719,0.25565502,0.25565502,0.0,10168.05999999998,504,630,1,0.921,0.9194,0.0,0.0
2022-01-11 00:00:00,0.9271,0.9273,0.9263,0.927,1750,0.20447572,0.20447572,0.0,10168.05999999998,504,630,1,0.921,0.9194,0.0,0.0
2022-01-11 04:00:00,0.927,0.9272,0.9259,0.9263,1469,0.9722893,0.9722893,0.0,10168.05999999998,504,630,1,0.921,0.9194,0.0,0.0
2022-01-11 08:00:00,0.9263,0.9266,0.9242,0.9262,7639,-0.14172015,-0.14172015,0.0,10168.05999999998,504,630,1,0.921,0.9194,0.0,0.0
2022-01-11 12:00:00,0.9262,0.9272,0.9258,0.9272,9275,-0.93183863,-0.93183863,0.0,10754.039999999979,505,630,0,0.0,0.0,0.0,585.98
2022-01-11 16:00:00,0.9272,0.9278,0.9235,0.9248,12458,0.43585554,0.43585554,0.0,10754.039999999979,505,630,0,0.9248,0.9256,0.0,0.0
2022-01-11 20:00:00,0.9248,0.9249,0.9232,0.9233,4850,0.26619297,0.26619297,0.0,10754.039999999979,505,630,0,0.9248,0.9256,0.0,0.0
2022-01-12 00:00:00,0.923,0.9237,0.9229,0.9234,1683,1.0,1.0,0.0,10754.039999999979,505,630,1,0.9234,0.9226,0.0,0.0
2022-01-12 04:00:00,0.9234,0.9235,0.9231,0.9233,1202,0.70326215,0.70326215,0.0,10754.039999999979,505,630,1,0.9234,0.9226,0.0,0.0
2022-01-12 08:00:00,0.9233,0.9244,0.9231,0.9232,7232,0.58187824,0.58187824,0.0,10754.039999999979,505,630,1,0.9234,0.9226,0.0,0.0
2022-01-12 12:00:00,0.9232,0.9238,0.9188,0.9192,10997,0.26729885,0.26729885,0.0,10754.039999999979,505,630,1,0.9234,0.9226,0.0,0.0
2022-01-12 16:00:00,0.9192,0.9206,0.913,0.9133,15531,-0.57412153,-0.57412153,0.0,10257.23999999998,505,631,0,0.0,0.0,0.0,-496.8
2022-01-12 20:00:00,0.9133,0.9144,0.9133,0.9143,6338,0.512912,0.512912,0.0,10257.23999999998,505,631,1,0.9143,0.9118,0.0,0.0
2022-01-13 00:00:00,0.9141,0.9148,0.9137,0.9146,2553,-0.03131041,-0.03131041,0.0,10257.23999999998,505,631,1,0.9143,0.9118,0.0,0.0
2022-01-13 04:00:00,0.9146,0.9148,0.9141,0.9148,2122,1.0,1.0,0.0,10257.23999999998,505,631,1,0.9143,0.9118,0.0,0.0
2022-01-13 08:00:00,0.9148,0.9149,0.9117,0.9125,8498,1.0,1.0,0.0,10257.23999999998,505,631,1,0.9143,0.9118,0.0,0.0
2022-01-13 12:00:00,0.9125,0.9137,0.9106,0.9106,10740,-1.0,-1.0,0.0,10055.63999999998,505,632,0,0.0,0.0,0.0,-201.6
2022-01-13 16:00:00,0.9106,0.9111,0.9091,0.9105,12914,0.38123435,0.38123435,0.0,10055.63999999998,505,632,0,0.9105,0.908,0.0,0.0
2022-01-13 20:00:00,0.9105,0.9115,0.9102,0.911,5034,0.08143634,0.08143634,0.0,10055.63999999998,505,632,0,0.9105,0.908,0.0,0.0
2022-01-14 00:00:00,0.9109,0.9117,0.9104,0.9107,2763,0.23206292,0.23206292,0.0,10055.63999999998,505,632,0,0.9105,0.908,0.0,0.0
2022-01-14 04:00:00,0.9107,0.9109,0.9095,0.9097,2395,0.53196806,0.53196806,0.0,10055.63999999998,505,632,1,0.9097,0.9089,0.0,0.0
2022-01-14 08:00:00,0.9097,0.911,0.9095,0.911,7739,-0.312827,-0.312827,0.0,10055.63999999998,505,632,1,0.9097,0.9089,0.0,0.0
2022-01-14 12:00:00,0.911,0.9119,0.9102,0.9113,10187,1.0,1.0,0.0,10055.63999999998,505,632,1,0.9097,0.9089,0.0,0.0
2022-01-14 16:00:00,0.9113,0.9142,0.9102,0.9141,14404,1.0,1.0,0.0,10055.63999999998,505,632,1,0.9097,0.9089,0.0,0.0
2022-01-14 20:00:00,0.9141,0.9141,0.9132,0.9138,5180,0.49657503,0.49657503,0.0,10055.63999999998,505,632,1,0.9097,0.9089,0.0,0.0
2022-01-17 00:00:00,0.9122,0.9159,0.9122,0.9155,2168,-0.2875531,-0.2875531,0.0,10055.63999999998,505,632,1,0.9097,0.9089,0.0,0.0
2022-01-17 04:00:00,0.9155,0.9155,0.9141,0.9144,1891,-0.48372582,-0.48372582,0.0,10055.63999999998,505,632,1,0.9097,0.9089,0.0,0.0
2022-01-17 08:00:00,0.9144,0.9149,0.9122,0.9136,6590,1.0,1.0,0.0,10055.63999999998,505,632,1,0.9097,0.9089,0.0,0.0
2022-01-17 12:00:00,0.9136,0.9156,0.9128,0.9141,8344,-0.94131476,-0.94131476,0.0,10484.349999999979,506,632,0,0.0,0.0,0.0,428.71
2022-01-17 16:00:00,0.9141,0.9146,0.9132,0.9141,6330,0.60466355,0.60466355,0.0,10484.349999999979,506,632,1,0.9141,0.9123,0.0,0.0
2022-01-17 20:00:00,0.9141,0.9144,0.9138,0.914,1549,0.7912781,0.7912781,0.0,10484.349999999979,506,632,1,0.9141,0.9123,0.0,0.0
2022-01-18 00:00:00,0.914,0.9143,0.9126,0.9133,1749,0.2260305,0.2260305,0.0,10484.349999999979,506,632,1,0.9141,0.9123,0.0,0.0
2022-01-18 04:00:00,0.9133,0.9166,0.9132,0.9154,4386,-0.7543623,-0.7543623,0.0,10392.679999999978,506,633,0,0.0,0.0,0.0,-91.67
2022-01-18 08:00:00,0.9154,0.9157,0.9141,0.9147,11005,-1.0,-1.0,0.0,10392.679999999978,506,633,2,0.9147,0.9172,0.0,0.0
2022-01-18 12:00:00,0.9147,0.9164,0.9139,0.915,10906,1.0,1.0,0.0,10392.679999999978,506,633,2,0.9147,0.9172,0.0,0.0
2022-01-18 16:00:00,0.915,0.9176,0.915,0.9174,13268,-1.0,-1.0,0.0,10392.679999999978,506,633,2,0.9147,0.9172,0.0,0.0
2022-01-18 20:00:00,0.9174,0.9179,0.9165,0.9173,5947,-0.06088873,-0.06088873,0.0,10084.639999999978,506,634,0,0.0,0.0,0.0,-308.04
2022-01-19 00:00:00,0.9171,0.9178,0.9166,0.9171,2555,-0.41593626,-0.41593626,0.0,10084.639999999978,506,634,0,0.9173,0.9165,0.0,0.0
2022-01-19 04:00:00,0.9171,0.9173,0.9156,0.9157,2348,0.2658803,0.2658803,0.0,10084.639999999978,506,634,0,0.0,0.0,0.0,0.0
2022-01-19 08:00:00,0.9157,0.9165,0.915,0.9158,7806,0.73013544,0.73013544,0.0,10084.639999999978,506,634,1,0.9158,0.9133,0.0,0.0
2022-01-19 12:00:00,0.9158,0.9165,0.9145,0.9163,8641,-1.0,-1.0,0.0,10084.639999999978,506,634,1,0.9158,0.9133,0.0,0.0
2022-01-19 16:00:00,0.9163,0.917,0.9149,0.9157,11470,-1.0,-1.0,0.0,10139.919999999978,507,634,0,0.0,0.0,0.0,55.28
2022-01-19 20:00:00,0.9157,0.9162,0.9149,0.9159,5149,1.0,1.0,0.0,10139.919999999978,507,634,1,0.9159,0.9134,0.0,0.0
2022-01-20 00:00:00,0.9154,0.9161,0.9142,0.9146,2479,-1.0,-1.0,0.0,10139.919999999978,507,634,1,0.9159,0.9134,0.0,0.0
2022-01-20 04:00:00,0.9146,0.9159,0.9145,0.9156,2351,0.6343768,0.6343768,0.0,10139.919999999978,507,634,1,0.9159,0.9134,0.0,0.0
2022-01-20 08:00:00,0.9155,0.9158,0.9139,0.9154,6364,-1.0,-1.0,0.0,10106.579999999978,507,635,0,0.0,0.0,0.0,-33.34
2022-01-20 12:00:00,0.9154,0.9162,0.9145,0.9149,9519,-1.0,-1.0,0.0,10106.579999999978,507,635,2,0.9149,0.9158,0.0,0.0
2022-01-20 16:00:00,0.9149,0.9169,0.9141,0.9169,12378,1.0,1.0,0.0,10106.579999999978,507,635,2,0.9149,0.9158,0.0,0.0
2022-01-20 20:00:00,0.9169,0.9181,0.9166,0.9171,6697,-0.50849473,-0.50849473,0.0,9884.799999999977,507,636,0,0.0,0.0,0.0,-221.78
2022-01-21 00:00:00,0.9168,0.9174,0.9159,0.9159,3054,0.89281327,0.89281327,0.0,9884.799999999977,507,636,1,0.9159,0.9134,0.0,0.0
2022-01-21 04:00:00,0.9159,0.9164,0.9148,0.9152,2727,0.36180267,0.36180267,0.0,9884.799999999977,507,636,1,0.9159,0.9134,0.0,0.0
2022-01-21 08:00:00,0.9152,0.9155,0.9117,0.9124,8905,-0.65948534,-0.65948534,0.0,9884.799999999977,507,636,1,0.9159,0.9134,0.0,0.0
2022-01-21 12:00:00,0.9124,0.9134,0.9117,0.9119,8434,-0.07741742,-0.07741742,0.0,9507.079999999978,507,637,0,0.0,0.0,0.0,-377.72
2022-01-21 16:00:00,0.9119,0.9126,0.9108,0.9115,12680,1.0,1.0,0.0,9507.079999999978,507,637,1,0.9115,0.909,0.0,0.0
2022-01-21 20:00:00,0.9115,0.9123,0.9111,0.912,5032,-1.0,-1.0,0.0,9507.079999999978,507,637,1,0.9115,0.909,0.0,0.0
2022-01-24 00:00:00,0.9108,0.9134,0.9108,0.9131,2415,0.8509447,0.8509447,0.0,9507.079999999978,507,637,1,0.9115,0.909,0.0,0.0
2022-01-24 04:00:00,0.9131,0.9142,0.9131,0.9139,2204,0.1244334,0.1244334,0.0,9507.079999999978,507,637,1,0.9115,0.909,0.0,0.0
2022-01-24 08:00:00,0.9139,0.9143,0.9109,0.9116,8843,0.010019017,0.010019017,0.0,9507.079999999978,507,637,1,0.9115,0.909,0.0,0.0
2022-01-24 12:00:00,0.9116,0.9139,0.9109,0.9136,10652,0.19916259,0.19916259,0.0,9507.079999999978,507,637,1,0.9115,0.909,0.0,0.0
2022-01-24 16:00:00,0.9136,0.9159,0.913,0.9131,15187,0.14727347,0.14727347,0.0,9507.079999999978,507,637,1,0.9115,0.909,0.0,0.0
2022-01-24 20:00:00,0.9131,0.9145,0.9125,0.9139,6966,1.0,1.0,0.0,9507.079999999978,507,637,1,0.9115,0.909,0.0,0.0
2022-01-25 00:00:00,0.9138,0.9151,0.912,0.915,2470,1.0,1.0,0.0,9507.079999999978,507,637,1,0.9115,0.909,0.0,0.0
2022-01-25 04:00:00,0.915,0.9162,0.9148,0.9161,1818,0.5755659,0.5755659,0.0,9507.079999999978,507,637,1,0.9115,0.909,0.0,0.0
2022-01-25 08:00:00,0.916,0.9197,0.9159,0.9192,9157,-0.12068121,-0.12068121,0.0,9507.079999999978,507,637,1,0.9115,0.909,0.0,0.0
2022-01-25 12:00:00,0.9192,0.9204,0.9185,0.9185,11574,-0.892573,-0.892573,0.0,10312.239999999978,508,637,0,0.0,0.0,0.0,805.16
2022-01-25 16:00:00,0.9185,0.9198,0.9176,0.9193,12710,0.6996027,0.6996027,0.0,10312.239999999978,508,637,1,0.9193,0.9185,0.0,0.0
2022-01-25 20:00:00,0.9193,0.9194,0.9179,0.9181,5118,-0.1631472,-0.1631472,0.0,10312.239999999978,508,637,1,0.9193,0.9185,0.0,0.0
2022-01-26 00:00:00,0.918,0.9181,0.9167,0.918,2378,-0.576312,-0.576312,0.0,10176.279999999979,508,638,0,0.0,0.0,0.0,-135.96
2022-01-26 04:00:00,0.918,0.918,0.9171,0.9175,2282,-0.31402507,-0.31402507,0.0,10176.279999999979,508,638,0,0.915,0.9133,0.0,0.0
2022-01-26 08:00:00,0.9175,0.9207,0.9174,0.9202,7437,1.0,1.0,0.0,10176.279999999979,508,638,1,0.9202,0.9194,0.0,0.0
2022-01-26 12:00:00,0.9202,0.921,0.9198,0.9203,8664,1.0,1.0,0.0,10176.279999999979,508,638,1,0.9202,0.9194,0.0,0.0
2022-01-26 16:00:00,0.9203,0.9216,0.9189,0.9209,11743,0.6118578,0.6118578,0.0,10176.279999999979,508,638,1,0.9202,0.9194,0.0,0.0
2022-01-26 20:00:00,0.9209,0.9246,0.92,0.9238,20907,0.11065449,0.11065449,0.0,10176.279999999979,508,638,1,0.9202,0.9194,0.0,0.0
2022-01-27 00:00:00,0.9236,0.9245,0.9227,0.9242,5122,-0.11716739,-0.11716739,0.0,10176.279999999979,508,638,1,0.9202,0.9194,0.0,0.0
2022-01-27 04:00:00,0.9242,0.9249,0.9238,0.9246,5836,1.0,1.0,0.0,10176.279999999979,508,638,1,0.9202,0.9194,0.0,0.0
2022-01-27 08:00:00,0.9246,0.9275,0.9243,0.9273,11374,0.14668956,0.14668956,0.0,10176.279999999979,508,638,1,0.9202,0.9194,0.0,0.0
2022-01-27 12:00:00,0.9274,0.9322,0.9274,0.9316,14708,-1.0,-1.0,0.0,10977.96999999998,509,638,0,0.0,0.0,0.0,801.69
2022-01-27 16:00:00,0.9316,0.9338,0.9299,0.9314,15708,-0.7017775,-0.7017775,0.0,10977.96999999998,509,638,2,0.9314,0.9322,0.0,0.0
2022-01-27 20:00:00,0.9314,0.9317,0.9306,0.9306,7076,0.70845187,0.70845187,0.0,10977.96999999998,509,638,2,0.9314,0.9322,0.0,0.0
2022-01-28 00:00:00,0.9306,0.9317,0.9303,0.9307,3661,1.0,1.0,0.0,11075.75999999998,510,638,0,0.0,0.0,0.0,97.79
2022-01-28 04:00:00,0.9307,0.9307,0.9297,0.9298,2751,0.7530437,0.7530437,0.0,11075.75999999998,510,638,1,0.9298,0.9279,0.0,0.0
2022-01-28 08:00:00,0.9298,0.9323,0.9296,0.9311,9660,-1.0,-1.0,0.0,11075.75999999998,510,638,1,0.9298,0.9279,0.0,0.0
2022-01-28 12:00:00,0.9311,0.9329,0.9298,0.9301,13471,-0.847786,-0.847786,0.0,11236.16999999998,511,638,0,0.0,0.0,0.0,160.41
2022-01-28 16:00:00,0.9301,0.9321,0.929,0.9312,16416,0.40972894,0.40972894,0.0,11236.16999999998,511,638,0,0.9307,0.9315,0.0,0.0
2022-01-28 20:00:00,0.9312,0.9315,0.9307,0.931,6317,0.6603127,0.6603127,0.0,11236.16999999998,511,638,1,0.931,0.9295,0.0,0.0
2022-01-31 00:00:00,0.9303,0.9319,0.9293,0.9312,3034,1.0,1.0,0.0,11236.16999999998,511,638,1,0.931,0.9295,0.0,0.0
2022-01-31 04:00:00,0.9311,0.9316,0.9308,0.9309,2403,0.5445399,0.5445399,0.0,11236.16999999998,511,638,1,0.931,0.9295,0.0,0.0
2022-01-31 08:00:00,0.9309,0.9326,0.9306,0.9318,8752,-0.80102104,-0.80102104,0.0,11223.63999999998,511,639,0,0.0,0.0,0.0,-12.53
2022-01-31 12:00:00,0.9318,0.9343,0.9298,0.9299,10877,-1.0,-1.0,0.0,11223.63999999998,511,639,2,0.9299,0.9307,0.0,0.0
2022-01-31 16:00:00,0.9299,0.9318,0.9295,0.9299,15166,0.51354563,0.51354563,0.0,11223.63999999998,511,639,2,0.9299,0.9307,0.0,0.0
2022-01-31 20:00:00,0.9299,0.93,0.9251,0.9271,7627,0.2223577,0.2223577,0.0,11223.63999999998,511,639,2,0.9299,0.9307,0.0,0.0
2022-02-01 00:00:00,0.9268,0.9277,0.9263,0.9273,2119,-0.4384079,-0.4384079,0.0,11223.63999999998,511,639,2,0.9299,0.9307,0.0,0.0
2022-02-01 04:00:00,0.9273,0.9275,0.925,0.9254,2805,-0.3942942,-0.3942942,0.0,11223.63999999998,511,639,2,0.9299,0.9307,0.0,0.0
2022-02-01 08:00:00,0.9254,0.926,0.9224,0.9228,9151,-0.2303473,-0.2303473,0.0,11223.63999999998,511,639,2,0.9299,0.9307,0.0,0.0
2022-02-01 12:00:00,0.9228,0.9234,0.9204,0.9216,9820,-0.6181569,-0.6181569,0.0,11223.63999999998,511,639,2,0.9299,0.9307,0.0,0.0
2022-02-01 16:00:00,0.9216,0.9237,0.9212,0.922,15819,0.03752441,0.03752441,0.0,11223.63999999998,511,639,2,0.9299,0.9307,0.0,0.0
2022-02-01 20:00:00,0.922,0.9223,0.9209,0.9212,5626,-1.0,-1.0,0.0,11223.63999999998,511,639,2,0.9299,0.9307,0.0,0.0
2022-02-02 00:00:00,0.9214,0.9214,0.9202,0.921,2217,0.07460609,0.07460609,0.0,11223.63999999998,511,639,2,0.9299,0.9307,0.0,0.0
2022-02-02 04:00:00,0.921,0.9215,0.9209,0.921,2439,0.5329612,0.5329612,0.0,12324.46999999998,512,639,0,0.0,0.0,0.0,1100.83
2022-02-02 08:00:00,0.921,0.9222,0.9192,0.92,9145,-0.52229613,-0.52229613,0.0,12324.46999999998,512,639,2,0.92,0.9208,0.0,0.0
2022-02-02 12:00:00,0.92,0.9202,0.9178,0.9199,11839,1.0,1.0,0.0,12324.46999999998,512,639,2,0.92,0.9208,0.0,0.0
2022-02-02 16:00:00,0.9199,0.9202,0.9179,0.9181,13924,-0.23097615,-0.23097615,0.0,12324.46999999998,512,639,2,0.92,0.9208,0.0,0.0
2022-02-02 20:00:00,0.9181,0.9192,0.9179,0.9187,4937,-0.40087613,-0.40087613,0.0,12324.46999999998,512,639,2,0.92,0.9208,0.0,0.0
2022-02-03 00:00:00,0.9185,0.9198,0.9179,0.9193,3053,-1.0,-1.0,0.0,12324.46999999998,512,639,2,0.92,0.9208,0.0,0.0
2022-02-03 04:00:00,0.9193,0.9199,0.9188,0.9196,2126,-1.0,-1.0,0.0,12324.46999999998,512,639,2,0.92,0.9208,0.0,0.0
2022-02-03 08:00:00,0.9196,0.9225,0.9195,0.9224,9105,1.0,1.0,0.0,12378.70999999998,513,639,0,0.0,0.0,0.0,54.24
2022-02-03 12:00:00,0.9224,0.9236,0.9192,0.9198,19591,0.59689134,0.59689134,0.0,12378.70999999998,513,639,1,0.9198,0.919,0.0,0.0
2022-02-03 16:00:00,0.9197,0.9218,0.9177,0.9194,26847,-0.71837515,-0.71837515,0.0,12378.70999999998,513,639,1,0.9198,0.919,0.0,0.0
2022-02-03 20:00:00,0.9194,0.9216,0.9192,0.9198,7905,-0.33929065,-0.33929065,0.0,12378.70999999998,513,639,1,0.9198,0.919,0.0,0.0
2022-02-04 00:00:00,0.9197,0.9208,0.9195,0.9195,2771,-1.0,-1.0,0.0,12378.699999999979,513,640,0,0.0,0.0,0.0,-0.01
2022-02-04 04:00:00,0.9195,0.9202,0.9193,0.9202,2677,-0.6329506,-0.6329506,0.0,12378.699999999979,513,640,2,0.9202,0.9212,0.0,0.0
2022-02-04 08:00:00,0.9202,0.9227,0.9198,0.9212,12982,-0.16946599,-0.16946599,0.0,12378.699999999979,513,640,2,0.9202,0.9212,0.0,0.0
2022-02-04 12:00:00,0.9212,0.9256,0.9211,0.9246,16938,-0.06993892,-0.06993892,0.0,12242.23999999998,513,641,0,0.0,0.0,0.0,-136.46
2022-02-04 16:00:00,0.9246,0.9259,0.9233,0.925,17385,-1.0,-1.0,0.0,12242.23999999998,513,641,2,0.925,0.9272,0.0,0.0
2022-02-04 20:00:00,0.925,0.9257,0.9246,0.9255,5254,-1.0,-1.0,0.0,12242.23999999998,513,641,2,0.925,0.9272,0.0,0.0
2022-02-07 00:00:00,0.9237,0.9257,0.9237,0.9257,2710,1.0,1.0,0.0,12174.43999999998,513,642,0,0.0,0.0,0.0,-67.8
2022-02-07 04:00:00,0.9257,0.9262,0.9251,0.9254,2082,0.7210544,0.7210544,0.0,12174.43999999998,513,642,1,0.9254,0.9246,0.0,0.0
2022-02-07 08:00:00,0.9254,0.9257,0.9239,0.9249,9446,-0.18074699,-0.18074699,0.0,12174.43999999998,513,642,1,0.9254,0.9246,0.0,0.0
2022-02-07 12:00:00,0.9249,0.9251,0.9228,0.9236,10546,0.0060600145,0.0060600145,0.0,12174.43999999998,513,642,1,0.9254,0.9246,0.0,0.0
2022-02-07 16:00:00,0.9237,0.925,0.9222,0.9247,12229,1.0,1.0,0.0,11932.23999999998,513,643,0,0.0,0.0,0.0,-242.2
2022-02-07 20:00:00,0.9247,0.9248,0.9231,0.9238,3501,0.06770261,0.06770261,0.0,11932.23999999998,513,643,0,0.9236,0.9211,0.0,0.0
2022-02-08 00:00:00,0.9236,0.924,0.9226,0.9239,2556,0.857045,0.857045,0.0,11932.23999999998,513,643,1,0.9239,0.9231,0.0,0.0
2022-02-08 04:00:00,0.9239,0.9254,0.9239,0.9254,2940,-0.6514643,-0.6514643,0.0,11932.23999999998,513,643,1,0.9239,0.9231,0.0,0.0
2022-02-08 08:00:00,0.9254,0.9263,0.9232,0.9236,10023,0.5554582,0.5554582,0.0,11932.23999999998,513,643,1,0.9239,0.9231,0.0,0.0
2022-02-08 12:00:00,0.9237,0.9247,0.9226,0.9238,8641,-0.4785387,-0.4785387,0.0,11932.23999999998,513,643,1,0.9239,0.9231,0.0,0.0
2022-02-08 16:00:00,0.9239,0.9252,0.9237,0.9248,9346,0.852653,0.852653,0.0,11932.23999999998,513,643,1,0.9239,0.9231,0.0,0.0
2022-02-08 20:00:00,0.9248,0.9256,0.9243,0.9251,4439,1.0,1.0,0.0,11932.23999999998,513,643,1,0.9239,0.9231,0.0,0.0
2022-02-09 00:00:00,0.9246,0.9254,0.9243,0.9247,1820,1.0,1.0,0.0,11932.23999999998,513,643,1,0.9239,0.9231,0.0,0.0
2022-02-09 04:00:00,0.9247,0.925,0.9239,0.9249,2133,-0.5934957,-0.5934957,0.0,12037.84999999998,514,643,0,0.0,0.0,0.0,105.61
2022-02-09 08:00:00,0.9249,0.9252,0.9231,0.9236,7146,-1.0,-1.0,0.0,12037.84999999998,514,643,2,0.9236,0.9244,0.0,0.0
2022-02-09 12:00:00,0.9236,0.924,0.9222,0.9226,7534,0.82121414,0.82121414,0.0,12037.84999999998,514,643,2,0.9236,0.9244,0.0,0.0
2022-02-09 16:00:00,0.9226,0.9239,0.9224,0.9233,10505,-1.0,-1.0,0.0,12037.84999999998,514,643,2,0.9236,0.9244,0.0,0.0
2022-02-09 20:00:00,0.9233,0.9247,0.923,0.9244,4482,-0.9305914,-0.9305914,0.0,12037.84999999998,514,643,2,0.9236,0.9244,0.0,0.0
2022-02-10 00:00:00,0.9238,0.9247,0.9237,0.9242,1891,-0.55894285,-0.55894285,0.0,11931.31999999998,514,644,0,0.0,0.0,0.0,-106.53
2022-02-10 04:00:00,0.9242,0.9247,0.9236,0.9244,1692,0.17830458,0.17830458,0.0,11931.31999999998,514,644,0,0.9249,0.9274,0.0,0.0
2022-02-10 08:00:00,0.9244,0.9245,0.923,0.9235,7404,-0.18734677,-0.18734677,0.0,11931.31999999998,514,644,0,0.9249,0.9274,0.0,0.0
2022-02-10 12:00:00,0.9235,0.9289,0.9232,0.9274,11134,1.0,1.0,0.0,11931.31999999998,514,644,1,0.9274,0.9264,0.0,0.0
2022-02-10 16:00:00,0.9274,0.9297,0.9227,0.9243,22815,-0.89017045,-0.89017045,0.0,11931.31999999998,514,644,1,0.9274,0.9264,0.0,0.0
2022-02-10 20:00:00,0.9243,0.9273,0.9236,0.9252,12126,0.5687524,0.5687524,0.0,11522.22999999998,514,645,0,0.0,0.0,0.0,-409.09
2022-02-11 00:00:00,0.9251,0.927,0.9244,0.9261,3111,1.0,1.0,0.0,11522.22999999998,514,645,1,0.9261,0.9236,0.0,0.0
2022-02-11 04:00:00,0.9261,0.928,0.9258,0.9272,2881,0.4982365,0.4982365,0.0,11522.22999999998,514,645,1,0.9261,0.9236,0.0,0.0
2022-02-11 08:00:00,0.9272,0.9287,0.9268,0.9277,10180,0.3141814,0.3141814,0.0,11522.22999999998,514,645,1,0.9261,0.9236,0.0,0.0
2022-02-11 12:00:00,0.9277,0.9282,0.9246,0.9269,9142,-0.5019325,-0.5019325,0.0,11522.22999999998,514,645,1,0.9261,0.9236,0.0,0.0
2022-02-11 16:00:00,0.9269,0.9271,0.925,0.9258,14142,0.32828647,0.32828647,0.0,11522.22999999998,514,645,1,0.9261,0.9236,0.0,0.0
2022-02-11 20:00:00,0.9258,0.9276,0.9237,0.9242,24626,1.0,1.0,0.0,11522.22999999998,514,645,1,0.9261,0.9236,0.0,0.0
2022-02-14 00:00:00,0.9241,0.9256,0.9236,0.9248,3810,0.23772724,0.23772724,0.0,11522.22999999998,514,645,1,0.9261,0.9236,0.0,0.0
2022-02-14 04:00:00,0.9248,0.9263,0.9248,0.9253,3167,-0.4981474,-0.4981474,0.0,11522.22999999998,514,645,1,0.9261,0.9236,0.0,0.0
2022-02-14 08:00:00,0.9253,0.9261,0.9238,0.9242,11124,-0.8058044,-0.8058044,0.0,11420.15999999998,514,646,0,0.0,0.0,0.0,-102.07
2022-02-14 12:00:00,0.9242,0.9265,0.9238,0.9256,15053,0.22741717,0.22741717,0.0,11420.15999999998,514,646,0,0.9242,0.9263,0.0,0.0
2022-02-14 16:00:00,0.9256,0.9272,0.9247,0.9255,13208,-1.0,-1.0,0.0,11420.15999999998,514,646,2,0.9255,0.9263,0.0,0.0
2022-02-14 20:00:00,0.9255,0.926,0.9243,0.9243,10246,0.0051317653,0.0051317653,0.0,11420.15999999998,514,646,2,0.9255,0.9263,0.0,0.0
2022-02-15 00:00:00,0.9241,0.9252,0.9235,0.9237,2178,0.1287978,0.1287978,0.0,11420.15999999998,514,646,2,0.9255,0.9263,0.0,0.0
2022-02-15 04:00:00,0.9237,0.9243,0.9235,0.9239,3048,1.0,1.0,0.0,11647.34999999998,515,646,0,0.0,0.0,0.0,227.19
2022-02-15 08:00:00,0.9239,0.9269,0.9234,0.9252,10738,-0.11280848,-0.11280848,0.0,11647.34999999998,515,646,0,0.9243,0.9233,0.0,0.0
2022-02-15 12:00:00,0.9252,0.9255,0.9227,0.9233,12114,-0.88620234,-0.88620234,0.0,11647.34999999998,515,646,2,0.9233,0.9246,0.0,0.0
2022-02-15 16:00:00,0.9233,0.9274,0.9227,0.9262,13709,-1.0,-1.0,0.0,11647.34999999998,515,646,2,0.9233,0.9246,0.0,0.0
2022-02-15 20:00:00,0.9262,0.9263,0.9251,0.9253,4341,-1.0,-1.0,0.0,11272.98999999998,515,647,0,0.0,0.0,0.0,-374.36
2022-02-16 00:00:00,0.9253,0.9259,0.9239,0.9253,1698,0.28169003,0.28169003,0.0,11272.98999999998,515,647,0,0.9233,0.9225,0.0,0.0
2022-02-16 04:00:00,0.9253,0.9256,0.9252,0.9253,1358,0.6938142,0.6938142,0.0,11272.98999999998,515,647,1,0.9253,0.923,0.0,0.0
2022-02-16 08:00:00,0.9253,0.9261,0.9242,0.9244,9020,0.1603045,0.1603045,0.0,11272.98999999998,515,647,1,0.9253,0.923,0.0,0.0
2022-02-16 12:00:00,0.9244,0.9258,0.9235,0.9238,10478,1.0,1.0,0.0,11272.98999999998,515,647,1,0.9253,0.923,0.0,0.0
2022-02-16 16:00:00,0.9238,0.9242,0.9215,0.9219,10690,0.44422877,0.44422877,0.0,11272.98999999998,515,647,1,0.9253,0.923,0.0,0.0
2022-02-16 20:00:00,0.9219,0.9227,0.9206,0.9226,10329,0.073148884,0.073148884,0.0,10850.16999999998,515,648,0,0.0,0.0,0.0,-422.82
2022-02-17 00:00:00,0.9223,0.9225,0.9211,0.9212,2514,-0.21542501,-0.21542501,0.0,10850.16999999998,515,648,0,0.9212,0.9223,0.0,0.0
2022-02-17 04:00:00,0.9212,0.9229,0.9212,0.9213,9389,0.87193924,0.87193924,0.0,10850.16999999998,515,648,1,0.9213,0.9205,0.0,0.0
2022-02-17 08:00:00,0.9213,0.9229,0.9208,0.9214,15592,-0.20518455,-0.20518455,0.0,10850.16999999998,515,648,1,0.9213,0.9205,0.0,0.0
2022-02-17 12:00:00,0.9214,0.9222,0.9195,0.9201,12580,0.64321303,0.64321303,0.0,10850.16999999998,515,648,1,0.9213,0.9205,0.0,0.0
2022-02-17 16:00:00,0.9201,0.9212,0.9188,0.9204,16382,1.0,1.0,0.0,10706.80999999998,515,649,0,0.0,0.0,0.0,-143.36
2022-02-17 20:00:00,0.9204,0.9206,0.9198,0.9205,5747,-1.0,-1.0,0.0,10706.80999999998,515,649,2,0.9205,0.9222,0.0,0.0
2022-02-18 00:00:00,0.9202,0.9213,0.9192,0.921,4254,-0.38372248,-0.38372248,0.0,10706.80999999998,515,649,2,0.9205,0.9222,0.0,0.0
2022-02-18 04:00:00,0.921,0.9215,0.9206,0.9212,3103,-0.5943416,-0.5943416,0.0,10706.80999999998,515,649,2,0.9205,0.9222,0.0,0.0
2022-02-18 08:00:00,0.9212,0.9218,0.9203,0.9206,7258,-0.04455501,-0.04455501,0.0,10706.80999999998,515,649,2,0.9205,0.9222,0.0,0.0
2022-02-18 12:00:00,0.9206,0.9218,0.9196,0.9206,9678,0.09138612,0.09138612,0.0,10706.80999999998,515,649,2,0.9205,0.9222,0.0,0.0
2022-02-18 16:00:00,0.9206,0.9218,0.9192,0.9211,14992,0.92698073,0.92698073,0.0,10695.00999999998,515,650,0,0.0,0.0,0.0,-11.8
2022-02-18 20:00:00,0.9211,0.9215,0.9207,0.9212,5803,1.0,1.0,0.0,10695.00999999998,515,650,1,0.9212,0.9204,0.0,0.0
2022-02-21 00:00:00,0.92,0.9221,0.9199,0.9203,4180,1.0,1.0,0.0,10695.00999999998,515,650,1,0.9212,0.9204,0.0,0.0
2022-02-21 04:00:00,0.9203,0.9203,0.9195,0.9201,2720,-1.0,-1.0,0.0,10588.99999999998,515,651,0,0.0,0.0,0.0,-106.01
2022-02-21 08:00:00,0.9201,0.9205,0.9178,0.9179,6879,-0.3946138,-0.3946138,0.0,10588.99999999998,515,651,0,0.9201,0.9176,0.0,0.0
2022-02-21 12:00:00,0.9179,0.9179,0.916,0.917,8162,0.18166682,0.18166682,0.0,10588.99999999998,515,651,0,0.9201,0.9176,0.0,0.0
2022-02-21 16:00:00,0.917,0.9175,0.915,0.9154,8813,-0.76870716,-0.76870716,0.0,10588.99999999998,515,651,2,0.9154,0.9162,0.0,0.0
2022-02-21 20:00:00,0.9154,0.9166,0.9152,0.9158,5177,-0.25330836,-0.25330836,0.0,10588.99999999998,515,651,2,0.9154,0.9162,0.0,0.0
2022-02-22 00:00:00,0.9157,0.9169,0.9152,0.9166,5164,0.12992296,0.12992296,0.0,10588.99999999998,515,651,2,0.9154,0.9162,0.0,0.0
2022-02-22 04:00:00,0.9166,0.9167,0.9157,0.916,3166,0.7714102,0.7714102,0.0,10449.61999999998,515,652,0,0.0,0.0,0.0,-139.38
2022-02-22 08:00:00,0.916,0.919,0.9151,0.9186,12635,-1.0,-1.0,0.0,10449.61999999998,515,652,2,0.9186,0.9211,0.0,0.0
2022-02-22 12:00:00,0.9186,0.9198,0.9177,0.9198,14868,-0.5196323,-0.5196323,0.0,10449.61999999998,515,652,2,0.9186,0.9211,0.0,0.0
2022-02-22 16:00:00,0.9198,0.9228,0.9193,0.9208,13127,1.0,1.0,0.0,10311.59999999998,515,653,0,0.0,0.0,0.0,-138.02
2022-02-22 20:00:00,0.9208,0.9219,0.9206,0.9213,7585,0.39403126,0.39403126,0.0,10311.59999999998,515,653,0,0.9213,0.923,0.0,0.0
2022-02-23 00:00:00,0.9212,0.9216,0.9199,0.9208,1681,1.0,1.0,0.0,10311.59999999998,515,653,1,0.9208,0.92,0.0,0.0
2022-02-23 04:00:00,0.9208,0.9213,0.9204,0.9205,1951,0.3008666,0.3008666,0.0,10311.59999999998,515,653,1,0.9208,0.92,0.0,0.0
2022-02-23 08:00:00,0.9205,0.9219,0.92,0.9202,7761,0.5678361,0.5678361,0.0,10311.59999999998,515,653,1,0.9208,0.92,0.0,0.0
2022-02-23 12:00:00,0.9202,0.9205,0.9183,0.9185,9412,1.0,1.0,0.0,10311.59999999998,515,653,1,0.9208,0.92,0.0,0.0
2022-02-23 16:00:00,0.9185,0.9185,0.9168,0.9181,10844,-0.4053376,-0.4053376,0.0,10050.92999999998,515,654,0,0.0,0.0,0.0,-260.67
2022-02-23 20:00:00,0.9181,0.9186,0.9178,0.9182,4089,0.092593886,0.092593886,0.0,10050.92999999998,515,654,0,0.9213,0.923,0.0,0.0
2022-02-24 00:00:00,0.9178,0.9188,0.917,0.9186,4599,0.56398135,0.56398135,0.0,10050.92999999998,515,654,1,0.9186,0.9172,0.0,0.0
2022-02-24 04:00:00,0.9186,0.9192,0.9172,0.9185,14210,0.23527849,0.23527849,0.0,10050.92999999998,515,654,1,0.9186,0.9172,0.0,0.0
2022-02-24 08:00:00,0.9185,0.9216,0.9174,0.9214,22658,0.014069499,0.014069499,0.0,10050.92999999998,515,654,1,0.9186,0.9172,0.0,0.0
2022-02-24 12:00:00,0.9214,0.9247,0.9212,0.9233,24779,0.37222302,0.37222302,0.0,10050.92999999998,515,654,1,0.9186,0.9172,0.0,0.0
2022-02-24 16:00:00,0.9233,0.9289,0.9219,0.9257,23846,-0.23087749,-0.23087749,0.0,10050.92999999998,515,654,1,0.9186,0.9172,0.0,0.0
2022-02-24 20:00:00,0.9257,0.9264,0.9243,0.9254,16843,-0.015900357,-0.015900357,0.0,10050.92999999998,515,654,1,0.9186,0.9172,0.0,0.0
2022-02-25 00:00:00,0.9252,0.9259,0.9241,0.9244,5331,1.0,1.0,0.0,10050.92999999998,515,654,1,0.9186,0.9172,0.0,0.0
2022-02-25 04:00:00,0.9244,0.9247,0.9228,0.9229,4479,-0.24321431,-0.24321431,0.0,10050.92999999998,515,654,1,0.9186,0.9172,0.0,0.0
2022-02-25 08:00:00,0.9229,0.9266,0.9229,0.9263,13790,-1.0,-1.0,0.0,10528.19999999998,516,654,0,0.0,0.0,0.0,477.27
2022-02-25 12:00:00,0.9263,0.9275,0.9256,0.927,16309,1.0,1.0,0.0,10528.19999999998,516,654,1,0.927,0.926,0.0,0.0
2022-02-25 16:00:00,0.9271,0.9284,0.9263,0.9278,14412,-1.0,-1.0,0.0,10528.19999999998,516,654,1,0.927,0.926,0.0,0.0
2022-02-25 20:00:00,0.9278,0.9278,0.9253,0.9253,6174,-0.73462427,-0.73462427,0.0,10528.19999999998,516,654,1,0.927,0.926,0.0,0.0
2022-02-28 00:00:00,0.9254,0.9277,0.9242,0.9268,13063,1.0,1.0,0.0,10330.01999999998,516,655,0,0.0,0.0,0.0,-198.18
2022-02-28 04:00:00,0.9268,0.9275,0.926,0.9261,8161,0.03968741,0.03968741,0.0,10330.01999999998,516,655,0,0.9268,0.926,0.0,0.0
2022-02-28 08:00:00,0.9261,0.9266,0.9222,0.9227,15155,-0.39571413,-0.39571413,0.0,10330.01999999998,516,655,0,0.0,0.0,0.0,0.0
2022-02-28 12:00:00,0.9226,0.9238,0.9186,0.9188,17751,0.9833395,0.9833395,0.0,10330.01999999998,516,655,1,0.9188,0.918,0.0,0.0
2022-02-28 16:00:00,0.9188,0.9199,0.9172,0.9188,18145,-1.0,-1.0,0.0,10330.01999999998,516,655,1,0.9188,0.918,0.0,0.0
2022-02-28 20:00:00,0.9188,0.9188,0.9166,0.9167,7619,-0.4800971,-0.4800971,0.0,10330.01999999998,516,655,1,0.9188,0.918,0.0,0.0
2022-03-01 00:00:00,0.9166,0.9192,0.9164,0.9192,3095,-0.29798916,-0.29798916,0.0,10092.059999999981,516,656,0,0.0,0.0,0.0,-237.96
2022-03-01 04:00:00,0.9192,0.9195,0.918,0.9184,2993,-0.80815,-0.80815,0.0,10092.059999999981,516,656,2,0.9184,0.9192,0.0,0.0
2022-03-01 08:00:00,0.9184,0.9186,0.915,0.9165,11278,-0.29310036,-0.29310036,0.0,10092.059999999981,516,656,2,0.9184,0.9192,0.0,0.0
2022-03-01 12:00:00,0.9164,0.9205,0.9158,0.9191,15923,0.32760087,0.32760087,0.0,10092.059999999981,516,656,2,0.9184,0.9192,0.0,0.0
2022-03-01 16:00:00,0.919,0.9203,0.918,0.9197,19329,0.39403233,0.39403233,0.0,10092.059999999981,516,656,2,0.9184,0.9192,0.0,0.0
2022-03-01 20:00:00,0.9197,0.9201,0.9178,0.9183,12167,0.66647464,0.66647464,0.0,9947.669999999982,516,657,0,0.0,0.0,0.0,-144.39
2022-03-02 00:00:00,0.9182,0.9197,0.9177,0.9195,2111,-0.8319335,-0.8319335,0.0,9947.669999999982,516,657,2,0.9195,0.9211,0.0,0.0
2022-03-02 04:00:00,0.9195,0.9205,0.9191,0.9191,3203,1.0,1.0,0.0,9947.669999999982,516,657,2,0.9195,0.9211,0.0,0.0
2022-03-02 08:00:00,0.9191,0.9206,0.9166,0.9171,14726,-0.77308255,-0.77308255,0.0,9947.669999999982,516,657,2,0.9195,0.9211,0.0,0.0
2022-03-02 12:00:00,0.9171,0.9209,0.9169,0.9199,12932,0.7360112,0.7360112,0.0,10209.649999999981,517,657,0,0.0,0.0,0.0,261.98
2022-03-02 16:00:00,0.9199,0.9239,0.9198,0.9222,20613,-1.0,-1.0,0.0,10209.649999999981,517,657,2,0.9222,0.9247,0.0,0.0
2022-03-02 20:00:00,0.9222,0.9224,0.9201,0.9201,7745,0.6223268,0.6223268,0.0,10209.649999999981,517,657,2,0.9222,0.9247,0.0,0.0
2022-03-03 00:00:00,0.9201,0.9216,0.9199,0.9211,3179,-0.41511834,-0.41511834,0.0,10209.649999999981,517,657,2,0.9222,0.9247,0.0,0.0
2022-03-03 04:00:00,0.9211,0.9217,0.92,0.9203,3442,-0.50937545,-0.50937545,0.0,10209.649999999981,517,657,2,0.9222,0.9247,0.0,0.0
2022-03-03 08:00:00,0.9203,0.9209,0.919,0.9199,7799,0.95630443,0.95630443,0.0,10423.259999999982,518,657,0,0.0,0.0,0.0,213.61
2022-03-03 12:00:00,0.9199,0.9207,0.9187,0.92,10767,1.0,1.0,0.0,10423.259999999982,518,657,1,0.92,0.9183,0.0,0.0
2022-03-03 16:00:00,0.92,0.921,0.9179,0.9199,17841,0.6980636,0.6980636,0.0,10423.259999999982,518,657,1,0.92,0.9183,0.0,0.0
2022-03-03 20:00:00,0.9199,0.9199,0.9171,0.9171,6996,0.19081627,0.19081627,0.0,10423.259999999982,518,657,1,0.92,0.9183,0.0,0.0
2022-03-04 00:00:00,0.9171,0.9194,0.9168,0.9193,10659,1.0,1.0,0.0,10091.539999999983,518,658,0,0.0,0.0,0.0,-331.72
2022-03-04 04:00:00,0.9193,0.9195,0.9181,0.919,6316,-1.0,-1.0,0.0,10091.539999999983,518,658,2,0.919,0.9215,0.0,0.0
2022-03-04 08:00:00,0.919,0.9197,0.9179,0.9188,9136,1.0,1.0,0.0,10091.539999999983,518,658,2,0.919,0.9215,0.0,0.0
2022-03-04 12:00:00,0.9188,0.9209,0.9166,0.9201,16938,1.0,1.0,0.0,10113.719999999983,519,658,0,0.0,0.0,0.0,22.18
2022-03-04 16:00:00,0.9201,0.921,0.9174,0.9186,17884,0.23289514,0.23289514,0.0,10113.719999999983,519,658,0,0.0,0.0,0.0,0.0
2022-03-04 20:00:00,0.9186,0.9195,0.9162,0.9168,7519,-0.3933915,-0.3933915,0.0,10113.719999999983,519,658,0,0.9168,0.9176,0.0,0.0
2022-03-07 00:00:00,0.9164,0.9216,0.9164,0.9208,9476,-1.0,-1.0,0.0,10113.719999999983,519,658,2,0.9208,0.9233,0.0,0.0
2022-03-07 04:00:00,0.9208,0.9214,0.9197,0.9205,8446,-1.0,-1.0,0.0,10113.719999999983,519,658,2,0.9208,0.9233,0.0,0.0
2022-03-07 08:00:00,0.9205,0.925,0.9199,0.9246,14643,0.35089195,0.35089195,0.0,10113.719999999983,519,658,2,0.9208,0.9233,0.0,0.0
2022-03-07 12:00:00,0.9246,0.9259,0.9229,0.9246,19105,-0.61648214,-0.61648214,0.0,9688.509999999984,519,659,0,0.0,0.0,0.0,-425.21
2022-03-07 16:00:00,0.9246,0.9272,0.9237,0.9265,19018,1.0,1.0,0.0,9688.509999999984,519,659,1,0.9265,0.9253,0.0,0.0
2022-03-07 20:00:00,0.9265,0.9269,0.9252,0.9254,11712,1.0,1.0,0.0,9688.509999999984,519,659,1,0.9265,0.9253,0.0,0.0
2022-03-08 00:00:00,0.9251,0.9262,0.9251,0.9257,5172,-0.11177415,-0.11177415,0.0,9688.509999999984,519,659,1,0.9265,0.9253,0.0,0.0
2022-03-08 04:00:00,0.9257,0.9263,0.9249,0.926,4988,-0.3465523,-0.3465523,0.0,9688.509999999984,519,659,1,0.9265,0.9253,0.0,0.0
2022-03-08 08:00:00,0.926,0.929,0.9249,0.9287,17143,0.45025465,0.45025465,0.0,9688.509999999984,519,659,1,0.9265,0.9253,0.0,0.0
2022-03-08 12:00:00,0.9287,0.9293,0.9252,0.9282,15492,0.21379344,0.21379344,0.0,9688.509999999984,519,659,1,0.9265,0.9253,0.0,0.0
2022-03-08 16:00:00,0.9282,0.9307,0.9268,0.9289,25397,-0.40377298,-0.40377298,0.0,9688.509999999984,519,659,1,0.9265,0.9253,0.0,0.0
2022-03-08 20:00:00,0.9289,0.9296,0.9282,0.929,13223,0.4667729,0.4667729,0.0,9688.509999999984,519,659,1,0.9265,0.9253,0.0,0.0
2022-03-09 00:00:00,0.9289,0.9302,0.927,0.9295,4173,1.0,1.0,0.0,9688.509999999984,519,659,1,0.9265,0.9253,0.0,0.0
2022-03-09 04:00:00,0.9295,0.9297,0.9278,0.9284,3171,0.8126192,0.8126192,0.0,9688.509999999984,519,659,1,0.9265,0.9253,0.0,0.0
2022-03-09 08:00:00,0.9284,0.9293,0.9274,0.9278,9919,0.633868,0.633868,0.0,9688.509999999984,519,659,1,0.9265,0.9253,0.0,0.0
2022-03-09 12:00:00,0.9278,0.9286,0.9273,0.928,12219,-1.0,-1.0,0.0,9828.329999999984,520,659,0,0.0,0.0,0.0,139.82
2022-03-09 16:00:00,0.928,0.9289,0.925,0.9259,19797,1.0,1.0,0.0,9828.329999999984,520,659,1,0.9259,0.9244,0.0,0.0
2022-03-09 20:00:00,0.9259,0.9271,0.9257,0.9263,6960,0.8244742,0.8244742,0.0,9828.329999999984,520,659,1,0.9259,0.9244,0.0,0.0
2022-03-10 00:00:00,0.9261,0.9284,0.9255,0.9279,4234,1.0,1.0,0.0,9828.329999999984,520,659,1,0.9259,0.9244,0.0,0.0
2022-03-10 04:00:00,0.9279,0.9283,0.9276,0.9276,3022,-1.0,-1.0,0.0,10046.569999999983,521,659,0,0.0,0.0,0.0,218.24
2022-03-10 08:00:00,0.9277,0.9278,0.9258,0.9268,11810,0.02757483,0.02757483,0.0,10046.569999999983,521,659,0,0.9268,0.926,0.0,0.0
2022-03-10 12:00:00,0.9268,0.9303,0.9255,0.9301,21775,-0.89703995,-0.89703995,0.0,10046.569999999983,521,659,2,0.9301,0.9326,0.0,0.0
2022-03-10 16:00:00,0.9301,0.9309,0.9269,0.9305,17821,-1.0,-1.0,0.0,10046.569999999983,521,659,2,0.9301,0.9326,0.0,0.0
2022-03-10 20:00:00,0.9305,0.9308,0.9299,0.9299,5342,0.6088178,0.6088178,0.0,10046.569999999983,521,659,2,0.9301,0.9326,0.0,0.0
2022-03-11 00:00:00,0.9297,0.9308,0.9288,0.9304,3097,1.0,1.0,0.0,10068.919999999984,522,659,0,0.0,0.0,0.0,22.35
2022-03-11 04:00:00,0.9304,0.9309,0.9294,0.9307,3468,1.0,1.0,0.0,10068.919999999984,522,659,1,0.9307,0.9299,0.0,0.0
2022-03-11 08:00:00,0.9307,0.9321,0.9295,0.9318,11213,1.0,1.0,0.0,10068.919999999984,522,659,1,0.9307,0.9299,0.0,0.0
2022-03-11 12:00:00,0.9318,0.932,0.9296,0.9314,15757,-1.0,-1.0,0.0,10192.399999999983,523,659,0,0.0,0.0,0.0,123.48
2022-03-11 16:00:00,0.9314,0.9347,0.9312,0.9341,15004,0.6479681,0.6479681,0.0,10192.399999999983,523,659,1,0.9341,0.9316,0.0,0.0
2022-03-11 20:00:00,0.9341,0.935,0.9334,0.9348,6695,0.24664332,0.24664332,0.0,10192.399999999983,523,659,1,0.9341,0.9316,0.0,0.0
2022-03-14 00:00:00,0.9334,0.9364,0.9334,0.936,5049,-0.47854853,-0.47854853,0.0,10192.399999999983,523,659,1,0.9341,0.9316,0.0,0.0
2022-03-14 04:00:00,0.936,0.9363,0.9353,0.9359,3590,-0.15305738,-0.15305738,0.0,10192.399999999983,523,659,1,0.9341,0.9316,0.0,0.0
2022-03-14 08:00:00,0.9359,0.9364,0.932,0.9333,10887,-0.21750389,-0.21750389,0.0,10192.399999999983,523,659,1,0.9341,0.9316,0.0,0.0
2022-03-14 12:00:00,0.9333,0.9359,0.9331,0.9355,13485,0.92570454,0.92570454,0.0,10192.399999999983,523,659,1,0.9341,0.9316,0.0,0.0
2022-03-14 16:00:00,0.9355,0.9367,0.934,0.9365,12472,1.0,1.0,0.0,10192.399999999983,523,659,1,0.9341,0.9316,0.0,0.0
2022-03-14 20:00:00,0.9365,0.9387,0.9364,0.9381,4643,-1.0,-1.0,0.0,10466.509999999984,524,659,0,0.0,0.0,0.0,274.11
2022-03-15 00:00:00,0.9378,0.9398,0.9378,0.9393,3748,-1.0,-1.0,0.0,10466.509999999984,524,659,2,0.9393,0.9401,0.0,0.0
2022-03-15 04:00:00,0.9393,0.9398,0.9381,0.9396,4543,0.86477107,0.86477107,0.0,10466.509999999984,524,659,2,0.9393,0.9401,0.0,0.0
2022-03-15 08:00:00,0.9396,0.941,0.9372,0.9386,13089,-0.59177184,-0.59177184,0.0,10466.509999999984,524,659,2,0.9393,0.9401,0.0,0.0
2022-03-15 12:00:00,0.9386,0.9401,0.9381,0.9387,12747,0.6401244,0.6401244,0.0,10548.789999999985,525,659,0,0.0,0.0,0.0,82.28
2022-03-15 16:00:00,0.9387,0.9432,0.9385,0.9421,14990,-1.0,-1.0,0.0,10548.789999999985,525,659,2,0.9421,0.9434,0.0,0.0
2022-03-15 20:00:00,0.9421,0.9429,0.9404,0.9414,5028,-0.651103,-0.651103,0.0,10548.789999999985,525,659,2,0.9421,0.9434,0.0,0.0
2022-03-16 00:00:00,0.9409,0.9416,0.94,0.9401,3617,1.0,1.0,0.0,10631.959999999985,526,659,0,0.0,0.0,0.0,83.17
2022-03-16 04:00:00,0.9401,0.9402,0.9393,0.9398,3132,-0.94900477,-0.94900477,0.0,10631.959999999985,526,659,2,0.9398,0.9407,0.0,0.0
2022-03-16 08:00:00,0.9398,0.9412,0.939,0.9402,10099,1.0,1.0,0.0,10631.959999999985,526,659,2,0.9398,0.9407,0.0,0.0
2022-03-16 12:00:00,0.9402,0.9412,0.9393,0.9405,10902,0.25058478,0.25058478,0.0,10631.959999999985,526,659,2,0.9398,0.9407,0.0,0.0
2022-03-16 16:00:00,0.9405,0.9441,0.9391,0.9432,15356,0.7006557,0.7006557,0.0,10548.189999999984,526,660,0,0.0,0.0,0.0,-83.77
2022-03-16 20:00:00,0.9443,0.946,0.9396,0.9403,19986,1.0,1.0,0.0,10548.189999999984,526,660,1,0.9403,0.9395,0.0,0.0
2022-03-17 00:00:00,0.94,0.943,0.9391,0.9408,5950,0.63676226,0.63676226,0.0,10548.189999999984,526,660,1,0.9403,0.9395,0.0,0.0
2022-03-17 04:00:00,0.9408,0.941,0.9395,0.9404,3844,-0.9617087,-0.9617087,0.0,10607.549999999985,527,660,0,0.0,0.0,0.0,59.36
2022-03-17 08:00:00,0.9404,0.9418,0.9395,0.9396,8146,-0.70469505,-0.70469505,0.0,10607.549999999985,527,660,2,0.9396,0.9404,0.0,0.0
2022-03-17 12:00:00,0.9396,0.9407,0.9387,0.9387,12240,-0.8180045,-0.8180045,0.0,10607.549999999985,527,660,2,0.9396,0.9404,0.0,0.0
2022-03-17 16:00:00,0.9387,0.9389,0.9336,0.9348,10241,0.27167872,0.27167872,0.0,10607.549999999985,527,660,2,0.9396,0.9404,0.0,0.0
2022-03-17 20:00:00,0.9348,0.9376,0.9348,0.9372,3929,-0.119307436,-0.119307436,0.0,10607.549999999985,527,660,2,0.9396,0.9404,0.0,0.0
2022-03-18 00:00:00,0.9369,0.9372,0.9353,0.9364,4793,-1.0,-1.0,0.0,10607.549999999985,527,660,2,0.9396,0.9404,0.0,0.0
2022-03-18 04:00:00,0.9364,0.9372,0.936,0.9362,4005,-0.7715455,-0.7715455,0.0,10607.549999999985,527,660,2,0.9396,0.9404,0.0,0.0
2022-03-18 08:00:00,0.9362,0.9383,0.9342,0.9344,8639,1.0,1.0,0.0,11011.559999999985,528,660,0,0.0,0.0,0.0,404.01
2022-03-18 12:00:00,0.9344,0.9373,0.9333,0.9358,11565,-0.74457073,-0.74457073,0.0,11011.559999999985,528,660,2,0.9358,0.9366,0.0,0.0
2022-03-18 16:00:00,0.9358,0.9358,0.9316,0.9328,12393,-1.0,-1.0,0.0,11011.559999999985,528,660,2,0.9358,0.9366,0.0,0.0
2022-03-18 20:00:00,0.9328,0.9333,0.9314,0.9316,4079,-0.74961287,-0.74961287,0.0,11011.559999999985,528,660,2,0.9358,0.9366,0.0,0.0
2022-03-21 00:00:00,0.9314,0.9332,0.9312,0.9326,2072,-0.7386128,-0.7386128,0.0,11011.559999999985,528,660,2,0.9358,0.9366,0.0,0.0
2022-03-21 04:00:00,0.9325,0.9336,0.9325,0.9335,1864,0.5368823,0.5368823,0.0,11011.559999999985,528,660,2,0.9358,0.9366,0.0,0.0
2022-03-21 08:00:00,0.9335,0.9352,0.9301,0.9306,7355,-0.82319045,-0.82319045,0.0,11011.559999999985,528,660,2,0.9358,0.9366,0.0,0.0
2022-03-21 12:00:00,0.9306,0.9316,0.9296,0.9309,9630,1.0,1.0,0.0,11649.159999999985,529,660,0,0.0,0.0,0.0,637.6
2022-03-21 16:00:00,0.9309,0.9329,0.9294,0.932,12916,1.0,1.0,0.0,11649.159999999985,529,660,1,0.932,0.9312,0.0,0.0
2022-03-21 20:00:00,0.932,0.9338,0.9319,0.9334,4954,-0.64307606,-0.64307606,0.0,11649.159999999985,529,660,1,0.932,0.9312,0.0,0.0
2022-03-22 00:00:00,0.9334,0.9363,0.9331,0.9352,4935,0.68220943,0.68220943,0.0,11649.159999999985,529,660,1,0.932,0.9312,0.0,0.0
2022-03-22 04:00:00,0.9352,0.9367,0.9351,0.9366,4757,0.6521587,0.6521587,0.0,11649.159999999985,529,660,1,0.932,0.9312,0.0,0.0
2022-03-22 08:00:00,0.9366,0.9376,0.934,0.9359,9154,-0.37829882,-0.37829882,0.0,11649.159999999985,529,660,1,0.932,0.9312,0.0,0.0
2022-03-22 12:00:00,0.9359,0.9368,0.9314,0.9319,13262,0.39932626,0.39932626,0.0,11649.159999999985,529,660,1,0.932,0.9312,0.0,0.0
2022-03-22 16:00:00,0.9319,0.9335,0.9317,0.9333,12206,0.45400506,0.45400506,0.0,11649.159999999985,529,660,1,0.932,0.9312,0.0,0.0
2022-03-22 20:00:00,0.9333,0.9334,0.9324,0.9327,3337,0.61048996,0.61048996,0.0,11649.159999999985,529,660,1,0.932,0.9312,0.0,0.0
2022-03-23 00:00:00,0.9325,0.9344,0.9324,0.9342,5682,-0.28126234,-0.28126234,0.0,11649.159999999985,529,660,1,0.932,0.9312,0.0,0.0
2022-03-23 04:00:00,0.9342,0.935,0.9332,0.9344,4563,0.47788894,0.47788894,0.0,11649.159999999985,529,660,1,0.932,0.9312,0.0,0.0
2022-03-23 08:00:00,0.9344,0.9357,0.9337,0.9355,8427,-1.0,-1.0,0.0,11961.739999999985,530,660,0,0.0,0.0,0.0,312.58
2022-03-23 12:00:00,0.9355,0.9358,0.9339,0.9345,12211,-0.15059298,-0.15059298,0.0,11961.739999999985,530,660,0,0.9345,0.9332,0.0,0.0
2022-03-23 16:00:00,0.9346,0.9348,0.9306,0.9309,11187,1.0,1.0,0.0,11961.739999999985,530,660,1,0.9309,0.9291,0.0,0.0
2022-03-23 20:00:00,0.9309,0.9313,0.9292,0.9305,4126,-1.0,-1.0,0.0,11961.739999999985,530,660,1,0.9309,0.9291,0.0,0.0
2022-03-24 00:00:00,0.9298,0.9319,0.9298,0.9317,4821,1.0,1.0,0.0,11961.739999999985,530,660,1,0.9309,0.9291,0.0,0.0
2022-03-24 04:00:00,0.9317,0.9324,0.9313,0.9323,2951,1.0,1.0,0.0,11961.739999999985,530,660,1,0.9309,0.9291,0.0,0.0
2022-03-24 08:00:00,0.9323,0.9345,0.9319,0.9332,10763,0.42325935,0.42325935,0.0,11961.739999999985,530,660,1,0.9309,0.9291,0.0,0.0
2022-03-24 12:00:00,0.9332,0.9332,0.9302,0.9318,12972,-0.73028344,-0.73028344,0.0,12268.939999999986,531,660,0,0.0,0.0,0.0,307.2
2022-03-24 16:00:00,0.9318,0.9324,0.9304,0.9308,12574,-0.90671575,-0.90671575,0.0,12268.939999999986,531,660,2,0.9308,0.9329,0.0,0.0
2022-03-24 20:00:00,0.9308,0.9313,0.9299,0.9301,4587,-0.6129811,-0.6129811,0.0,12268.939999999986,531,660,2,0.9308,0.9329,0.0,0.0
2022-03-25 00:00:00,0.9301,0.9302,0.9266,0.9269,7035,0.29508922,0.29508922,0.0,12268.939999999986,531,660,2,0.9308,0.9329,0.0,0.0
2022-03-25 04:00:00,0.9269,0.9278,0.926,0.9275,5909,-0.6047587,-0.6047587,0.0,12268.939999999986,531,660,2,0.9308,0.9329,0.0,0.0
2022-03-25 08:00:00,0.9275,0.9278,0.9263,0.9268,9174,1.0,1.0,0.0,12718.269999999986,532,660,0,0.0,0.0,0.0,449.33
2022-03-25 12:00:00,0.9268,0.9291,0.9261,0.9287,11821,-0.20203689,-0.20203689,0.0,12718.269999999986,532,660,0,0.9287,0.9295,0.0,0.0
2022-03-25 16:00:00,0.9287,0.9313,0.9283,0.9312,13705,0.43783846,0.43783846,0.0,12718.269999999986,532,660,0,0.9287,0.9295,0.0,0.0
2022-03-25 20:00:00,0.9312,0.9313,0.9302,0.9303,3905,-0.6690057,-0.6690057,0.0,12718.269999999986,532,660,2,0.9303,0.9322,0.0,0.0
2022-03-28 00:00:00,0.9294,0.9318,0.9294,0.9318,4165,-1.0,-1.0,0.0,12718.269999999986,532,660,2,0.9303,0.9322,0.0,0.0
2022-03-28 04:00:00,0.9318,0.9341,0.9316,0.9338,7332,-0.060941752,-0.060941752,0.0,12718.269999999986,532,660,2,0.9303,0.9322,0.0,0.0
2022-03-28 08:00:00,0.9338,0.9381,0.9336,0.9362,13722,-0.48379266,-0.48379266,0.0,12220.879999999986,532,661,0,0.0,0.0,0.0,-497.39
2022-03-28 12:00:00,0.9362,0.9372,0.9342,0.9353,18078,-1.0,-1.0,0.0,12220.879999999986,532,661,2,0.9353,0.9361,0.0,0.0
2022-03-28 16:00:00,0.9353,0.9367,0.9335,0.9337,16465,-0.28519014,-0.28519014,0.0,12220.879999999986,532,661,2,0.9353,0.9361,0.0,0.0
2022-03-28 20:00:00,0.9338,0.9361,0.9333,0.9341,6915,-0.45701575,-0.45701575,0.0,12220.879999999986,532,661,2,0.9353,0.9361,0.0,0.0
2022-03-29 00:00:00,0.9339,0.9356,0.9333,0.935,5824,-0.7165741,-0.7165741,0.0,12220.879999999986,532,661,2,0.9353,0.9361,0.0,0.0
2022-03-29 04:00:00,0.935,0.9351,0.9326,0.9339,7631,1.0,1.0,0.0,12261.889999999987,533,661,0,0.0,0.0,0.0,41.01
2022-03-29 08:00:00,0.9339,0.9374,0.9329,0.9369,10722,-0.6363063,-0.6363063,0.0,12261.889999999987,533,661,2,0.9369,0.9377,0.0,0.0
2022-03-29 12:00:00,0.9369,0.9374,0.932,0.9328,20254,0.9145526,0.9145526,0.0,12261.889999999987,533,661,2,0.9369,0.9377,0.0,0.0
2022-03-29 16:00:00,0.9328,0.9332,0.9298,0.9322,20114,0.10940592,0.10940592,0.0,12261.889999999987,533,661,2,0.9369,0.9377,0.0,0.0
2022-03-29 20:00:00,0.9322,0.9328,0.9306,0.9309,6756,-0.37943035,-0.37943035,0.0,12261.889999999987,533,661,2,0.9369,0.9377,0.0,0.0
2022-03-30 00:00:00,0.9307,0.9316,0.93,0.9301,5069,-0.6028122,-0.6028122,0.0,12261.889999999987,533,661,2,0.9369,0.9377,0.0,0.0
2022-03-30 04:00:00,0.9301,0.9302,0.9276,0.9285,10685,0.50283355,0.50283355,0.0,12261.889999999987,533,661,2,0.9369,0.9377,0.0,0.0
2022-03-30 08:00:00,0.9285,0.929,0.9251,0.9254,14053,1.0,1.0,0.0,13406.239999999987,534,661,0,0.0,0.0,0.0,1144.35
2022-03-30 12:00:00,0.9254,0.9273,0.9243,0.9262,14265,1.0,1.0,0.0,13406.239999999987,534,661,1,0.9262,0.9245,0.0,0.0
2022-03-30 16:00:00,0.9262,0.9268,0.922,0.9228,16127,0.14949112,0.14949112,0.0,13406.239999999987,534,661,1,0.9262,0.9245,0.0,0.0
2022-03-30 20:00:00,0.9228,0.9235,0.9223,0.9231,5728,0.17578644,0.17578644,0.0,12902.919999999987,534,662,0,0.0,0.0,0.0,-503.32
2022-03-31 00:00:00,0.9228,0.9238,0.9222,0.9226,5421,-0.21654251,-0.21654251,0.0,12902.919999999987,534,662,0,0.9254,0.9267,0.0,0.0
2022-03-31 04:00:00,0.9226,0.9249,0.9223,0.9248,6976,-0.25927743,-0.25927743,0.0,12902.919999999987,534,662,0,0.9254,0.9267,0.0,0.0
2022-03-31 08:00:00,0.9248,0.9259,0.9229,0.9247,12424,-0.9468393,-0.9468393,0.0,12902.919999999987,534,662,2,0.9247,0.9255,0.0,0.0
2022-03-31 12:00:00,0.9247,0.9254,0.9233,0.9246,13386,1.0,1.0,0.0,12902.919999999987,534,662,2,0.9247,0.9255,0.0,0.0
2022-03-31 16:00:00,0.9246,0.9253,0.9195,0.9222,19157,0.93810236,0.93810236,0.0,12917.189999999988,535,662,0,0.0,0.0,0.0,14.27
2022-03-31 20:00:00,0.9222,0.9242,0.9212,0.9225,9098,-0.20237643,-0.20237643,0.0,12917.189999999988,535,662,0,0.9225,0.9212,0.0,0.0
2022-04-01 00:00:00,0.9222,0.9244,0.921,0.9243,4672,-0.48827478,-0.48827478,0.0,12917.189999999988,535,662,0,0.9243,0.9268,0.0,0.0
2022-04-01 04:00:00,0.9243,0.925,0.9238,0.9246,6108,0.78236234,0.78236234,0.0,12917.189999999988,535,662,1,0.9246,0.9238,0.0,0.0
2022-04-01 08:00:00,0.9245,0.9246,0.9221,0.9239,10486,-0.10701755,-0.10701755,0.0,12917.189999999988,535,662,1,0.9246,0.9238,0.0,0.0
2022-04-01 12:00:00,0.9239,0.9258,0.9235,0.9257,11357,0.45410576,0.45410576,0.0,12917.189999999988,535,662,1,0.9246,0.9238,0.0,0.0
2022-04-01 16:00:00,0.9257,0.928,0.925,0.9259,13061,0.20832174,0.20832174,0.0,12917.189999999988,535,662,1,0.9246,0.9238,0.0,0.0
2022-04-01 20:00:00,0.9259,0.926,0.9247,0.9256,6883,0.4256749,0.4256749,0.0,12917.189999999988,535,662,1,0.9246,0.9238,0.0,0.0
2022-04-04 00:00:00,0.9252,0.9264,0.9245,0.9255,3168,-1.0,-1.0,0.0,13060.249999999987,536,662,0,0.0,0.0,0.0,143.06
2022-04-04 04:00:00,0.9255,0.9267,0.9255,0.9265,4221,1.0,1.0,0.0,13060.249999999987,536,662,1,0.9265,0.9248,0.0,0.0
2022-04-04 08:00:00,0.9265,0.9271,0.9247,0.9269,8982,0.9621832,0.9621832,0.0,13060.249999999987,536,662,1,0.9265,0.9248,0.0,0.0
2022-04-04 12:00:00,0.9269,0.9281,0.925,0.9256,9186,0.21221614,0.21221614,0.0,13060.249999999987,536,662,1,0.9265,0.9248,0.0,0.0
2022-04-04 16:00:00,0.9256,0.9269,0.9245,0.9265,11122,1.0,1.0,0.0,13060.249999999987,536,662,1,0.9265,0.9248,0.0,0.0
2022-04-04 20:00:00,0.9265,0.9269,0.9261,0.9262,6997,-0.1598634,-0.1598634,0.0,13060.249999999987,536,662,1,0.9265,0.9248,0.0,0.0
2022-04-05 00:00:00,0.9262,0.9267,0.9254,0.9257,2459,-0.6697769,-0.6697769,0.0,13016.819999999987,536,663,0,0.0,0.0,0.0,-43.43
2022-04-05 04:00:00,0.9257,0.9268,0.9256,0.9265,3312,-0.953978,-0.953978,0.0,13016.819999999987,536,663,2,0.9265,0.929,0.0,0.0
2022-04-05 08:00:00,0.9265,0.9267,0.9251,0.9263,9114,1.0,1.0,0.0,13016.819999999987,536,663,2,0.9265,0.929,0.0,0.0
2022-04-05 12:00:00,0.9263,0.9263,0.9244,0.9247,9117,0.36823967,0.36823967,0.0,13016.819999999987,536,663,2,0.9265,0.929,0.0,0.0
2022-04-05 16:00:00,0.9247,0.9297,0.9237,0.9296,14935,-0.39598137,-0.39598137,0.0,13016.819999999987,536,663,2,0.9265,0.929,0.0,0.0
2022-04-05 20:00:00,0.9296,0.9298,0.9289,0.9294,6571,0.5872226,0.5872226,0.0,12567.959999999986,536,664,0,0.0,0.0,0.0,-448.86
2022-04-06 00:00:00,0.9293,0.9311,0.9285,0.9308,3284,-1.0,-1.0,0.0,12567.959999999986,536,664,2,0.9308,0.9316,0.0,0.0
2022-04-06 04:00:00,0.9308,0.9315,0.9298,0.9311,5006,0.14868966,0.14868966,0.0,12567.959999999986,536,664,2,0.9308,0.9316,0.0,0.0
2022-04-06 08:00:00,0.9311,0.935,0.9307,0.9325,11202,-0.25432444,-0.25432444,0.0,12567.959999999986,536,664,2,0.9308,0.9316,0.0,0.0
2022-04-06 12:00:00,0.9325,0.9339,0.9322,0.933,9972,-0.5767484,-0.5767484,0.0,12329.549999999987,536,665,0,0.0,0.0,0.0,-238.41
2022-04-06 16:00:00,0.933,0.934,0.9319,0.9326,12347,-0.23118894,-0.23118894,0.0,12329.549999999987,536,665,0,0.933,0.9345,0.0,0.0
2022-04-06 20:00:00,0.9326,0.9344,0.9304,0.933,12741,1.0,1.0,0.0,12329.549999999987,536,665,1,0.933,0.9322,0.0,0.0
2022-04-07 00:00:00,0.9329,0.9334,0.9317,0.9322,2423,-0.4342623,-0.4342623,0.0,12329.549999999987,536,665,1,0.933,0.9322,0.0,0.0
2022-04-07 04:00:00,0.9322,0.933,0.9318,0.9328,2982,1.0,1.0,0.0,12219.519999999986,536,666,0,0.0,0.0,0.0,-110.03
2022-04-07 08:00:00,0.9328,0.9333,0.9318,0.933,9063,0.08399222,0.08399222,0.0,12219.519999999986,536,666,0,0.933,0.9345,0.0,0.0
2022-04-07 12:00:00,0.933,0.9348,0.9326,0.9335,11480,-1.0,-1.0,0.0,12219.519999999986,536,666,2,0.9335,0.9343,0.0,0.0
2022-04-07 16:00:00,0.9335,0.9344,0.932,0.9342,12851,1.0,1.0,0.0,12219.519999999986,536,666,2,0.9335,0.9343,0.0,0.0
2022-04-07 20:00:00,0.9342,0.9345,0.933,0.934,5485,-1.0,-1.0,0.0,12219.519999999986,536,666,2,0.9335,0.9343,0.0,0.0
2022-04-08 00:00:00,0.9337,0.9348,0.9325,0.9344,2991,0.7477847,0.7477847,0.0,12151.229999999985,536,667,0,0.0,0.0,0.0,-68.29
2022-04-08 04:00:00,0.9344,0.9353,0.934,0.9352,2641,-0.22235532,-0.22235532,0.0,12151.229999999985,536,667,0,0.9335,0.935,0.0,0.0
2022-04-08 08:00:00,0.9352,0.9353,0.9339,0.9351,7436,-0.5555364,-0.5555364,0.0,12151.229999999985,536,667,2,0.9351,0.9376,0.0,0.0
2022-04-08 12:00:00,0.9351,0.9362,0.9345,0.9362,7359,0.7976968,0.7976968,0.0,12151.229999999985,536,667,2,0.9351,0.9376,0.0,0.0
2022-04-08 16:00:00,0.9362,0.9374,0.9327,0.9337,11808,-1.0,-1.0,0.0,12151.229999999985,536,667,2,0.9351,0.9376,0.0,0.0
2022-04-08 20:00:00,0.9336,0.9343,0.9335,0.9341,4956,-0.9921402,-0.9921402,0.0,12151.229999999985,536,667,2,0.9351,0.9376,0.0,0.0
2022-04-11 00:00:00,0.931,0.935,0.931,0.9349,3481,-0.649402,-0.649402,0.0,12151.229999999985,536,667,2,0.9351,0.9376,0.0,0.0
2022-04-11 04:00:00,0.9349,0.9364,0.9342,0.9355,4793,0.56403947,0.56403947,0.0,12178.409999999985,537,667,0,0.0,0.0,0.0,27.18
2022-04-11 08:00:00,0.9355,0.9372,0.9341,0.9345,8862,0.06665044,0.06665044,0.0,12178.409999999985,537,667,0,0.9349,0.9341,0.0,0.0
2022-04-11 12:00:00,0.9345,0.9348,0.9329,0.9331,8538,-0.40458313,-0.40458313,0.0,12178.409999999985,537,667,0,0.9349,0.9341,0.0,0.0
2022-04-11 16:00:00,0.9331,0.9344,0.9304,0.931,11665,0.022161003,0.022161003,0.0,12178.409999999985,537,667,0,0.0,0.0,0.0,0.0
2022-04-11 20:00:00,0.931,0.9317,0.9306,0.9308,4010,-0.12458131,-0.12458131,0.0,12178.409999999985,537,667,0,0.9349,0.9357,0.0,0.0
2022-04-12 00:00:00,0.9307,0.9323,0.9303,0.9317,2516,1.0,1.0,0.0,12178.409999999985,537,667,1,0.9317,0.9292,0.0,0.0
2022-04-12 04:00:00,0.9318,0.9323,0.9305,0.9311,3859,0.11366074,0.11366074,0.0,12178.409999999985,537,667,1,0.9317,0.9292,0.0,0.0
2022-04-12 08:00:00,0.9311,0.9345,0.9307,0.9331,9283,0.49872097,0.49872097,0.0,12178.409999999985,537,667,1,0.9317,0.9292,0.0,0.0
2022-04-12 12:00:00,0.9331,0.9334,0.929,0.9291,11332,-4.5645284e-05,-4.5645284e-05,0.0,12178.409999999985,537,667,1,0.9317,0.9292,0.0,0.0
2022-04-12 16:00:00,0.9291,0.9319,0.9287,0.9313,16022,0.0836142,0.0836142,0.0,11826.379999999985,537,668,0,0.0,0.0,0.0,-352.03
2022-04-12 20:00:00,0.9313,0.9329,0.9311,0.9328,7303,-1.0,-1.0,0.0,11826.379999999985,537,668,2,0.9328,0.9353,0.0,0.0
2022-04-13 00:00:00,0.9326,0.9338,0.9318,0.9336,2436,-0.858614,-0.858614,0.0,11826.379999999985,537,668,2,0.9328,0.9353,0.0,0.0
2022-04-13 04:00:00,0.9336,0.9336,0.9321,0.9328,3439,-0.647036,-0.647036,0.0,11826.379999999985,537,668,2,0.9328,0.9353,0.0,0.0
2022-04-13 08:00:00,0.9328,0.9343,0.9314,0.9318,8523,1.0,1.0,0.0,11826.369999999984,537,669,0,0.0,0.0,0.0,-0.01
2022-04-13 12:00:00,0.9318,0.9356,0.9316,0.9356,9933,-0.7475339,-0.7475339,0.0,11826.369999999984,537,669,2,0.9356,0.9364,0.0,0.0
2022-04-13 16:00:00,0.9356,0.9357,0.9324,0.9339,14723,1.0,1.0,0.0,11826.369999999984,537,669,2,0.9356,0.9364,0.0,0.0
2022-04-13 20:00:00,0.9339,0.9351,0.9336,0.9338,7969,-0.8429965,-0.8429965,0.0,11826.369999999984,537,669,2,0.9356,0.9364,0.0,0.0
2022-04-14 00:00:00,0.9334,0.9353,0.9323,0.9349,3044,-1.0,-1.0,0.0,11826.369999999984,537,669,2,0.9356,0.9364,0.0,0.0
2022-04-14 04:00:00,0.9349,0.9353,0.9324,0.9328,3881,0.044547696,0.044547696,0.0,11826.369999999984,537,669,2,0.9356,0.9364,0.0,0.0
2022-04-14 08:00:00,0.9328,0.9351,0.9325,0.9351,8037,1.0,1.0,0.0,12195.969999999985,538,669,0,0.0,0.0,0.0,369.6
2022-04-14 12:00:00,0.9351,0.9377,0.9342,0.9375,11538,-1.0,-1.0,0.0,12195.969999999985,538,669,2,0.9375,0.9398,0.0,0.0
2022-04-14 16:00:00,0.9375,0.9434,0.9374,0.943,19757,-1.0,-1.0,0.0,12195.969999999985,538,669,2,0.9375,0.9398,0.0,0.0
2022-04-14 20:00:00,0.943,0.9433,0.9421,0.9423,6091,-0.3877273,-0.3877273,0.0,11439.069999999985,538,670,0,0.0,0.0,0.0,-756.9
2022-04-15 00:00:00,0.9422,0.9433,0.9406,0.9427,4359,-0.16822019,-0.16822019,0.0,11439.069999999985,538,670,0,0.9427,0.9402,0.0,0.0
2022-04-15 04:00:00,0.9427,0.9443,0.9425,0.9435,12150,-1.0,-1.0,0.0,11439.069999999985,538,670,2,0.9435,0.9443,0.0,0.0
2022-04-15 08:00:00,0.9435,0.944,0.9412,0.9423,19252,-0.87326294,-0.87326294,0.0,11439.069999999985,538,670,2,0.9435,0.9443,0.0,0.0
2022-04-15 12:00:00,0.9423,0.9425,0.9417,0.9419,11856,0.24659957,0.24659957,0.0,11439.069999999985,538,670,2,0.9435,0.9443,0.0,0.0
2022-04-15 16:00:00,0.9419,0.9436,0.9417,0.9429,11998,-0.1460598,-0.1460598,0.0,11439.069999999985,538,670,2,0.9435,0.9443,0.0,0.0
2022-04-15 20:00:00,0.9429,0.9435,0.942,0.943,1725,0.41743943,0.41743943,0.0,11439.069999999985,538,670,2,0.9435,0.9443,0.0,0.0
2022-04-18 00:00:00,0.9416,0.9437,0.9411,0.9431,3778,0.842583,0.842583,0.0,11503.599999999986,539,670,0,0.0,0.0,0.0,64.53
2022-04-18 04:00:00,0.9431,0.9445,0.9422,0.9444,5765,1.0,1.0,0.0,11503.599999999986,539,670,1,0.9444,0.9436,0.0,0.0
2022-04-18 08:00:00,0.9444,0.9449,0.9431,0.9447,4691,-0.22797534,-0.22797534,0.0,11503.599999999986,539,670,1,0.9444,0.9436,0.0,0.0
2022-04-18 12:00:00,0.9447,0.9447,0.9421,0.9434,4540,-1.0,-1.0,0.0,11542.599999999986,540,670,0,0.0,0.0,0.0,39.0
2022-04-18 16:00:00,0.9435,0.9453,0.9426,0.9447,8122,0.14694709,0.14694709,0.0,11542.599999999986,540,670,0,0.0,0.0,0.0,0.0
2022-04-18 20:00:00,0.9447,0.9448,0.9441,0.9447,7136,-0.031769484,-0.031769484,0.0,11542.599999999986,540,670,0,0.9419,0.9411,0.0,0.0
2022-04-19 00:00:00,0.9444,0.9462,0.9429,0.9455,3579,-1.0,-1.0,0.0,11542.599999999986,540,670,2,0.9455,0.9463,0.0,0.0
2022-04-19 04:00:00,0.9455,0.9466,0.9449,0.9459,6895,1.0,1.0,0.0,11542.599999999986,540,670,2,0.9455,0.9463,0.0,0.0
2022-04-19 08:00:00,0.9459,0.9465,0.9441,0.9461,10132,-0.73376983,-0.73376983,0.0,11542.599999999986,540,670,2,0.9455,0.9463,0.0,0.0
2022-04-19 12:00:00,0.9461,0.9492,0.9434,0.9447,11609,-0.9274209,-0.9274209,0.0,11542.599999999986,540,670,2,0.9455,0.9463,0.0,0.0
2022-04-19 16:00:00,0.9446,0.9497,0.9446,0.9494,14046,0.0023210146,0.0023210146,0.0,11542.599999999986,540,670,2,0.9455,0.9463,0.0,0.0
2022-04-19 20:00:00,0.9494,0.9523,0.9488,0.952,7660,0.6112462,0.6112462,0.0,11031.189999999986,540,671,0,0.0,0.0,0.0,-511.41
2022-04-20 00:00:00,0.9518,0.9531,0.9511,0.9528,4620,1.0,1.0,0.0,11031.189999999986,540,671,1,0.9528,0.9511,0.0,0.0
2022-04-20 04:00:00,0.9528,0.9536,0.9507,0.9508,11338,1.0,1.0,0.0,11031.189999999986,540,671,1,0.9528,0.9511,0.0,0.0
2022-04-20 08:00:00,0.9508,0.9515,0.948,0.9481,9403,0.58171934,0.58171934,0.0,10780.169999999986,540,672,0,0.0,0.0,0.0,-251.02
2022-04-20 12:00:00,0.9481,0.949,0.9455,0.9483,11870,0.2680473,0.2680473,0.0,10780.169999999986,540,672,0,0.0,0.0,0.0,0.0
2022-04-20 16:00:00,0.9483,0.9493,0.946,0.9489,14801,-0.96524894,-0.96524894,0.0,10780.169999999986,540,672,2,0.9489,0.9497,0.0,0.0
2022-04-20 20:00:00,0.9489,0.9492,0.9476,0.9484,8038,-0.06250297,-0.06250297,0.0,10780.169999999986,540,672,2,0.9489,0.9497,0.0,0.0
2022-04-21 00:00:00,0.9483,0.95,0.9481,0.9497,4139,0.2778646,0.2778646,0.0,10780.169999999986,540,672,2,0.9489,0.9497,0.0,0.0
2022-04-21 04:00:00,0.9497,0.9514,0.9495,0.9506,6423,-1.0,-1.0,0.0,10682.159999999985,540,673,0,0.0,0.0,0.0,-98.01
2022-04-21 08:00:00,0.9506,0.9508,0.9457,0.9484,13524,0.050247915,0.050247915,0.0,10682.159999999985,540,673,0,0.0,0.0,0.0,0.0
2022-04-21 12:00:00,0.9484,0.95,0.9471,0.949,10777,-0.25387025,-0.25387025,0.0,10682.159999999985,540,673,0,0.949,0.9498,0.0,0.0
2022-04-21 16:00:00,0.949,0.9553,0.9488,0.954,15699,0.39947048,0.39947048,0.0,10682.159999999985,540,673,0,0.949,0.9498,0.0,0.0
2022-04-21 20:00:00,0.954,0.9543,0.9522,0.9532,12650,-0.11366415,-0.11366415,0.0,10682.159999999985,540,673,0,0.0,0.0,0.0,0.0
2022-04-22 00:00:00,0.9532,0.9548,0.9528,0.9545,3676,0.1804449,0.1804449,0.0,10682.159999999985,540,673,0,0.9545,0.9526,0.0,0.0
2022-04-22 04:00:00,0.9545,0.9545,0.953,0.9535,6003,-0.18713792,-0.18713792,0.0,10682.159999999985,540,673,0,0.9545,0.9526,0.0,0.0
2022-04-22 08:00:00,0.9535,0.9559,0.9529,0.9556,11996,-1.0,-1.0,0.0,10682.159999999985,540,673,2,0.9556,0.9564,0.0,0.0
2022-04-22 12:00:00,0.9556,0.9561,0.9544,0.9554,9907,1.0,1.0,0.0,10682.159999999985,540,673,2,0.9556,0.9564,0.0,0.0
2022-04-22 16:00:00,0.9554,0.9593,0.9544,0.9581,15461,-0.08323054,-0.08323054,0.0,10682.159999999985,540,673,2,0.9556,0.9564,0.0,0.0
2022-04-22 20:00:00,0.9581,0.9582,0.9562,0.9566,7488,-0.84460294,-0.84460294,0.0,10375.989999999985,540,674,0,0.0,0.0,0.0,-306.17
2022-04-25 00:00:00,0.9575,0.9575,0.9555,0.9564,5068,0.105821565,0.105821565,0.0,10375.989999999985,540,674,0,0.9581,0.9589,0.0,0.0
2022-04-25 04:00:00,0.9565,0.9583,0.9563,0.958,8329,-1.0,-1.0,0.0,10375.989999999985,540,674,2,0.958,0.9588,0.0,0.0
2022-04-25 08:00:00,0.958,0.9597,0.9562,0.9587,15476,1.0,1.0,0.0,10375.989999999985,540,674,2,0.958,0.9588,0.0,0.0
2022-04-25 12:00:00,0.9588,0.9592,0.9547,0.9553,13422,-0.8153227,-0.8153227,0.0,10375.989999999985,540,674,2,0.958,0.9588,0.0,0.0
2022-04-25 16:00:00,0.9553,0.959,0.9553,0.9589,16965,-0.6460461,-0.6460461,0.0,10375.989999999985,540,674,2,0.958,0.9588,0.0,0.0
2022-04-25 20:00:00,0.9589,0.9597,0.9583,0.9593,8470,-0.21373908,-0.21373908,0.0,10268.829999999985,540,675,0,0.0,0.0,0.0,-107.16
2022-04-26 00:00:00,0.9593,0.9595,0.957,0.9575,5185,1.0,1.0,0.0,10268.829999999985,540,675,1,0.9575,0.9561,0.0,0.0
2022-04-26 04:00:00,0.9575,0.9591,0.957,0.9586,8707,-0.5600744,-0.5600744,0.0,10268.829999999985,540,675,1,0.9575,0.9561,0.0,0.0
2022-04-26 08:00:00,0.9586,0.9603,0.9582,0.9597,11868,-1.0,-1.0,0.0,10398.389999999985,541,675,0,0.0,0.0,0.0,129.56
2022-04-26 12:00:00,0.9597,0.9599,0.9568,0.9572,10786,-0.70090264,-0.70090264,0.0,10398.389999999985,541,675,2,0.9572,0.958,0.0,0.0
2022-04-26 16:00:00,0.9571,0.9614,0.9565,0.961,14352,-0.8121385,-0.8121385,0.0,10398.389999999985,541,675,2,0.9572,0.958,0.0,0.0
2022-04-26 20:00:00,0.961,0.9627,0.9609,0.9624,6620,-0.25804386,-0.25804386,0.0,9943.999999999985,541,676,0,0.0,0.0,0.0,-454.39
2022-04-27 00:00:00,0.9622,0.9632,0.9614,0.9627,4183,-0.5854624,-0.5854624,0.0,9943.999999999985,541,676,2,0.9627,0.9635,0.0,0.0
2022-04-27 04:00:00,0.9627,0.9639,0.9617,0.9627,6843,-0.14146829,-0.14146829,0.0,9943.999999999985,541,676,2,0.9627,0.9635,0.0,0.0
2022-04-27 08:00:00,0.9627,0.9657,0.9625,0.9656,13968,-0.9977471,-0.9977471,0.0,9943.999999999985,541,676,2,0.9627,0.9635,0.0,0.0
2022-04-27 12:00:00,0.9656,0.9696,0.9633,0.9689,13561,0.33015954,0.33015954,0.0,9610.789999999986,541,677,0,0.0,0.0,0.0,-333.21
2022-04-27 16:00:00,0.9689,0.9702,0.9678,0.9681,16382,-1.0,-1.0,0.0,9610.789999999986,541,677,2,0.9681,0.9689,0.0,0.0
2022-04-27 20:00:00,0.9681,0.9693,0.9674,0.969,7874,-0.2934326,-0.2934326,0.0,9610.789999999986,541,677,2,0.9681,0.9689,0.0,0.0
2022-04-28 00:00:00,0.9689,0.97,0.9658,0.9696,3483,0.77069587,0.77069587,0.0,9510.489999999987,541,678,0,0.0,0.0,0.0,-100.3
2022-04-28 04:00:00,0.9696,0.9718,0.9689,0.9709,10198,0.15358926,0.15358926,0.0,9510.489999999987,541,678,0,0.9627,0.9619,0.0,0.0
2022-04-28 08:00:00,0.9709,0.9721,0.9681,0.9715,18168,-0.0052747363,-0.0052747363,0.0,9510.489999999987,541,678,0,0.0,0.0,0.0,0.0
2022-04-28 12:00:00,0.9715,0.9759,0.9702,0.9757,17776,-0.4769163,-0.4769163,0.0,9510.489999999987,541,678,0,0.9715,0.9726,0.0,0.0
2022-04-28 16:00:00,0.9757,0.9759,0.9705,0.9706,19544,-1.0,-1.0,0.0,9510.489999999987,541,678,2,0.9706,0.9714,0.0,0.0
2022-04-28 20:00:00,0.9706,0.9723,0.9705,0.9718,8645,0.06416997,0.06416997,0.0,9510.489999999987,541,678,2,0.9706,0.9714,0.0,0.0
2022-04-29 00:00:00,0.9722,0.9722,0.9705,0.971,2924,-0.5787352,-0.5787352,0.0,9377.769999999988,541,679,0,0.0,0.0,0.0,-132.72
2022-04-29 04:00:00,0.971,0.9722,0.97,0.971,6304,-1.0,-1.0,0.0,9377.769999999988,541,679,2,0.971,0.9732,0.0,0.0
2022-04-29 08:00:00,0.971,0.9716,0.968,0.9686,11869,0.4808499,0.4808499,0.0,9377.769999999988,541,679,2,0.971,0.9732,0.0,0.0
2022-04-29 12:00:00,0.9686,0.9736,0.9684,0.9724,14411,-0.18089375,-0.18089375,0.0,9377.769999999988,541,679,2,0.971,0.9732,0.0,0.0
2022-04-29 16:00:00,0.9725,0.9737,0.9671,0.9722,18587,1.0,1.0,0.0,9224.999999999987,541,680,0,0.0,0.0,0.0,-152.77
2022-04-29 20:00:00,0.9722,0.9735,0.9699,0.9734,8596,0.49251115,0.49251115,0.0,9224.999999999987,541,680,0,0.0,0.0,0.0,0.0
2022-05-02 00:00:00,0.9693,0.9748,0.9692,0.9746,4209,-0.138405,-0.138405,0.0,9224.999999999987,541,680,0,0.9746,0.9727,0.0,0.0
2022-05-02 04:00:00,0.9746,0.975,0.9734,0.9748,4750,-0.13162526,-0.13162526,0.0,9224.999999999987,541,680,0,0.9746,0.9727,0.0,0.0
2022-05-02 08:00:00,0.9748,0.975,0.9714,0.9714,7058,0.73834825,0.73834825,0.0,9224.999999999987,541,680,1,0.9714,0.9706,0.0,0.0
2022-05-02 12:00:00,0.9714,0.9763,0.9714,0.976,4984,-0.6002179,-0.6002179,0.0,9224.999999999987,541,680,1,0.9714,0.9706,0.0,0.0
2022-05-02 16:00:00,0.976,0.9785,0.9752,0.978,7447,1.0,1.0,0.0,9224.999999999987,541,680,1,0.9714,0.9706,0.0,0.0
2022-05-02 20:00:00,0.978,0.9789,0.9774,0.9778,4528,-1.0,-1.0,0.0,9937.499999999987,542,680,0,0.0,0.0,0.0,712.5
2022-05-03 00:00:00,0.9777,0.9784,0.9758,0.9768,2728,0.2928711,0.2928711,0.0,9937.499999999987,542,680,0,0.978,0.9772,0.0,0.0
2022-05-03 04:00:00,0.9768,0.9791,0.9766,0.9791,3170,-0.055089604,-0.055089604,0.0,9937.499999999987,542,680,0,0.0,0.0,0.0,0.0
2022-05-03 08:00:00,0.9791,0.9792,0.9774,0.9787,6922,-0.8223415,-0.8223415,0.0,9937.499999999987,542,680,2,0.9787,0.9795,0.0,0.0
2022-05-03 12:00:00,0.9787,0.9794,0.9721,0.9736,7781,0.32274875,0.32274875,0.0,9937.499999999987,542,680,2,0.9787,0.9795,0.0,0.0
2022-05-03 16:00:00,0.9736,0.9799,0.9729,0.9791,8982,-1.0,-1.0,0.0,9937.499999999987,542,680,2,0.9787,0.9795,0.0,0.0
2022-05-03 20:00:00,0.9791,0.9798,0.9779,0.9789,6823,0.79559517,0.79559517,0.0,9890.919999999987,542,681,0,0.0,0.0,0.0,-46.58
2022-05-04 00:00:00,0.9788,0.9794,0.977,0.9789,2192,0.15314905,0.15314905,0.0,9890.919999999987,542,681,0,0.9789,0.9797,0.0,0.0
2022-05-04 04:00:00,0.9789,0.9799,0.9785,0.9798,3328,-1.0,-1.0,0.0,9890.919999999987,542,681,2,0.9798,0.9806,0.0,0.0
2022-05-04 08:00:00,0.9798,0.9806,0.9781,0.9806,6043,-1.0,-1.0,0.0,9890.919999999987,542,681,2,0.9798,0.9806,0.0,0.0
2022-05-04 12:00:00,0.9806,0.9819,0.9791,0.9801,7127,0.507814,0.507814,0.0,9798.059999999987,542,682,0,0.0,0.0,0.0,-92.86
2022-05-04 16:00:00,0.9801,0.9839,0.9801,0.9833,9676,1.0,1.0,0.0,9798.059999999987,542,682,1,0.9833,0.9825,0.0,0.0
2022-05-04 20:00:00,0.9833,0.9852,0.972,0.9721,27073,0.594673,0.594673,0.0,9798.059999999987,542,682,1,0.9833,0.9825,0.0,0.0
2022-05-05 00:00:00,0.972,0.9748,0.9717,0.9733,4582,-1.0,-1.0,0.0,8521.579999999987,542,683,0,0.0,0.0,0.0,-1276.48
2022-05-05 04:00:00,0.9733,0.9736,0.9709,0.9731,6076,0.13655402,0.13655402,0.0,8521.579999999987,542,683,0,0.9731,0.9756,0.0,0.0
2022-05-05 08:00:00,0.9731,0.9799,0.9728,0.9783,10371,0.6734606,0.6734606,0.0,8521.579999999987,542,683,1,0.9783,0.9758,0.0,0.0
2022-05-05 12:00:00,0.9783,0.9827,0.9754,0.9825,13317,0.28889513,0.28889513,0.0,8521.579999999987,542,683,1,0.9783,0.9758,0.0,0.0
2022-05-05 16:00:00,0.9825,0.9888,0.9816,0.9875,16906,-0.54525524,-0.54525524,0.0,8521.579999999987,542,683,1,0.9783,0.9758,0.0,0.0
2022-05-05 20:00:00,0.9875,0.989,0.9845,0.9848,9529,0.087102406,0.087102406,0.0,8521.579999999987,542,683,1,0.9783,0.9758,0.0,0.0
2022-05-06 00:00:00,0.9848,0.986,0.9836,0.9856,5157,1.0,1.0,0.0,8521.579999999987,542,683,1,0.9783,0.9758,0.0,0.0
2022-05-06 04:00:00,0.9856,0.9884,0.9854,0.9864,7777,0.39171788,0.39171788,0.0,8521.579999999987,542,683,1,0.9783,0.9758,0.0,0.0
2022-05-06 08:00:00,0.9864,0.9881,0.9831,0.9846,12845,-1.0,-1.0,0.0,9336.279999999988,543,683,0,0.0,0.0,0.0,814.7
2022-05-06 12:00:00,0.9846,0.988,0.9829,0.9869,12112,-1.0,-1.0,0.0,9336.279999999988,543,683,2,0.9869,0.9894,0.0,0.0
2022-05-06 16:00:00,0.9869,0.9888,0.9827,0.9865,15740,-0.37520167,-0.37520167,0.0,9336.279999999988,543,683,2,0.9869,0.9894,0.0,0.0
2022-05-06 20:00:00,0.9865,0.9893,0.986,0.9885,5847,-0.63861954,-0.63861954,0.0,9336.279999999988,543,683,2,0.9869,0.9894,0.0,0.0
2022-05-09 00:00:00,0.9866,0.9908,0.9859,0.9906,4699,0.99570197,0.99570197,0.0,9159.579999999987,543,684,0,0.0,0.0,0.0,-176.7
2022-05-09 04:00:00,0.9906,0.9923,0.9899,0.9921,7490,0.0269101,0.0269101,0.0,9159.579999999987,543,684,0,0.9864,0.9839,0.0,0.0
2022-05-09 08:00:00,0.9922,0.9946,0.9917,0.9937,11593,0.54631436,0.54631436,0.0,9159.579999999987,543,684,1,0.9937,0.9919,0.0,0.0
2022-05-09 12:00:00,0.9937,0.9939,0.9893,0.9901,12175,-0.12645063,-0.12645063,0.0,9159.579999999987,543,684,1,0.9937,0.9919,0.0,0.0
2022-05-09 16:00:00,0.9901,0.9966,0.9898,0.9922,13909,-0.31411296,-0.31411296,0.0,8768.909999999987,543,685,0,0.0,0.0,0.0,-390.67
2022-05-09 20:00:00,0.9922,0.9941,0.9921,0.9937,8859,-1.0,-1.0,0.0,8768.909999999987,543,685,2,0.9937,0.9947,0.0,0.0
2022-05-10 00:00:00,0.9937,0.9938,0.9917,0.9927,5750,-0.16081297,-0.16081297,0.0,8768.909999999987,543,685,2,0.9937,0.9947,0.0,0.0
2022-05-10 04:00:00,0.9927,0.993,0.9912,0.9917,8569,-0.111684434,-0.111684434,0.0,8768.909999999987,543,685,2,0.9937,0.9947,0.0,0.0
2022-05-10 08:00:00,0.9917,0.994,0.991,0.9933,12937,1.0,1.0,0.0,8977.009999999987,544,685,0,0.0,0.0,0.0,208.1
2022-05-10 12:00:00,0.9933,0.9975,0.9907,0.9914,11906,0.042448547,0.042448547,0.0,8977.009999999987,544,685,0,0.9933,0.992,0.0,0.0
2022-05-10 16:00:00,0.9914,0.9954,0.9906,0.9951,15278,1.0,1.0,0.0,8977.009999999987,544,685,1,0.9951,0.9938,0.0,0.0
2022-05-10 20:00:00,0.9951,0.9965,0.9947,0.9956,6801,-0.4634973,-0.4634973,0.0,8977.009999999987,544,685,1,0.9951,0.9938,0.0,0.0
2022-05-11 00:00:00,0.9952,0.9964,0.9943,0.9957,3299,-1.0,-1.0,0.0,9030.469999999987,545,685,0,0.0,0.0,0.0,53.46
2022-05-11 04:00:00,0.9957,0.9959,0.9946,0.9947,5098,-0.8918937,-0.8918937,0.0,9030.469999999987,545,685,2,0.9947,0.9966,0.0,0.0
2022-05-11 08:00:00,0.9947,0.9952,0.9877,0.9887,13549,1.0,1.0,0.0,9030.469999999987,545,685,2,0.9947,0.9966,0.0,0.0
2022-05-11 12:00:00,0.9887,0.9962,0.9872,0.9957,16097,-1.0,-1.0,0.0,9030.469999999987,545,685,2,0.9947,0.9966,0.0,0.0
2022-05-11 16:00:00,0.9956,0.9959,0.9874,0.9918,23650,1.0,1.0,0.0,8922.869999999986,545,686,0,0.0,0.0,0.0,-107.6
2022-05-11 20:00:00,0.9918,0.9945,0.9913,0.994,12133,0.24167633,0.24167633,0.0,8922.869999999986,545,686,0,0.994,0.9932,0.0,0.0
2022-05-12 00:00:00,0.9941,0.9952,0.9917,0.9942,4588,-0.28457177,-0.28457177,0.0,8922.869999999986,545,686,0,0.994,0.9932,0.0,0.0
2022-05-12 04:00:00,0.9942,0.9959,0.9938,0.9959,6568,-0.92481375,-0.92481375,0.0,8922.869999999986,545,686,2,0.9959,0.9967,0.0,0.0
2022-05-12 08:00:00,0.9959,0.9969,0.9932,0.9966,14785,0.16711302,0.16711302,0.0,8922.869999999986,545,686,2,0.9959,0.9967,0.0,0.0
2022-05-12 12:00:00,0.9966,0.9976,0.9946,0.9966,14127,1.0,1.0,0.0,8848.379999999986,545,687,0,0.0,0.0,0.0,-74.49
2022-05-12 16:00:00,0.9966,1.0038,0.996,1.0035,19010,0.29538116,0.29538116,0.0,8848.379999999986,545,687,0,1.0035,1.0027,0.0,0.0
2022-05-12 20:00:00,1.0035,1.0049,1.0025,1.0025,11859,0.3266992,0.3266992,0.0,8848.379999999986,545,687,0,1.0035,1.0027,0.0,0.0
2022-05-13 00:00:00,1.0025,1.0036,1.0019,1.0029,5054,0.21200489,0.21200489,0.0,8848.379999999986,545,687,0,0.0,0.0,0.0,0.0
2022-05-13 04:00:00,1.0029,1.0041,1.0017,1.0025,8067,-0.40755016,-0.40755016,0.0,8848.379999999986,545,687,0,1.0025,1.005,0.0,0.0
2022-05-13 08:00:00,1.0025,1.003,0.9994,1.0002,11139,-0.0560354,-0.0560354,0.0,8848.379999999986,545,687,0,1.0025,1.005,0.0,0.0
2022-05-13 12:00:00,1.0002,1.0018,0.9992,1.0015,10917,0.24908936,0.24908936,0.0,8848.379999999986,545,687,0,1.0025,1.005,0.0,0.0
2022-05-13 16:00:00,1.0015,1.0047,1.0004,1.002,16344,1.0,1.0,0.0,8848.379999999986,545,687,1,1.002,0.9995,0.0,0.0
2022-05-13 20:00:00,1.002,1.0035,1.0016,1.002,7689,0.6426404,0.6426404,0.0,8848.379999999986,545,687,1,1.002,0.9995,0.0,0.0
2022-05-16 00:00:00,1.0005,1.0031,1.0004,1.0026,3074,-0.42693952,-0.42693952,0.0,8848.379999999986,545,687,1,1.002,0.9995,0.0,0.0
2022-05-16 04:00:00,1.0027,1.0033,1.0017,1.003,6786,0.9183313,0.9183313,0.0,8848.379999999986,545,687,1,1.002,0.9995,0.0,0.0
2022-05-16 08:00:00,1.003,1.0059,1.0022,1.0046,10120,-1.0,-1.0,0.0,8954.569999999987,546,687,0,0.0,0.0,0.0,106.19
2022-05-16 12:00:00,1.0045,1.0065,1.0032,1.0045,10377,0.61587673,0.61587673,0.0,8954.569999999987,546,687,1,1.0045,1.002,0.0,0.0
2022-05-16 16:00:00,1.0045,1.0061,1.0024,1.0025,12873,-1.0,-1.0,0.0,8954.569999999987,546,687,1,1.0045,1.002,0.0,0.0
2022-05-16 20:00:00,1.0025,1.0034,1.0007,1.0014,8046,0.6038091,0.6038091,0.0,8954.569999999987,546,687,1,1.0045,1.002,0.0,0.0
2022-05-17 00:00:00,1.0017,1.0024,1.0005,1.0017,3975,0.20704712,0.20704712,0.0,8621.929999999988,546,688,0,0.0,0.0,0.0,-332.64
2022-05-17 04:00:00,1.0016,1.0023,1.0013,1.0018,6173,0.18589224,0.18589224,0.0,8621.929999999988,546,688,0,1.0014,1.0022,0.0,0.0
2022-05-17 08:00:00,1.0017,1.0018,0.9957,0.9963,11828,-0.56888044,-0.56888044,0.0,8621.929999999988,546,688,2,0.9963,0.9988,0.0,0.0
2022-05-17 12:00:00,0.9964,0.9974,0.9918,0.9923,14831,-0.39552882,-0.39552882,0.0,8621.929999999988,546,688,2,0.9963,0.9988,0.0,0.0
2022-05-17 16:00:00,0.9923,0.994,0.9919,0.9934,13446,-0.06710732,-0.06710732,0.0,8621.929999999988,546,688,2,0.9963,0.9988,0.0,0.0
2022-05-17 20:00:00,0.9934,0.9959,0.9924,0.9935,12296,0.0023261756,0.0023261756,0.0,8621.929999999988,546,688,2,0.9963,0.9988,0.0,0.0
2022-05-18 00:00:00,0.9933,0.9944,0.9923,0.9929,2907,-0.8005922,-0.8005922,0.0,8621.929999999988,546,688,2,0.9963,0.9988,0.0,0.0
2022-05-18 04:00:00,0.9929,0.9948,0.9928,0.9944,4890,0.18272243,0.18272243,0.0,8621.929999999988,546,688,2,0.9963,0.9988,0.0,0.0
2022-05-18 08:00:00,0.9944,0.9985,0.9937,0.9972,10695,-1.0,-1.0,0.0,8621.929999999988,546,688,2,0.9963,0.9988,0.0,0.0
2022-05-18 12:00:00,0.9972,0.9978,0.9955,0.9973,10128,1.0,1.0,0.0,8529.329999999987,546,689,0,0.0,0.0,0.0,-92.6
2022-05-18 16:00:00,0.9973,0.9975,0.9862,0.9871,15864,-1.0,-1.0,0.0,8529.329999999987,546,689,2,0.9871,0.9879,0.0,0.0
2022-05-18 20:00:00,0.9871,0.9887,0.986,0.988,10747,0.7365007,0.7365007,0.0,8529.329999999987,546,689,2,0.9871,0.9879,0.0,0.0
2022-05-19 00:00:00,0.9881,0.9892,0.9858,0.987,5520,-1.0,-1.0,0.0,8438.569999999987,546,690,0,0.0,0.0,0.0,-90.76
2022-05-19 04:00:00,0.987,0.9874,0.9853,0.9859,6570,-0.50095296,-0.50095296,0.0,8438.569999999987,546,690,2,0.9859,0.9867,0.0,0.0
2022-05-19 08:00:00,0.9859,0.9866,0.9757,0.9764,11695,-0.8934497,-0.8934497,0.0,8438.569999999987,546,690,2,0.9859,0.9867,0.0,0.0
2022-05-19 12:00:00,0.9764,0.9781,0.972,0.9739,11490,0.79994476,0.79994476,0.0,9375.179999999988,547,690,0,0.0,0.0,0.0,936.61
2022-05-19 16:00:00,0.9739,0.9739,0.9709,0.9713,19996,-0.35400882,-0.35400882,0.0,9375.179999999988,547,690,0,0.9713,0.9737,0.0,0.0
2022-05-19 20:00:00,0.9713,0.973,0.9697,0.9729,10403,0.053252928,0.053252928,0.0,9375.179999999988,547,690,0,0.9713,0.9737,0.0,0.0
2022-05-20 00:00:00,0.9727,0.9734,0.9714,0.9728,2921,-0.7903903,-0.7903903,0.0,9375.179999999988,547,690,2,0.9728,0.9736,0.0,0.0
2022-05-20 04:00:00,0.9728,0.9736,0.9706,0.971,7447,1.0,1.0,0.0,9375.179999999988,547,690,2,0.9728,0.9736,0.0,0.0
2022-05-20 08:00:00,0.971,0.9746,0.9694,0.9729,12727,-0.72891015,-0.72891015,0.0,9375.179999999988,547,690,2,0.9728,0.9736,0.0,0.0
2022-05-20 12:00:00,0.9729,0.9737,0.97,0.9736,9886,-0.06750681,-0.06750681,0.0,9375.179999999988,547,690,2,0.9728,0.9736,0.0,0.0
2022-05-20 16:00:00,0.9736,0.9759,0.9731,0.9746,14715,1.0,1.0,0.0,9287.789999999988,547,691,0,0.0,0.0,0.0,-87.39
2022-05-20 20:00:00,0.9746,0.9764,0.9741,0.9745,12552,0.7265838,0.7265838,0.0,9287.789999999988,547,691,1,0.9745,0.9737,0.0,0.0
2022-05-23 00:00:00,0.9732,0.9753,0.9729,0.9736,4622,0.5976475,0.5976475,0.0,9287.789999999988,547,691,1,0.9745,0.9737,0.0,0.0
2022-05-23 04:00:00,0.9736,0.974,0.9712,0.972,6379,0.9415799,0.9415799,0.0,9190.399999999989,547,692,0,0.0,0.0,0.0,-97.39
2022-05-23 08:00:00,0.972,0.9729,0.9689,0.9691,11760,-0.5124543,-0.5124543,0.0,9190.399999999989,547,692,2,0.9691,0.9716,0.0,0.0
2022-05-23 12:00:00,0.969,0.9692,0.9628,0.9652,14559,0.27581298,0.27581298,0.0,9190.399999999989,547,692,2,0.9691,0.9716,0.0,0.0
2022-05-23 16:00:00,0.9652,0.9666,0.9641,0.9663,12603,-0.6340636,-0.6340636,0.0,9190.399999999989,547,692,2,0.9691,0.9716,0.0,0.0
2022-05-23 20:00:00,0.9663,0.9669,0.9653,0.9655,7533,0.02950741,0.02950741,0.0,9190.399999999989,547,692,2,0.9691,0.9716,0.0,0.0
2022-05-24 00:00:00,0.9654,0.9669,0.965,0.9667,3978,-0.6840178,-0.6840178,0.0,9190.399999999989,547,692,2,0.9691,0.9716,0.0,0.0
2022-05-24 04:00:00,0.9667,0.967,0.9661,0.9666,5655,-0.09549766,-0.09549766,0.0,9190.399999999989,547,692,2,0.9691,0.9716,0.0,0.0
2022-05-24 08:00:00,0.9666,0.9668,0.9611,0.9631,14813,-0.9716506,-0.9716506,0.0,9190.399999999989,547,692,2,0.9691,0.9716,0.0,0.0
2022-05-24 12:00:00,0.9631,0.9666,0.9624,0.9638,13469,-0.18731533,-0.18731533,0.0,9190.399999999989,547,692,2,0.9691,0.9716,0.0,0.0
2022-05-24 16:00:00,0.9638,0.9639,0.9574,0.9605,17567,1.0,1.0,0.0,9752.139999999989,548,692,0,0.0,0.0,0.0,561.74
2022-05-24 20:00:00,0.9605,0.961,0.9598,0.9598,9825,-0.63509583,-0.63509583,0.0,9752.139999999989,548,692,2,0.9598,0.9622,0.0,0.0
2022-05-25 00:00:00,0.9595,0.9615,0.9586,0.9612,3676,0.34485173,0.34485173,0.0,9752.139999999989,548,692,2,0.9598,0.9622,0.0,0.0
2022-05-25 04:00:00,0.9613,0.9629,0.9609,0.9623,9156,-1.0,-1.0,0.0,9752.139999999989,548,692,2,0.9598,0.9622,0.0,0.0
2022-05-25 08:00:00,0.9622,0.9631,0.9613,0.9628,13165,1.0,1.0,0.0,9471.399999999989,548,693,0,0.0,0.0,0.0,-280.74
2022-05-25 12:00:00,0.9628,0.9643,0.9607,0.9619,15058,0.4189211,0.4189211,0.0,9471.399999999989,548,693,0,0.9598,0.9573,0.0,0.0
2022-05-25 16:00:00,0.9619,0.9638,0.9613,0.9638,13257,0.44596934,0.44596934,0.0,9471.399999999989,548,693,0,0.0,0.0,0.0,0.0
2022-05-25 20:00:00,0.9638,0.9638,0.9608,0.9617,14461,-0.010770824,-0.010770824,0.0,9471.399999999989,548,693,0,0.9617,0.9609,0.0,0.0
2022-05-26 00:00:00,0.9619,0.9619,0.9597,0.9614,4500,-0.09732054,-0.09732054,0.0,9471.399999999989,548,693,0,0.9617,0.9609,0.0,0.0
2022-05-26 04:00:00,0.9613,0.9625,0.9612,0.9624,6945,-0.8887111,-0.8887111,0.0,9471.399999999989,548,693,2,0.9624,0.9638,0.0,0.0
2022-05-26 08:00:00,0.9624,0.9632,0.9591,0.9597,9328,0.81843424,0.81843424,0.0,9471.399999999989,548,693,2,0.9624,0.9638,0.0,0.0
2022-05-26 12:00:00,0.9597,0.9616,0.9583,0.9609,14190,0.7275489,0.7275489,0.0,9471.399999999989,548,693,2,0.9624,0.9638,0.0,0.0
2022-05-26 16:00:00,0.9609,0.9614,0.9591,0.9606,14449,-1.0,-1.0,0.0,9471.399999999989,548,693,2,0.9624,0.9638,0.0,0.0
2022-05-26 20:00:00,0.9606,0.9608,0.9586,0.9588,9738,-0.24677642,-0.24677642,0.0,9471.399999999989,548,693,2,0.9624,0.9638,0.0,0.0
2022-05-27 00:00:00,0.9595,0.9598,0.9583,0.9583,3721,0.2774817,0.2774817,0.0,9471.399999999989,548,693,2,0.9624,0.9638,0.0,0.0
2022-05-27 04:00:00,0.9583,0.9586,0.9565,0.9577,7251,-0.118242554,-0.118242554,0.0,9471.399999999989,548,693,2,0.9624,0.9638,0.0,0.0
2022-05-27 08:00:00,0.9577,0.9603,0.9574,0.9587,9804,-0.8074201,-0.8074201,0.0,9471.399999999989,548,693,2,0.9624,0.9638,0.0,0.0
2022-05-27 12:00:00,0.9587,0.9598,0.9549,0.9579,12503,1.0,1.0,0.0,9873.399999999989,549,693,0,0.0,0.0,0.0,402.0
2022-05-27 16:00:00,0.9579,0.9585,0.9545,0.958,13554,-0.15636316,-0.15636316,0.0,9873.399999999989,549,693,0,0.9587,0.9595,0.0,0.0
2022-05-27 20:00:00,0.958,0.9585,0.957,0.9572,7815,0.7692475,0.7692475,0.0,9873.399999999989,549,693,1,0.9572,0.955,0.0,0.0
2022-05-30 00:00:00,0.955,0.9583,0.955,0.9578,3570,-0.6614641,-0.6614641,0.0,9873.399999999989,549,693,1,0.9572,0.955,0.0,0.0
2022-05-30 04:00:00,0.9578,0.9581,0.9556,0.9564,6715,-1.0,-1.0,0.0,9941.279999999988,550,693,0,0.0,0.0,0.0,67.88
2022-05-30 08:00:00,0.9565,0.9589,0.9554,0.9567,9825,-1.0,-1.0,0.0,9941.279999999988,550,693,2,0.9567,0.9581,0.0,0.0
2022-05-30 12:00:00,0.9567,0.9606,0.9565,0.9601,11009,1.0,1.0,0.0,9941.279999999988,550,693,2,0.9567,0.9581,0.0,0.0
2022-05-30 16:00:00,0.9601,0.9603,0.9569,0.9576,10463,0.9973052,0.9973052,0.0,9552.959999999988,550,694,0,0.0,0.0,0.0,-388.32
2022-05-30 20:00:00,0.9576,0.9578,0.9569,0.9569,5414,-0.5148148,-0.5148148,0.0,9552.959999999988,550,694,2,0.9569,0.9594,0.0,0.0
2022-05-31 00:00:00,0.9572,0.9612,0.9549,0.9611,4260,0.4899263,0.4899263,0.0,9552.959999999988,550,694,2,0.9569,0.9594,0.0,0.0
2022-05-31 04:00:00,0.9611,0.9614,0.9592,0.96,7595,0.8765465,0.8765465,0.0,9091.529999999988,550,695,0,0.0,0.0,0.0,-461.43
2022-05-31 08:00:00,0.9601,0.9616,0.9589,0.9609,9881,0.6672306,0.6672306,0.0,9091.529999999988,550,695,1,0.9609,0.9601,0.0,0.0
2022-05-31 12:00:00,0.9608,0.962,0.9579,0.9613,14489,0.7847965,0.7847965,0.0,9091.529999999988,550,695,1,0.9609,0.9601,0.0,0.0
2022-05-31 16:00:00,0.9613,0.9613,0.9568,0.9584,20538,1.0,1.0,0.0,9091.529999999988,550,695,1,0.9609,0.9601,0.0,0.0
2022-05-31 20:00:00,0.9584,0.9599,0.957,0.9595,13925,-0.18522766,-0.18522766,0.0,8830.869999999988,550,696,0,0.0,0.0,0.0,-260.66
2022-06-01 00:00:00,0.9594,0.9601,0.9566,0.9601,4123,0.5259242,0.5259242,0.0,8830.869999999988,550,696,1,0.9601,0.9593,0.0,0.0
2022-06-01 04:00:00,0.9601,0.9617,0.96,0.9614,6171,-1.0,-1.0,0.0,8830.869999999988,550,696,1,0.9601,0.9593,0.0,0.0
2022-06-01 08:00:00,0.9614,0.9619,0.9589,0.9615,10121,-0.9509942,-0.9509942,0.0,8962.929999999988,551,696,0,0.0,0.0,0.0,132.06
2022-06-01 12:00:00,0.9615,0.9628,0.9602,0.9604,10313,1.0,1.0,0.0,8962.929999999988,551,696,1,0.9604,0.9596,0.0,0.0
2022-06-01 16:00:00,0.9604,0.9659,0.9596,0.9635,19069,1.0,1.0,0.0,8962.929999999988,551,696,1,0.9604,0.9596,0.0,0.0
2022-06-01 20:00:00,0.9636,0.9637,0.9623,0.9629,10096,-0.92096883,-0.92096883,0.0,9283.259999999987,552,696,0,0.0,0.0,0.0,320.33
2022-06-02 00:00:00,0.9624,0.9636,0.961,0.9627,4166,1.0,1.0,0.0,9283.259999999987,552,696,1,0.9627,0.9619,0.0,0.0
2022-06-02 04:00:00,0.9627,0.9637,0.9625,0.9628,6174,-1.0,-1.0,0.0,9283.259999999987,552,696,1,0.9627,0.9619,0.0,0.0
2022-06-02 08:00:00,0.9628,0.9635,0.9575,0.9608,12247,-0.6317516,-0.6317516,0.0,9283.259999999987,552,696,1,0.9627,0.9619,0.0,0.0
2022-06-02 12:00:00,0.9608,0.9613,0.9581,0.959,11733,0.3472247,0.3472247,0.0,9080.469999999987,552,697,0,0.0,0.0,0.0,-202.79
2022-06-02 16:00:00,0.959,0.9615,0.9583,0.9587,16258,0.9092383,0.9092383,0.0,9080.469999999987,552,697,1,0.9587,0.9579,0.0,0.0
2022-06-02 20:00:00,0.9587,0.9591,0.9574,0.9577,8673,1.0,1.0,0.0,9080.469999999987,552,697,1,0.9587,0.9579,0.0,0.0
2022-06-03 00:00:00,0.9575,0.958,0.9566,0.957,3330,0.7733734,0.7733734,0.0,8976.399999999987,552,698,0,0.0,0.0,0.0,-104.07
2022-06-03 04:00:00,0.957,0.9579,0.957,0.9579,4386,-0.5743282,-0.5743282,0.0,8976.399999999987,552,698,2,0.9579,0.9587,0.0,0.0
2022-06-03 08:00:00,0.9579,0.9584,0.9556,0.9582,7454,-0.44010156,-0.44010156,0.0,8976.399999999987,552,698,2,0.9579,0.9587,0.0,0.0
2022-06-03 12:00:00,0.9582,0.9643,0.9581,0.9626,11979,-1.0,-1.0,0.0,8976.399999999987,552,698,2,0.9579,0.9587,0.0,0.0
2022-06-03 16:00:00,0.9626,0.9639,0.96,0.9624,15502,0.19264425,0.19264425,0.0,8490.439999999988,552,699,0,0.0,0.0,0.0,-485.96
2022-06-03 20:00:00,0.9624,0.9631,0.962,0.9628,7764,0.005908571,0.005908571,0.0,8490.439999999988,552,699,0,0.9626,0.9614,0.0,0.0
2022-06-06 00:00:00,0.9609,0.9631,0.9609,0.9628,1801,1.0,1.0,0.0,8490.439999999988,552,699,1,0.9628,0.9617,0.0,0.0
2022-06-06 04:00:00,0.9627,0.9628,0.9612,0.9616,3816,0.030392105,0.030392105,0.0,8490.439999999988,552,699,1,0.9628,0.9617,0.0,0.0
2022-06-06 08:00:00,0.9616,0.9624,0.9606,0.9608,8562,-0.6624082,-0.6624082,0.0,8373.199999999988,552,700,0,0.0,0.0,0.0,-117.24
2022-06-06 12:00:00,0.9608,0.9634,0.9606,0.963,5800,0.56061924,0.56061924,0.0,8373.199999999988,552,700,1,0.963,0.9622,0.0,0.0
2022-06-06 16:00:00,0.963,0.9699,0.9629,0.9696,14133,0.60561585,0.60561585,0.0,8373.199999999988,552,700,1,0.963,0.9622,0.0,0.0
2022-06-06 20:00:00,0.9696,0.9714,0.9695,0.9706,8653,0.42180845,0.42180845,0.0,8373.199999999988,552,700,1,0.963,0.9622,0.0,0.0
2022-06-07 00:00:00,0.9703,0.9719,0.97,0.9716,5231,0.19741201,0.19741201,0.0,8373.199999999988,552,700,1,0.963,0.9622,0.0,0.0
2022-06-07 04:00:00,0.9717,0.9724,0.9705,0.9719,8812,-1.0,-1.0,0.0,9210.369999999988,553,700,0,0.0,0.0,0.0,837.17
2022-06-07 08:00:00,0.9719,0.9759,0.9716,0.9758,10462,-0.7702778,-0.7702778,0.0,9210.369999999988,553,700,2,0.9758,0.9766,0.0,0.0
2022-06-07 12:00:00,0.9758,0.978,0.9754,0.9765,9843,1.0,1.0,0.0,9210.369999999988,553,700,2,0.9758,0.9766,0.0,0.0
2022-06-07 16:00:00,0.9765,0.977,0.972,0.9733,15046,-0.14185609,-0.14185609,0.0,9210.369999999988,553,700,2,0.9758,0.9766,0.0,0.0
2022-06-07 20:00:00,0.9733,0.9742,0.9716,0.9727,7502,-0.014075413,-0.014075413,0.0,9210.369999999988,553,700,2,0.9758,0.9766,0.0,0.0
2022-06-08 00:00:00,0.9727,0.9742,0.9711,0.9742,3833,0.17494953,0.17494953,0.0,9210.369999999988,553,700,2,0.9758,0.9766,0.0,0.0
2022-06-08 04:00:00,0.9742,0.9753,0.9738,0.9753,7929,-0.47308776,-0.47308776,0.0,9210.369999999988,553,700,2,0.9758,0.9766,0.0,0.0
2022-06-08 08:00:00,0.9753,0.9789,0.9737,0.9789,10006,1.0,1.0,0.0,9264.099999999988,554,700,0,0.0,0.0,0.0,53.73
2022-06-08 12:00:00,0.9789,0.9789,0.9753,0.9774,13298,0.61367697,0.61367697,0.0,9264.099999999988,554,700,1,0.9774,0.9762,0.0,0.0
2022-06-08 16:00:00,0.9774,0.9776,0.973,0.9757,14766,-0.17483962,-0.17483962,0.0,9264.099999999988,554,700,1,0.9774,0.9762,0.0,0.0
2022-06-08 20:00:00,0.9757,0.9788,0.9757,0.9784,8213,-0.28710842,-0.28710842,0.0,9080.219999999988,554,701,0,0.0,0.0,0.0,-183.88
2022-06-09 00:00:00,0.9779,0.9793,0.9765,0.9789,4119,-0.22518177,-0.22518177,0.0,9080.219999999988,554,701,0,0.0,0.0,0.0,0.0
2022-06-09 04:00:00,0.9789,0.9791,0.9768,0.9779,5880,0.775427,0.775427,0.0,9080.219999999988,554,701,1,0.9779,0.9771,0.0,0.0
2022-06-09 08:00:00,0.9779,0.9801,0.977,0.9787,8647,0.6278513,0.6278513,0.0,9080.219999999988,554,701,1,0.9779,0.9771,0.0,0.0
2022-06-09 12:00:00,0.9787,0.9791,0.9751,0.9751,17738,-0.52037793,-0.52037793,0.0,9080.219999999988,554,701,1,0.9779,0.9771,0.0,0.0
2022-06-09 16:00:00,0.9751,0.9797,0.9724,0.9781,20800,-0.3634047,-0.3634047,0.0,8783.559999999989,554,702,0,0.0,0.0,0.0,-296.66
2022-06-09 20:00:00,0.9781,0.9817,0.9776,0.9807,8630,-1.0,-1.0,0.0,8783.559999999989,554,702,2,0.9807,0.9832,0.0,0.0
2022-06-10 00:00:00,0.9801,0.9809,0.979,0.9794,5208,1.0,1.0,0.0,8783.559999999989,554,702,2,0.9807,0.9832,0.0,0.0
2022-06-10 04:00:00,0.9794,0.98,0.9789,0.9795,7340,-0.79660934,-0.79660934,0.0,8783.559999999989,554,702,2,0.9807,0.9832,0.0,0.0
2022-06-10 08:00:00,0.9795,0.9796,0.9766,0.9791,13173,0.73457575,0.73457575,0.0,8907.08999999999,555,702,0,0.0,0.0,0.0,123.53
2022-06-10 12:00:00,0.9791,0.9867,0.9788,0.9862,16224,1.0,1.0,0.0,8907.08999999999,555,702,1,0.9862,0.9854,0.0,0.0
2022-06-10 16:00:00,0.9862,0.9898,0.9848,0.9888,21279,-0.77567244,-0.77567244,0.0,8907.08999999999,555,702,1,0.9862,0.9854,0.0,0.0
2022-06-10 20:00:00,0.9888,0.9889,0.9872,0.9872,10748,-1.0,-1.0,0.0,9181.08999999999,556,702,0,0.0,0.0,0.0,274.0
2022-06-13 00:00:00,0.9869,0.9899,0.9869,0.9896,7370,1.0,1.0,0.0,9181.08999999999,556,702,1,0.9896,0.9871,0.0,0.0
2022-06-13 04:00:00,0.9896,0.99,0.9883,0.9889,10623,1.0,1.0,0.0,9181.08999999999,556,702,1,0.9896,0.9871,0.0,0.0
2022-06-13 08:00:00,0.9889,0.9924,0.9882,0.9914,13601,-0.8436914,-0.8436914,0.0,9105.02999999999,556,703,0,0.0,0.0,0.0,-76.06
2022-06-13 12:00:00,0.9914,0.9946,0.9903,0.9917,17854,-0.2576082,-0.2576082,0.0,9105.02999999999,556,703,0,0.9917,0.9925,0.0,0.0
2022-06-13 16:00:00,0.9918,0.9979,0.9914,0.9958,21076,0.06696125,0.06696125,0.0,9105.02999999999,556,703,0,0.9917,0.9925,0.0,0.0
2022-06-13 20:00:00,0.9958,0.9995,0.9947,0.9975,25585,0.65277696,0.65277696,0.0,9105.02999999999,556,703,1,0.9975,0.9957,0.0,0.0
2022-06-14 00:00:00,0.9971,0.9978,0.9953,0.9957,7101,-0.03122534,-0.03122534,0.0,9105.02999999999,556,703,1,0.9975,0.9957,0.0,0.0
2022-06-14 04:00:00,0.9957,0.9977,0.9948,0.996,16135,0.8636505,0.8636505,0.0,8909.749999999989,556,704,0,0.0,0.0,0.0,-195.28
2022-06-14 08:00:00,0.996,0.9969,0.9873,0.9889,16653,0.71197844,0.71197844,0.0,8909.749999999989,556,704,1,0.9889,0.9881,0.0,0.0
2022-06-14 12:00:00,0.989,0.9954,0.9886,0.9951,20907,-0.7167237,-0.7167237,0.0,8909.749999999989,556,704,1,0.9889,0.9881,0.0,0.0
2022-06-14 16:00:00,0.9951,1.0028,0.9937,1.0026,27610,-0.85545844,-0.85545844,0.0,9567.499999999989,557,704,0,0.0,0.0,0.0,657.75
2022-06-14 20:00:00,1.0026,1.0037,1.0001,1.0015,18324,0.5442675,0.5442675,0.0,9567.499999999989,557,704,1,1.0015,0.9997,0.0,0.0
2022-06-15 00:00:00,1.0013,1.0023,0.9989,0.9996,11242,-0.42127725,-0.42127725,0.0,9567.499999999989,557,704,1,1.0015,0.9997,0.0,0.0
2022-06-15 04:00:00,0.9996,1.0009,0.9986,1.0008,13238,0.69324905,0.69324905,0.0,9350.059999999989,557,705,0,0.0,0.0,0.0,-217.44
2022-06-15 08:00:00,1.0008,1.002,0.9971,0.9972,22395,-0.09466018,-0.09466018,0.0,9350.059999999989,557,705,0,1.0008,1.003,0.0,0.0
2022-06-15 12:00:00,0.9972,1.0009,0.9961,1.0005,22592,0.43968672,0.43968672,0.0,9350.059999999989,557,705,0,1.0008,1.003,0.0,0.0
2022-06-15 16:00:00,1.0005,1.003,0.9991,1.0029,22773,0.1828263,0.1828263,0.0,9350.059999999989,557,705,0,1.0008,1.003,0.0,0.0
2022-06-15 20:00:00,1.0029,1.0049,0.993,0.9943,42969,0.8400656,0.8400656,0.0,9350.059999999989,557,705,1,0.9943,0.9935,0.0,0.0
2022-06-16 00:00:00,0.9939,0.9962,0.9926,0.9951,9810,0.79758584,0.79758584,0.0,9350.059999999989,557,705,1,0.9943,0.9935,0.0,0.0
2022-06-16 04:00:00,0.9951,0.9982,0.9948,0.9957,12434,-0.56338304,-0.56338304,0.0,9350.059999999989,557,705,1,0.9943,0.9935,0.0,0.0
2022-06-16 08:00:00,0.9957,0.9989,0.9785,0.9799,33693,-1.0,-1.0,0.0,9506.00999999999,558,705,0,0.0,0.0,0.0,155.95
2022-06-16 12:00:00,0.9799,0.9817,0.972,0.9749,33787,-0.635033,-0.635033,0.0,9506.00999999999,558,705,2,0.9749,0.9757,0.0,0.0
2022-06-16 16:00:00,0.9749,0.975,0.9644,0.9655,35896,0.2569505,0.2569505,0.0,9506.00999999999,558,705,2,0.9749,0.9757,0.0,0.0
2022-06-16 20:00:00,0.9654,0.9666,0.963,0.9663,19406,0.19173113,0.19173113,0.0,9506.00999999999,558,705,2,0.9749,0.9757,0.0,0.0
2022-06-17 00:00:00,0.9666,0.9687,0.9651,0.9683,14723,-0.45906326,-0.45906326,0.0,9506.00999999999,558,705,2,0.9749,0.9757,0.0,0.0
2022-06-17 04:00:00,0.9683,0.9712,0.968,0.969,18583,-1.0,-1.0,0.0,9506.00999999999,558,705,2,0.9749,0.9757,0.0,0.0
2022-06-17 08:00:00,0.969,0.9698,0.9634,0.9655,26642,-0.26508877,-0.26508877,0.0,9506.00999999999,558,705,2,0.9749,0.9757,0.0,0.0
2022-06-17 12:00:00,0.9655,0.9674,0.962,0.9632,21455,-0.48820943,-0.48820943,0.0,9506.00999999999,558,705,2,0.9749,0.9757,0.0,0.0
2022-06-17 16:00:00,0.9632,0.9733,0.963,0.9715,30845,0.0030502926,0.0030502926,0.0,9506.00999999999,558,705,2,0.9749,0.9757,0.0,0.0
2022-06-17 20:00:00,0.9715,0.9716,0.9692,0.9696,14336,0.6143026,0.6143026,0.0,9881.719999999988,559,705,0,0.0,0.0,0.0,375.71
2022-06-20 00:00:00,0.9703,0.9711,0.9685,0.9695,6619,1.0,1.0,0.0,9881.719999999988,559,705,1,0.9695,0.9687,0.0,0.0
2022-06-20 04:00:00,0.9695,0.9697,0.9659,0.9669,11746,-0.81939405,-0.81939405,0.0,9881.719999999988,559,705,1,0.9695,0.9687,0.0,0.0
2022-06-20 08:00:00,0.967,0.9673,0.9643,0.9654,18028,-0.2797571,-0.2797571,0.0,9584.449999999988,559,706,0,0.0,0.0,0.0,-297.27
2022-06-20 12:00:00,0.9654,0.9667,0.9622,0.9658,15206,1.0,1.0,0.0,9584.449999999988,559,706,1,0.9658,0.9638,0.0,0.0
2022-06-20 16:00:00,0.9658,0.9682,0.9655,0.9673,18195,0.06281504,0.06281504,0.0,9584.449999999988,559,706,1,0.9658,0.9638,0.0,0.0
2022-06-20 20:00:00,0.9673,0.969,0.9672,0.9675,14434,0.5631407,0.5631407,0.0,9584.449999999988,559,706,1,0.9658,0.9638,0.0,0.0
2022-06-21 00:00:00,0.9675,0.9679,0.9661,0.9661,5947,0.42414552,0.42414552,0.0,9584.449999999988,559,706,1,0.9658,0.9638,0.0,0.0
2022-06-21 04:00:00,0.9662,0.9675,0.9657,0.967,8125,1.0,1.0,0.0,9584.449999999988,559,706,1,0.9658,0.9638,0.0,0.0
2022-06-21 08:00:00,0.9669,0.9676,0.9639,0.9649,17204,1.0,1.0,0.0,9584.449999999988,559,706,1,0.9658,0.9638,0.0,0.0
2022-06-21 12:00:00,0.9649,0.9684,0.9648,0.968,19473,0.83141464,0.83141464,0.0,9584.449999999988,559,706,1,0.9658,0.9638,0.0,0.0
2022-06-21 16:00:00,0.968,0.9681,0.9632,0.966,24255,0.043560416,0.043560416,0.0,9584.449999999988,559,706,1,0.9658,0.9638,0.0,0.0
2022-06-21 20:00:00,0.966,0.9672,0.9651,0.966,17549,-0.9106681,-0.9106681,0.0,9606.599999999988,560,706,0,0.0,0.0,0.0,22.15
2022-06-22 00:00:00,0.966,0.968,0.9639,0.9676,8364,1.0,1.0,0.0,9606.599999999988,560,706,1,0.9676,0.9665,0.0,0.0
2022-06-22 04:00:00,0.9676,0.968,0.9657,0.9676,11192,0.51142395,0.51142395,0.0,9606.599999999988,560,706,1,0.9676,0.9665,0.0,0.0
2022-06-22 08:00:00,0.9676,0.969,0.9662,0.9677,19557,-0.4263906,-0.4263906,0.0,9606.599999999988,560,706,1,0.9676,0.9665,0.0,0.0
2022-06-22 12:00:00,0.9677,0.9681,0.9629,0.9633,20025,-0.44629946,-0.44629946,0.0,9606.599999999988,560,706,1,0.9676,0.9665,0.0,0.0
2022-06-22 16:00:00,0.9633,0.9639,0.9581,0.9623,31060,-0.08908746,-0.08908746,0.0,9130.439999999988,560,707,0,0.0,0.0,0.0,-476.16
2022-06-22 20:00:00,0.9623,0.9624,0.9603,0.9611,16546,1.0,1.0,0.0,9130.439999999988,560,707,1,0.9611,0.959,0.0,0.0
2022-06-23 00:00:00,0.961,0.9619,0.9604,0.9605,5291,-1.0,-1.0,0.0,9130.439999999988,560,707,1,0.9611,0.959,0.0,0.0
2022-06-23 04:00:00,0.9605,0.9624,0.9598,0.9615,13933,0.09167002,0.09167002,0.0,9130.439999999988,560,707,1,0.9611,0.959,0.0,0.0
2022-06-23 08:00:00,0.9615,0.9679,0.9604,0.9677,20963,1.0,1.0,0.0,9130.439999999988,560,707,1,0.9611,0.959,0.0,0.0
2022-06-23 12:00:00,0.9677,0.9677,0.9627,0.9634,19612,-1.0,-1.0,0.0,9828.209999999988,561,707,0,0.0,0.0,0.0,697.77
2022-06-23 16:00:00,0.9634,0.9634,0.9567,0.9606,35293,0.6308116,0.6308116,0.0,9828.209999999988,561,707,1,0.9606,0.9598,0.0,0.0
2022-06-23 20:00:00,0.9606,0.9619,0.9599,0.9611,16285,-0.89518076,-0.89518076,0.0,9828.209999999988,561,707,1,0.9606,0.9598,0.0,0.0
2022-06-24 00:00:00,0.9592,0.9627,0.9592,0.9617,6208,1.0,1.0,0.0,9828.209999999988,561,707,1,0.9606,0.9598,0.0,0.0
2022-06-24 04:00:00,0.9617,0.962,0.96,0.9603,10606,0.22957562,0.22957562,0.0,9828.209999999988,561,707,1,0.9606,0.9598,0.0,0.0
2022-06-24 08:00:00,0.9604,0.9633,0.9586,0.9598,17311,-1.0,-1.0,0.0,9794.319999999989,561,708,0,0.0,0.0,0.0,-33.89
2022-06-24 12:00:00,0.9598,0.9599,0.9545,0.9558,19326,-0.89829564,-0.89829564,0.0,9794.319999999989,561,708,2,0.9558,0.9566,0.0,0.0
2022-06-24 16:00:00,0.9558,0.9588,0.9522,0.9583,33761,1.0,1.0,0.0,9794.319999999989,561,708,2,0.9558,0.9566,0.0,0.0
2022-06-24 20:00:00,0.9583,0.9602,0.9577,0.9585,9695,0.72550654,0.72550654,0.0,9513.539999999988,561,709,0,0.0,0.0,0.0,-280.78
2022-06-27 00:00:00,0.957,0.9583,0.9551,0.9575,6967,0.1920247,0.1920247,0.0,9513.539999999988,561,709,0,0.9585,0.9596,0.0,0.0
2022-06-27 04:00:00,0.9575,0.9582,0.9564,0.957,11088,-0.77760714,-0.77760714,0.0,9513.539999999988,561,709,2,0.957,0.9587,0.0,0.0
2022-06-27 08:00:00,0.9569,0.9585,0.9559,0.9581,15252,-1.0,-1.0,0.0,9513.539999999988,561,709,2,0.957,0.9587,0.0,0.0
2022-06-27 12:00:00,0.9581,0.962,0.9571,0.9603,17232,-1.0,-1.0,0.0,9513.539999999988,561,709,2,0.957,0.9587,0.0,0.0
2022-06-27 16:00:00,0.9603,0.9603,0.9543,0.955,24250,1.0,1.0,0.0,9152.779999999988,561,710,0,0.0,0.0,0.0,-360.76
2022-06-27 20:00:00,0.955,0.9566,0.9546,0.9563,16058,-0.80754316,-0.80754316,0.0,9152.779999999988,561,710,2,0.9563,0.9571,0.0,0.0
2022-06-28 00:00:00,0.9556,0.9568,0.9551,0.9559,4063,0.7516662,0.7516662,0.0,9152.779999999988,561,710,2,0.9563,0.9571,0.0,0.0
2022-06-28 04:00:00,0.9559,0.9565,0.9551,0.9564,8997,-1.0,-1.0,0.0,9152.779999999988,561,710,2,0.9563,0.9571,0.0,0.0
2022-06-28 08:00:00,0.9564,0.9568,0.9538,0.9541,20082,0.22606507,0.22606507,0.0,9152.779999999988,561,710,2,0.9563,0.9571,0.0,0.0
2022-06-28 12:00:00,0.9541,0.9584,0.9534,0.9579,18615,-0.86975586,-0.86975586,0.0,9152.779999999988,561,710,2,0.9563,0.9571,0.0,0.0
2022-06-28 16:00:00,0.9579,0.9587,0.9558,0.9566,26340,-0.66578543,-0.66578543,0.0,8984.909999999987,561,711,0,0.0,0.0,0.0,-167.87
2022-06-28 20:00:00,0.9566,0.958,0.9556,0.9568,15609,0.9330642,0.9330642,0.0,8984.909999999987,561,711,1,0.9568,0.956,0.0,0.0
2022-06-29 00:00:00,0.9567,0.9575,0.9564,0.9569,6181,0.90672463,0.90672463,0.0,8984.909999999987,561,711,1,0.9568,0.956,0.0,0.0
2022-06-29 04:00:00,0.9569,0.9571,0.955,0.957,12252,-0.558164,-0.558164,0.0,8984.909999999987,561,711,1,0.9568,0.956,0.0,0.0
2022-06-29 08:00:00,0.957,0.9578,0.9546,0.9554,20291,-0.5517206,-0.5517206,0.0,8984.909999999987,561,711,1,0.9568,0.956,0.0,0.0
2022-06-29 12:00:00,0.9554,0.9555,0.9495,0.9526,22240,-0.025926933,-0.025926933,0.0,8841.099999999988,561,712,0,0.0,0.0,0.0,-143.81
2022-06-29 16:00:00,0.9525,0.9551,0.9519,0.9549,28158,-0.030559994,-0.030559994,0.0,8841.099999999988,561,712,0,0.9526,0.9501,0.0,0.0
2022-06-29 20:00:00,0.9549,0.9554,0.9541,0.9548,11367,-1.0,-1.0,0.0,8841.099999999988,561,712,2,0.9548,0.9556,0.0,0.0
2022-06-30 00:00:00,0.9545,0.9555,0.954,0.9545,7039,-0.5731281,-0.5731281,0.0,8841.099999999988,561,712,2,0.9548,0.9556,0.0,0.0
2022-06-30 04:00:00,0.9545,0.9552,0.9536,0.9542,11191,1.0,1.0,0.0,8871.379999999988,562,712,0,0.0,0.0,0.0,30.28
2022-06-30 08:00:00,0.9542,0.9575,0.953,0.9558,19701,-0.9630368,-0.9630368,0.0,8871.379999999988,562,712,2,0.9558,0.9566,0.0,0.0
2022-06-30 12:00:00,0.9558,0.9606,0.9555,0.958,21278,-0.7713135,-0.7713135,0.0,8871.379999999988,562,712,2,0.9558,0.9566,0.0,0.0
2022-06-30 16:00:00,0.9581,0.9594,0.9535,0.9537,26986,-1.0,-1.0,0.0,8647.639999999989,562,713,0,0.0,0.0,0.0,-223.74
2022-06-30 20:00:00,0.9537,0.9551,0.9535,0.9548,19949,-1.0,-1.0,0.0,8647.639999999989,562,713,2,0.9548,0.9556,0.0,0.0
2022-07-01 00:00:00,0.9546,0.9558,0.9531,0.9556,6845,-1.0,-1.0,0.0,8647.639999999989,562,713,2,0.9548,0.9556,0.0,0.0
2022-07-01 04:00:00,0.9555,0.9574,0.9548,0.9567,13552,-0.024044268,-0.024044268,0.0,8568.519999999988,562,714,0,0.0,0.0,0.0,-79.12
2022-07-01 08:00:00,0.9567,0.9598,0.9547,0.9581,21739,-1.0,-1.0,0.0,8568.519999999988,562,714,2,0.9581,0.9593,0.0,0.0
2022-07-01 12:00:00,0.9581,0.9626,0.9569,0.9626,21715,0.58191264,0.58191264,0.0,8568.519999999988,562,714,2,0.9581,0.9593,0.0,0.0
2022-07-01 16:00:00,0.9626,0.9642,0.9601,0.9619,34657,0.20860788,0.20860788,0.0,8124.379999999987,562,715,0,0.0,0.0,0.0,-444.14
2022-07-01 20:00:00,0.9619,0.9623,0.9592,0.9596,16608,-1.0,-1.0,0.0,8124.379999999987,562,715,2,0.9596,0.9617,0.0,0.0
2022-07-04 00:00:00,0.9589,0.9608,0.958,0.9584,8373,0.11857047,0.11857047,0.0,8124.379999999987,562,715,2,0.9596,0.9617,0.0,0.0
2022-07-04 04:00:00,0.9584,0.9596,0.9581,0.9593,10356,0.1387645,0.1387645,0.0,8124.379999999987,562,715,2,0.9596,0.9617,0.0,0.0
2022-07-04 08:00:00,0.9593,0.9606,0.9561,0.9599,14509,0.33426872,0.33426872,0.0,8124.379999999987,562,715,2,0.9596,0.9617,0.0,0.0
2022-07-04 12:00:00,0.9599,0.961,0.9588,0.9607,13189,1.0,1.0,0.0,8096.379999999987,562,716,0,0.0,0.0,0.0,-28.0
2022-07-04 16:00:00,0.9607,0.9618,0.9598,0.9611,18647,0.6891521,0.6891521,0.0,8096.379999999987,562,716,1,0.9611,0.9603,0.0,0.0
2022-07-04 20:00:00,0.9612,0.9616,0.9607,0.9612,10514,-0.3772518,-0.3772518,0.0,8096.379999999987,562,716,1,0.9611,0.9603,0.0,0.0
2022-07-05 00:00:00,0.961,0.9611,0.9603,0.9608,5085,0.25682184,0.25682184,0.0,8096.379999999987,562,716,1,0.9611,0.9603,0.0,0.0
2022-07-05 04:00:00,0.9608,0.9614,0.9603,0.9604,9266,0.8480311,0.8480311,0.0,8096.379999999987,562,716,1,0.9611,0.9603,0.0,0.0
2022-07-05 08:00:00,0.9604,0.9647,0.9593,0.9644,19278,0.75770205,0.75770205,0.0,8096.379999999987,562,716,1,0.9611,0.9603,0.0,0.0
2022-07-05 12:00:00,0.9644,0.9675,0.963,0.9661,21655,-1.0,-1.0,0.0,8404.689999999988,563,716,0,0.0,0.0,0.0,308.31
2022-07-05 16:00:00,0.9662,0.9705,0.9659,0.9696,23196,-0.08386241,-0.08386241,0.0,8404.689999999988,563,716,0,0.9696,0.9719,0.0,0.0
2022-07-05 20:00:00,0.9696,0.97,0.9679,0.9685,17497,-0.27766085,-0.27766085,0.0,8404.689999999988,563,716,0,0.9696,0.9719,0.0,0.0
2022-07-06 00:00:00,0.9685,0.9689,0.9667,0.9681,5810,0.5111205,0.5111205,0.0,8404.689999999988,563,716,1,0.9681,0.9673,0.0,0.0
2022-07-06 04:00:00,0.9681,0.9689,0.9672,0.9684,10233,-0.85593045,-0.85593045,0.0,8404.689999999988,563,716,1,0.9681,0.9673,0.0,0.0
2022-07-06 08:00:00,0.9684,0.9699,0.9671,0.9691,21242,0.6657094,0.6657094,0.0,8404.689999999988,563,716,1,0.9681,0.9673,0.0,0.0
2022-07-06 12:00:00,0.9692,0.9726,0.9687,0.9714,23624,1.0,1.0,0.0,8404.689999999988,563,716,1,0.9681,0.9673,0.0,0.0
2022-07-06 16:00:00,0.9714,0.9744,0.9688,0.9714,32583,0.79243034,0.79243034,0.0,8404.689999999988,563,716,1,0.9681,0.9673,0.0,0.0
2022-07-06 20:00:00,0.9714,0.9728,0.9698,0.9709,24205,0.1404058,0.1404058,0.0,8404.689999999988,563,716,1,0.9681,0.9673,0.0,0.0
2022-07-07 00:00:00,0.9703,0.9708,0.9686,0.9701,6581,-1.0,-1.0,0.0,8678.079999999987,564,716,0,0.0,0.0,0.0,273.39
2022-07-07 04:00:00,0.9701,0.9703,0.9684,0.9687,12385,-1.0,-1.0,0.0,8678.079999999987,564,716,2,0.9687,0.9695,0.0,0.0
2022-07-07 08:00:00,0.9687,0.972,0.9682,0.9715,18915,-0.5128534,-0.5128534,0.0,8678.079999999987,564,716,2,0.9687,0.9695,0.0,0.0
2022-07-07 12:00:00,0.9714,0.9742,0.9709,0.9741,23939,-0.53084934,-0.53084934,0.0,8395.599999999988,564,717,0,0.0,0.0,0.0,-282.48
2022-07-07 16:00:00,0.9741,0.9743,0.972,0.974,21800,-1.0,-1.0,0.0,8395.599999999988,564,717,2,0.974,0.9765,0.0,0.0
2022-07-07 20:00:00,0.974,0.9749,0.9736,0.9738,15112,-0.50512326,-0.50512326,0.0,8395.599999999988,564,717,2,0.974,0.9765,0.0,0.0
2022-07-08 00:00:00,0.9739,0.9744,0.9716,0.9728,5164,1.0,1.0,0.0,8415.159999999987,565,717,0,0.0,0.0,0.0,19.56
2022-07-08 04:00:00,0.9728,0.9747,0.9723,0.9739,11877,-0.29231066,-0.29231066,0.0,8415.159999999987,565,717,0,0.9739,0.9752,0.0,0.0
2022-07-08 08:00:00,0.9739,0.9797,0.9733,0.9771,20772,1.0,1.0,0.0,8415.159999999987,565,717,1,0.9771,0.9753,0.0,0.0
2022-07-08 12:00:00,0.9771,0.9793,0.9747,0.9778,25205,-0.88804185,-0.88804185,0.0,8415.159999999987,565,717,1,0.9771,0.9753,0.0,0.0
2022-07-08 16:00:00,0.9778,0.9793,0.9752,0.9782,28464,0.09130751,0.09130751,0.0,8415.159999999987,565,717,1,0.9771,0.9753,0.0,0.0
2022-07-08 20:00:00,0.9782,0.9789,0.9761,0.9764,13589,-1.0,-1.0,0.0,8523.499999999987,566,717,0,0.0,0.0,0.0,108.34
2022-07-11 00:00:00,0.9759,0.9789,0.9758,0.9789,8416,0.09688051,0.09688051,0.0,8523.499999999987,566,717,0,0.9782,0.9796,0.0,0.0
2022-07-11 04:00:00,0.9789,0.9798,0.9776,0.9783,12240,0.8275431,0.8275431,0.0,8523.499999999987,566,717,1,0.9783,0.9775,0.0,0.0
2022-07-11 08:00:00,0.9783,0.9801,0.9781,0.9794,18061,0.07136207,0.07136207,0.0,8523.499999999987,566,717,1,0.9783,0.9775,0.0,0.0
2022-07-11 12:00:00,0.9794,0.9825,0.9788,0.9815,18487,1.0,1.0,0.0,8523.499999999987,566,717,1,0.9783,0.9775,0.0,0.0
2022-07-11 16:00:00,0.9814,0.9843,0.9791,0.9801,29315,0.7982565,0.7982565,0.0,8523.499999999987,566,717,1,0.9783,0.9775,0.0,0.0
2022-07-11 20:00:00,0.9801,0.9835,0.9787,0.9829,19727,-1.0,-1.0,0.0,8703.419999999987,567,717,0,0.0,0.0,0.0,179.92
2022-07-12 00:00:00,0.9821,0.9834,0.9816,0.9821,7309,0.6666616,0.6666616,0.0,8703.419999999987,567,717,1,0.9821,0.9809,0.0,0.0
2022-07-12 04:00:00,0.9821,0.9844,0.9819,0.9836,16215,-1.0,-1.0,0.0,8703.419999999987,567,717,1,0.9821,0.9809,0.0,0.0
2022-07-12 08:00:00,0.9836,0.9853,0.9832,0.9847,23195,0.5753427,0.5753427,0.0,8703.419999999987,567,717,1,0.9821,0.9809,0.0,0.0
2022-07-12 12:00:00,0.9847,0.9859,0.9827,0.9829,24865,0.6867901,0.6867901,0.0,8703.419999999987,567,717,1,0.9821,0.9809,0.0,0.0
2022-07-12 16:00:00,0.9829,0.9838,0.9804,0.9814,25523,-1.0,-1.0,0.0,8785.299999999987,568,717,0,0.0,0.0,0.0,81.88
2022-07-12 20:00:00,0.9814,0.9824,0.9809,0.9824,14610,0.54526204,0.54526204,0.0,8785.299999999987,568,717,1,0.9824,0.9816,0.0,0.0
2022-07-13 00:00:00,0.9828,0.9831,0.9813,0.9823,6384,1.0,1.0,0.0,8785.299999999987,568,717,1,0.9824,0.9816,0.0,0.0
2022-07-13 04:00:00,0.9823,0.983,0.9811,0.982,11224,-0.4618085,-0.4618085,0.0,8785.299999999987,568,717,1,0.9824,0.9816,0.0,0.0
2022-07-13 08:00:00,0.982,0.9825,0.9776,0.9788,22377,0.35487944,0.35487944,0.0,8785.299999999987,568,717,1,0.9824,0.9816,0.0,0.0
2022-07-13 12:00:00,0.9788,0.982,0.9756,0.9806,25090,-0.018651165,-0.018651165,0.0,8414.869999999986,568,718,0,0.0,0.0,0.0,-370.43
2022-07-13 16:00:00,0.9805,0.9827,0.9762,0.9774,39905,-0.68668324,-0.68668324,0.0,8414.869999999986,568,718,2,0.9774,0.9782,0.0,0.0
2022-07-13 20:00:00,0.9774,0.9795,0.9767,0.9787,18627,1.0,1.0,0.0,8414.869999999986,568,718,2,0.9774,0.9782,0.0,0.0
2022-07-14 00:00:00,0.9781,0.9817,0.9773,0.9814,6630,0.4903016,0.4903016,0.0,8286.749999999985,568,719,0,0.0,0.0,0.0,-128.12
2022-07-14 04:00:00,0.9814,0.9827,0.9811,0.9822,14075,1.0,1.0,0.0,8286.749999999985,568,719,1,0.9822,0.9814,0.0,0.0
2022-07-14 08:00:00,0.9822,0.9863,0.9817,0.9845,22095,-1.0,-1.0,0.0,8286.749999999985,568,719,1,0.9822,0.9814,0.0,0.0
2022-07-14 12:00:00,0.9845,0.9852,0.9827,0.9851,23153,-0.00214788,-0.00214788,0.0,8286.749999999985,568,719,1,0.9822,0.9814,0.0,0.0
2022-07-14 16:00:00,0.9851,0.9886,0.9822,0.9853,38930,-1.0,-1.0,0.0,8570.009999999986,569,719,0,0.0,0.0,0.0,283.26
2022-07-14 20:00:00,0.9853,0.9853,0.9824,0.9838,25797,-0.545653,-0.545653,0.0,8570.009999999986,569,719,2,0.9838,0.9863,0.0,0.0
2022-07-15 00:00:00,0.9833,0.9843,0.9821,0.9824,5165,-0.44031602,-0.44031602,0.0,8570.009999999986,569,719,2,0.9838,0.9863,0.0,0.0
2022-07-15 04:00:00,0.9824,0.9833,0.981,0.9827,8715,-0.22358803,-0.22358803,0.0,8570.009999999986,569,719,2,0.9838,0.9863,0.0,0.0
2022-07-15 08:00:00,0.9827,0.9842,0.9802,0.9803,18786,1.0,1.0,0.0,8680.849999999986,570,719,0,0.0,0.0,0.0,110.84
2022-07-15 12:00:00,0.9803,0.981,0.9771,0.9775,22304,-0.34335586,-0.34335586,0.0,8680.849999999986,570,719,0,0.9824,0.9832,0.0,0.0
2022-07-15 16:00:00,0.9775,0.982,0.9771,0.9778,27245,1.0,1.0,0.0,8680.849999999986,570,719,1,0.9778,0.977,0.0,0.0
2022-07-15 20:00:00,0.9778,0.9785,0.9763,0.9764,9906,0.3143573,0.3143573,0.0,8680.849999999986,570,719,1,0.9778,0.977,0.0,0.0
2022-07-18 00:00:00,0.9752,0.9769,0.9746,0.975,5332,0.43589747,0.43589747,0.0,8538.849999999986,570,720,0,0.0,0.0,0.0,-142.0
2022-07-18 04:00:00,0.975,0.9763,0.9736,0.9761,10474,1.0,1.0,0.0,8538.849999999986,570,720,1,0.9761,0.9753,0.0,0.0
2022-07-18 08:00:00,0.9761,0.977,0.9737,0.9745,20098,-0.42201006,-0.42201006,0.0,8538.849999999986,570,720,1,0.9761,0.9753,0.0,0.0
2022-07-18 12:00:00,0.9745,0.979,0.9732,0.9776,19337,1.0,1.0,0.0,8379.529999999986,570,721,0,0.0,0.0,0.0,-159.32
2022-07-18 16:00:00,0.9776,0.9784,0.9731,0.9763,23273,0.23397402,0.23397402,0.0,8379.529999999986,570,721,0,0.9763,0.9755,0.0,0.0
2022-07-18 20:00:00,0.9763,0.9777,0.9756,0.9774,18290,-0.070847355,-0.070847355,0.0,8379.529999999986,570,721,0,0.9763,0.9755,0.0,0.0
2022-07-19 00:00:00,0.9771,0.9783,0.9764,0.9783,6112,0.033929113,0.033929113,0.0,8379.529999999986,570,721,0,0.0,0.0,0.0,0.0
2022-07-19 04:00:00,0.9783,0.9787,0.9765,0.9773,9814,-0.6689557,-0.6689557,0.0,8379.529999999986,570,721,2,0.9773,0.9798,0.0,0.0
2022-07-19 08:00:00,0.9773,0.9774,0.9695,0.9701,22415,1.0,1.0,0.0,8379.529999999986,570,721,2,0.9773,0.9798,0.0,0.0
2022-07-19 12:00:00,0.97,0.9711,0.9672,0.9679,23624,0.055899534,0.055899534,0.0,8379.529999999986,570,721,2,0.9773,0.9798,0.0,0.0
2022-07-19 16:00:00,0.9679,0.9694,0.9654,0.9683,26002,0.020880755,0.020880755,0.0,8379.529999999986,570,721,2,0.9773,0.9798,0.0,0.0
2022-07-19 20:00:00,0.9683,0.9695,0.9679,0.9686,17097,1.0,1.0,0.0,9253.319999999985,571,721,0,0.0,0.0,0.0,873.79
2022-07-20 00:00:00,0.9682,0.9691,0.9664,0.9682,5409,-0.1438263,-0.1438263,0.0,9253.319999999985,571,721,0,0.9682,0.9706,0.0,0.0
2022-07-20 04:00:00,0.9682,0.9687,0.9678,0.9686,7000,0.15054898,0.15054898,0.0,9253.319999999985,571,721,0,0.9682,0.9706,0.0,0.0
2022-07-20 08:00:00,0.9686,0.9703,0.9676,0.9696,16917,-0.60390913,-0.60390913,0.0,9253.319999999985,571,721,2,0.9696,0.9705,0.0,0.0
2022-07-20 12:00:00,0.9696,0.9717,0.9679,0.9699,21115,-0.9693664,-0.9693664,0.0,9253.319999999985,571,721,2,0.9696,0.9705,0.0,0.0
2022-07-20 16:00:00,0.97,0.9736,0.9685,0.9731,24580,0.22206683,0.22206683,0.0,9253.319999999985,571,721,2,0.9696,0.9705,0.0,0.0
2022-07-20 20:00:00,0.9731,0.9736,0.9711,0.9715,21062,-0.20104705,-0.20104705,0.0,8876.199999999984,571,722,0,0.0,0.0,0.0,-377.12
2022-07-21 00:00:00,0.9708,0.972,0.9695,0.9716,8048,0.15623036,0.15623036,0.0,8876.199999999984,571,722,0,0.9731,0.9711,0.0,0.0
2022-07-21 04:00:00,0.9716,0.972,0.9695,0.9697,10668,-0.22543973,-0.22543973,0.0,8876.199999999984,571,722,0,0.9697,0.9689,0.0,0.0
2022-07-21 08:00:00,0.9697,0.9739,0.9695,0.9724,21071,-0.040278688,-0.040278688,0.0,8876.199999999984,571,722,0,0.9697,0.9689,0.0,0.0
2022-07-21 12:00:00,0.9724,0.9733,0.967,0.9672,27909,-0.2693053,-0.2693053,0.0,8876.199999999984,571,722,0,0.9697,0.9689,0.0,0.0
2022-07-21 16:00:00,0.9672,0.9726,0.9668,0.9697,35833,1.0,1.0,0.0,8876.199999999984,571,722,1,0.9697,0.9689,0.0,0.0
2022-07-21 20:00:00,0.9697,0.9699,0.9664,0.9666,13745,0.8594306,0.8594306,0.0,8876.199999999984,571,722,1,0.9697,0.9689,0.0,0.0
2022-07-22 00:00:00,0.9665,0.9672,0.9658,0.9671,6405,-1.0,-1.0,0.0,8557.929999999984,571,723,0,0.0,0.0,0.0,-318.27
2022-07-22 04:00:00,0.9672,0.969,0.9668,0.969,9548,1.0,1.0,0.0,8557.929999999984,571,723,1,0.969,0.9682,0.0,0.0
2022-07-22 08:00:00,0.969,0.9704,0.9669,0.968,20831,-0.14011419,-0.14011419,0.0,8557.929999999984,571,723,1,0.969,0.9682,0.0,0.0
2022-07-22 12:00:00,0.968,0.968,0.9644,0.9661,22922,-0.56391436,-0.56391436,0.0,8458.789999999985,571,724,0,0.0,0.0,0.0,-99.14
2022-07-22 16:00:00,0.9661,0.9665,0.96,0.9608,30412,0.03178187,0.03178187,0.0,8458.789999999985,571,724,0,0.9661,0.9641,0.0,0.0
2022-07-22 20:00:00,0.9608,0.964,0.9603,0.961,20240,-1.0,-1.0,0.0,8458.789999999985,571,724,2,0.961,0.9635,0.0,0.0
2022-07-25 00:00:00,0.9625,0.9645,0.9609,0.9643,5959,0.71394026,0.71394026,0.0,8458.789999999985,571,724,2,0.961,0.9635,0.0,0.0
2022-07-25 04:00:00,0.9643,0.9643,0.9621,0.963,11096,1.0,1.0,0.0,8136.689999999984,571,725,0,0.0,0.0,0.0,-322.1
2022-07-25 08:00:00,0.963,0.966,0.9629,0.9635,20307,0.38018325,0.38018325,0.0,8136.689999999984,571,725,0,0.0,0.0,0.0,0.0
2022-07-25 12:00:00,0.9636,0.965,0.9618,0.9639,18672,1.0,1.0,0.0,8136.689999999984,571,725,1,0.9639,0.9631,0.0,0.0
2022-07-25 16:00:00,0.9639,0.9658,0.9635,0.9652,16543,-1.0,-1.0,0.0,8136.689999999984,571,725,1,0.9639,0.9631,0.0,0.0
2022-07-25 20:00:00,0.9652,0.9653,0.964,0.9643,5306,-0.04880956,-0.04880956,0.0,8136.689999999984,571,725,1,0.9639,0.9631,0.0,0.0
2022-07-26 00:00:00,0.9642,0.9647,0.9633,0.9635,3596,-0.54993445,-0.54993445,0.0,8136.689999999984,571,725,1,0.9639,0.9631,0.0,0.0
2022-07-26 04:00:00,0.9635,0.9644,0.9623,0.9644,7390,1.0,1.0,0.0,8136.689999999984,571,725,1,0.9639,0.9631,0.0,0.0
2022-07-26 08:00:00,0.9644,0.9656,0.9631,0.9642,14069,0.3536245,0.3536245,0.0,8136.689999999984,571,725,1,0.9639,0.9631,0.0,0.0
2022-07-26 12:00:00,0.9642,0.9668,0.9635,0.9639,19439,1.0,1.0,0.0,8136.689999999984,571,725,1,0.9639,0.9631,0.0,0.0
2022-07-26 16:00:00,0.9639,0.9647,0.9616,0.9625,15768,1.0,1.0,0.0,8136.689999999984,571,725,1,0.9639,0.9631,0.0,0.0
2022-07-26 20:00:00,0.9625,0.9636,0.962,0.9628,6526,-1.0,-1.0,0.0,8005.479999999984,571,726,0,0.0,0.0,0.0,-131.21
2022-07-27 00:00:00,0.9627,0.963,0.9617,0.9622,3806,-0.19787367,-0.19787367,0.0,8005.479999999984,571,726,0,0.9625,0.96,0.0,0.0
2022-07-27 04:00:00,0.9622,0.9626,0.9615,0.9617,8211,0.17398396,0.17398396,0.0,8005.479999999984,571,726,0,0.9625,0.96,0.0,0.0
2022-07-27 08:00:00,0.9617,0.9638,0.9608,0.9613,13833,0.6077246,0.6077246,0.0,8005.479999999984,571,726,1,0.9613,0.9605,0.0,0.0
2022-07-27 12:00:00,0.9613,0.9628,0.9605,0.962,15473,0.8575925,0.8575925,0.0,8005.479999999984,571,726,1,0.9613,0.9605,0.0,0.0
2022-07-27 16:00:00,0.9619,0.9659,0.9604,0.9656,15589,0.053055212,0.053055212,0.0,8005.479999999984,571,726,1,0.9613,0.9605,0.0,0.0
2022-07-27 20:00:00,0.9656,0.9657,0.9583,0.9595,25256,0.15385559,0.15385559,0.0,8005.479999999984,571,726,1,0.9613,0.9605,0.0,0.0
2022-07-28 00:00:00,0.9592,0.9599,0.9579,0.9594,8573,0.36652696,0.36652696,0.0,7840.029999999984,571,727,0,0.0,0.0,0.0,-165.45
2022-07-28 04:00:00,0.9593,0.9596,0.9572,0.959,13889,0.21272126,0.21272126,0.0,7840.029999999984,571,727,0,0.959,0.9598,0.0,0.0
2022-07-28 08:00:00,0.959,0.9605,0.9574,0.9574,18428,-1.0,-1.0,0.0,7840.029999999984,571,727,2,0.9574,0.9582,0.0,0.0
2022-07-28 12:00:00,0.9575,0.9632,0.9567,0.9574,25304,0.88556296,0.88556296,0.0,7840.029999999984,571,727,2,0.9574,0.9582,0.0,0.0
2022-07-28 16:00:00,0.9574,0.959,0.9557,0.9565,24791,-0.18667814,-0.18667814,0.0,7840.029999999984,571,727,2,0.9574,0.9582,0.0,0.0
2022-07-28 20:00:00,0.9565,0.957,0.9544,0.9548,6726,0.24938034,0.24938034,0.0,7840.029999999984,571,727,2,0.9574,0.9582,0.0,0.0
2022-07-29 00:00:00,0.9545,0.9566,0.9536,0.9541,5496,-1.0,-1.0,0.0,7840.029999999984,571,727,2,0.9574,0.9582,0.0,0.0
2022-07-29 04:00:00,0.9541,0.9545,0.9514,0.9525,10555,0.6836992,0.6836992,0.0,8135.389999999984,572,727,0,0.0,0.0,0.0,295.36
2022-07-29 08:00:00,0.9525,0.9532,0.9502,0.9525,20091,1.0,1.0,0.0,8135.389999999984,572,727,1,0.9525,0.9517,0.0,0.0
2022-07-29 12:00:00,0.9525,0.9571,0.9515,0.957,20669,1.0,1.0,0.0,8135.389999999984,572,727,1,0.9525,0.9517,0.0,0.0
2022-07-29 16:00:00,0.957,0.9594,0.9508,0.9523,26734,-0.53765416,-0.53765416,0.0,8135.389999999984,572,727,1,0.9525,0.9517,0.0,0.0
2022-07-29 20:00:00,0.9523,0.9534,0.9509,0.9512,8915,-0.08950523,-0.08950523,0.0,8135.389999999984,572,727,1,0.9525,0.9517,0.0,0.0
2022-08-01 00:00:00,0.9505,0.9539,0.9505,0.9516,4597,-0.7646093,-0.7646093,0.0,8015.009999999984,572,728,0,0.0,0.0,0.0,-120.38
2022-08-01 04:00:00,0.9516,0.9518,0.9501,0.9511,10235,-1.0,-1.0,0.0,8015.009999999984,572,728,2,0.9511,0.9533,0.0,0.0
2022-08-01 08:00:00,0.9511,0.9519,0.9495,0.9496,14719,-0.102766946,-0.102766946,0.0,8015.009999999984,572,728,2,0.9511,0.9533,0.0,0.0
2022-08-01 12:00:00,0.9496,0.9505,0.9483,0.9496,15918,0.1776593,0.1776593,0.0,8015.009999999984,572,728,2,0.9511,0.9533,0.0,0.0
2022-08-01 16:00:00,0.9496,0.9515,0.9482,0.9495,20859,-0.6850798,-0.6850798,0.0,8015.009999999984,572,728,2,0.9511,0.9533,0.0,0.0
2022-08-01 20:00:00,0.9495,0.9516,0.9494,0.9494,6597,-1.0,-1.0,0.0,8015.009999999984,572,728,2,0.9511,0.9533,0.0,0.0
2022-08-02 00:00:00,0.9497,0.9507,0.947,0.9484,6985,-0.505326,-0.505326,0.0,8015.009999999984,572,728,2,0.9511,0.9533,0.0,0.0
2022-08-02 04:00:00,0.9484,0.9504,0.9479,0.9497,13042,-0.22088027,-0.22088027,0.0,8015.009999999984,572,728,2,0.9511,0.9533,0.0,0.0
2022-08-02 08:00:00,0.9497,0.9534,0.9496,0.9516,19069,-0.7358785,-0.7358785,0.0,8015.009999999984,572,728,2,0.9511,0.9533,0.0,0.0
2022-08-02 12:00:00,0.9516,0.9531,0.9505,0.9523,16412,-0.67050356,-0.67050356,0.0,8015.009999999984,572,728,2,0.9511,0.9533,0.0,0.0
2022-08-02 16:00:00,0.9523,0.9559,0.9521,0.9539,26050,-0.6777375,-0.6777375,0.0,8015.009999999984,572,728,2,0.9511,0.9533,0.0,0.0
2022-08-02 20:00:00,0.9539,0.9575,0.9538,0.9573,11112,-0.13309003,-0.13309003,0.0,7758.839999999984,572,729,0,0.0,0.0,0.0,-256.17
2022-08-03 00:00:00,0.9568,0.959,0.9564,0.9585,6760,-1.0,-1.0,0.0,7758.839999999984,572,729,2,0.9585,0.9599,0.0,0.0
2022-08-03 04:00:00,0.9585,0.9586,0.9542,0.9549,11023,-0.818169,-0.818169,0.0,7758.839999999984,572,729,2,0.9585,0.9599,0.0,0.0
2022-08-03 08:00:00,0.9549,0.9596,0.9549,0.9592,17375,0.73381466,0.73381466,0.0,7758.839999999984,572,729,2,0.9585,0.9599,0.0,0.0
2022-08-03 12:00:00,0.9592,0.9603,0.957,0.9596,17039,-1.0,-1.0,0.0,7758.839999999984,572,729,2,0.9585,0.9599,0.0,0.0
2022-08-03 16:00:00,0.9596,0.9652,0.9596,0.9627,24454,-0.43998733,-0.43998733,0.0,7758.839999999984,572,729,2,0.9585,0.9599,0.0,0.0
2022-08-03 20:00:00,0.9627,0.963,0.9602,0.9606,8371,0.9425292,0.9425292,0.0,7383.439999999984,572,730,0,0.0,0.0,0.0,-375.4
2022-08-04 00:00:00,0.9606,0.9617,0.9599,0.9605,4888,-1.0,-1.0,0.0,7383.439999999984,572,730,2,0.9605,0.9617,0.0,0.0
2022-08-04 04:00:00,0.9605,0.9614,0.9602,0.9611,8132,0.89545804,0.89545804,0.0,7383.439999999984,572,730,2,0.9605,0.9617,0.0,0.0
2022-08-04 08:00:00,0.961,0.9623,0.9606,0.9609,14375,-0.30491278,-0.30491278,0.0,7383.439999999984,572,730,2,0.9605,0.9617,0.0,0.0
2022-08-04 12:00:00,0.9609,0.9612,0.958,0.9589,17901,0.5075633,0.5075633,0.0,7383.439999999984,572,730,2,0.9605,0.9617,0.0,0.0
2022-08-04 16:00:00,0.9589,0.9607,0.9551,0.9556,17403,0.18518814,0.18518814,0.0,7383.439999999984,572,730,2,0.9605,0.9617,0.0,0.0
2022-08-04 20:00:00,0.9557,0.9559,0.9544,0.955,5752,1.0,1.0,0.0,7797.119999999984,573,730,0,0.0,0.0,0.0,413.68
2022-08-05 00:00:00,0.9548,0.9557,0.9539,0.9555,6618,0.0664118,0.0664118,0.0,7797.119999999984,573,730,0,0.9556,0.9581,0.0,0.0
2022-08-05 04:00:00,0.9555,0.9567,0.9552,0.9565,8679,1.0,1.0,0.0,7797.119999999984,573,730,1,0.9565,0.9557,0.0,0.0
2022-08-05 08:00:00,0.9565,0.9574,0.9555,0.9557,12005,-0.56666994,-0.56666994,0.0,7797.119999999984,573,730,1,0.9565,0.9557,0.0,0.0
2022-08-05 12:00:00,0.9557,0.9625,0.9538,0.9622,17192,0.038581863,0.038581863,0.0,7725.779999999984,573,731,0,0.0,0.0,0.0,-71.34
2022-08-05 16:00:00,0.9622,0.965,0.9614,0.9622,24757,0.754584,0.754584,0.0,7725.779999999984,573,731,1,0.9622,0.9604,0.0,0.0
2022-08-05 20:00:00,0.9623,0.9624,0.9611,0.9617,8589,-0.445075,-0.445075,0.0,7725.779999999984,573,731,1,0.9622,0.9604,0.0,0.0
2022-08-08 00:00:00,0.9601,0.9635,0.9601,0.9627,5011,-0.41713175,-0.41713175,0.0,7725.779999999984,573,731,1,0.9622,0.9604,0.0,0.0
2022-08-08 04:00:00,0.9627,0.9629,0.9611,0.9612,6339,-0.43265635,-0.43265635,0.0,7725.779999999984,573,731,1,0.9622,0.9604,0.0,0.0
2022-08-08 08:00:00,0.9612,0.9616,0.9569,0.9582,13647,-0.1258904,-0.1258904,0.0,7725.779999999984,573,731,1,0.9622,0.9604,0.0,0.0
2022-08-08 12:00:00,0.9582,0.9592,0.9564,0.9575,12437,1.0,1.0,0.0,7371.449999999984,573,732,0,0.0,0.0,0.0,-354.33
2022-08-08 16:00:00,0.9575,0.9579,0.9522,0.9552,15411,-1.0,-1.0,0.0,7371.449999999984,573,732,2,0.9552,0.9565,0.0,0.0
2022-08-08 20:00:00,0.9552,0.9565,0.9546,0.9552,6536,0.28798878,0.28798878,0.0,7371.449999999984,573,732,2,0.9552,0.9565,0.0,0.0
2022-08-09 00:00:00,0.9552,0.9557,0.9545,0.9555,3881,-1.0,-1.0,0.0,7371.449999999984,573,732,2,0.9552,0.9565,0.0,0.0
2022-08-09 04:00:00,0.9555,0.9555,0.955,0.9551,5510,1.0,1.0,0.0,7346.159999999984,573,733,0,0.0,0.0,0.0,-25.29
2022-08-09 08:00:00,0.9551,0.9553,0.9518,0.9519,10436,0.71565604,0.71565604,0.0,7346.159999999984,573,733,1,0.9519,0.9511,0.0,0.0
2022-08-09 12:00:00,0.9519,0.955,0.9517,0.9519,13184,-0.45158356,-0.45158356,0.0,7346.159999999984,573,733,1,0.9519,0.9511,0.0,0.0
2022-08-09 16:00:00,0.9519,0.9537,0.9511,0.9536,12735,-0.6588947,-0.6588947,0.0,7346.159999999984,573,733,1,0.9519,0.9511,0.0,0.0
2022-08-09 20:00:00,0.9536,0.9547,0.9534,0.9535,4367,-0.0482586,-0.0482586,0.0,7346.159999999984,573,733,1,0.9519,0.9511,0.0,0.0
2022-08-10 00:00:00,0.9532,0.9545,0.9525,0.9542,3818,1.0,1.0,0.0,7346.159999999984,573,733,1,0.9519,0.9511,0.0,0.0
2022-08-10 04:00:00,0.9542,0.9542,0.9532,0.9537,4255,-0.6111889,-0.6111889,0.0,7539.069999999984,574,733,0,0.0,0.0,0.0,192.91
2022-08-10 08:00:00,0.9537,0.9541,0.951,0.9517,10250,-0.84246874,-0.84246874,0.0,7539.069999999984,574,733,2,0.9517,0.9525,0.0,0.0
2022-08-10 12:00:00,0.9517,0.9519,0.9407,0.943,19332,-0.35070074,-0.35070074,0.0,7539.069999999984,574,733,2,0.9517,0.9525,0.0,0.0
2022-08-10 16:00:00,0.943,0.9438,0.9394,0.9406,23561,1.0,1.0,0.0,8279.159999999983,575,733,0,0.0,0.0,0.0,740.09
2022-08-10 20:00:00,0.9406,0.9436,0.94,0.9427,9826,-0.19820921,-0.19820921,0.0,8279.159999999983,575,733,0,0.9427,0.9419,0.0,0.0
2022-08-11 00:00:00,0.9424,0.9429,0.9419,0.9427,4670,1.0,1.0,0.0,8279.159999999983,575,733,1,0.9427,0.9412,0.0,0.0
2022-08-11 04:00:00,0.9427,0.9445,0.9427,0.9441,8901,-1.0,-1.0,0.0,8279.159999999983,575,733,1,0.9427,0.9412,0.0,0.0
2022-08-11 08:00:00,0.9441,0.9446,0.9391,0.9391,14425,0.4096818,0.4096818,0.0,8279.159999999983,575,733,1,0.9427,0.9412,0.0,0.0
2022-08-11 12:00:00,0.9391,0.9418,0.9382,0.9384,16557,-0.3237412,-0.3237412,0.0,7944.229999999983,575,734,0,0.0,0.0,0.0,-334.93
2022-08-11 16:00:00,0.9384,0.9408,0.9371,0.9395,19487,-0.7116988,-0.7116988,0.0,7944.229999999983,575,734,2,0.9395,0.9403,0.0,0.0
2022-08-11 20:00:00,0.9395,0.9424,0.9394,0.9412,8080,-0.55205274,-0.55205274,0.0,7944.229999999983,575,734,2,0.9395,0.9403,0.0,0.0
2022-08-12 00:00:00,0.9413,0.9426,0.94,0.9418,5609,-0.92077595,-0.92077595,0.0,7792.1199999999835,575,735,0,0.0,0.0,0.0,-152.11
2022-08-12 04:00:00,0.9418,0.9425,0.9411,0.9417,7981,0.14968003,0.14968003,0.0,7792.1199999999835,575,735,0,0.0,0.0,0.0,0.0
2022-08-12 08:00:00,0.9417,0.9427,0.9408,0.9408,11634,-0.44690582,-0.44690582,0.0,7792.1199999999835,575,735,0,0.9408,0.9388,0.0,0.0
2022-08-12 12:00:00,0.9408,0.9434,0.9408,0.9417,13257,-1.0,-1.0,0.0,7792.1199999999835,575,735,2,0.9417,0.9442,0.0,0.0
2022-08-12 16:00:00,0.9417,0.9451,0.9409,0.9419,18900,0.42518705,0.42518705,0.0,7792.1199999999835,575,735,2,0.9417,0.9442,0.0,0.0
2022-08-12 20:00:00,0.9419,0.9425,0.9413,0.9413,4741,1.0,1.0,0.0,7774.549999999984,575,736,0,0.0,0.0,0.0,-17.57
2022-08-15 00:00:00,0.9405,0.9422,0.94,0.9411,4127,0.607958,0.607958,0.0,7774.549999999984,575,736,1,0.9411,0.9403,0.0,0.0
2022-08-15 04:00:00,0.9411,0.9426,0.941,0.9424,6920,1.0,1.0,0.0,7774.549999999984,575,736,1,0.9411,0.9403,0.0,0.0
2022-08-15 08:00:00,0.9424,0.9462,0.9419,0.9457,11389,-0.9257108,-0.9257108,0.0,7888.509999999984,576,736,0,0.0,0.0,0.0,113.96
2022-08-15 12:00:00,0.9457,0.9467,0.9421,0.9439,16625,-0.2779216,-0.2779216,0.0,7888.509999999984,576,736,0,0.0,0.0,0.0,0.0
2022-08-15 16:00:00,0.9439,0.9457,0.9419,0.9452,13544,1.0,1.0,0.0,7888.509999999984,576,736,1,0.9452,0.9444,0.0,0.0
2022-08-15 20:00:00,0.9452,0.9471,0.9452,0.9461,5242,1.0,1.0,0.0,7888.509999999984,576,736,1,0.9452,0.9444,0.0,0.0
2022-08-16 00:00:00,0.9459,0.9465,0.945,0.9464,4698,0.90995014,0.90995014,0.0,7888.509999999984,576,736,1,0.9452,0.9444,0.0,0.0
2022-08-16 04:00:00,0.9464,0.9469,0.9454,0.9466,5656,1.0,1.0,0.0,7888.509999999984,576,736,1,0.9452,0.9444,0.0,0.0
2022-08-16 08:00:00,0.9466,0.9492,0.9455,0.9487,14423,0.7274034,0.7274034,0.0,7888.509999999984,576,736,1,0.9452,0.9444,0.0,0.0
2022-08-16 12:00:00,0.9487,0.9514,0.9485,0.9503,16758,0.21003917,0.21003917,0.0,7888.509999999984,576,736,1,0.9452,0.9444,0.0,0.0
2022-08-16 16:00:00,0.9503,0.9513,0.9483,0.9506,15376,1.0,1.0,0.0,7888.509999999984,576,736,1,0.9452,0.9444,0.0,0.0
2022-08-16 20:00:00,0.9506,0.9507,0.949,0.9494,7690,-1.0,-1.0,0.0,8373.039999999985,577,736,0,0.0,0.0,0.0,484.53
2022-08-17 00:00:00,0.949,0.9501,0.9485,0.9492,5456,0.0705839,0.0705839,0.0,8373.039999999985,577,736,0,0.9494,0.9486,0.0,0.0
2022-08-17 04:00:00,0.9492,0.9498,0.9483,0.9491,7500,0.48202655,0.48202655,0.0,8373.039999999985,577,736,0,0.9494,0.9486,0.0,0.0
2022-08-17 08:00:00,0.9491,0.9522,0.9488,0.9509,14972,-0.8772371,-0.8772371,0.0,8373.039999999985,577,736,2,0.9509,0.952,0.0,0.0
2022-08-17 12:00:00,0.9509,0.9539,0.95,0.9523,17041,-0.7130105,-0.7130105,0.0,8373.039999999985,577,736,2,0.9509,0.952,0.0,0.0
2022-08-17 16:00:00,0.9523,0.9544,0.9512,0.9533,17629,-1.0,-1.0,0.0,8239.449999999984,577,737,0,0.0,0.0,0.0,-133.59
2022-08-17 20:00:00,0.9533,0.9536,0.9498,0.9518,12772,-1.0,-1.0,0.0,8239.449999999984,577,737,2,0.9518,0.9537,0.0,0.0
2022-08-18 00:00:00,0.9517,0.9519,0.9498,0.9502,4630,1.0,1.0,0.0,8239.449999999984,577,737,2,0.9518,0.9537,0.0,0.0
2022-08-18 04:00:00,0.9502,0.9522,0.9501,0.952,8174,0.8429825,0.8429825,0.0,8389.329999999984,578,737,0,0.0,0.0,0.0,149.88
2022-08-18 08:00:00,0.952,0.9541,0.9513,0.9535,14460,0.055156667,0.055156667,0.0,8389.329999999984,578,737,0,0.9518,0.95,0.0,0.0
2022-08-18 12:00:00,0.9535,0.9545,0.9502,0.9513,17193,1.0,1.0,0.0,8389.329999999984,578,737,1,0.9513,0.9488,0.0,0.0
2022-08-18 16:00:00,0.9512,0.9568,0.9505,0.9566,18399,0.6337833,0.6337833,0.0,8389.329999999984,578,737,1,0.9513,0.9488,0.0,0.0
2022-08-18 20:00:00,0.9566,0.9571,0.9555,0.9564,6614,-1.0,-1.0,0.0,8898.269999999984,579,737,0,0.0,0.0,0.0,508.94
2022-08-19 00:00:00,0.9564,0.9582,0.9552,0.9577,5071,-0.14931434,-0.14931434,0.0,8898.269999999984,579,737,0,0.9566,0.9574,0.0,0.0
2022-08-19 04:00:00,0.9577,0.9593,0.9571,0.9589,7726,0.57991004,0.57991004,0.0,8898.269999999984,579,737,1,0.9589,0.9574,0.0,0.0
2022-08-19 08:00:00,0.9589,0.9592,0.9567,0.9572,14714,0.5261122,0.5261122,0.0,8898.269999999984,579,737,1,0.9589,0.9574,0.0,0.0
2022-08-19 12:00:00,0.9571,0.9575,0.9553,0.9562,13513,1.0,1.0,0.0,8724.999999999984,579,738,0,0.0,0.0,0.0,-173.27
2022-08-19 16:00:00,0.9562,0.9598,0.9559,0.9593,13635,1.0,1.0,0.0,8724.999999999984,579,738,1,0.9593,0.9585,0.0,0.0
2022-08-19 20:00:00,0.9593,0.9594,0.9582,0.9588,4957,0.008733541,0.008733541,0.0,8724.999999999984,579,738,1,0.9593,0.9585,0.0,0.0
2022-08-22 00:00:00,0.957,0.9599,0.957,0.9598,5549,-0.8631946,-0.8631946,0.0,8674.939999999984,579,739,0,0.0,0.0,0.0,-50.06
2022-08-22 04:00:00,0.9598,0.9598,0.9584,0.959,7375,-0.51914394,-0.51914394,0.0,8674.939999999984,579,739,2,0.959,0.9598,0.0,0.0
2022-08-22 08:00:00,0.959,0.9606,0.958,0.9592,15383,0.017028334,0.017028334,0.0,8674.939999999984,579,739,2,0.959,0.9598,0.0,0.0
2022-08-22 12:00:00,0.9592,0.9602,0.9574,0.9583,14002,0.19761874,0.19761874,0.0,8674.939999999984,579,739,2,0.959,0.9598,0.0,0.0
2022-08-22 16:00:00,0.9583,0.9659,0.9582,0.9644,16393,-0.8240335,-0.8240335,0.0,8674.939999999984,579,739,2,0.959,0.9598,0.0,0.0
2022-08-22 20:00:00,0.9644,0.965,0.9641,0.9642,5711,-0.4731335,-0.4731335,0.0,8134.349999999984,579,740,0,0.0,0.0,0.0,-540.59
2022-08-23 00:00:00,0.9638,0.9655,0.9614,0.9641,6191,-0.6345124,-0.6345124,0.0,8134.349999999984,579,740,2,0.9641,0.9649,0.0,0.0
2022-08-23 04:00:00,0.9641,0.9644,0.9635,0.9644,8204,1.0,1.0,0.0,8134.349999999984,579,740,2,0.9641,0.9649,0.0,0.0
2022-08-23 08:00:00,0.9644,0.9668,0.9638,0.9664,18532,1.0,1.0,0.0,8106.179999999984,579,741,0,0.0,0.0,0.0,-28.17
2022-08-23 12:00:00,0.9664,0.9693,0.9658,0.9691,14550,0.19911513,0.19911513,0.0,8106.179999999984,579,741,0,0.0,0.0,0.0,0.0
2022-08-23 16:00:00,0.9691,0.9692,0.9603,0.963,24974,-1.0,-1.0,0.0,8106.179999999984,579,741,2,0.963,0.9644,0.0,0.0
2022-08-23 20:00:00,0.9631,0.9649,0.963,0.964,6754,0.19456297,0.19456297,0.0,8106.179999999984,579,741,2,0.963,0.9644,0.0,0.0
2022-08-24 00:00:00,0.9639,0.9656,0.9631,0.9654,4840,-0.005255459,-0.005255459,0.0,8106.179999999984,579,741,2,0.963,0.9644,0.0,0.0
2022-08-24 04:00:00,0.9654,0.966,0.9646,0.9647,9282,0.07813678,0.07813678,0.0,7881.429999999984,579,742,0,0.0,0.0,0.0,-224.75
2022-08-24 08:00:00,0.9647,0.9663,0.9621,0.9622,11812,1.0,1.0,0.0,7881.429999999984,579,742,1,0.9622,0.9603,0.0,0.0
2022-08-24 12:00:00,0.9622,0.9673,0.9608,0.9663,18472,1.0,1.0,0.0,7881.429999999984,579,742,1,0.9622,0.9603,0.0,0.0
2022-08-24 16:00:00,0.9663,0.9688,0.9646,0.9669,18427,1.0,1.0,0.0,7881.429999999984,579,742,1,0.9622,0.9603,0.0,0.0
2022-08-24 20:00:00,0.9669,0.9672,0.966,0.9667,5858,-0.873926,-0.873926,0.0,8309.989999999983,580,742,0,0.0,0.0,0.0,428.56
2022-08-25 00:00:00,0.9664,0.9671,0.965,0.9659,5100,0.99868906,0.99868906,0.0,8309.989999999983,580,742,1,0.9659,0.9651,0.0,0.0
2022-08-25 04:00:00,0.966,0.9662,0.9625,0.9632,8105,-0.81229526,-0.81229526,0.0,8309.989999999983,580,742,1,0.9659,0.9651,0.0,0.0
2022-08-25 08:00:00,0.9632,0.9645,0.9613,0.9623,14967,0.4297894,0.4297894,0.0,8051.379999999984,580,743,0,0.0,0.0,0.0,-258.61
2022-08-25 12:00:00,0.9623,0.9655,0.9616,0.9645,16011,1.0,1.0,0.0,8051.379999999984,580,743,1,0.9645,0.9636,0.0,0.0
2022-08-25 16:00:00,0.9645,0.9654,0.9627,0.9646,16931,-0.26794237,-0.26794237,0.0,8051.379999999984,580,743,1,0.9645,0.9636,0.0,0.0
2022-08-25 20:00:00,0.9646,0.9647,0.9629,0.9632,8115,0.06405282,0.06405282,0.0,8051.379999999984,580,743,1,0.9645,0.9636,0.0,0.0
2022-08-26 00:00:00,0.9632,0.9644,0.9621,0.9642,3512,0.0416554,0.0416554,0.0,7930.739999999983,580,744,0,0.0,0.0,0.0,-120.64
2022-08-26 04:00:00,0.9642,0.9647,0.9637,0.9644,4772,-0.03449351,-0.03449351,0.0,7930.739999999983,580,744,0,0.9642,0.965,0.0,0.0
2022-08-26 08:00:00,0.9644,0.966,0.9638,0.9647,10744,-0.30786514,-0.30786514,0.0,7930.739999999983,580,744,0,0.9642,0.965,0.0,0.0
2022-08-26 12:00:00,0.9647,0.9648,0.962,0.962,13561,-1.0,-1.0,0.0,7930.739999999983,580,744,2,0.962,0.9638,0.0,0.0
2022-08-26 16:00:00,0.962,0.9658,0.9578,0.9652,32890,-0.26621506,-0.26621506,0.0,7930.739999999983,580,744,2,0.962,0.9638,0.0,0.0
2022-08-26 20:00:00,0.9652,0.9669,0.9648,0.9658,7211,-0.7892133,-0.7892133,0.0,7637.629999999984,580,745,0,0.0,0.0,0.0,-293.11
2022-08-29 00:00:00,0.9644,0.9691,0.9644,0.9689,6156,-1.0,-1.0,0.0,7637.629999999984,580,745,2,0.9689,0.971,0.0,0.0
2022-08-29 04:00:00,0.9689,0.9699,0.9682,0.9699,8310,-0.6561863,-0.6561863,0.0,7637.629999999984,580,745,2,0.9689,0.971,0.0,0.0
2022-08-29 08:00:00,0.9699,0.9708,0.9687,0.9692,15395,1.0,1.0,0.0,7548.979999999984,580,746,0,0.0,0.0,0.0,-88.65
2022-08-29 12:00:00,0.9693,0.9695,0.966,0.9673,18370,1.0,1.0,0.0,7548.979999999984,580,746,1,0.9673,0.9665,0.0,0.0
2022-08-29 16:00:00,0.9673,0.97,0.9662,0.9682,17706,-1.0,-1.0,0.0,7548.979999999984,580,746,1,0.9673,0.9665,0.0,0.0
2022-08-29 20:00:00,0.9682,0.9689,0.9676,0.9682,6720,1.0,1.0,0.0,7548.979999999984,580,746,1,0.9673,0.9665,0.0,0.0
2022-08-30 00:00:00,0.9682,0.9684,0.9666,0.967,3696,0.025996337,0.025996337,0.0,7548.979999999984,580,746,1,0.9673,0.9665,0.0,0.0
2022-08-30 04:00:00,0.967,0.9685,0.9666,0.9675,7165,-1.0,-1.0,0.0,7522.769999999984,580,747,0,0.0,0.0,0.0,-26.21
2022-08-30 08:00:00,0.9675,0.9723,0.9669,0.9699,17395,0.5612819,0.5612819,0.0,7522.769999999984,580,747,1,0.9699,0.9691,0.0,0.0
2022-08-30 12:00:00,0.9699,0.9723,0.9689,0.9722,17775,0.78036547,0.78036547,0.0,7522.769999999984,580,747,1,0.9699,0.9691,0.0,0.0
2022-08-30 16:00:00,0.9722,0.9762,0.9709,0.974,23049,-0.019098386,-0.019098386,0.0,7522.769999999984,580,747,1,0.9699,0.9691,0.0,0.0
2022-08-30 20:00:00,0.974,0.9745,0.9729,0.9743,7335,0.6143233,0.6143233,0.0,7522.769999999984,580,747,1,0.9699,0.9691,0.0,0.0
2022-08-31 00:00:00,0.9735,0.9746,0.9719,0.9733,3977,-0.12928857,-0.12928857,0.0,7522.769999999984,580,747,1,0.9699,0.9691,0.0,0.0
2022-08-31 04:00:00,0.9733,0.9742,0.9727,0.9732,5629,0.13958658,0.13958658,0.0,7522.769999999984,580,747,1,0.9699,0.9691,0.0,0.0
2022-08-31 08:00:00,0.9732,0.9784,0.9727,0.9771,14411,-1.0,-1.0,0.0,7811.849999999984,581,747,0,0.0,0.0,0.0,289.08
2022-08-31 12:00:00,0.9771,0.9808,0.9766,0.9787,17719,0.22741178,0.22741178,0.0,7811.849999999984,581,747,0,0.9787,0.9795,0.0,0.0
2022-08-31 16:00:00,0.9787,0.9802,0.9734,0.9752,23274,-1.0,-1.0,0.0,7811.849999999984,581,747,2,0.9752,0.9765,0.0,0.0
2022-08-31 20:00:00,0.9752,0.9785,0.9747,0.9776,9727,1.0,1.0,0.0,7811.849999999984,581,747,2,0.9752,0.9765,0.0,0.0
2022-09-01 00:00:00,0.9763,0.9808,0.9746,0.9802,6308,-0.18984775,-0.18984775,0.0,7592.519999999984,581,748,0,0.0,0.0,0.0,-219.33
2022-09-01 04:00:00,0.9802,0.9809,0.9795,0.98,7753,-0.15963365,-0.15963365,0.0,7592.519999999984,581,748,0,0.98,0.9792,0.0,0.0
2022-09-01 08:00:00,0.98,0.9807,0.9744,0.9759,16616,0.6447643,0.6447643,0.0,7592.519999999984,581,748,1,0.9759,0.9751,0.0,0.0
2022-09-01 12:00:00,0.9759,0.9825,0.9754,0.9805,16632,-1.0,-1.0,0.0,7592.519999999984,581,748,1,0.9759,0.9751,0.0,0.0
2022-09-01 16:00:00,0.9805,0.9861,0.9786,0.983,25395,0.5346744,0.5346744,0.0,7592.519999999984,581,748,1,0.9759,0.9751,0.0,0.0
2022-09-01 20:00:00,0.983,0.9832,0.9809,0.9815,9430,-0.2914836,-0.2914836,0.0,7592.519999999984,581,748,1,0.9759,0.9751,0.0,0.0
2022-09-02 00:00:00,0.9816,0.9819,0.9806,0.981,3437,-0.8123364,-0.8123364,0.0,8091.859999999984,582,748,0,0.0,0.0,0.0,499.34
2022-09-02 04:00:00,0.981,0.9814,0.9807,0.9809,4861,0.56774366,0.56774366,0.0,8091.859999999984,582,748,1,0.9809,0.9801,0.0,0.0
2022-09-02 08:00:00,0.9809,0.9812,0.9787,0.98,10270,0.13186955,0.13186955,0.0,8091.859999999984,582,748,1,0.9809,0.9801,0.0,0.0
2022-09-02 12:00:00,0.98,0.9859,0.9795,0.984,19525,-0.7990902,-0.7990902,0.0,8006.449999999984,582,749,0,0.0,0.0,0.0,-85.41
2022-09-02 16:00:00,0.984,0.9844,0.9784,0.982,23610,-0.31374195,-0.31374195,0.0,8006.449999999984,582,749,0,0.0,0.0,0.0,0.0
2022-09-02 20:00:00,0.982,0.9821,0.9801,0.9812,9452,0.22307096,0.22307096,0.0,8006.449999999984,582,749,0,0.9812,0.982,0.0,0.0
2022-09-05 00:00:00,0.9814,0.9834,0.9809,0.9823,9647,-0.21929507,-0.21929507,0.0,8006.449999999984,582,749,0,0.9812,0.982,0.0,0.0
2022-09-05 04:00:00,0.9823,0.9833,0.9815,0.9824,10204,0.048761986,0.048761986,0.0,8006.449999999984,582,749,0,0.0,0.0,0.0,0.0
2022-09-05 08:00:00,0.9824,0.9837,0.9815,0.9834,15215,-1.0,-1.0,0.0,8006.449999999984,582,749,2,0.9834,0.9842,0.0,0.0
2022-09-05 12:00:00,0.9834,0.9838,0.9796,0.9813,15400,-0.22637397,-0.22637397,0.0,8006.449999999984,582,749,2,0.9834,0.9842,0.0,0.0
2022-09-05 16:00:00,0.9813,0.9819,0.9797,0.9803,8551,-0.87584716,-0.87584716,0.0,8006.449999999984,582,749,2,0.9834,0.9842,0.0,0.0
2022-09-05 20:00:00,0.9803,0.9806,0.9794,0.9797,3808,0.82894,0.82894,0.0,8297.579999999984,583,749,0,0.0,0.0,0.0,291.13
2022-09-06 00:00:00,0.9795,0.98,0.9765,0.9766,6892,-1.0,-1.0,0.0,8297.579999999984,583,749,2,0.9766,0.9783,0.0,0.0
2022-09-06 04:00:00,0.9766,0.9799,0.9765,0.9796,11368,0.96436995,0.96436995,0.0,8297.579999999984,583,749,2,0.9766,0.9783,0.0,0.0
2022-09-06 08:00:00,0.9796,0.9818,0.9784,0.9804,18319,-0.2279915,-0.2279915,0.0,8005.779999999983,583,750,0,0.0,0.0,0.0,-291.8
2022-09-06 12:00:00,0.9804,0.9833,0.9795,0.9833,19386,1.0,1.0,0.0,8005.779999999983,583,750,1,0.9833,0.981,0.0,0.0
2022-09-06 16:00:00,0.9833,0.9862,0.9819,0.9847,26021,-0.9524314,-0.9524314,0.0,8005.779999999983,583,750,1,0.9833,0.981,0.0,0.0
2022-09-06 20:00:00,0.9847,0.9854,0.9841,0.9844,10255,1.0,1.0,0.0,8005.779999999983,583,750,1,0.9833,0.981,0.0,0.0
2022-09-07 00:00:00,0.9823,0.9862,0.9817,0.9852,6812,-1.0,-1.0,0.0,8109.499999999984,584,750,0,0.0,0.0,0.0,103.72
2022-09-07 04:00:00,0.9852,0.987,0.9847,0.9852,12819,0.29784614,0.29784614,0.0,8109.499999999984,584,750,0,0.9852,0.986,0.0,0.0
2022-09-07 08:00:00,0.9852,0.9858,0.9817,0.9828,13823,-1.0,-1.0,0.0,8109.499999999984,584,750,2,0.9828,0.9843,0.0,0.0
2022-09-07 12:00:00,0.9827,0.9865,0.9823,0.9852,17880,-0.21650815,-0.21650815,0.0,8109.499999999984,584,750,2,0.9828,0.9843,0.0,0.0
2022-09-07 16:00:00,0.9852,0.9862,0.9794,0.9795,19845,0.16588026,0.16588026,0.0,7880.049999999984,584,751,0,0.0,0.0,0.0,-229.45
2022-09-07 20:00:00,0.9795,0.9796,0.9761,0.9763,7622,-0.77788234,-0.77788234,0.0,7880.049999999984,584,751,2,0.9763,0.9771,0.0,0.0
2022-09-08 00:00:00,0.9763,0.9781,0.976,0.978,4954,1.0,1.0,0.0,7880.049999999984,584,751,2,0.9763,0.9771,0.0,0.0
2022-09-08 04:00:00,0.978,0.9782,0.9766,0.9774,9582,-0.8574351,-0.8574351,0.0,7723.269999999984,584,752,0,0.0,0.0,0.0,-156.78
2022-09-08 08:00:00,0.9774,0.9775,0.9741,0.9755,15832,-1.0,-1.0,0.0,7723.269999999984,584,752,2,0.9755,0.978,0.0,0.0
2022-09-08 12:00:00,0.9755,0.9758,0.9708,0.9726,23199,-0.49193653,-0.49193653,0.0,7723.269999999984,584,752,2,0.9755,0.978,0.0,0.0
2022-09-08 16:00:00,0.9727,0.9759,0.9709,0.9721,34415,0.20769894,0.20769894,0.0,7723.269999999984,584,752,2,0.9755,0.978,0.0,0.0
2022-09-08 20:00:00,0.9721,0.9725,0.9701,0.9701,10687,-0.9374754,-0.9374754,0.0,7723.269999999984,584,752,2,0.9755,0.978,0.0,0.0
2022-09-09 00:00:00,0.9703,0.9709,0.9666,0.9671,5335,-1.0,-1.0,0.0,7723.269999999984,584,752,2,0.9755,0.978,0.0,0.0
2022-09-09 04:00:00,0.9671,0.9673,0.964,0.9645,11617,-1.0,-1.0,0.0,7723.269999999984,584,752,2,0.9755,0.978,0.0,0.0
2022-09-09 08:00:00,0.9645,0.9655,0.9562,0.9569,17408,-0.30942985,-0.30942985,0.0,7723.269999999984,584,752,2,0.9755,0.978,0.0,0.0
2022-09-09 12:00:00,0.957,0.9627,0.9547,0.9601,20276,1.0,1.0,0.0,9368.099999999984,585,752,0,0.0,0.0,0.0,1644.83
2022-09-09 16:00:00,0.9601,0.9623,0.9592,0.9599,20237,0.82520926,0.82520926,0.0,9368.099999999984,585,752,1,0.9599,0.9587,0.0,0.0
2022-09-09 20:00:00,0.9599,0.9615,0.9599,0.9605,6209,0.8378758,0.8378758,0.0,9368.099999999984,585,752,1,0.9599,0.9587,0.0,0.0
2022-09-12 00:00:00,0.959,0.9609,0.9584,0.9595,7431,-0.7335606,-0.7335606,0.0,9368.099999999984,585,752,1,0.9599,0.9587,0.0,0.0
2022-09-12 04:00:00,0.9595,0.9605,0.9578,0.9601,10498,1.0,1.0,0.0,9368.099999999984,585,752,1,0.9599,0.9587,0.0,0.0
2022-09-12 08:00:00,0.9601,0.9608,0.9533,0.9545,22503,0.29623276,0.29623276,0.0,9368.099999999984,585,752,1,0.9599,0.9587,0.0,0.0
2022-09-12 12:00:00,0.9545,0.957,0.9514,0.9534,20719,-1.0,-1.0,0.0,8790.309999999983,585,753,0,0.0,0.0,0.0,-577.79
2022-09-12 16:00:00,0.9534,0.955,0.9509,0.9514,18556,1.0,1.0,0.0,8790.309999999983,585,753,1,0.9514,0.9502,0.0,0.0
2022-09-12 20:00:00,0.9514,0.9546,0.9511,0.9538,8033,-1.0,-1.0,0.0,8790.309999999983,585,753,1,0.9514,0.9502,0.0,0.0
2022-09-13 00:00:00,0.9538,0.9538,0.952,0.9521,4497,1.0,1.0,0.0,8790.309999999983,585,753,1,0.9514,0.9502,0.0,0.0
2022-09-13 04:00:00,0.9522,0.9529,0.9517,0.9522,6851,-0.4508946,-0.4508946,0.0,8790.309999999983,585,753,1,0.9514,0.9502,0.0,0.0
2022-09-13 08:00:00,0.9522,0.9527,0.9497,0.951,12854,1.0,1.0,0.0,8790.309999999983,585,753,1,0.9514,0.9502,0.0,0.0
2022-09-13 12:00:00,0.951,0.9606,0.948,0.9605,22886,1.0,1.0,0.0,8790.309999999983,585,753,1,0.9514,0.9502,0.0,0.0
2022-09-13 16:00:00,0.9605,0.9633,0.959,0.9596,26901,-0.19554038,-0.19554038,0.0,8790.309999999983,585,753,1,0.9514,0.9502,0.0,0.0
2022-09-13 20:00:00,0.9596,0.9619,0.9581,0.9617,9217,1.0,1.0,0.0,8790.309999999983,585,753,1,0.9514,0.9502,0.0,0.0
2022-09-14 00:00:00,0.9617,0.9626,0.9602,0.9607,9097,-0.4745481,-0.4745481,0.0,8790.309999999983,585,753,1,0.9514,0.9502,0.0,0.0
2022-09-14 04:00:00,0.9607,0.9619,0.9601,0.961,11910,-0.8982893,-0.8982893,0.0,9730.059999999983,586,753,0,0.0,0.0,0.0,939.75
2022-09-14 08:00:00,0.961,0.9628,0.9589,0.9606,21807,-0.14407752,-0.14407752,0.0,9730.059999999983,586,753,0,0.9606,0.9598,0.0,0.0
2022-09-14 12:00:00,0.9606,0.9632,0.9601,0.9608,22922,0.019520832,0.019520832,0.0,9730.059999999983,586,753,0,0.9606,0.9598,0.0,0.0
2022-09-14 16:00:00,0.9609,0.9624,0.9594,0.9613,16567,-1.0,-1.0,0.0,9730.059999999983,586,753,2,0.9613,0.9638,0.0,0.0
2022-09-14 20:00:00,0.9613,0.9636,0.9612,0.9621,4788,1.0,1.0,0.0,9730.059999999983,586,753,2,0.9613,0.9638,0.0,0.0
2022-09-15 00:00:00,0.9615,0.963,0.9605,0.9624,2300,-0.37498826,-0.37498826,0.0,9730.059999999983,586,753,2,0.9613,0.9638,0.0,0.0
2022-09-15 04:00:00,0.9625,0.9636,0.9619,0.9634,3601,0.21680723,0.21680723,0.0,9730.059999999983,586,753,2,0.9613,0.9638,0.0,0.0
2022-09-15 08:00:00,0.9634,0.9642,0.9605,0.9607,7686,1.0,1.0,0.0,9494.499999999984,586,754,0,0.0,0.0,0.0,-235.56
2022-09-15 12:00:00,0.9607,0.9613,0.9556,0.9568,14461,0.074169874,0.074169874,0.0,9494.499999999984,586,754,0,0.9607,0.9626,0.0,0.0
2022-09-15 16:00:00,0.9568,0.9617,0.9558,0.9604,13666,-0.66828287,-0.66828287,0.0,9494.499999999984,586,754,2,0.9604,0.9629,0.0,0.0
2022-09-15 20:00:00,0.9604,0.9616,0.9591,0.9615,3755,-0.8297383,-0.8297383,0.0,9494.499999999984,586,754,2,0.9604,0.9629,0.0,0.0
2022-09-16 00:00:00,0.9615,0.9621,0.9591,0.9607,3728,-0.5607423,-0.5607423,0.0,9494.499999999984,586,754,2,0.9604,0.9629,0.0,0.0
2022-09-16 04:00:00,0.9607,0.9625,0.96,0.9618,4555,-1.0,-1.0,0.0,9494.499999999984,586,754,2,0.9604,0.9629,0.0,0.0
2022-09-16 08:00:00,0.9618,0.9653,0.9618,0.9644,13249,-0.9296884,-0.9296884,0.0,9494.499999999984,586,754,2,0.9604,0.9629,0.0,0.0
2022-09-16 12:00:00,0.9644,0.9647,0.9604,0.9634,15242,-0.9395932,-0.9395932,0.0,9056.229999999983,586,755,0,0.0,0.0,0.0,-438.27
2022-09-16 16:00:00,0.9634,0.9661,0.9609,0.9653,19348,0.1280936,0.1280936,0.0,9056.229999999983,586,755,0,0.9618,0.961,0.0,0.0
2022-09-16 20:00:00,0.9653,0.9655,0.9642,0.9643,4995,0.36828923,0.36828923,0.0,9056.229999999983,586,755,0,0.0,0.0,0.0,0.0
2022-09-19 00:00:00,0.9621,0.9646,0.9621,0.9643,3138,0.5583342,0.5583342,0.0,9056.229999999983,586,755,1,0.9643,0.9635,0.0,0.0
2022-09-19 04:00:00,0.9643,0.9664,0.964,0.9662,3055,0.7195132,0.7195132,0.0,9056.229999999983,586,755,1,0.9643,0.9635,0.0,0.0
2022-09-19 08:00:00,0.9662,0.9696,0.9662,0.9669,8312,-0.4917596,-0.4917596,0.0,9056.229999999983,586,755,1,0.9643,0.9635,0.0,0.0
2022-09-19 12:00:00,0.967,0.9675,0.9647,0.9668,10805,1.0,1.0,0.0,9056.229999999983,586,755,1,0.9643,0.9635,0.0,0.0
2022-09-19 16:00:00,0.9668,0.9679,0.9645,0.9653,10651,-1.0,-1.0,0.0,9318.139999999983,587,755,0,0.0,0.0,0.0,261.91
2022-09-19 20:00:00,0.9653,0.9662,0.964,0.9643,3373,1.0,1.0,0.0,9318.139999999983,587,755,1,0.9643,0.9632,0.0,0.0
2022-09-20 00:00:00,0.9642,0.9646,0.9626,0.9643,3916,1.0,1.0,0.0,9318.139999999983,587,755,1,0.9643,0.9632,0.0,0.0
2022-09-20 04:00:00,0.9643,0.9657,0.9641,0.9655,4570,-1.0,-1.0,0.0,9318.129999999983,587,756,0,0.0,0.0,0.0,-0.01
2022-09-20 08:00:00,0.9656,0.9664,0.9623,0.9661,13648,0.63985276,0.63985276,0.0,9318.129999999983,587,756,1,0.9661,0.9641,0.0,0.0
2022-09-20 12:00:00,0.9661,0.9682,0.9649,0.9671,16370,-1.0,-1.0,0.0,9318.129999999983,587,756,1,0.9661,0.9641,0.0,0.0
2022-09-20 16:00:00,0.9671,0.968,0.9626,0.9637,14672,1.0,1.0,0.0,9318.129999999983,587,756,1,0.9661,0.9641,0.0,0.0
2022-09-20 20:00:00,0.9637,0.9645,0.9629,0.9641,6080,-1.0,-1.0,0.0,9060.239999999983,587,757,0,0.0,0.0,0.0,-257.89
2022-09-21 00:00:00,0.9637,0.9649,0.9622,0.964,4707,-0.15808114,-0.15808114,0.0,9060.239999999983,587,757,0,0.964,0.9663,0.0,0.0
2022-09-21 04:00:00,0.964,0.965,0.9635,0.9649,4064,-0.9472594,-0.9472594,0.0,9060.239999999983,587,757,2,0.9649,0.9657,0.0,0.0
2022-09-21 08:00:00,0.9649,0.9684,0.9631,0.9645,20607,-0.3429766,-0.3429766,0.0,9060.239999999983,587,757,2,0.9649,0.9657,0.0,0.0
2022-09-21 12:00:00,0.9644,0.9653,0.9625,0.9637,12944,1.0,1.0,0.0,9102.059999999983,588,757,0,0.0,0.0,0.0,41.82
2022-09-21 16:00:00,0.9637,0.9665,0.9627,0.9664,15322,-0.5153792,-0.5153792,0.0,9102.059999999983,588,757,2,0.9664,0.9689,0.0,0.0
2022-09-21 20:00:00,0.9663,0.97,0.962,0.9666,31344,-1.0,-1.0,0.0,9102.059999999983,588,757,2,0.9664,0.9689,0.0,0.0
2022-09-22 00:00:00,0.9659,0.9693,0.9653,0.9688,6666,-0.29919472,-0.29919472,0.0,9102.059999999983,588,757,2,0.9664,0.9689,0.0,0.0
2022-09-22 04:00:00,0.9688,0.9688,0.9639,0.9656,11731,1.0,1.0,0.0,8848.809999999983,588,758,0,0.0,0.0,0.0,-253.25
2022-09-22 08:00:00,0.9656,0.98,0.9622,0.9742,34183,-1.0,-1.0,0.0,8848.809999999983,588,758,2,0.9742,0.975,0.0,0.0
2022-09-22 12:00:00,0.9742,0.985,0.9725,0.9768,36674,-1.0,-1.0,0.0,8848.809999999983,588,758,2,0.9742,0.975,0.0,0.0
2022-09-22 16:00:00,0.9769,0.983,0.9763,0.9798,29465,0.6682689,0.6682689,0.0,8579.889999999983,588,759,0,0.0,0.0,0.0,-268.92
2022-09-22 20:00:00,0.9798,0.9798,0.9763,0.9771,8726,0.7192312,0.7192312,0.0,8579.889999999983,588,759,1,0.9771,0.9763,0.0,0.0
2022-09-23 00:00:00,0.9773,0.9779,0.9755,0.9765,4574,-0.47715124,-0.47715124,0.0,8579.889999999983,588,759,1,0.9771,0.9763,0.0,0.0
2022-09-23 04:00:00,0.9765,0.979,0.9761,0.9783,7377,-0.79292566,-0.79292566,0.0,8519.729999999983,588,760,0,0.0,0.0,0.0,-60.16
2022-09-23 08:00:00,0.9783,0.9819,0.9772,0.9816,15018,-1.0,-1.0,0.0,8519.729999999983,588,760,2,0.9816,0.9841,0.0,0.0
2022-09-23 12:00:00,0.9816,0.9832,0.9785,0.9794,26361,1.0,1.0,0.0,8519.729999999983,588,760,2,0.9816,0.9841,0.0,0.0
2022-09-23 16:00:00,0.9794,0.9821,0.9756,0.9806,26485,-0.8110409,-0.8110409,0.0,8519.729999999983,588,760,2,0.9816,0.9841,0.0,0.0
2022-09-23 20:00:00,0.9806,0.984,0.9801,0.9813,11572,-0.50644404,-0.50644404,0.0,8519.729999999983,588,760,2,0.9816,0.9841,0.0,0.0
2022-09-26 00:00:00,0.9824,0.985,0.979,0.9845,14841,-0.6018045,-0.6018045,0.0,8519.729999999983,588,760,2,0.9816,0.9841,0.0,0.0
2022-09-26 04:00:00,0.9845,0.985,0.9812,0.9849,19527,0.96466357,0.96466357,0.0,8228.659999999983,588,761,0,0.0,0.0,0.0,-291.07
2022-09-26 08:00:00,0.9848,0.9874,0.9804,0.9852,30247,-0.24109547,-0.24109547,0.0,8228.659999999983,588,761,0,0.9852,0.9861,0.0,0.0
2022-09-26 12:00:00,0.9852,0.9925,0.9847,0.9869,28298,0.74418736,0.74418736,0.0,8228.659999999983,588,761,1,0.9869,0.9861,0.0,0.0
2022-09-26 16:00:00,0.987,0.9959,0.9854,0.9948,35861,0.6918279,0.6918279,0.0,8228.659999999983,588,761,1,0.9869,0.9861,0.0,0.0
2022-09-26 20:00:00,0.9948,0.9965,0.9922,0.993,17668,-0.73840636,-0.73840636,0.0,8228.659999999983,588,761,1,0.9869,0.9861,0.0,0.0
2022-09-27 00:00:00,0.994,0.9943,0.9908,0.9909,7749,0.4314321,0.4314321,0.0,8228.659999999983,588,761,1,0.9869,0.9861,0.0,0.0
2022-09-27 04:00:00,0.9909,0.9928,0.9907,0.9916,9076,-1.0,-1.0,0.0,8618.919999999984,589,761,0,0.0,0.0,0.0,390.26
2022-09-27 08:00:00,0.9916,0.9919,0.9867,0.9867,23571,-0.2690001,-0.2690001,0.0,8618.919999999984,589,761,0,0.9867,0.9892,0.0,0.0
2022-09-27 12:00:00,0.9867,0.9906,0.9849,0.9891,23035,-1.0,-1.0,0.0,8618.919999999984,589,761,2,0.9891,0.9899,0.0,0.0
2022-09-27 16:00:00,0.9891,0.9915,0.9866,0.9905,30358,-0.47145912,-0.47145912,0.0,8618.919999999984,589,761,2,0.9891,0.9899,0.0,0.0
2022-09-27 20:00:00,0.9905,0.9924,0.9903,0.9918,11022,1.0,1.0,0.0,8475.899999999983,589,762,0,0.0,0.0,0.0,-143.02
2022-09-28 00:00:00,0.9903,0.9935,0.9885,0.9935,8590,0.45893165,0.45893165,0.0,8475.899999999983,589,762,0,0.9935,0.996,0.0,0.0
2022-09-28 04:00:00,0.9935,0.9953,0.993,0.995,19722,0.8204507,0.8204507,0.0,8475.899999999983,589,762,1,0.995,0.9942,0.0,0.0
2022-09-28 08:00:00,0.995,0.9966,0.9901,0.9935,24363,0.6002855,0.6002855,0.0,8475.899999999983,589,762,1,0.995,0.9942,0.0,0.0
2022-09-28 12:00:00,0.9935,0.9941,0.984,0.9862,38098,0.65710074,0.65710074,0.0,8324.749999999984,589,763,0,0.0,0.0,0.0,-151.15
2022-09-28 16:00:00,0.9862,0.9873,0.9746,0.9767,36285,-1.0,-1.0,0.0,8324.749999999984,589,763,2,0.9767,0.9787,0.0,0.0
2022-09-28 20:00:00,0.9767,0.9775,0.975,0.9758,14163,-0.33642292,-0.33642292,0.0,8324.749999999984,589,763,2,0.9767,0.9787,0.0,0.0
2022-09-29 00:00:00,0.9755,0.978,0.9746,0.978,7372,1.0,1.0,0.0,8412.219999999983,590,763,0,0.0,0.0,0.0,87.47
2022-09-29 04:00:00,0.978,0.9797,0.977,0.9793,10768,-0.25421262,-0.25421262,0.0,8412.219999999983,590,763,0,0.978,0.9759,0.0,0.0
2022-09-29 08:00:00,0.9793,0.9856,0.9791,0.9829,24914,-1.0,-1.0,0.0,8412.219999999983,590,763,2,0.9829,0.9848,0.0,0.0
2022-09-29 12:00:00,0.9829,0.9844,0.9782,0.9843,27667,-0.56883365,-0.56883365,0.0,8412.219999999983,590,763,2,0.9829,0.9848,0.0,0.0
2022-09-29 16:00:00,0.9843,0.9855,0.9784,0.9805,34447,1.0,1.0,0.0,8273.499999999984,590,764,0,0.0,0.0,0.0,-138.72
2022-09-29 20:00:00,0.9806,0.9811,0.9752,0.9752,11096,1.0,1.0,0.0,8273.499999999984,590,764,1,0.9752,0.9727,0.0,0.0
2022-09-30 00:00:00,0.975,0.976,0.9733,0.9745,9772,1.0,1.0,0.0,8273.499999999984,590,764,1,0.9752,0.9727,0.0,0.0
2022-09-30 04:00:00,0.9745,0.9766,0.9739,0.9764,11570,-0.25645578,-0.25645578,0.0,8273.499999999984,590,764,1,0.9752,0.9727,0.0,0.0
2022-09-30 08:00:00,0.9764,0.979,0.9743,0.9765,26635,-1.0,-1.0,0.0,8389.489999999983,591,764,0,0.0,0.0,0.0,115.99
2022-09-30 12:00:00,0.9764,0.9822,0.9753,0.9796,30326,-1.0,-1.0,0.0,8389.489999999983,591,764,2,0.9796,0.9809,0.0,0.0
2022-09-30 16:00:00,0.9796,0.9868,0.9778,0.9838,35861,0.29603738,0.29603738,0.0,8389.489999999983,591,764,2,0.9796,0.9809,0.0,0.0
2022-09-30 20:00:00,0.9838,0.9877,0.9837,0.9872,13072,0.15285175,0.15285175,0.0,7974.679999999983,591,765,0,0.0,0.0,0.0,-414.81
2022-10-03 00:00:00,0.9841,0.9869,0.9831,0.9858,9827,-1.0,-1.0,0.0,7974.679999999983,591,765,2,0.9858,0.9866,0.0,0.0
2022-10-03 04:00:00,0.9858,0.9867,0.9834,0.9866,12134,0.41617647,0.41617647,0.0,7974.679999999983,591,765,2,0.9858,0.9866,0.0,0.0
2022-10-03 08:00:00,0.9866,0.989,0.9832,0.9881,28181,0.9533255,0.9533255,0.0,7899.349999999983,591,766,0,0.0,0.0,0.0,-75.33
2022-10-03 12:00:00,0.9881,0.9918,0.9876,0.9892,18483,-1.0,-1.0,0.0,7899.349999999983,591,766,2,0.9892,0.99,0.0,0.0
2022-10-03 16:00:00,0.9892,0.9941,0.9872,0.9918,30790,0.81003594,0.81003594,0.0,7899.349999999983,591,766,2,0.9892,0.99,0.0,0.0
2022-10-03 20:00:00,0.9918,0.995,0.9917,0.9925,11008,0.56990165,0.56990165,0.0,7655.599999999983,591,767,0,0.0,0.0,0.0,-243.75
2022-10-04 00:00:00,0.9913,0.993,0.9905,0.9927,5822,1.0,1.0,0.0,7655.599999999983,591,767,1,0.9927,0.9919,0.0,0.0
2022-10-04 04:00:00,0.9926,0.9941,0.9898,0.9913,11681,0.85478866,0.85478866,0.0,7655.599999999983,591,767,1,0.9927,0.9919,0.0,0.0
2022-10-04 08:00:00,0.9913,0.9926,0.9867,0.9878,24972,-0.46275035,-0.46275035,0.0,7528.459999999983,591,768,0,0.0,0.0,0.0,-127.14
2022-10-04 12:00:00,0.9878,0.9895,0.9853,0.9862,23499,1.0,1.0,0.0,7528.459999999983,591,768,1,0.9862,0.9839,0.0,0.0
2022-10-04 16:00:00,0.9862,0.9875,0.9785,0.9801,25181,0.92117643,0.92117643,0.0,7528.459999999983,591,768,1,0.9862,0.9839,0.0,0.0
2022-10-04 20:00:00,0.9801,0.981,0.9786,0.9794,10879,-1.0,-1.0,0.0,6989.869999999983,591,769,0,0.0,0.0,0.0,-538.59
2022-10-05 00:00:00,0.9791,0.9815,0.9785,0.9797,5148,-0.414537,-0.414537,0.0,6989.869999999983,591,769,0,0.9794,0.9802,0.0,0.0
2022-10-05 04:00:00,0.9797,0.9807,0.9788,0.9803,11126,-1.0,-1.0,0.0,6989.869999999983,591,769,2,0.9803,0.9814,0.0,0.0
2022-10-05 08:00:00,0.9803,0.9838,0.9793,0.9814,18100,0.58762234,0.58762234,0.0,6989.869999999983,591,769,2,0.9803,0.9814,0.0,0.0
2022-10-05 12:00:00,0.9814,0.9855,0.9805,0.9828,16862,-0.735195,-0.735195,0.0,6899.569999999982,591,770,0,0.0,0.0,0.0,-90.3
2022-10-05 16:00:00,0.9828,0.9889,0.9822,0.9845,24755,0.63910776,0.63910776,0.0,6899.569999999982,591,770,1,0.9845,0.9828,0.0,0.0
2022-10-05 20:00:00,0.9845,0.9849,0.9813,0.9834,9792,-0.033114467,-0.033114467,0.0,6899.569999999982,591,770,1,0.9845,0.9828,0.0,0.0
2022-10-06 00:00:00,0.9826,0.9831,0.98,0.9808,5571,1.0,1.0,0.0,6899.569999999982,591,770,1,0.9845,0.9828,0.0,0.0
2022-10-06 04:00:00,0.9808,0.9822,0.9798,0.9806,8755,-1.0,-1.0,0.0,6599.959999999983,591,771,0,0.0,0.0,0.0,-299.61
2022-10-06 08:00:00,0.9806,0.9826,0.9781,0.9823,19827,-1.0,-1.0,0.0,6599.959999999983,591,771,2,0.9823,0.9839,0.0,0.0
2022-10-06 12:00:00,0.9823,0.9856,0.9817,0.9856,19435,-0.5338036,-0.5338036,0.0,6599.959999999983,591,771,2,0.9823,0.9839,0.0,0.0
2022-10-06 16:00:00,0.9856,0.9914,0.9854,0.9899,25683,-0.20337823,-0.20337823,0.0,6343.089999999983,591,772,0,0.0,0.0,0.0,-256.87
2022-10-06 20:00:00,0.9899,0.9912,0.9888,0.9905,10081,-0.4710529,-0.4710529,0.0,6343.089999999983,591,772,0,0.9899,0.9891,0.0,0.0
2022-10-07 00:00:00,0.9903,0.9906,0.987,0.9902,5304,-0.7122628,-0.7122628,0.0,6343.089999999983,591,772,2,0.9902,0.991,0.0,0.0
2022-10-07 04:00:00,0.9902,0.9909,0.9893,0.9901,9615,-0.86173373,-0.86173373,0.0,6343.089999999983,591,772,2,0.9902,0.991,0.0,0.0
2022-10-07 08:00:00,0.99,0.9914,0.9878,0.9905,18051,-1.0,-1.0,0.0,6343.089999999983,591,772,2,0.9902,0.991,0.0,0.0
2022-10-07 12:00:00,0.9905,0.9954,0.9896,0.9934,21305,-0.13501649,-0.13501649,0.0,6343.089999999983,591,772,2,0.9902,0.991,0.0,0.0
2022-10-07 16:00:00,0.9934,0.995,0.9911,0.9933,28625,-0.6476243,-0.6476243,0.0,6101.799999999983,591,773,0,0.0,0.0,0.0,-241.29
2022-10-07 20:00:00,0.9933,0.995,0.993,0.9944,7259,-1.0,-1.0,0.0,6101.799999999983,591,773,2,0.9944,0.9969,0.0,0.0
2022-10-10 00:00:00,0.9929,0.995,0.9929,0.9941,7577,0.9293772,0.9293772,0.0,6101.799999999983,591,773,2,0.9944,0.9969,0.0,0.0
2022-10-10 04:00:00,0.9941,0.9946,0.9932,0.9941,12543,0.19593094,0.19593094,0.0,6101.799999999983,591,773,2,0.9944,0.9969,0.0,0.0
2022-10-10 08:00:00,0.9942,0.9992,0.9938,0.9974,19353,-0.24096766,-0.24096766,0.0,6101.799999999983,591,773,2,0.9944,0.9969,0.0,0.0
2022-10-10 12:00:00,0.9974,0.9995,0.9967,0.9979,18420,0.9425241,0.9425241,0.0,5883.319999999983,591,774,0,0.0,0.0,0.0,-218.48
2022-10-10 16:00:00,0.998,1.0005,0.9975,1.0004,19572,0.06885517,0.06885517,0.0,5883.319999999983,591,774,0,0.9979,0.9989,0.0,0.0
2022-10-10 20:00:00,1.0004,1.001,0.9988,0.9998,9138,0.83454466,0.83454466,0.0,5883.319999999983,591,774,1,0.9998,0.9976,0.0,0.0
2022-10-11 00:00:00,0.9997,1.0003,0.9986,0.9987,6762,-1.0,-1.0,0.0,5883.319999999983,591,774,1,0.9998,0.9976,0.0,0.0
2022-10-11 04:00:00,0.9987,1.0021,0.9986,1.0019,12754,-0.0069204327,-0.0069204327,0.0,5883.319999999983,591,774,1,0.9998,0.9976,0.0,0.0
2022-10-11 08:00:00,1.0019,1.0021,0.9984,0.9999,22112,0.7116076,0.7116076,0.0,5883.319999999983,591,774,1,0.9998,0.9976,0.0,0.0
2022-10-11 12:00:00,0.9999,1.0,0.9946,0.9972,22918,-0.89997965,-0.89997965,0.0,5890.349999999983,592,774,0,0.0,0.0,0.0,7.03
2022-10-11 16:00:00,0.9972,0.9991,0.9916,0.9921,27506,-1.0,-1.0,0.0,5890.349999999983,592,774,2,0.9921,0.9929,0.0,0.0
2022-10-11 20:00:00,0.9921,0.9979,0.9919,0.9967,15531,-0.8689979,-0.8689979,0.0,5890.349999999983,592,774,2,0.9921,0.9929,0.0,0.0
2022-10-12 00:00:00,0.9962,0.9984,0.9957,0.9973,9352,1.0,1.0,0.0,5567.189999999983,592,775,0,0.0,0.0,0.0,-323.16
2022-10-12 04:00:00,0.9973,0.9989,0.9952,0.9965,15193,0.80250114,0.80250114,0.0,5567.189999999983,592,775,1,0.9965,0.994,0.0,0.0
2022-10-12 08:00:00,0.9965,0.997,0.9931,0.9957,24673,0.9654961,0.9654961,0.0,5567.189999999983,592,775,1,0.9965,0.994,0.0,0.0
2022-10-12 12:00:00,0.9957,0.9969,0.9945,0.9952,21998,-0.09425266,-0.09425266,0.0,5567.189999999983,592,775,1,0.9965,0.994,0.0,0.0
2022-10-12 16:00:00,0.9952,1.0004,0.9949,0.9987,26230,-0.3831756,-0.3831756,0.0,5567.189999999983,592,775,1,0.9965,0.994,0.0,0.0
2022-10-12 20:00:00,0.9987,0.9991,0.9957,0.9976,13553,-0.65049267,-0.65049267,0.0,5713.539999999984,593,775,0,0.0,0.0,0.0,146.35
2022-10-13 00:00:00,0.9978,0.9982,0.9959,0.9968,6979,-0.59746075,-0.59746075,0.0,5713.539999999984,593,775,2,0.9968,0.9976,0.0,0.0
2022-10-13 04:00:00,0.9968,0.9983,0.9966,0.9976,9080,-0.10511076,-0.10511076,0.0,5713.539999999984,593,775,2,0.9968,0.9976,0.0,0.0
2022-10-13 08:00:00,0.9976,1.0004,0.9973,0.9986,12214,1.0,1.0,0.0,5658.969999999984,593,776,0,0.0,0.0,0.0,-54.57
2022-10-13 12:00:00,0.9986,1.0071,0.9959,1.0045,26125,-0.013322581,-0.013322581,0.0,5658.969999999984,593,776,0,0.9976,0.9968,0.0,0.0
2022-10-13 16:00:00,1.0045,1.0074,0.997,0.9999,44320,0.7857506,0.7857506,0.0,5658.969999999984,593,776,1,0.9999,0.9991,0.0,0.0
2022-10-13 20:00:00,0.9999,1.0013,0.9971,1.001,12679,1.0,1.0,0.0,5658.969999999984,593,776,1,0.9999,0.9991,0.0,0.0
2022-10-14 00:00:00,0.9988,1.0019,0.9986,1.0014,7032,0.123417675,0.123417675,0.0,5658.969999999984,593,776,1,0.9999,0.9991,0.0,0.0
2022-10-14 04:00:00,1.0014,1.0014,0.9981,0.9992,12215,-0.3177768,-0.3177768,0.0,5658.969999999984,593,776,1,0.9999,0.9991,0.0,0.0
2022-10-14 08:00:00,0.9993,1.0009,0.9965,1.0008,19414,-0.14195777,-0.14195777,0.0,5658.969999999984,593,776,1,0.9999,0.9991,0.0,0.0
2022-10-14 12:00:00,1.0008,1.0047,0.9994,0.9997,20681,-1.0,-1.0,0.0,5719.949999999983,594,776,0,0.0,0.0,0.0,60.98
2022-10-14 16:00:00,0.9997,1.006,0.9984,1.0056,33539,0.60223395,0.60223395,0.0,5719.949999999983,594,776,1,1.0056,1.0048,0.0,0.0
2022-10-14 20:00:00,1.0057,1.0066,1.0045,1.0054,9863,-0.50079083,-0.50079083,0.0,5719.949999999983,594,776,1,1.0056,1.0048,0.0,0.0
2022-10-17 00:00:00,1.0046,1.0056,1.0027,1.0033,8469,0.9240156,0.9240156,0.0,5719.949999999983,594,776,1,1.0056,1.0048,0.0,0.0
2022-10-17 04:00:00,1.0033,1.0045,1.0032,1.0038,10257,-0.15347798,-0.15347798,0.0,5561.999999999984,594,777,0,0.0,0.0,0.0,-157.95
2022-10-17 08:00:00,1.0038,1.0039,0.9992,1.0026,21465,-1.0,-1.0,0.0,5561.999999999984,594,777,2,1.0026,1.005,0.0,0.0
2022-10-17 12:00:00,1.0026,1.0028,0.9976,0.9984,19164,0.55971473,0.55971473,0.0,5561.999999999984,594,777,2,1.0026,1.005,0.0,0.0
2022-10-17 16:00:00,0.9984,0.9985,0.9943,0.996,21582,-1.0,-1.0,0.0,5561.999999999984,594,777,2,1.0026,1.005,0.0,0.0
2022-10-17 20:00:00,0.996,0.9966,0.9952,0.9959,8698,-1.0,-1.0,0.0,5561.999999999984,594,777,2,1.0026,1.005,0.0,0.0
2022-10-18 00:00:00,0.9957,0.9961,0.9939,0.995,7298,0.119636774,0.119636774,0.0,5561.999999999984,594,777,2,1.0026,1.005,0.0,0.0
2022-10-18 04:00:00,0.995,0.996,0.9921,0.9934,12023,-0.6703681,-0.6703681,0.0,5561.999999999984,594,777,2,1.0026,1.005,0.0,0.0
2022-10-18 08:00:00,0.9934,0.9967,0.9919,0.9967,20191,1.0,1.0,0.0,6170.239999999983,595,777,0,0.0,0.0,0.0,608.24
2022-10-18 12:00:00,0.9967,0.9975,0.9931,0.9935,20600,0.896292,0.896292,0.0,6170.239999999983,595,777,1,0.9935,0.9927,0.0,0.0
2022-10-18 16:00:00,0.9935,0.9979,0.993,0.9959,23173,-1.0,-1.0,0.0,6170.239999999983,595,777,1,0.9935,0.9927,0.0,0.0
2022-10-18 20:00:00,0.9959,0.997,0.9937,0.9941,11855,-0.2663633,-0.2663633,0.0,6170.239999999983,595,777,1,0.9935,0.9927,0.0,0.0
2022-10-19 00:00:00,0.9946,0.9948,0.9928,0.9943,10232,-1.0,-1.0,0.0,6214.269999999983,596,777,0,0.0,0.0,0.0,44.03
2022-10-19 04:00:00,0.9943,0.9954,0.9935,0.9952,12882,-0.15342487,-0.15342487,0.0,6214.269999999983,596,777,0,0.9943,0.9951,0.0,0.0
2022-10-19 08:00:00,0.9952,1.0,0.9951,0.9998,20235,-1.0,-1.0,0.0,6214.269999999983,596,777,2,0.9998,1.0021,0.0,0.0
2022-10-19 12:00:00,0.9998,1.0046,0.9993,1.0037,21312,0.4372513,0.4372513,0.0,6214.269999999983,596,777,2,0.9998,1.0021,0.0,0.0
2022-10-19 16:00:00,1.0037,1.0054,1.0021,1.0053,22433,1.0,1.0,0.0,5923.189999999983,596,778,0,0.0,0.0,0.0,-291.08
2022-10-19 20:00:00,1.0054,1.0063,1.0042,1.0042,9741,0.7332673,0.7332673,0.0,5923.189999999983,596,778,1,1.0042,1.0034,0.0,0.0
2022-10-20 00:00:00,1.0031,1.0056,1.0023,1.005,7118,0.836236,0.836236,0.0,5923.189999999983,596,778,1,1.0042,1.0034,0.0,0.0
2022-10-20 04:00:00,1.005,1.0064,1.0043,1.0048,12708,-0.73983186,-0.73983186,0.0,5923.189999999983,596,778,1,1.0042,1.0034,0.0,0.0
2022-10-20 08:00:00,1.0049,1.0069,1.0037,1.0063,22282,1.0,1.0,0.0,5923.189999999983,596,778,1,1.0042,1.0034,0.0,0.0
2022-10-20 12:00:00,1.0063,1.0063,1.0006,1.0039,20477,-0.8014419,-0.8014419,0.0,6072.959999999984,597,778,0,0.0,0.0,0.0,149.77
2022-10-20 16:00:00,1.0039,1.0048,0.9995,1.0023,25702,-0.82888496,-0.82888496,0.0,6072.959999999984,597,778,2,1.0023,1.0031,0.0,0.0
2022-10-20 20:00:00,1.0023,1.005,1.0021,1.0031,12297,-1.0,-1.0,0.0,6072.959999999984,597,778,2,1.0023,1.0031,0.0,0.0
2022-10-21 00:00:00,1.003,1.0052,1.0021,1.0048,5958,0.9902363,0.9902363,0.0,6014.639999999984,597,779,0,0.0,0.0,0.0,-58.32
2022-10-21 04:00:00,1.0048,1.0064,1.0046,1.0061,10587,-0.91002786,-0.91002786,0.0,6014.639999999984,597,779,2,1.0061,1.0079,0.0,0.0
2022-10-21 08:00:00,1.0061,1.01,1.0036,1.0098,18784,1.0,1.0,0.0,6014.639999999984,597,779,2,1.0061,1.0079,0.0,0.0
2022-10-21 12:00:00,1.0098,1.0148,1.0082,1.0099,23322,-1.0,-1.0,0.0,5745.729999999984,597,780,0,0.0,0.0,0.0,-268.91
2022-10-21 16:00:00,1.01,1.0113,0.9962,0.9994,62986,-1.0,-1.0,0.0,5745.729999999984,597,780,2,0.9994,1.0019,0.0,0.0
2022-10-21 20:00:00,0.9994,1.0012,0.9972,0.9978,19632,0.90586597,0.90586597,0.0,5745.729999999984,597,780,2,0.9994,1.0019,0.0,0.0
2022-10-24 00:00:00,0.9955,1.0016,0.9943,0.9992,21705,-0.10037336,-0.10037336,0.0,5745.729999999984,597,780,2,0.9994,1.0019,0.0,0.0
2022-10-24 04:00:00,0.9992,0.9999,0.9977,0.9981,15745,0.8955557,0.8955557,0.0,5759.459999999984,598,780,0,0.0,0.0,0.0,13.73
2022-10-24 08:00:00,0.9981,1.002,0.9965,1.0011,25838,-0.22333513,-0.22333513,0.0,5759.459999999984,598,780,0,0.0,0.0,0.0,0.0
2022-10-24 12:00:00,1.0011,1.0032,0.9995,1.0012,25722,-0.23260318,-0.23260318,0.0,5759.459999999984,598,780,0,1.0012,1.0037,0.0,0.0
2022-10-24 16:00:00,1.0013,1.003,0.9969,1.0019,35355,0.1472751,0.1472751,0.0,5759.459999999984,598,780,0,1.0012,1.0037,0.0,0.0
2022-10-24 20:00:00,1.0019,1.0021,1.0005,1.0006,7537,0.29926702,0.29926702,0.0,5759.459999999984,598,780,0,1.0012,1.0037,0.0,0.0
2022-10-25 00:00:00,1.0004,1.001,0.9983,0.9985,7781,1.0,1.0,0.0,5759.459999999984,598,780,1,0.9985,0.9977,0.0,0.0
2022-10-25 04:00:00,0.9985,1.0006,0.9981,1.0005,12193,-0.67026925,-0.67026925,0.0,5759.459999999984,598,780,1,0.9985,0.9977,0.0,0.0
2022-10-25 08:00:00,1.0005,1.003,1.0003,1.0029,18563,0.023387276,0.023387276,0.0,5759.459999999984,598,780,1,0.9985,0.9977,0.0,0.0
2022-10-25 12:00:00,1.0029,1.0032,1.0017,1.0027,18500,1.0,1.0,0.0,5759.459999999984,598,780,1,0.9985,0.9977,0.0,0.0
2022-10-25 16:00:00,1.0027,1.0031,0.994,0.9968,32341,0.67056286,0.67056286,0.0,5759.459999999984,598,780,1,0.9985,0.9977,0.0,0.0
2022-10-25 20:00:00,0.9968,0.9972,0.9943,0.9944,12423,-0.26988915,-0.26988915,0.0,5642.669999999984,598,781,0,0.0,0.0,0.0,-116.79
2022-10-26 00:00:00,0.9955,0.9962,0.9938,0.9959,9361,1.0,1.0,0.0,5642.669999999984,598,781,1,0.9959,0.9951,0.0,0.0
2022-10-26 04:00:00,0.9959,0.9962,0.9943,0.9947,13285,-0.32184228,-0.32184228,0.0,5642.669999999984,598,781,1,0.9959,0.9951,0.0,0.0
2022-10-26 08:00:00,0.9947,0.9951,0.9859,0.9862,23964,-1.0,-1.0,0.0,5562.069999999983,598,782,0,0.0,0.0,0.0,-80.6
2022-10-26 12:00:00,0.9864,0.9929,0.9854,0.9916,24543,0.87824893,0.87824893,0.0,5562.069999999983,598,782,1,0.9916,0.9908,0.0,0.0
2022-10-26 16:00:00,0.9916,0.9919,0.9853,0.9869,27245,-0.493501,-0.493501,0.0,5562.069999999983,598,782,1,0.9916,0.9908,0.0,0.0
2022-10-26 20:00:00,0.9869,0.9878,0.9854,0.9861,10304,-0.29466522,-0.29466522,0.0,5253.349999999983,598,783,0,0.0,0.0,0.0,-308.72
2022-10-27 00:00:00,0.986,0.9866,0.9841,0.9856,8451,0.010863033,0.010863033,0.0,5253.349999999983,598,783,0,0.9862,0.9854,0.0,0.0
2022-10-27 04:00:00,0.9856,0.987,0.9846,0.9862,8518,-1.0,-1.0,0.0,5253.349999999983,598,783,2,0.9862,0.987,0.0,0.0
2022-10-27 08:00:00,0.9862,0.9886,0.9851,0.9879,17241,0.9430689,0.9430689,0.0,5253.349999999983,598,783,2,0.9862,0.987,0.0,0.0
2022-10-27 12:00:00,0.9879,0.9928,0.9874,0.9896,24301,-0.3370901,-0.3370901,0.0,5147.769999999983,598,784,0,0.0,0.0,0.0,-105.58
2022-10-27 16:00:00,0.9896,0.9915,0.987,0.9907,34851,1.0,1.0,0.0,5147.769999999983,598,784,1,0.9907,0.9899,0.0,0.0
2022-10-27 20:00:00,0.9906,0.9923,0.989,0.9911,8844,0.5173815,0.5173815,0.0,5147.769999999983,598,784,1,0.9907,0.9899,0.0,0.0
2022-10-28 00:00:00,0.9911,0.9913,0.99,0.9909,6650,-0.9018917,-0.9018917,0.0,5172.179999999983,599,784,0,0.0,0.0,0.0,24.41
2022-10-28 04:00:00,0.9909,0.9911,0.9883,0.9892,11285,0.16789891,0.16789891,0.0,5172.179999999983,599,784,0,0.0,0.0,0.0,0.0
2022-10-28 08:00:00,0.9892,0.9962,0.989,0.9953,19438,0.56807905,0.56807905,0.0,5172.179999999983,599,784,1,0.9953,0.9931,0.0,0.0
2022-10-28 12:00:00,0.9952,0.998,0.9935,0.9965,21617,-0.16682005,-0.16682005,0.0,5172.179999999983,599,784,1,0.9953,0.9931,0.0,0.0
2022-10-28 16:00:00,0.9965,0.9979,0.9942,0.9966,29818,-0.49418458,-0.49418458,0.0,5172.179999999983,599,784,1,0.9953,0.9931,0.0,0.0
2022-10-28 20:00:00,0.9966,0.9973,0.9954,0.996,6790,-0.70283663,-0.70283663,0.0,5252.349999999983,600,784,0,0.0,0.0,0.0,80.17
2022-10-31 00:00:00,0.9953,0.9983,0.9953,0.997,11776,-0.5101445,-0.5101445,0.0,5252.349999999983,600,784,2,0.997,0.9991,0.0,0.0
2022-10-31 04:00:00,0.997,0.9975,0.9962,0.9973,10553,-0.6412273,-0.6412273,0.0,5252.349999999983,600,784,2,0.997,0.9991,0.0,0.0
2022-10-31 08:00:00,0.9973,1.0013,0.9967,0.9993,17881,0.86595803,0.86595803,0.0,5233.539999999983,600,785,0,0.0,0.0,0.0,-18.81
2022-10-31 12:00:00,0.9993,1.0026,0.999,1.0025,22524,0.8764157,0.8764157,0.0,5233.539999999983,600,785,1,1.0025,1.0,0.0,0.0
2022-10-31 16:00:00,1.0025,1.0032,0.9995,1.0009,24906,0.10233653,0.10233653,0.0,5233.539999999983,600,785,1,1.0025,1.0,0.0,0.0
2022-10-31 20:00:00,1.0009,1.0022,0.9989,1.0014,10339,1.0,1.0,0.0,5233.539999999983,600,785,1,1.0025,1.0,0.0,0.0
2022-11-01 00:00:00,1.0013,1.002,1.0001,1.0005,11507,0.077482834,0.077482834,0.0,5233.539999999983,600,785,1,1.0025,1.0,0.0,0.0
2022-11-01 04:00:00,1.0005,1.0011,0.999,0.9993,10727,0.122605205,0.122605205,0.0,5233.539999999983,600,785,1,1.0025,1.0,0.0,0.0
2022-11-01 08:00:00,0.9993,0.9997,0.9927,0.9931,20547,0.5153698,0.5153698,0.0,5033.269999999982,600,786,0,0.0,0.0,0.0,-200.27
2022-11-01 12:00:00,0.9931,0.9953,0.9915,0.9942,23987,-1.0,-1.0,0.0,5033.269999999982,600,786,2,0.9942,0.9967,0.0,0.0
2022-11-01 16:00:00,0.9935,1.0013,0.9935,0.9989,33737,0.108176395,0.108176395,0.0,5033.269999999982,600,786,2,0.9942,0.9967,0.0,0.0
2022-11-01 20:00:00,0.9989,1.0007,0.9974,0.9998,5345,-0.6883342,-0.6883342,0.0,4750.499999999982,600,787,0,0.0,0.0,0.0,-282.77
2022-11-02 00:00:00,0.9995,1.0009,0.9982,0.9983,12255,1.0,1.0,0.0,4750.499999999982,600,787,1,0.9983,0.996,0.0,0.0
2022-11-02 04:00:00,0.9983,0.9992,0.9975,0.9983,8407,1.0,1.0,0.0,4750.499999999982,600,787,1,0.9983,0.996,0.0,0.0
2022-11-02 08:00:00,0.9983,0.9997,0.9964,0.9965,15157,-0.27691978,-0.27691978,0.0,4750.499999999982,600,787,1,0.9983,0.996,0.0,0.0
2022-11-02 12:00:00,0.9965,0.9978,0.9943,0.9966,23978,0.22100282,0.22100282,0.0,4750.499999999982,600,787,1,0.9983,0.996,0.0,0.0
2022-11-02 16:00:00,0.9966,0.9998,0.9965,0.998,18963,-0.45142022,-0.45142022,0.0,4750.499999999982,600,787,1,0.9983,0.996,0.0,0.0
2022-11-02 20:00:00,0.998,1.0041,0.9911,1.0027,32819,1.0,1.0,0.0,4750.499999999982,600,787,1,0.9983,0.996,0.0,0.0
2022-11-03 00:00:00,1.0025,1.004,1.0004,1.0015,13298,-1.0,-1.0,0.0,5001.279999999982,601,787,0,0.0,0.0,0.0,250.78
2022-11-03 04:00:00,1.0015,1.0027,1.0007,1.0026,8217,-0.79438955,-0.79438955,0.0,5001.279999999982,601,787,2,1.0026,1.0051,0.0,0.0
2022-11-03 08:00:00,1.0026,1.0131,1.0026,1.0125,23269,0.2000367,0.2000367,0.0,5001.279999999982,601,787,2,1.0026,1.0051,0.0,0.0
2022-11-03 12:00:00,1.0125,1.0148,1.0119,1.0134,32206,0.20957245,0.20957245,0.0,4401.399999999981,601,788,0,0.0,0.0,0.0,-599.88
2022-11-03 16:00:00,1.0134,1.0141,1.009,1.013,29136,-0.72514933,-0.72514933,0.0,4401.399999999981,601,788,2,1.013,1.0138,0.0,0.0
2022-11-03 20:00:00,1.013,1.0136,1.0112,1.0132,8133,-1.0,-1.0,0.0,4401.399999999981,601,788,2,1.013,1.0138,0.0,0.0
2022-11-04 00:00:00,1.0132,1.0144,1.0115,1.0115,10219,1.0,1.0,0.0,4390.719999999981,601,789,0,0.0,0.0,0.0,-10.68
2022-11-04 04:00:00,1.0115,1.0122,1.0088,1.0104,10382,-1.0,-1.0,0.0,4390.719999999981,601,789,2,1.0104,1.0112,0.0,0.0
2022-11-04 08:00:00,1.0104,1.0116,1.0083,1.0095,22093,0.0054081944,0.0054081944,0.0,4390.719999999981,601,789,2,1.0104,1.0112,0.0,0.0
2022-11-04 12:00:00,1.0096,1.0102,0.9983,1.0004,38783,-1.0,-1.0,0.0,4390.719999999981,601,789,2,1.0104,1.0112,0.0,0.0
2022-11-04 16:00:00,1.0004,1.0005,0.9941,0.9967,37398,0.03072126,0.03072126,0.0,4390.719999999981,601,789,2,1.0104,1.0112,0.0,0.0
2022-11-04 20:00:00,0.9967,0.9974,0.9932,0.9943,11171,0.04435903,0.04435903,0.0,4390.719999999981,601,789,2,1.0104,1.0112,0.0,0.0
2022-11-07 00:00:00,0.9982,0.9985,0.9949,0.9968,12481,0.70999104,0.70999104,0.0,5231.759999999981,602,789,0,0.0,0.0,0.0,841.04
2022-11-07 04:00:00,0.9968,0.9973,0.9945,0.9955,10180,1.0,1.0,0.0,5231.759999999981,602,789,1,0.9955,0.9939,0.0,0.0
2022-11-07 08:00:00,0.9954,0.997,0.9908,0.9918,25122,0.023785846,0.023785846,0.0,5231.759999999981,602,789,1,0.9955,0.9939,0.0,0.0
2022-11-07 12:00:00,0.9919,0.992,0.9876,0.9887,26471,-0.24704579,-0.24704579,0.0,5002.019999999981,602,790,0,0.0,0.0,0.0,-229.74
2022-11-07 16:00:00,0.9887,0.9914,0.9877,0.9888,30891,-1.0,-1.0,0.0,5002.019999999981,602,790,2,0.9888,0.9896,0.0,0.0
2022-11-07 20:00:00,0.9888,0.989,0.9875,0.9882,10594,-0.39629996,-0.39629996,0.0,5002.019999999981,602,790,2,0.9888,0.9896,0.0,0.0
2022-11-08 00:00:00,0.9883,0.99,0.9874,0.9896,8442,1.0,1.0,0.0,5037.499999999981,603,790,0,0.0,0.0,0.0,35.48
2022-11-08 04:00:00,0.9896,0.9922,0.9895,0.9922,7923,-0.67389864,-0.67389864,0.0,5037.499999999981,603,790,2,0.9922,0.9944,0.0,0.0
2022-11-08 08:00:00,0.9922,0.9924,0.9887,0.989,18359,-0.30380723,-0.30380723,0.0,5037.499999999981,603,790,2,0.9922,0.9944,0.0,0.0
2022-11-08 12:00:00,0.989,0.9927,0.9885,0.9904,20990,1.0,1.0,0.0,5228.259999999981,604,790,0,0.0,0.0,0.0,190.76
2022-11-08 16:00:00,0.9904,0.9908,0.9837,0.9846,19313,-0.75004387,-0.75004387,0.0,5228.259999999981,604,790,2,0.9846,0.9862,0.0,0.0
2022-11-08 20:00:00,0.9846,0.9877,0.9838,0.9856,10750,-0.477414,-0.477414,0.0,5228.259999999981,604,790,2,0.9846,0.9862,0.0,0.0
2022-11-09 00:00:00,0.9853,0.9867,0.9831,0.9866,6312,-0.5058915,-0.5058915,0.0,5228.259999999981,604,790,2,0.9846,0.9862,0.0,0.0
2022-11-09 04:00:00,0.9866,0.9873,0.9844,0.9867,6609,0.520454,0.520454,0.0,5104.809999999981,604,791,0,0.0,0.0,0.0,-123.45
2022-11-09 08:00:00,0.9867,0.9874,0.9825,0.9863,15617,1.0,1.0,0.0,5104.809999999981,604,791,1,0.9863,0.9855,0.0,0.0
2022-11-09 12:00:00,0.9863,0.9865,0.9813,0.9848,17595,0.03417117,0.03417117,0.0,5104.809999999981,604,791,1,0.9863,0.9855,0.0,0.0
2022-11-09 16:00:00,0.9848,0.9859,0.98,0.984,22382,-0.022394964,-0.022394964,0.0,5014.5699999999815,604,792,0,0.0,0.0,0.0,-90.24
2022-11-09 20:00:00,0.984,0.9866,0.9836,0.9841,10338,-0.22194111,-0.22194111,0.0,5014.5699999999815,604,792,0,0.9841,0.9849,0.0,0.0
2022-11-10 00:00:00,0.9839,0.985,0.9827,0.9837,5327,-1.0,-1.0,0.0,5014.5699999999815,604,792,2,0.9837,0.9847,0.0,0.0
2022-11-10 04:00:00,0.9837,0.9848,0.9825,0.9828,6245,1.0,1.0,0.0,5014.5699999999815,604,792,2,0.9837,0.9847,0.0,0.0
2022-11-10 08:00:00,0.9828,0.988,0.9825,0.9879,14252,-1.0,-1.0,0.0,5014.5699999999815,604,792,2,0.9837,0.9847,0.0,0.0
2022-11-10 12:00:00,0.9879,0.9899,0.9734,0.9761,23982,0.9445367,0.9445367,0.0,4765.599999999981,604,793,0,0.0,0.0,0.0,-248.97
2022-11-10 16:00:00,0.9761,0.9763,0.966,0.9694,38764,-0.5388804,-0.5388804,0.0,4765.599999999981,604,793,2,0.9694,0.9711,0.0,0.0
2022-11-10 20:00:00,0.9694,0.9694,0.963,0.9633,11754,1.0,1.0,0.0,4765.599999999981,604,793,2,0.9694,0.9711,0.0,0.0
2022-11-11 00:00:00,0.9636,0.968,0.9619,0.968,10389,-0.1039145,-0.1039145,0.0,4765.599999999981,604,793,2,0.9694,0.9711,0.0,0.0
2022-11-11 04:00:00,0.968,0.9682,0.9641,0.9646,10836,-0.7916604,-0.7916604,0.0,4765.599999999981,604,793,2,0.9694,0.9711,0.0,0.0
2022-11-11 08:00:00,0.9646,0.9654,0.959,0.9593,23682,-0.83885664,-0.83885664,0.0,4765.599999999981,604,793,2,0.9694,0.9711,0.0,0.0
2022-11-11 12:00:00,0.9593,0.9615,0.9451,0.9487,28832,0.15067519,0.15067519,0.0,4765.599999999981,604,793,2,0.9694,0.9711,0.0,0.0
2022-11-11 16:00:00,0.9487,0.9546,0.9419,0.9424,30539,0.4648156,0.4648156,0.0,4765.599999999981,604,793,2,0.9694,0.9711,0.0,0.0
2022-11-11 20:00:00,0.9424,0.9428,0.9397,0.9411,12924,1.0,1.0,0.0,6216.559999999981,605,793,0,0.0,0.0,0.0,1450.96
2022-11-14 00:00:00,0.9411,0.9449,0.9409,0.9445,14595,-0.9270701,-0.9270701,0.0,6216.559999999981,605,793,2,0.9445,0.9462,0.0,0.0
2022-11-14 04:00:00,0.9444,0.9485,0.9439,0.948,10637,-0.94658583,-0.94658583,0.0,6216.559999999981,605,793,2,0.9445,0.9462,0.0,0.0
2022-11-14 08:00:00,0.948,0.948,0.9425,0.9458,21260,0.39000997,0.39000997,0.0,5969.739999999982,605,794,0,0.0,0.0,0.0,-246.82
2022-11-14 12:00:00,0.9459,0.9489,0.9439,0.9457,22718,0.3042585,0.3042585,0.0,5969.739999999982,605,794,0,0.948,0.9488,0.0,0.0
2022-11-14 16:00:00,0.9457,0.9478,0.9406,0.9424,22271,-0.37534428,-0.37534428,0.0,5969.739999999982,605,794,0,0.948,0.9488,0.0,0.0
2022-11-14 20:00:00,0.9424,0.9433,0.9405,0.943,8358,1.0,1.0,0.0,5969.739999999982,605,794,1,0.943,0.9405,0.0,0.0
2022-11-15 00:00:00,0.9428,0.9449,0.9414,0.9444,8735,1.0,1.0,0.0,5969.739999999982,605,794,1,0.943,0.9405,0.0,0.0
2022-11-15 04:00:00,0.9444,0.9454,0.9435,0.9442,7363,-1.0,-1.0,0.0,6064.179999999981,606,794,0,0.0,0.0,0.0,94.44
2022-11-15 08:00:00,0.9442,0.9443,0.938,0.9397,21580,0.5308091,0.5308091,0.0,6064.179999999981,606,794,1,0.9397,0.9389,0.0,0.0
2022-11-15 12:00:00,0.9397,0.9425,0.9356,0.9397,29647,1.0,1.0,0.0,6064.179999999981,606,794,1,0.9397,0.9389,0.0,0.0
2022-11-15 16:00:00,0.9397,0.9466,0.9394,0.9442,35940,0.2662431,0.2662431,0.0,6064.179999999981,606,794,1,0.9397,0.9389,0.0,0.0
2022-11-15 20:00:00,0.9441,0.9476,0.9417,0.9444,31016,-0.6682527,-0.6682527,0.0,6372.479999999981,607,794,0,0.0,0.0,0.0,308.3
2022-11-16 00:00:00,0.9441,0.9457,0.9424,0.9451,10515,-0.43407124,-0.43407124,0.0,6372.479999999981,607,794,0,0.9442,0.943,0.0,0.0
2022-11-16 04:00:00,0.9451,0.947,0.9432,0.9442,12638,1.0,1.0,0.0,6372.479999999981,607,794,1,0.9442,0.9417,0.0,0.0
2022-11-16 08:00:00,0.9442,0.9451,0.9404,0.9407,19196,0.034303203,0.034303203,0.0,6372.479999999981,607,794,1,0.9442,0.9417,0.0,0.0
2022-11-16 12:00:00,0.9407,0.9433,0.9386,0.942,22810,-0.795103,-0.795103,0.0,6121.409999999982,607,795,0,0.0,0.0,0.0,-251.07
2022-11-16 16:00:00,0.942,0.9448,0.9404,0.9439,21532,0.20613754,0.20613754,0.0,6121.409999999982,607,795,0,0.0,0.0,0.0,0.0
2022-11-16 20:00:00,0.9439,0.9457,0.9434,0.9446,9296,0.07612075,0.07612075,0.0,6121.409999999982,607,795,0,0.9446,0.9431,0.0,0.0
2022-11-17 00:00:00,0.944,0.9456,0.9436,0.9455,6375,-0.5083,-0.5083,0.0,6121.409999999982,607,795,2,0.9455,0.9463,0.0,0.0
2022-11-17 04:00:00,0.9455,0.9468,0.9452,0.9454,7355,1.0,1.0,0.0,6121.409999999982,607,795,2,0.9455,0.9463,0.0,0.0
2022-11-17 08:00:00,0.9454,0.948,0.9433,0.9474,14110,-1.0,-1.0,0.0,6121.409999999982,607,795,2,0.9455,0.9463,0.0,0.0
2022-11-17 12:00:00,0.9474,0.9524,0.9469,0.9521,23405,-0.81152314,-0.81152314,0.0,5989.549999999982,607,796,0,0.0,0.0,0.0,-131.86
2022-11-17 16:00:00,0.9521,0.9558,0.9508,0.9528,21671,0.44719732,0.44719732,0.0,5989.549999999982,607,796,0,0.9528,0.9518,0.0,0.0
2022-11-17 20:00:00,0.9528,0.9529,0.9511,0.952,8833,1.0,1.0,0.0,5989.549999999982,607,796,1,0.952,0.9512,0.0,0.0
2022-11-18 00:00:00,0.9523,0.9531,0.9502,0.9516,9624,-0.013924984,-0.013924984,0.0,5989.549999999982,607,796,1,0.952,0.9512,0.0,0.0
2022-11-18 04:00:00,0.9515,0.9526,0.9506,0.9518,7510,1.0,1.0,0.0,5989.549999999982,607,796,1,0.952,0.9512,0.0,0.0
2022-11-18 08:00:00,0.9518,0.9532,0.9498,0.9509,15344,0.52373385,0.52373385,0.0,5989.549999999982,607,796,1,0.952,0.9512,0.0,0.0
2022-11-18 12:00:00,0.9509,0.9539,0.9507,0.9532,14980,0.29126152,0.29126152,0.0,5914.569999999982,607,797,0,0.0,0.0,0.0,-74.98
2022-11-18 16:00:00,0.9532,0.9548,0.9503,0.9531,17116,1.0,1.0,0.0,5914.569999999982,607,797,1,0.9531,0.9511,0.0,0.0
2022-11-18 20:00:00,0.9531,0.9549,0.9531,0.9546,6707,0.42274892,0.42274892,0.0,5914.569999999982,607,797,1,0.9531,0.9511,0.0,0.0
2022-11-21 00:00:00,0.9533,0.9553,0.9529,0.9543,6856,-0.6102897,-0.6102897,0.0,5914.569999999982,607,797,1,0.9531,0.9511,0.0,0.0
2022-11-21 04:00:00,0.9543,0.9563,0.9542,0.9556,7333,1.0,1.0,0.0,5914.569999999982,607,797,1,0.9531,0.9511,0.0,0.0
2022-11-21 08:00:00,0.9556,0.9594,0.9553,0.9592,15994,-1.0,-1.0,0.0,6083.639999999982,608,797,0,0.0,0.0,0.0,169.07
2022-11-21 12:00:00,0.9592,0.9598,0.957,0.9579,15527,-1.0,-1.0,0.0,6083.639999999982,608,797,2,0.9579,0.9587,0.0,0.0
2022-11-21 16:00:00,0.9579,0.9595,0.9562,0.9589,14811,-0.59815705,-0.59815705,0.0,6083.639999999982,608,797,2,0.9579,0.9587,0.0,0.0
2022-11-21 20:00:00,0.959,0.9599,0.9585,0.9588,6496,-0.812213,-0.812213,0.0,6013.829999999982,608,798,0,0.0,0.0,0.0,-69.81
2022-11-22 00:00:00,0.9575,0.9588,0.9562,0.957,7493,0.6810624,0.6810624,0.0,6013.829999999982,608,798,1,0.957,0.9562,0.0,0.0
2022-11-22 04:00:00,0.957,0.9579,0.9562,0.9574,5382,-0.6907237,-0.6907237,0.0,6013.829999999982,608,798,1,0.957,0.9562,0.0,0.0
2022-11-22 08:00:00,0.9574,0.9582,0.9553,0.9555,14481,-0.4903844,-0.4903844,0.0,6013.829999999982,608,798,1,0.957,0.9562,0.0,0.0
2022-11-22 12:00:00,0.9555,0.9558,0.951,0.9519,13168,-0.55129254,-0.55129254,0.0,5910.679999999982,608,799,0,0.0,0.0,0.0,-103.15
2022-11-22 16:00:00,0.9518,0.9541,0.9513,0.9521,14296,0.16028035,0.16028035,0.0,5910.679999999982,608,799,0,0.9579,0.9596,0.0,0.0
2022-11-22 20:00:00,0.9521,0.9527,0.9513,0.9518,7120,-0.9454923,-0.9454923,0.0,5910.679999999982,608,799,2,0.9518,0.9528,0.0,0.0
2022-11-23 00:00:00,0.9514,0.9522,0.9504,0.9513,6888,1.0,1.0,0.0,5910.679999999982,608,799,2,0.9518,0.9528,0.0,0.0
2022-11-23 04:00:00,0.9513,0.952,0.9503,0.9507,5523,0.5556325,0.5556325,0.0,5910.679999999982,608,799,2,0.9518,0.9528,0.0,0.0
2022-11-23 08:00:00,0.9507,0.953,0.9489,0.9513,12097,-0.259807,-0.259807,0.0,5910.679999999982,608,799,2,0.9518,0.9528,0.0,0.0
2022-11-23 12:00:00,0.9513,0.9534,0.9481,0.9493,13454,0.83321077,0.83321077,0.0,5944.309999999982,609,799,0,0.0,0.0,0.0,33.63
2022-11-23 16:00:00,0.9493,0.9493,0.9421,0.9443,21558,1.0,1.0,0.0,5944.309999999982,609,799,1,0.9443,0.9435,0.0,0.0
2022-11-23 20:00:00,0.9443,0.9448,0.9412,0.9424,15482,-0.21441697,-0.21441697,0.0,5944.309999999982,609,799,1,0.9443,0.9435,0.0,0.0
2022-11-24 00:00:00,0.9422,0.9424,0.9399,0.94,7546,0.4144564,0.4144564,0.0,5816.939999999982,609,800,0,0.0,0.0,0.0,-127.37
2022-11-24 04:00:00,0.94,0.9407,0.9387,0.9397,7147,0.32437947,0.32437947,0.0,5816.939999999982,609,800,0,0.9424,0.9449,0.0,0.0
2022-11-24 08:00:00,0.9397,0.9442,0.9392,0.9434,13830,0.6714151,0.6714151,0.0,5816.939999999982,609,800,1,0.9434,0.9426,0.0,0.0
2022-11-24 12:00:00,0.9434,0.9446,0.9414,0.9418,15747,-0.65807265,-0.65807265,0.0,5816.939999999982,609,800,1,0.9434,0.9426,0.0,0.0
2022-11-24 16:00:00,0.9418,0.944,0.9415,0.9433,11736,-0.7953526,-0.7953526,0.0,5712.039999999983,609,801,0,0.0,0.0,0.0,-104.9
2022-11-24 20:00:00,0.9433,0.9437,0.9429,0.9431,5849,0.3390183,0.3390183,0.0,5712.039999999983,609,801,0,0.9431,0.9439,0.0,0.0
2022-11-25 00:00:00,0.9427,0.9447,0.9417,0.9438,11106,0.81767696,0.81767696,0.0,5712.039999999983,609,801,1,0.9438,0.943,0.0,0.0
2022-11-25 04:00:00,0.9438,0.9443,0.9423,0.944,9505,0.59020936,0.59020936,0.0,5712.039999999983,609,801,1,0.9438,0.943,0.0,0.0
2022-11-25 08:00:00,0.944,0.946,0.9426,0.9451,20411,-1.0,-1.0,0.0,5724.929999999983,610,801,0,0.0,0.0,0.0,12.89
2022-11-25 12:00:00,0.9451,0.9496,0.9429,0.9487,16675,0.12730524,0.12730524,0.0,5724.929999999983,610,801,0,0.9487,0.9495,0.0,0.0
2022-11-25 16:00:00,0.9487,0.95,0.9448,0.9451,16696,1.0,1.0,0.0,5724.929999999983,610,801,1,0.9451,0.9441,0.0,0.0
2022-11-25 20:00:00,0.9451,0.9473,0.944,0.9444,7821,1.0,1.0,0.0,5724.929999999983,610,801,1,0.9451,0.9441,0.0,0.0
2022-11-28 00:00:00,0.9454,0.9479,0.9452,0.9466,10125,0.5526813,0.5526813,0.0,5724.929999999983,610,801,1,0.9451,0.9441,0.0,0.0
2022-11-28 04:00:00,0.9466,0.9475,0.9456,0.9467,9156,-0.6888602,-0.6888602,0.0,5822.189999999983,611,801,0,0.0,0.0,0.0,97.26
2022-11-28 08:00:00,0.9467,0.9472,0.9406,0.9427,18440,1.0,1.0,0.0,5822.189999999983,611,801,1,0.9427,0.9406,0.0,0.0
2022-11-28 12:00:00,0.9427,0.9452,0.9407,0.943,21166,-1.0,-1.0,0.0,5822.189999999983,611,801,1,0.9427,0.9406,0.0,0.0
2022-11-28 16:00:00,0.943,0.9478,0.943,0.9478,23441,-0.20058376,-0.20058376,0.0,5822.189999999983,611,801,1,0.9427,0.9406,0.0,0.0
2022-11-28 20:00:00,0.9478,0.9498,0.9475,0.9491,8640,-0.6278855,-0.6278855,0.0,6158.939999999983,612,801,0,0.0,0.0,0.0,336.75
2022-11-29 00:00:00,0.9487,0.9501,0.948,0.9482,6943,-1.0,-1.0,0.0,6158.939999999983,612,801,2,0.9482,0.949,0.0,0.0
2022-11-29 04:00:00,0.9482,0.9493,0.9461,0.9463,8096,-1.0,-1.0,0.0,6158.939999999983,612,801,2,0.9482,0.949,0.0,0.0
2022-11-29 08:00:00,0.9463,0.9525,0.9463,0.9518,17744,1.0,1.0,0.0,6291.429999999983,613,801,0,0.0,0.0,0.0,132.49
2022-11-29 12:00:00,0.9518,0.9539,0.9484,0.9527,13824,0.20586199,0.20586199,0.0,6291.429999999983,613,801,0,0.9527,0.9519,0.0,0.0
2022-11-29 16:00:00,0.9527,0.9546,0.9501,0.9523,16840,0.29677317,0.29677317,0.0,6291.429999999983,613,801,0,0.9527,0.9519,0.0,0.0
2022-11-29 20:00:00,0.9523,0.9545,0.9522,0.9538,5819,-0.066577174,-0.066577174,0.0,6291.429999999983,613,801,0,0.9527,0.9519,0.0,0.0
2022-11-30 00:00:00,0.9526,0.9547,0.9519,0.9528,6418,-0.93879074,-0.93879074,0.0,6291.429999999983,613,801,2,0.9528,0.9553,0.0,0.0
2022-11-30 04:00:00,0.9528,0.9537,0.9518,0.9529,4190,-0.6927761,-0.6927761,0.0,6291.429999999983,613,801,2,0.9528,0.9553,0.0,0.0
2022-11-30 08:00:00,0.9529,0.9548,0.9499,0.9504,10516,-1.0,-1.0,0.0,6291.429999999983,613,801,2,0.9528,0.9553,0.0,0.0
2022-11-30 12:00:00,0.9504,0.952,0.9483,0.9517,13292,-0.2791984,-0.2791984,0.0,6291.429999999983,613,801,2,0.9528,0.9553,0.0,0.0
2022-11-30 16:00:00,0.9518,0.9546,0.9475,0.9514,23232,0.37595657,0.37595657,0.0,6291.429999999983,613,801,2,0.9528,0.9553,0.0,0.0
2022-11-30 20:00:00,0.9514,0.953,0.9432,0.9455,24210,1.0,1.0,0.0,6391.689999999983,614,801,0,0.0,0.0,0.0,100.26
2022-12-01 00:00:00,0.9452,0.9458,0.9415,0.9432,8829,0.204997,0.204997,0.0,6391.689999999983,614,801,0,0.9432,0.9445,0.0,0.0
2022-12-01 04:00:00,0.9432,0.9439,0.9425,0.9428,7148,0.67422634,0.67422634,0.0,6391.689999999983,614,801,1,0.9428,0.9419,0.0,0.0
2022-12-01 08:00:00,0.9428,0.9453,0.9413,0.9439,16237,1.0,1.0,0.0,6391.689999999983,614,801,1,0.9428,0.9419,0.0,0.0
2022-12-01 12:00:00,0.9439,0.9461,0.9396,0.9412,16672,-0.13865277,-0.13865277,0.0,6391.689999999983,614,801,1,0.9428,0.9419,0.0,0.0
2022-12-01 16:00:00,0.9412,0.9417,0.9368,0.9381,28231,-0.30073956,-0.30073956,0.0,6276.499999999984,614,802,0,0.0,0.0,0.0,-115.19
2022-12-01 20:00:00,0.9381,0.9384,0.9365,0.9368,8977,-0.026731959,-0.026731959,0.0,6276.499999999984,614,802,0,0.9381,0.9402,0.0,0.0
2022-12-02 00:00:00,0.9366,0.9384,0.9359,0.9377,5242,0.8444574,0.8444574,0.0,6276.499999999984,614,802,1,0.9377,0.9369,0.0,0.0
2022-12-02 04:00:00,0.9377,0.9386,0.9371,0.9378,5855,-0.79463077,-0.79463077,0.0,6276.499999999984,614,802,1,0.9377,0.9369,0.0,0.0
2022-12-02 08:00:00,0.9378,0.9378,0.9336,0.9352,15186,-0.64794666,-0.64794666,0.0,6276.499999999984,614,802,1,0.9377,0.9369,0.0,0.0
2022-12-02 12:00:00,0.9352,0.944,0.9327,0.9415,20272,-0.75600636,-0.75600636,0.0,6100.899999999983,614,803,0,0.0,0.0,0.0,-175.6
2022-12-02 16:00:00,0.9415,0.9437,0.9364,0.9376,27944,0.39377376,0.39377376,0.0,6100.899999999983,614,803,0,0.0,0.0,0.0,0.0
2022-12-02 20:00:00,0.9376,0.9394,0.9366,0.9367,8030,0.15757874,0.15757874,0.0,6100.899999999983,614,803,0,0.9376,0.9384,0.0,0.0
2022-12-05 00:00:00,0.9379,0.9386,0.935,0.9356,6798,0.25591215,0.25591215,0.0,6100.899999999983,614,803,0,0.9356,0.9348,0.0,0.0
2022-12-05 04:00:00,0.9356,0.9359,0.9343,0.9347,4640,-1.0,-1.0,0.0,6100.899999999983,614,803,2,0.9347,0.9355,0.0,0.0
2022-12-05 08:00:00,0.9347,0.937,0.9331,0.9342,11335,1.0,1.0,0.0,6100.899999999983,614,803,2,0.9347,0.9355,0.0,0.0
2022-12-05 12:00:00,0.9342,0.9368,0.9339,0.9366,11510,0.5065764,0.5065764,0.0,6100.899999999983,614,803,2,0.9347,0.9355,0.0,0.0
2022-12-05 16:00:00,0.9365,0.9426,0.9363,0.9426,20441,0.6171022,0.6171022,0.0,5970.979999999983,614,804,0,0.0,0.0,0.0,-129.92
2022-12-05 20:00:00,0.9426,0.9435,0.9416,0.9426,6921,-1.0,-1.0,0.0,5970.979999999983,614,804,2,0.9426,0.9434,0.0,0.0
2022-12-06 00:00:00,0.9424,0.9426,0.9399,0.9415,4934,0.6698148,0.6698148,0.0,5970.979999999983,614,804,2,0.9426,0.9434,0.0,0.0
2022-12-06 04:00:00,0.9415,0.9436,0.9412,0.9429,7234,0.37350205,0.37350205,0.0,5970.979999999983,614,804,2,0.9426,0.9434,0.0,0.0
2022-12-06 08:00:00,0.9429,0.9456,0.9421,0.9433,12442,-0.57199866,-0.57199866,0.0,5970.979999999983,614,804,2,0.9426,0.9434,0.0,0.0
2022-12-06 12:00:00,0.9434,0.9436,0.9381,0.9388,12626,0.18823889,0.18823889,0.0,5970.979999999983,614,804,2,0.9426,0.9434,0.0,0.0
2022-12-06 16:00:00,0.9388,0.9424,0.9381,0.9417,15802,-0.71760184,-0.71760184,0.0,5970.979999999983,614,804,2,0.9426,0.9434,0.0,0.0
2022-12-06 20:00:00,0.9417,0.9427,0.9415,0.9421,5825,-0.21493277,-0.21493277,0.0,5970.979999999983,614,804,2,0.9426,0.9434,0.0,0.0
2022-12-07 00:00:00,0.941,0.9433,0.9409,0.942,3838,0.7384015,0.7384015,0.0,6004.629999999983,615,804,0,0.0,0.0,0.0,33.65
2022-12-07 04:00:00,0.942,0.9429,0.9416,0.9423,5243,0.070567645,0.070567645,0.0,6004.629999999983,615,804,0,0.9421,0.9438,0.0,0.0
2022-12-07 08:00:00,0.9423,0.9438,0.9406,0.9417,12864,0.063608535,0.063608535,0.0,6004.629999999983,615,804,0,0.9421,0.9438,0.0,0.0
2022-12-07 12:00:00,0.9417,0.9429,0.9366,0.9371,15115,-0.78809,-0.78809,0.0,6004.629999999983,615,804,2,0.9371,0.9396,0.0,0.0
2022-12-07 16:00:00,0.9371,0.9411,0.9363,0.9405,22476,0.35517547,0.35517547,0.0,6004.629999999983,615,804,2,0.9371,0.9396,0.0,0.0
2022-12-07 20:00:00,0.9405,0.941,0.9392,0.9407,6389,0.5756355,0.5756355,0.0,5774.859999999982,615,805,0,0.0,0.0,0.0,-229.77
2022-12-08 00:00:00,0.9402,0.9424,0.939,0.9418,5150,-1.0,-1.0,0.0,5774.859999999982,615,805,2,0.9418,0.9432,0.0,0.0
2022-12-08 04:00:00,0.9418,0.9425,0.9414,0.9418,4580,0.8640945,0.8640945,0.0,5774.859999999982,615,805,2,0.9418,0.9432,0.0,0.0
2022-12-08 08:00:00,0.9418,0.9425,0.9394,0.9424,9896,-1.0,-1.0,0.0,5774.859999999982,615,805,2,0.9418,0.9432,0.0,0.0
2022-12-08 12:00:00,0.9424,0.9427,0.9384,0.9393,11014,-0.5815564,-0.5815564,0.0,5774.859999999982,615,805,2,0.9418,0.9432,0.0,0.0
2022-12-08 16:00:00,0.9393,0.9397,0.9344,0.9369,14575,-1.0,-1.0,0.0,5774.859999999982,615,805,2,0.9418,0.9432,0.0,0.0
2022-12-08 20:00:00,0.9369,0.938,0.9358,0.9363,6651,-0.17401865,-0.17401865,0.0,5774.859999999982,615,805,2,0.9418,0.9432,0.0,0.0
2022-12-09 00:00:00,0.9365,0.9368,0.9335,0.9336,6039,-0.3685104,-0.3685104,0.0,5774.859999999982,615,805,2,0.9418,0.9432,0.0,0.0
2022-12-09 04:00:00,0.9336,0.9348,0.9331,0.9338,5097,-0.3444373,-0.3444373,0.0,5774.859999999982,615,805,2,0.9418,0.9432,0.0,0.0
2022-12-09 08:00:00,0.9338,0.935,0.9325,0.9342,9929,1.0,1.0,0.0,6291.059999999982,616,805,0,0.0,0.0,0.0,516.2
2022-12-09 12:00:00,0.9342,0.9382,0.9323,0.9344,15714,1.0,1.0,0.0,6291.059999999982,616,805,1,0.9344,0.9331,0.0,0.0
2022-12-09 16:00:00,0.9343,0.9357,0.9312,0.9331,18827,-1.0,-1.0,0.0,6291.059999999982,616,805,1,0.9344,0.9331,0.0,0.0
2022-12-09 20:00:00,0.9332,0.935,0.9327,0.9344,5646,0.09527225,0.09527225,0.0,6199.7399999999825,616,806,0,0.0,0.0,0.0,-91.32
2022-12-12 00:00:00,0.9326,0.9367,0.9316,0.9364,4840,-0.9105503,-0.9105503,0.0,6199.7399999999825,616,806,2,0.9364,0.9375,0.0,0.0
2022-12-12 04:00:00,0.9364,0.9367,0.9358,0.9364,2825,-0.5057418,-0.5057418,0.0,6199.7399999999825,616,806,2,0.9364,0.9375,0.0,0.0
2022-12-12 08:00:00,0.9364,0.9369,0.9325,0.9328,10522,-1.0,-1.0,0.0,6199.7399999999825,616,806,2,0.9364,0.9375,0.0,0.0
2022-12-12 12:00:00,0.9328,0.9337,0.9313,0.9327,8860,0.21704133,0.21704133,0.0,6199.7399999999825,616,806,2,0.9364,0.9375,0.0,0.0
2022-12-12 16:00:00,0.9327,0.9368,0.9323,0.9359,12187,-0.5765548,-0.5765548,0.0,6199.7399999999825,616,806,2,0.9364,0.9375,0.0,0.0
2022-12-12 20:00:00,0.9359,0.938,0.9358,0.936,6754,-1.0,-1.0,0.0,6199.7399999999825,616,806,2,0.9364,0.9375,0.0,0.0
2022-12-13 00:00:00,0.9361,0.9363,0.9347,0.9354,2575,-0.23843421,-0.23843421,0.0,6199.7399999999825,616,806,2,0.9364,0.9375,0.0,0.0
2022-12-13 04:00:00,0.9355,0.9368,0.9351,0.9353,3324,-0.7263733,-0.7263733,0.0,6199.7399999999825,616,806,2,0.9364,0.9375,0.0,0.0
2022-12-13 08:00:00,0.9354,0.9375,0.9339,0.9365,9005,-0.11452802,-0.11452802,0.0,6199.7399999999825,616,806,2,0.9364,0.9375,0.0,0.0
2022-12-13 12:00:00,0.9365,0.9373,0.9244,0.9258,19726,-1.0,-1.0,0.0,6199.7399999999825,616,806,2,0.9364,0.9375,0.0,0.0
2022-12-13 16:00:00,0.9258,0.9297,0.9232,0.9296,29752,-0.9720547,-0.9720547,0.0,6199.7399999999825,616,806,2,0.9364,0.9375,0.0,0.0
2022-12-13 20:00:00,0.9296,0.9299,0.9283,0.9284,9937,0.034935016,0.034935016,0.0,6199.7399999999825,616,806,2,0.9364,0.9375,0.0,0.0
2022-12-14 00:00:00,0.9265,0.9295,0.9265,0.9286,5223,-1.0,-1.0,0.0,6199.7399999999825,616,806,2,0.9364,0.9375,0.0,0.0
2022-12-14 04:00:00,0.9286,0.9297,0.9286,0.9291,3474,1.0,1.0,0.0,6737.059999999982,617,806,0,0.0,0.0,0.0,537.32
2022-12-14 08:00:00,0.9291,0.9296,0.9268,0.9269,10987,-0.32995138,-0.32995138,0.0,6737.059999999982,617,806,0,0.0,0.0,0.0,0.0
2022-12-14 12:00:00,0.927,0.9285,0.926,0.9266,12164,0.42807165,0.42807165,0.0,6737.059999999982,617,806,0,0.0,0.0,0.0,0.0
2022-12-14 16:00:00,0.9266,0.9279,0.9227,0.925,15091,1.0,1.0,0.0,6737.059999999982,617,806,1,0.925,0.9229,0.0,0.0
2022-12-14 20:00:00,0.925,0.9275,0.9216,0.9242,32790,1.0,1.0,0.0,6737.059999999982,617,806,1,0.925,0.9229,0.0,0.0
2022-12-15 00:00:00,0.9229,0.9255,0.9225,0.9253,4035,-0.7882295,-0.7882295,0.0,6677.4499999999825,617,807,0,0.0,0.0,0.0,-59.61
2022-12-15 04:00:00,0.9253,0.9263,0.9249,0.9254,4154,-0.8086005,-0.8086005,0.0,6677.4499999999825,617,807,2,0.9254,0.9272,0.0,0.0
2022-12-15 08:00:00,0.9254,0.9304,0.9246,0.9288,14542,1.0,1.0,0.0,6677.4499999999825,617,807,2,0.9254,0.9272,0.0,0.0
2022-12-15 12:00:00,0.9288,0.9299,0.9263,0.927,16367,-1.0,-1.0,0.0,6425.119999999983,617,808,0,0.0,0.0,0.0,-252.33
2022-12-15 16:00:00,0.927,0.9312,0.9232,0.9309,24282,-0.8301547,-0.8301547,0.0,6425.119999999983,617,808,2,0.9309,0.9317,0.0,0.0
2022-12-15 20:00:00,0.9309,0.9317,0.928,0.9287,7146,-0.220464,-0.220464,0.0,6425.119999999983,617,808,2,0.9309,0.9317,0.0,0.0
2022-12-16 00:00:00,0.9284,0.9293,0.9266,0.9272,3667,-1.0,-1.0,0.0,6425.119999999983,617,808,2,0.9309,0.9317,0.0,0.0
2022-12-16 04:00:00,0.9272,0.9273,0.9254,0.9271,5577,-1.0,-1.0,0.0,6425.119999999983,617,808,2,0.9309,0.9317,0.0,0.0
2022-12-16 08:00:00,0.9271,0.93,0.926,0.9299,11309,-0.683324,-0.683324,0.0,6425.119999999983,617,808,2,0.9309,0.9317,0.0,0.0
2022-12-16 12:00:00,0.9298,0.9307,0.9285,0.9305,11493,0.4262169,0.4262169,0.0,6425.119999999983,617,808,2,0.9309,0.9317,0.0,0.0
2022-12-16 16:00:00,0.9305,0.9336,0.9292,0.9321,19680,0.5828655,0.5828655,0.0,6453.729999999982,618,808,0,0.0,0.0,0.0,28.61
2022-12-16 20:00:00,0.9322,0.9342,0.9317,0.9339,6118,0.25652894,0.25652894,0.0,6453.729999999982,618,808,0,0.0,0.0,0.0,0.0
2022-12-19 00:00:00,0.933,0.9347,0.9314,0.932,5130,1.0,1.0,0.0,6453.729999999982,618,808,1,0.932,0.9306,0.0,0.0
2022-12-19 04:00:00,0.932,0.933,0.9316,0.9328,4179,0.22378986,0.22378986,0.0,6453.729999999982,618,808,1,0.932,0.9306,0.0,0.0
2022-12-19 08:00:00,0.9328,0.9331,0.9284,0.9305,8985,-0.66043323,-0.66043323,0.0,6453.729999999982,618,808,1,0.932,0.9306,0.0,0.0
2022-12-19 12:00:00,0.9305,0.9327,0.93,0.9324,10177,-0.48504505,-0.48504505,0.0,6345.929999999982,618,809,0,0.0,0.0,0.0,-107.8
2022-12-19 16:00:00,0.9323,0.9341,0.9292,0.9296,13256,0.42886406,0.42886406,0.0,6345.929999999982,618,809,0,0.9328,0.9353,0.0,0.0
2022-12-19 20:00:00,0.9296,0.9307,0.9286,0.9286,5329,-1.0,-1.0,0.0,6345.929999999982,618,809,2,0.9286,0.93,0.0,0.0
2022-12-20 00:00:00,0.9277,0.9308,0.9277,0.9299,5698,-0.8280391,-0.8280391,0.0,6345.929999999982,618,809,2,0.9286,0.93,0.0,0.0
2022-12-20 04:00:00,0.9299,0.9301,0.9255,0.929,18476,-0.44907302,-0.44907302,0.0,6345.929999999982,618,809,2,0.9286,0.93,0.0,0.0
2022-12-20 08:00:00,0.9289,0.9299,0.9249,0.9259,18413,-0.44063288,-0.44063288,0.0,6345.929999999982,618,809,2,0.9286,0.93,0.0,0.0
2022-12-20 12:00:00,0.9259,0.93,0.9254,0.9286,13541,-1.0,-1.0,0.0,6345.929999999982,618,809,2,0.9286,0.93,0.0,0.0
2022-12-20 16:00:00,0.9286,0.9301,0.9242,0.9266,19357,-0.33088937,-0.33088937,0.0,6345.929999999982,618,809,2,0.9286,0.93,0.0,0.0
2022-12-20 20:00:00,0.9266,0.9279,0.9259,0.9261,5831,-0.25570616,-0.25570616,0.0,6345.929999999982,618,809,2,0.9286,0.93,0.0,0.0
2022-12-21 00:00:00,0.9266,0.9281,0.925,0.9277,5227,-0.6508428,-0.6508428,0.0,6345.929999999982,618,809,2,0.9286,0.93,0.0,0.0
2022-12-21 04:00:00,0.9277,0.9287,0.9273,0.9283,4061,-1.0,-1.0,0.0,6345.929999999982,618,809,2,0.9286,0.93,0.0,0.0
2022-12-21 08:00:00,0.9283,0.929,0.9252,0.9263,10449,-1.0,-1.0,0.0,6345.929999999982,618,809,2,0.9286,0.93,0.0,0.0
2022-12-21 12:00:00,0.9263,0.9274,0.9239,0.9249,12131,0.9927466,0.9927466,0.0,6507.6999999999825,619,809,0,0.0,0.0,0.0,161.77
2022-12-21 16:00:00,0.9249,0.9282,0.924,0.9271,15856,-0.8902879,-0.8902879,0.0,6507.6999999999825,619,809,2,0.9271,0.9279,0.0,0.0
2022-12-21 20:00:00,0.927,0.9277,0.9254,0.9266,5757,-0.6577836,-0.6577836,0.0,6507.6999999999825,619,809,2,0.9271,0.9279,0.0,0.0
2022-12-22 00:00:00,0.9263,0.9272,0.925,0.9251,3424,-1.0,-1.0,0.0,6507.6999999999825,619,809,2,0.9271,0.9279,0.0,0.0
2022-12-22 04:00:00,0.9251,0.9253,0.9236,0.9241,4278,1.0,1.0,0.0,6651.759999999983,620,809,0,0.0,0.0,0.0,144.06
2022-12-22 08:00:00,0.9241,0.9248,0.9227,0.9232,7986,0.89498293,0.89498293,0.0,6651.759999999983,620,809,1,0.9232,0.9213,0.0,0.0
2022-12-22 12:00:00,0.9233,0.9292,0.9229,0.9288,12129,1.0,1.0,0.0,6651.759999999983,620,809,1,0.9232,0.9213,0.0,0.0
2022-12-22 16:00:00,0.9288,0.9316,0.9275,0.9312,14648,0.39038146,0.39038146,0.0,6651.759999999983,620,809,1,0.9232,0.9213,0.0,0.0
2022-12-22 20:00:00,0.9312,0.9321,0.9305,0.9309,5787,1.0,1.0,0.0,6651.759999999983,620,809,1,0.9232,0.9213,0.0,0.0
2022-12-23 00:00:00,0.9307,0.9321,0.9304,0.9319,7659,-0.42876205,-0.42876205,0.0,6651.759999999983,620,809,1,0.9232,0.9213,0.0,0.0
2022-12-23 04:00:00,0.9319,0.9319,0.9314,0.9318,3944,1.0,1.0,0.0,6651.759999999983,620,809,1,0.9232,0.9213,0.0,0.0
2022-12-23 08:00:00,0.9318,0.9327,0.9303,0.9313,6665,1.0,1.0,0.0,6651.759999999983,620,809,1,0.9232,0.9213,0.0,0.0
2022-12-23 12:00:00,0.9313,0.9316,0.9285,0.9312,12736,0.109755985,0.109755985,0.0,6651.759999999983,620,809,1,0.9232,0.9213,0.0,0.0
2022-12-23 16:00:00,0.9312,0.9342,0.9306,0.9329,18567,1.0,1.0,0.0,6651.759999999983,620,809,1,0.9232,0.9213,0.0,0.0
2022-12-23 20:00:00,0.9329,0.9343,0.9328,0.9328,7150,1.0,1.0,0.0,6651.759999999983,620,809,1,0.9232,0.9213,0.0,0.0
2022-12-26 08:00:00,0.9329,0.9331,0.9313,0.9317,1595,1.0,1.0,0.0,6651.759999999983,620,809,1,0.9232,0.9213,0.0,0.0
2022-12-26 12:00:00,0.9317,0.932,0.9304,0.9311,416,-0.16381305,-0.16381305,0.0,6651.759999999983,620,809,1,0.9232,0.9213,0.0,0.0
2022-12-26 16:00:00,0.931,0.933,0.931,0.9312,569,-0.94867843,-0.94867843,0.0,7237.219999999983,621,809,0,0.0,0.0,0.0,585.46
2022-12-26 20:00:00,0.9312,0.9324,0.9307,0.9319,598,1.0,1.0,0.0,7237.219999999983,621,809,1,0.9319,0.9305,0.0,0.0
2022-12-27 00:00:00,0.9302,0.9329,0.9302,0.9305,5632,0.21414177,0.21414177,0.0,7237.219999999983,621,809,1,0.9319,0.9305,0.0,0.0
2022-12-27 04:00:00,0.9305,0.9318,0.93,0.9303,4729,0.65520877,0.65520877,0.0,7124.399999999983,621,810,0,0.0,0.0,0.0,-112.82
2022-12-27 08:00:00,0.9303,0.9322,0.9284,0.9284,8774,0.39212877,0.39212877,0.0,7124.399999999983,621,810,0,0.9319,0.93,0.0,0.0
2022-12-27 12:00:00,0.9285,0.9309,0.927,0.9307,9816,0.36903793,0.36903793,0.0,7124.399999999983,621,810,0,0.0,0.0,0.0,0.0
2022-12-27 16:00:00,0.9307,0.9316,0.9271,0.9301,12774,0.04078734,0.04078734,0.0,7124.399999999983,621,810,0,0.9301,0.9287,0.0,0.0
2022-12-27 20:00:00,0.9301,0.9302,0.9287,0.9291,6116,-1.0,-1.0,0.0,7124.399999999983,621,810,2,0.9291,0.9299,0.0,0.0
2022-12-28 00:00:00,0.9285,0.9307,0.926,0.9294,3697,0.9360693,0.9360693,0.0,7124.399999999983,621,810,2,0.9291,0.9299,0.0,0.0
2022-12-28 04:00:00,0.9294,0.9305,0.9292,0.9293,3766,0.1587599,0.1587599,0.0,7124.399999999983,621,810,2,0.9291,0.9299,0.0,0.0
2022-12-28 08:00:00,0.9293,0.9307,0.9276,0.9302,7129,-0.65353733,-0.65353733,0.0,7124.399999999983,621,810,2,0.9291,0.9299,0.0,0.0
2022-12-28 12:00:00,0.9302,0.9306,0.9259,0.9262,9118,-0.7038786,-0.7038786,0.0,7037.1599999999835,621,811,0,0.0,0.0,0.0,-87.24
2022-12-28 16:00:00,0.9262,0.9289,0.9245,0.9263,13309,0.30905172,0.30905172,0.0,7037.1599999999835,621,811,0,0.9293,0.9311,0.0,0.0
2022-12-28 20:00:00,0.9263,0.9295,0.9258,0.9287,5525,-0.6064014,-0.6064014,0.0,7037.1599999999835,621,811,2,0.9287,0.9295,0.0,0.0
2022-12-29 00:00:00,0.9278,0.9289,0.9265,0.9271,3728,-1.0,-1.0,0.0,7037.1599999999835,621,811,2,0.9287,0.9295,0.0,0.0
2022-12-29 04:00:00,0.9271,0.9276,0.9267,0.9273,3298,0.55697656,0.55697656,0.0,7037.1599999999835,621,811,2,0.9287,0.9295,0.0,0.0
2022-12-29 08:00:00,0.9273,0.9288,0.9228,0.9234,7087,-1.0,-1.0,0.0,7037.1599999999835,621,811,2,0.9287,0.9295,0.0,0.0
2022-12-29 12:00:00,0.9234,0.9261,0.9224,0.9235,9182,0.4410392,0.4410392,0.0,7037.1599999999835,621,811,2,0.9287,0.9295,0.0,0.0
2022-12-29 16:00:00,0.9235,0.9255,0.921,0.9227,13631,0.0064749224,0.0064749224,0.0,7037.1599999999835,621,811,2,0.9287,0.9295,0.0,0.0
2022-12-29 20:00:00,0.9227,0.9233,0.9216,0.9232,4595,1.0,1.0,0.0,7503.329999999984,622,811,0,0.0,0.0,0.0,466.17
2022-12-30 00:00:00,0.923,0.9239,0.9215,0.923,3250,1.0,1.0,0.0,7503.329999999984,622,811,1,0.923,0.9222,0.0,0.0
2022-12-30 04:00:00,0.923,0.9239,0.9226,0.9238,3760,-1.0,-1.0,0.0,7503.329999999984,622,811,1,0.923,0.9222,0.0,0.0
2022-12-30 08:00:00,0.9238,0.9251,0.923,0.9232,8946,1.0,1.0,0.0,7503.329999999984,622,811,1,0.923,0.9222,0.0,0.0
2022-12-30 12:00:00,0.9232,0.9248,0.9212,0.9237,9856,-0.2992618,-0.2992618,0.0,7503.329999999984,622,811,1,0.923,0.9222,0.0,0.0
2022-12-30 16:00:00,0.9237,0.9269,0.92,0.9219,18353,-0.9902903,-0.9902903,0.0,7561.3699999999835,623,811,0,0.0,0.0,0.0,58.04
2022-12-30 20:00:00,0.9218,0.9253,0.9217,0.9246,12821,0.7865072,0.7865072,0.0,7561.3699999999835,623,811,1,0.9246,0.9221,0.0,0.0
2023-01-02 04:00:00,0.9241,0.9246,0.924,0.9243,195,0.15095828,0.15095828,0.0,7561.3699999999835,623,811,1,0.9246,0.9221,0.0,0.0
2023-01-02 08:00:00,0.9244,0.9258,0.9219,0.9246,3227,-1.0,-1.0,0.0,7536.269999999983,623,812,0,0.0,0.0,0.0,-25.1
2023-01-02 12:00:00,0.9246,0.9248,0.9236,0.9241,11261,-0.777033,-0.777033,0.0,7536.269999999983,623,812,2,0.9241,0.9262,0.0,0.0
2023-01-02 16:00:00,0.9241,0.9258,0.9241,0.9256,5783,-0.43963736,-0.43963736,0.0,7536.269999999983,623,812,2,0.9241,0.9262,0.0,0.0
2023-01-02 20:00:00,0.9256,0.926,0.9232,0.9258,3481,0.09279692,0.09279692,0.0,7536.269999999983,623,812,2,0.9241,0.9262,0.0,0.0
2023-01-03 00:00:00,0.9253,0.9272,0.9231,0.9244,12656,0.33808142,0.33808142,0.0,7536.269999999983,623,812,2,0.9241,0.9262,0.0,0.0
2023-01-03 04:00:00,0.9244,0.9248,0.9231,0.9247,5598,0.385776,0.385776,0.0,7536.269999999983,623,812,2,0.9241,0.9262,0.0,0.0
2023-01-03 08:00:00,0.9247,0.9382,0.9242,0.937,16057,1.0,1.0,0.0,7486.229999999983,623,813,0,0.0,0.0,0.0,-50.04
2023-01-03 12:00:00,0.937,0.9399,0.9349,0.9357,11091,-1.0,-1.0,0.0,7486.229999999983,623,813,2,0.9357,0.9365,0.0,0.0
2023-01-03 16:00:00,0.9357,0.9392,0.9318,0.9371,17157,-0.62684095,-0.62684095,0.0,7486.229999999983,623,813,2,0.9357,0.9365,0.0,0.0
2023-01-03 20:00:00,0.9371,0.9376,0.9348,0.9358,5986,-0.78002745,-0.78002745,0.0,7368.699999999983,623,814,0,0.0,0.0,0.0,-117.53
2023-01-04 00:00:00,0.9358,0.9368,0.9332,0.9334,7131,-0.6970345,-0.6970345,0.0,7368.699999999983,623,814,2,0.9334,0.9352,0.0,0.0
2023-01-04 04:00:00,0.9334,0.9343,0.9325,0.934,5203,0.11970881,0.11970881,0.0,7368.699999999983,623,814,2,0.9334,0.9352,0.0,0.0
2023-01-04 08:00:00,0.934,0.9341,0.9253,0.9272,15247,-0.24792112,-0.24792112,0.0,7368.699999999983,623,814,2,0.9334,0.9352,0.0,0.0
2023-01-04 12:00:00,0.9272,0.9291,0.9264,0.9274,11368,1.0,1.0,0.0,7875.559999999983,624,814,0,0.0,0.0,0.0,506.86
2023-01-04 16:00:00,0.9274,0.9315,0.9267,0.9289,21487,1.0,1.0,0.0,7875.559999999983,624,814,1,0.9289,0.9281,0.0,0.0
2023-01-04 20:00:00,0.929,0.931,0.9287,0.9298,11607,-1.0,-1.0,0.0,7875.559999999983,624,814,1,0.9289,0.9281,0.0,0.0
2023-01-05 00:00:00,0.9292,0.9301,0.928,0.9283,5911,0.23633306,0.23633306,0.0,7875.559999999983,624,814,1,0.9289,0.9281,0.0,0.0
2023-01-05 04:00:00,0.9283,0.9308,0.9283,0.9302,5342,0.6917619,0.6917619,0.0,7875.559999999983,624,814,1,0.9289,0.9281,0.0,0.0
2023-01-05 08:00:00,0.9301,0.9308,0.9261,0.9266,11698,0.5853282,0.5853282,0.0,7875.559999999983,624,814,1,0.9289,0.9281,0.0,0.0
2023-01-05 12:00:00,0.9265,0.9335,0.9261,0.9335,13961,-1.0,-1.0,0.0,7674.709999999983,624,815,0,0.0,0.0,0.0,-200.85
2023-01-05 16:00:00,0.9335,0.9378,0.9328,0.9361,20808,1.0,1.0,0.0,7674.709999999983,624,815,1,0.9361,0.9353,0.0,0.0
2023-01-05 20:00:00,0.9362,0.9369,0.9348,0.9362,6630,0.912966,0.912966,0.0,7674.709999999983,624,815,1,0.9361,0.9353,0.0,0.0
2023-01-06 00:00:00,0.9358,0.9364,0.9348,0.9361,5511,-0.96246105,-0.96246105,0.0,7683.299999999983,625,815,0,0.0,0.0,0.0,8.59
2023-01-06 04:00:00,0.9361,0.9378,0.9353,0.9375,5494,-0.91790825,-0.91790825,0.0,7683.299999999983,625,815,2,0.9375,0.9383,0.0,0.0
2023-01-06 08:00:00,0.9375,0.9405,0.9365,0.9399,11380,0.9476104,0.9476104,0.0,7683.299999999983,625,815,2,0.9375,0.9383,0.0,0.0
2023-01-06 12:00:00,0.94,0.9409,0.9345,0.9351,17085,-0.80073076,-0.80073076,0.0,7475.899999999983,625,816,0,0.0,0.0,0.0,-207.4
2023-01-06 16:00:00,0.9351,0.94,0.9281,0.9283,27270,1.0,1.0,0.0,7475.899999999983,625,816,1,0.9283,0.9275,0.0,0.0
2023-01-06 20:00:00,0.9283,0.9287,0.927,0.928,6381,-0.023797866,-0.023797866,0.0,7475.899999999983,625,816,1,0.9283,0.9275,0.0,0.0
2023-01-09 00:00:00,0.9255,0.928,0.9255,0.9266,6699,-0.04852375,-0.04852375,0.0,7475.899999999983,625,816,1,0.9283,0.9275,0.0,0.0
2023-01-09 04:00:00,0.9266,0.9266,0.9252,0.9256,5494,-1.0,-1.0,0.0,7334.979999999983,625,817,0,0.0,0.0,0.0,-140.92
2023-01-09 08:00:00,0.9256,0.9258,0.9217,0.9245,12495,0.1283925,0.1283925,0.0,7334.979999999983,625,817,0,0.9266,0.9245,0.0,0.0
2023-01-09 12:00:00,0.9245,0.9252,0.9188,0.9193,12428,-1.0,-1.0,0.0,7334.979999999983,625,817,2,0.9193,0.9211,0.0,0.0
2023-01-09 16:00:00,0.9193,0.9207,0.9167,0.9196,15237,-0.9527958,-0.9527958,0.0,7334.979999999983,625,817,2,0.9193,0.9211,0.0,0.0
2023-01-09 20:00:00,0.9196,0.9216,0.9194,0.9213,6934,0.37738302,0.37738302,0.0,7334.979999999983,625,817,2,0.9193,0.9211,0.0,0.0
2023-01-10 00:00:00,0.9206,0.9222,0.9204,0.9207,5630,-0.9304681,-0.9304681,0.0,7173.249999999984,625,818,0,0.0,0.0,0.0,-161.73
2023-01-10 04:00:00,0.9207,0.9223,0.9206,0.921,5951,-0.09200393,-0.09200393,0.0,7173.249999999984,625,818,0,0.921,0.922,0.0,0.0
2023-01-10 08:00:00,0.921,0.9224,0.9195,0.9199,10985,0.73272157,0.73272157,0.0,7173.249999999984,625,818,1,0.9199,0.9182,0.0,0.0
2023-01-10 12:00:00,0.9199,0.9252,0.9198,0.9244,9981,0.94817483,0.94817483,0.0,7173.249999999984,625,818,1,0.9199,0.9182,0.0,0.0
2023-01-10 16:00:00,0.9244,0.9244,0.9205,0.9228,20317,-0.16079019,-0.16079019,0.0,7173.249999999984,625,818,1,0.9199,0.9182,0.0,0.0
2023-01-10 20:00:00,0.9229,0.9236,0.9223,0.9228,4477,-1.0,-1.0,0.0,7402.939999999983,626,818,0,0.0,0.0,0.0,229.69
2023-01-11 00:00:00,0.9222,0.9236,0.9211,0.9231,4925,-0.1455171,-0.1455171,0.0,7402.939999999983,626,818,0,0.9228,0.921,0.0,0.0
2023-01-11 04:00:00,0.9231,0.9234,0.921,0.9215,4445,1.0,1.0,0.0,7402.939999999983,626,818,1,0.9215,0.9207,0.0,0.0
2023-01-11 08:00:00,0.9215,0.9235,0.9205,0.9231,10438,0.31289113,0.31289113,0.0,7402.939999999983,626,818,1,0.9215,0.9207,0.0,0.0
2023-01-11 12:00:00,0.9231,0.9296,0.9221,0.9291,11117,0.9920559,0.9920559,0.0,7402.939999999983,626,818,1,0.9215,0.9207,0.0,0.0
2023-01-11 16:00:00,0.9291,0.9318,0.9282,0.9314,13048,0.116600804,0.116600804,0.0,7402.939999999983,626,818,1,0.9215,0.9207,0.0,0.0
2023-01-11 20:00:00,0.9314,0.9332,0.9302,0.9314,7292,0.81451094,0.81451094,0.0,7402.939999999983,626,818,1,0.9215,0.9207,0.0,0.0
2023-01-12 00:00:00,0.9306,0.9316,0.9296,0.9315,6252,-1.0,-1.0,0.0,8219.729999999983,627,818,0,0.0,0.0,0.0,816.79
2023-01-12 04:00:00,0.9315,0.9318,0.9306,0.9315,4309,-0.32836977,-0.32836977,0.0,8219.729999999983,627,818,0,0.9228,0.921,0.0,0.0
2023-01-12 08:00:00,0.9315,0.9348,0.9305,0.9311,9659,-0.89555424,-0.89555424,0.0,8219.729999999983,627,818,2,0.9311,0.9336,0.0,0.0
2023-01-12 12:00:00,0.9311,0.9362,0.9266,0.9277,20713,-0.16856368,-0.16856368,0.0,8219.729999999983,627,818,2,0.9311,0.9336,0.0,0.0
2023-01-12 16:00:00,0.9277,0.9344,0.9274,0.9281,34134,0.0071972967,0.0071972967,0.0,8219.729999999983,627,818,2,0.9311,0.9336,0.0,0.0
2023-01-12 20:00:00,0.9281,0.9296,0.9268,0.9274,10359,1.0,1.0,0.0,8493.569999999983,628,818,0,0.0,0.0,0.0,273.84
2023-01-13 00:00:00,0.9274,0.9286,0.9258,0.928,5574,0.79782283,0.79782283,0.0,8493.569999999983,628,818,1,0.928,0.9255,0.0,0.0
2023-01-13 04:00:00,0.928,0.9308,0.928,0.9305,5260,0.6720957,0.6720957,0.0,8493.569999999983,628,818,1,0.928,0.9255,0.0,0.0
2023-01-13 08:00:00,0.9305,0.9316,0.9271,0.9285,13014,0.44449633,0.44449633,0.0,8493.569999999983,628,818,1,0.928,0.9255,0.0,0.0
2023-01-13 12:00:00,0.9285,0.931,0.9268,0.9309,13567,-0.6760386,-0.6760386,0.0,8540.739999999983,629,818,0,0.0,0.0,0.0,47.17
2023-01-13 16:00:00,0.9307,0.9317,0.9256,0.9265,19503,0.58495915,0.58495915,0.0,8540.739999999983,629,818,1,0.9265,0.9242,0.0,0.0
2023-01-13 20:00:00,0.9265,0.9273,0.9256,0.9262,5330,0.036297552,0.036297552,0.0,8540.739999999983,629,818,1,0.9265,0.9242,0.0,0.0
2023-01-16 00:00:00,0.9251,0.9273,0.923,0.9231,7307,-1.0,-1.0,0.0,8512.329999999984,629,819,0,0.0,0.0,0.0,-28.41
2023-01-16 04:00:00,0.9231,0.9243,0.9219,0.924,5314,0.42734244,0.42734244,0.0,8512.329999999984,629,819,0,0.0,0.0,0.0,0.0
2023-01-16 08:00:00,0.924,0.9288,0.924,0.925,12949,-0.6611692,-0.6611692,0.0,8512.329999999984,629,819,2,0.925,0.9266,0.0,0.0
2023-01-16 12:00:00,0.925,0.9278,0.9246,0.9254,10089,1.0,1.0,0.0,8512.329999999984,629,819,2,0.925,0.9266,0.0,0.0
2023-01-16 16:00:00,0.9254,0.9278,0.9252,0.926,7704,0.84204465,0.84204465,0.0,8474.619999999984,629,820,0,0.0,0.0,0.0,-37.71
2023-01-16 20:00:00,0.926,0.927,0.9258,0.9261,2763,1.0,1.0,0.0,8474.619999999984,629,820,1,0.9261,0.9245,0.0,0.0
2023-01-17 00:00:00,0.9258,0.9266,0.9245,0.9264,4986,0.846314,0.846314,0.0,8474.619999999984,629,820,1,0.9261,0.9245,0.0,0.0
2023-01-17 04:00:00,0.9264,0.9276,0.9243,0.9244,5747,0.26841527,0.26841527,0.0,8474.619999999984,629,820,1,0.9261,0.9245,0.0,0.0
2023-01-17 08:00:00,0.9243,0.9261,0.9226,0.9234,11737,-1.0,-1.0,0.0,8315.249999999984,629,821,0,0.0,0.0,0.0,-159.37
2023-01-17 12:00:00,0.9234,0.9239,0.9201,0.9209,15447,-1.0,-1.0,0.0,8315.249999999984,629,821,2,0.9209,0.9232,0.0,0.0
2023-01-17 16:00:00,0.9209,0.9233,0.9188,0.9224,21581,0.6134568,0.6134568,0.0,8315.249999999984,629,821,2,0.9209,0.9232,0.0,0.0
2023-01-17 20:00:00,0.9224,0.9229,0.9216,0.9219,5660,-0.1795732,-0.1795732,0.0,8315.249999999984,629,821,2,0.9209,0.9232,0.0,0.0
2023-01-18 00:00:00,0.9221,0.923,0.9206,0.9219,3967,-0.63616425,-0.63616425,0.0,8315.249999999984,629,821,2,0.9209,0.9232,0.0,0.0
2023-01-18 04:00:00,0.9219,0.9245,0.9217,0.9228,12646,1.0,1.0,0.0,8223.509999999984,629,822,0,0.0,0.0,0.0,-91.74
2023-01-18 08:00:00,0.9228,0.9235,0.9129,0.9129,18845,-0.35498297,-0.35498297,0.0,8223.509999999984,629,822,0,0.9219,0.9229,0.0,0.0
2023-01-18 12:00:00,0.9129,0.915,0.9115,0.9122,18409,0.21865216,0.21865216,0.0,8223.509999999984,629,822,0,0.9219,0.9229,0.0,0.0
2023-01-18 16:00:00,0.9122,0.9173,0.9085,0.9159,27374,0.82230824,0.82230824,0.0,8223.509999999984,629,822,1,0.9159,0.9151,0.0,0.0
2023-01-18 20:00:00,0.9158,0.917,0.9153,0.9164,7641,-0.08004192,-0.08004192,0.0,8223.509999999984,629,822,1,0.9159,0.9151,0.0,0.0
2023-01-19 00:00:00,0.9155,0.9175,0.9152,0.9172,6179,-0.016399214,-0.016399214,0.0,8223.509999999984,629,822,1,0.9159,0.9151,0.0,0.0
2023-01-19 04:00:00,0.9172,0.9176,0.9153,0.9165,5194,-0.20735158,-0.20735158,0.0,8223.509999999984,629,822,1,0.9159,0.9151,0.0,0.0
2023-01-19 08:00:00,0.9165,0.9171,0.9149,0.9163,12123,0.3688776,0.3688776,0.0,8223.509999999984,629,822,1,0.9159,0.9151,0.0,0.0
2023-01-19 12:00:00,0.9163,0.919,0.9157,0.918,16127,0.6617808,0.6617808,0.0,8223.509999999984,629,822,1,0.9159,0.9151,0.0,0.0
2023-01-19 16:00:00,0.9181,0.9185,0.9152,0.9161,16516,-0.49020767,-0.49020767,0.0,8223.509999999984,629,822,1,0.9159,0.9151,0.0,0.0
2023-01-19 20:00:00,0.9161,0.917,0.9147,0.916,7114,-0.19626884,-0.19626884,0.0,8223.509999999984,629,822,1,0.9159,0.9151,0.0,0.0
2023-01-20 00:00:00,0.9154,0.9164,0.9148,0.9162,3664,0.08915419,0.08915419,0.0,8223.509999999984,629,822,1,0.9159,0.9151,0.0,0.0
2023-01-20 04:00:00,0.9162,0.9175,0.9156,0.9166,4891,1.0,1.0,0.0,8223.509999999984,629,822,1,0.9159,0.9151,0.0,0.0
2023-01-20 08:00:00,0.9166,0.9216,0.9141,0.9204,12047,-0.16522029,-0.16522029,0.0,8223.509999999984,629,822,1,0.9159,0.9151,0.0,0.0
2023-01-20 12:00:00,0.9204,0.9234,0.9186,0.9232,11867,1.0,1.0,0.0,8223.509999999984,629,822,1,0.9159,0.9151,0.0,0.0
2023-01-20 16:00:00,0.9232,0.9235,0.9195,0.9222,13754,-1.0,-1.0,0.0,8886.659999999983,630,822,0,0.0,0.0,0.0,663.15
2023-01-20 20:00:00,0.9221,0.9225,0.9197,0.9202,6383,-0.21839489,-0.21839489,0.0,8886.659999999983,630,822,0,0.0,0.0,0.0,0.0
2023-01-23 00:00:00,0.918,0.92,0.9174,0.9182,6504,1.0,1.0,0.0,8886.659999999983,630,822,1,0.9182,0.9174,0.0,0.0
2023-01-23 04:00:00,0.9182,0.9183,0.917,0.918,3794,-0.44537666,-0.44537666,0.0,8886.659999999983,630,822,1,0.9182,0.9174,0.0,0.0
2023-01-23 08:00:00,0.9179,0.9193,0.916,0.9178,11321,-0.6966925,-0.6966925,0.0,8886.659999999983,630,822,1,0.9182,0.9174,0.0,0.0
2023-01-23 12:00:00,0.9178,0.923,0.9163,0.9223,12364,-0.049964212,-0.049964212,0.0,8886.659999999983,630,822,1,0.9182,0.9174,0.0,0.0
2023-01-23 16:00:00,0.9223,0.9241,0.9212,0.9234,13619,0.1863002,0.1863002,0.0,8886.659999999983,630,822,1,0.9182,0.9174,0.0,0.0
2023-01-23 20:00:00,0.9234,0.9235,0.9216,0.9217,5685,0.7841745,0.7841745,0.0,8886.659999999983,630,822,1,0.9182,0.9174,0.0,0.0
2023-01-24 00:00:00,0.922,0.9222,0.9208,0.9212,3016,0.27431098,0.27431098,0.0,8886.659999999983,630,822,1,0.9182,0.9174,0.0,0.0
2023-01-24 04:00:00,0.9212,0.9221,0.921,0.9216,3052,-1.0,-1.0,0.0,9180.519999999984,631,822,0,0.0,0.0,0.0,293.86
2023-01-24 08:00:00,0.9216,0.9225,0.9192,0.9219,10524,-1.0,-1.0,0.0,9180.519999999984,631,822,2,0.9219,0.9227,0.0,0.0
2023-01-24 12:00:00,0.9219,0.9269,0.9212,0.9261,10404,0.27996615,0.27996615,0.0,9180.519999999984,631,822,2,0.9219,0.9227,0.0,0.0
2023-01-24 16:00:00,0.9261,0.928,0.9224,0.9226,17186,-1.0,-1.0,0.0,8753.229999999983,631,823,0,0.0,0.0,0.0,-427.29
2023-01-24 20:00:00,0.9226,0.9236,0.9221,0.9222,4004,-0.292707,-0.292707,0.0,8753.229999999983,631,823,0,0.9222,0.9214,0.0,0.0
2023-01-25 00:00:00,0.9222,0.923,0.9217,0.9223,4117,0.49257582,0.49257582,0.0,8753.229999999983,631,823,0,0.9222,0.9214,0.0,0.0
2023-01-25 04:00:00,0.9223,0.9233,0.9217,0.9229,3501,0.58763665,0.58763665,0.0,8753.229999999983,631,823,1,0.9229,0.9221,0.0,0.0
2023-01-25 08:00:00,0.9229,0.9245,0.9222,0.9231,10676,0.6801062,0.6801062,0.0,8753.229999999983,631,823,1,0.9229,0.9221,0.0,0.0
2023-01-25 12:00:00,0.9231,0.924,0.9205,0.9224,10793,1.0,1.0,0.0,8753.229999999983,631,823,1,0.9229,0.9221,0.0,0.0
2023-01-25 16:00:00,0.9224,0.923,0.9172,0.9197,15454,1.0,1.0,0.0,8753.229999999983,631,823,1,0.9229,0.9221,0.0,0.0
2023-01-25 20:00:00,0.9197,0.9197,0.9176,0.9179,4869,0.6680237,0.6680237,0.0,8444.969999999983,631,824,0,0.0,0.0,0.0,-308.26
2023-01-26 00:00:00,0.9175,0.9181,0.9169,0.9172,3882,1.0,1.0,0.0,8444.969999999983,631,824,1,0.9172,0.915,0.0,0.0
2023-01-26 04:00:00,0.9172,0.9179,0.9169,0.9172,3518,1.0,1.0,0.0,8444.969999999983,631,824,1,0.9172,0.915,0.0,0.0
2023-01-26 08:00:00,0.9172,0.9198,0.9162,0.9196,10845,0.4033948,0.4033948,0.0,8444.969999999983,631,824,1,0.9172,0.915,0.0,0.0
2023-01-26 12:00:00,0.9196,0.9199,0.9165,0.9165,14240,-1.0,-1.0,0.0,8667.979999999983,632,824,0,0.0,0.0,0.0,223.01
2023-01-26 16:00:00,0.9164,0.9225,0.9159,0.9215,17457,-0.36079898,-0.36079898,0.0,8667.979999999983,632,824,0,0.0,0.0,0.0,0.0
2023-01-26 20:00:00,0.9215,0.9216,0.9196,0.9203,4465,-1.0,-1.0,0.0,8667.979999999983,632,824,2,0.9203,0.9214,0.0,0.0
2023-01-27 00:00:00,0.9187,0.9206,0.9175,0.9204,4359,1.0,1.0,0.0,8667.979999999983,632,824,2,0.9203,0.9214,0.0,0.0
2023-01-27 04:00:00,0.9204,0.9223,0.9203,0.9218,3658,0.40604165,0.40604165,0.0,8667.979999999983,632,824,2,0.9203,0.9214,0.0,0.0
2023-01-27 08:00:00,0.9218,0.9229,0.9201,0.921,8848,0.87081516,0.87081516,0.0,8524.559999999983,632,825,0,0.0,0.0,0.0,-143.42
2023-01-27 12:00:00,0.921,0.9231,0.9203,0.9219,11749,0.7554404,0.7554404,0.0,8524.559999999983,632,825,1,0.9219,0.9211,0.0,0.0
2023-01-27 16:00:00,0.9219,0.924,0.9206,0.9216,15463,-0.4578994,-0.4578994,0.0,8524.559999999983,632,825,1,0.9219,0.9211,0.0,0.0
2023-01-27 20:00:00,0.9216,0.9222,0.9208,0.921,3659,0.37824064,0.37824064,0.0,8524.559999999983,632,825,1,0.9219,0.9211,0.0,0.0
2023-01-30 00:00:00,0.9201,0.922,0.9201,0.9212,4122,0.029212091,0.029212091,0.0,8439.999999999984,632,826,0,0.0,0.0,0.0,-84.56
2023-01-30 04:00:00,0.9212,0.9219,0.9201,0.9208,6173,0.8891833,0.8891833,0.0,8439.999999999984,632,826,1,0.9208,0.92,0.0,0.0
2023-01-30 08:00:00,0.9208,0.9231,0.9193,0.9194,10310,0.08572534,0.08572534,0.0,8439.999999999984,632,826,1,0.9208,0.92,0.0,0.0
2023-01-30 12:00:00,0.9194,0.9226,0.9182,0.9225,10132,0.90880525,0.90880525,0.0,8309.999999999984,632,827,0,0.0,0.0,0.0,-130.0
2023-01-30 16:00:00,0.9225,0.9239,0.9221,0.9235,11916,1.0,1.0,0.0,8309.999999999984,632,827,1,0.9235,0.9224,0.0,0.0
2023-01-30 20:00:00,0.9236,0.9256,0.9234,0.925,3529,0.57939994,0.57939994,0.0,8309.999999999984,632,827,1,0.9235,0.9224,0.0,0.0
2023-01-31 00:00:00,0.9247,0.9257,0.9238,0.924,3912,-0.81859964,-0.81859964,0.0,8447.959999999983,633,827,0,0.0,0.0,0.0,137.96
2023-01-31 04:00:00,0.924,0.9258,0.9239,0.9258,4285,0.5000383,0.5000383,0.0,8447.959999999983,633,827,1,0.9258,0.925,0.0,0.0
2023-01-31 08:00:00,0.9257,0.9288,0.9247,0.9267,9963,1.0,1.0,0.0,8447.959999999983,633,827,1,0.9258,0.925,0.0,0.0
2023-01-31 12:00:00,0.9268,0.9288,0.9232,0.9237,13608,1.0,1.0,0.0,8447.959999999983,633,827,1,0.9258,0.925,0.0,0.0
2023-01-31 16:00:00,0.9237,0.9241,0.9165,0.9175,17903,-0.980863,-0.980863,0.0,8251.869999999983,633,828,0,0.0,0.0,0.0,-196.09
2023-01-31 20:00:00,0.9175,0.9178,0.9151,0.9158,5073,1.0,1.0,0.0,8251.869999999983,633,828,1,0.9158,0.9133,0.0,0.0
2023-02-01 00:00:00,0.9161,0.9168,0.915,0.9167,2834,1.0,1.0,0.0,8251.869999999983,633,828,1,0.9158,0.9133,0.0,0.0
2023-02-01 04:00:00,0.9167,0.9172,0.9159,0.9162,3008,-0.60713714,-0.60713714,0.0,8251.869999999983,633,828,1,0.9158,0.9133,0.0,0.0
2023-02-01 08:00:00,0.9162,0.917,0.9152,0.916,8961,-0.2979122,-0.2979122,0.0,8251.869999999983,633,828,1,0.9158,0.9133,0.0,0.0
2023-02-01 12:00:00,0.916,0.9165,0.9143,0.9152,10059,-1.0,-1.0,0.0,8269.949999999983,634,828,0,0.0,0.0,0.0,18.08
2023-02-01 16:00:00,0.9153,0.9174,0.9137,0.9161,14124,0.28873911,0.28873911,0.0,8269.949999999983,634,828,0,0.0,0.0,0.0,0.0
2023-02-01 20:00:00,0.916,0.9183,0.907,0.9084,25047,0.07960636,0.07960636,0.0,8269.949999999983,634,828,0,0.9084,0.9063,0.0,0.0
2023-02-02 00:00:00,0.9086,0.9091,0.9059,0.9074,7805,0.4245267,0.4245267,0.0,8269.949999999983,634,828,0,0.9084,0.9063,0.0,0.0
2023-02-02 04:00:00,0.9074,0.9075,0.9065,0.9072,4267,0.11296049,0.11296049,0.0,8269.949999999983,634,828,0,0.9084,0.9063,0.0,0.0
2023-02-02 08:00:00,0.9072,0.91,0.9067,0.9079,9975,-0.84644085,-0.84644085,0.0,8269.949999999983,634,828,2,0.9079,0.9088,0.0,0.0
2023-02-02 12:00:00,0.9079,0.9107,0.9078,0.9103,18687,0.33750775,0.33750775,0.0,8269.949999999983,634,828,2,0.9079,0.9088,0.0,0.0
2023-02-02 16:00:00,0.9104,0.9136,0.909,0.9135,23709,0.67123264,0.67123264,0.0,8053.749999999983,634,829,0,0.0,0.0,0.0,-216.2
2023-02-02 20:00:00,0.9134,0.9139,0.9122,0.9132,8140,1.0,1.0,0.0,8053.749999999983,634,829,1,0.9132,0.9124,0.0,0.0
2023-02-03 00:00:00,0.9125,0.9146,0.9117,0.9142,3683,-0.5796787,-0.5796787,0.0,8053.749999999983,634,829,1,0.9132,0.9124,0.0,0.0
2023-02-03 04:00:00,0.9142,0.9147,0.9139,0.9143,3706,0.9410935,0.9410935,0.0,8053.749999999983,634,829,1,0.9132,0.9124,0.0,0.0
2023-02-03 08:00:00,0.9143,0.9168,0.9127,0.9129,10241,-1.0,-1.0,0.0,8150.659999999983,635,829,0,0.0,0.0,0.0,96.91
2023-02-03 12:00:00,0.9129,0.9234,0.9126,0.923,19547,0.30851495,0.30851495,0.0,8150.659999999983,635,829,0,0.923,0.9238,0.0,0.0
2023-02-03 16:00:00,0.923,0.927,0.9222,0.9244,36758,-0.5168939,-0.5168939,0.0,8150.659999999983,635,829,2,0.9244,0.9269,0.0,0.0
2023-02-03 20:00:00,0.9244,0.9264,0.9244,0.9261,11616,1.0,1.0,0.0,8150.659999999983,635,829,2,0.9244,0.9269,0.0,0.0
2023-02-06 00:00:00,0.9274,0.9281,0.9251,0.9267,9884,-0.37474105,-0.37474105,0.0,8150.659999999983,635,829,2,0.9244,0.9269,0.0,0.0
2023-02-06 04:00:00,0.9267,0.9269,0.925,0.925,8509,1.0,1.0,0.0,7942.7799999999825,635,830,0,0.0,0.0,0.0,-207.88
2023-02-06 08:00:00,0.925,0.9268,0.9227,0.9237,15121,-0.18278943,-0.18278943,0.0,7942.7799999999825,635,830,0,0.9267,0.9275,0.0,0.0
2023-02-06 12:00:00,0.9237,0.9273,0.9236,0.9259,15082,1.0,1.0,0.0,7942.7799999999825,635,830,1,0.9259,0.9242,0.0,0.0
2023-02-06 16:00:00,0.9259,0.9291,0.9256,0.9286,22329,-0.39768273,-0.39768273,0.0,7942.7799999999825,635,830,1,0.9259,0.9242,0.0,0.0
2023-02-06 20:00:00,0.9286,0.9289,0.9269,0.9283,8655,-0.23417833,-0.23417833,0.0,7942.7799999999825,635,830,1,0.9259,0.9242,0.0,0.0
2023-02-07 00:00:00,0.9278,0.9282,0.9263,0.9265,6320,-1.0,-1.0,0.0,8154.519999999982,636,830,0,0.0,0.0,0.0,211.74
2023-02-07 04:00:00,0.9265,0.9273,0.9263,0.9266,8826,-0.6979538,-0.6979538,0.0,8154.519999999982,636,830,2,0.9266,0.9291,0.0,0.0
2023-02-07 08:00:00,0.9266,0.929,0.9242,0.9262,15972,0.6599334,0.6599334,0.0,8154.519999999982,636,830,2,0.9266,0.9291,0.0,0.0
2023-02-07 12:00:00,0.9262,0.9274,0.9246,0.9257,17781,0.79739285,0.79739285,0.0,8190.659999999983,637,830,0,0.0,0.0,0.0,36.14
2023-02-07 16:00:00,0.9256,0.9273,0.9192,0.9197,28693,1.0,1.0,0.0,8190.659999999983,637,830,1,0.9197,0.9189,0.0,0.0
2023-02-07 20:00:00,0.9198,0.925,0.9193,0.9218,26446,-0.043615848,-0.043615848,0.0,8190.659999999983,637,830,1,0.9197,0.9189,0.0,0.0
2023-02-08 00:00:00,0.9219,0.9222,0.9195,0.9221,6013,0.14357297,0.14357297,0.0,8190.659999999983,637,830,1,0.9197,0.9189,0.0,0.0
2023-02-08 04:00:00,0.9221,0.9223,0.9215,0.9217,5963,0.024651892,0.024651892,0.0,8190.659999999983,637,830,1,0.9197,0.9189,0.0,0.0
2023-02-08 08:00:00,0.9217,0.9223,0.9178,0.918,15550,-0.24795519,-0.24795519,0.0,8190.659999999983,637,830,1,0.9197,0.9189,0.0,0.0
2023-02-08 12:00:00,0.918,0.9213,0.9179,0.9197,13494,-0.2835119,-0.2835119,0.0,8037.6999999999825,637,831,0,0.0,0.0,0.0,-152.96
2023-02-08 16:00:00,0.9197,0.9217,0.9187,0.9201,22611,-0.86263627,-0.86263627,0.0,8037.6999999999825,637,831,2,0.9201,0.9221,0.0,0.0
2023-02-08 20:00:00,0.9201,0.9212,0.919,0.9209,8572,-0.12901817,-0.12901817,0.0,8037.6999999999825,637,831,2,0.9201,0.9221,0.0,0.0
2023-02-09 00:00:00,0.9206,0.9219,0.9202,0.9206,7612,0.8769582,0.8769582,0.0,7966.829999999983,637,832,0,0.0,0.0,0.0,-70.87
2023-02-09 04:00:00,0.9206,0.9207,0.919,0.9195,7165,-0.28013712,-0.28013712,0.0,7966.829999999983,637,832,0,0.9201,0.9226,0.0,0.0
2023-02-09 08:00:00,0.9195,0.9199,0.9172,0.9184,13759,1.0,1.0,0.0,7966.829999999983,637,832,1,0.9184,0.9159,0.0,0.0
2023-02-09 12:00:00,0.9184,0.9202,0.9161,0.9161,12362,-0.25228283,-0.25228283,0.0,7966.829999999983,637,832,1,0.9184,0.9159,0.0,0.0
2023-02-09 16:00:00,0.9161,0.9211,0.9161,0.9202,18958,1.0,1.0,0.0,7966.829999999983,637,832,1,0.9184,0.9159,0.0,0.0
2023-02-09 20:00:00,0.9202,0.9228,0.9201,0.9222,11640,0.0010030603,0.0010030603,0.0,7966.829999999983,637,832,1,0.9184,0.9159,0.0,0.0
2023-02-10 00:00:00,0.9216,0.9232,0.9207,0.9225,6401,1.0,1.0,0.0,7966.829999999983,637,832,1,0.9184,0.9159,0.0,0.0
2023-02-10 04:00:00,0.9226,0.9237,0.9224,0.9229,8450,-0.3118217,-0.3118217,0.0,7966.829999999983,637,832,1,0.9184,0.9159,0.0,0.0
2023-02-10 08:00:00,0.9229,0.9244,0.9198,0.923,22172,-0.07232821,-0.07232821,0.0,7966.829999999983,637,832,1,0.9184,0.9159,0.0,0.0
2023-02-10 12:00:00,0.923,0.9244,0.9222,0.9232,14543,1.0,1.0,0.0,7966.829999999983,637,832,1,0.9184,0.9159,0.0,0.0
2023-02-10 16:00:00,0.9232,0.9251,0.9223,0.9248,19689,0.27073503,0.27073503,0.0,7966.829999999983,637,832,1,0.9184,0.9159,0.0,0.0
2023-02-10 20:00:00,0.9248,0.9253,0.9235,0.9237,6154,-0.617557,-0.617557,0.0,8531.049999999983,638,832,0,0.0,0.0,0.0,564.22
2023-02-13 00:00:00,0.9226,0.926,0.9225,0.9252,8073,-0.7842867,-0.7842867,0.0,8531.049999999983,638,832,2,0.9252,0.9274,0.0,0.0
2023-02-13 04:00:00,0.9252,0.9259,0.925,0.9254,7314,1.0,1.0,0.0,8531.049999999983,638,832,2,0.9252,0.9274,0.0,0.0
2023-02-13 08:00:00,0.9254,0.9255,0.9219,0.9233,13673,1.0,1.0,0.0,8512.149999999983,638,833,0,0.0,0.0,0.0,-18.9
2023-02-13 12:00:00,0.9233,0.9235,0.9207,0.923,11904,1.0,1.0,0.0,8512.149999999983,638,833,1,0.923,0.9213,0.0,0.0
2023-02-13 16:00:00,0.923,0.9235,0.9199,0.9203,16521,1.0,1.0,0.0,8512.149999999983,638,833,1,0.923,0.9213,0.0,0.0
2023-02-13 20:00:00,0.9203,0.9206,0.9191,0.9192,6559,0.66779745,0.66779745,0.0,8259.049999999983,638,834,0,0.0,0.0,0.0,-253.1
2023-02-14 00:00:00,0.9198,0.9202,0.9179,0.9184,7576,-0.4172229,-0.4172229,0.0,8259.049999999983,638,834,0,0.9184,0.9176,0.0,0.0
2023-02-14 04:00:00,0.9184,0.9188,0.9178,0.9179,8726,-1.0,-1.0,0.0,8259.049999999983,638,834,2,0.9179,0.9204,0.0,0.0
2023-02-14 08:00:00,0.9179,0.9186,0.9158,0.9164,13236,0.78685856,0.78685856,0.0,8259.049999999983,638,834,2,0.9179,0.9204,0.0,0.0
2023-02-14 12:00:00,0.9164,0.9205,0.9137,0.9178,23890,1.0,1.0,0.0,8394.889999999983,639,834,0,0.0,0.0,0.0,135.84
2023-02-14 16:00:00,0.9178,0.9234,0.9167,0.9219,41625,-0.57138085,-0.57138085,0.0,8394.889999999983,639,834,2,0.9219,0.9236,0.0,0.0
2023-02-14 20:00:00,0.9219,0.9223,0.9202,0.9217,10869,-1.0,-1.0,0.0,8394.889999999983,639,834,2,0.9219,0.9236,0.0,0.0
2023-02-15 00:00:00,0.9206,0.9221,0.9193,0.9219,5712,0.42240998,0.42240998,0.0,8394.889999999983,639,834,2,0.9219,0.9236,0.0,0.0
2023-02-15 04:00:00,0.922,0.924,0.9219,0.9238,7499,1.0,1.0,0.0,8394.879999999983,639,835,0,0.0,0.0,0.0,-0.01
2023-02-15 08:00:00,0.9238,0.9248,0.9223,0.9224,17471,-0.9808315,-0.9808315,0.0,8394.879999999983,639,835,2,0.9224,0.9235,0.0,0.0
2023-02-15 12:00:00,0.9224,0.9263,0.9216,0.9244,20013,-0.5122223,-0.5122223,0.0,8394.879999999983,639,835,2,0.9224,0.9235,0.0,0.0
2023-02-15 16:00:00,0.9244,0.9263,0.9235,0.9254,26376,1.0,1.0,0.0,8209.159999999983,639,836,0,0.0,0.0,0.0,-185.72
2023-02-15 20:00:00,0.9254,0.9259,0.9236,0.9237,9612,-0.11101082,-0.11101082,0.0,8209.159999999983,639,836,0,0.9237,0.9245,0.0,0.0
2023-02-16 00:00:00,0.9241,0.9241,0.9221,0.9223,9028,0.82953286,0.82953286,0.0,8209.159999999983,639,836,1,0.9223,0.9215,0.0,0.0
2023-02-16 04:00:00,0.9223,0.9228,0.9217,0.9224,8108,1.0,1.0,0.0,8209.159999999983,639,836,1,0.9223,0.9215,0.0,0.0
2023-02-16 08:00:00,0.9224,0.9234,0.9217,0.9225,13996,-0.7524116,-0.7524116,0.0,8218.209999999983,640,836,0,0.0,0.0,0.0,9.05
2023-02-16 12:00:00,0.9225,0.9262,0.9214,0.9247,19199,-0.71395016,-0.71395016,0.0,8218.209999999983,640,836,2,0.9247,0.926,0.0,0.0
2023-02-16 16:00:00,0.9247,0.9272,0.9239,0.9242,25878,-1.0,-1.0,0.0,8218.209999999983,640,836,2,0.9247,0.926,0.0,0.0
2023-02-16 20:00:00,0.9242,0.9261,0.9237,0.9258,12672,-0.7685804,-0.7685804,0.0,8218.209999999983,640,836,2,0.9247,0.926,0.0,0.0
2023-02-17 00:00:00,0.9251,0.9284,0.9246,0.9283,6469,-0.5875112,-0.5875112,0.0,8218.209999999983,640,836,2,0.9247,0.926,0.0,0.0
2023-02-17 04:00:00,0.9283,0.9294,0.9279,0.9292,6575,0.47823372,0.47823372,0.0,7889.569999999982,640,837,0,0.0,0.0,0.0,-328.64
2023-02-17 08:00:00,0.9292,0.9323,0.929,0.9323,13830,-1.0,-1.0,0.0,7889.569999999982,640,837,2,0.9323,0.9331,0.0,0.0
2023-02-17 12:00:00,0.9323,0.9332,0.9291,0.9301,14577,0.82586586,0.82586586,0.0,7889.569999999982,640,837,2,0.9323,0.9331,0.0,0.0
2023-02-17 16:00:00,0.9301,0.9312,0.9254,0.9266,23397,1.0,1.0,0.0,8082.729999999982,641,837,0,0.0,0.0,0.0,193.16
2023-02-17 20:00:00,0.9266,0.9268,0.924,0.9241,7889,0.8348928,0.8348928,0.0,8082.729999999982,641,837,1,0.9241,0.9233,0.0,0.0
2023-02-20 00:00:00,0.9244,0.926,0.924,0.9257,6260,0.311275,0.311275,0.0,8082.729999999982,641,837,1,0.9241,0.9233,0.0,0.0
2023-02-20 04:00:00,0.9257,0.9257,0.9241,0.9244,9698,0.31553984,0.31553984,0.0,8082.729999999982,641,837,1,0.9241,0.9233,0.0,0.0
2023-02-20 08:00:00,0.9244,0.9247,0.922,0.9238,12256,0.834688,0.834688,0.0,8082.729999999982,641,837,1,0.9241,0.9233,0.0,0.0
2023-02-20 12:00:00,0.9238,0.9245,0.9222,0.9241,11377,-1.0,-1.0,0.0,8055.919999999982,641,838,0,0.0,0.0,0.0,-26.81
2023-02-20 16:00:00,0.9241,0.9241,0.9225,0.9232,8093,-0.5497536,-0.5497536,0.0,8055.919999999982,641,838,2,0.9232,0.9257,0.0,0.0
2023-02-20 20:00:00,0.9232,0.9234,0.9229,0.9233,4931,1.0,1.0,0.0,8055.919999999982,641,838,2,0.9232,0.9257,0.0,0.0
2023-02-21 00:00:00,0.9229,0.9244,0.9222,0.9235,3851,-0.49517354,-0.49517354,0.0,8055.919999999982,641,838,2,0.9232,0.9257,0.0,0.0
2023-02-21 04:00:00,0.9235,0.9244,0.9235,0.9237,3525,-1.0,-1.0,0.0,8055.919999999982,641,838,2,0.9232,0.9257,0.0,0.0
2023-02-21 08:00:00,0.9237,0.9272,0.9232,0.9244,12897,0.123429455,0.123429455,0.0,8055.919999999982,641,838,2,0.9232,0.9257,0.0,0.0
2023-02-21 12:00:00,0.9244,0.9258,0.9238,0.9253,17485,1.0,1.0,0.0,7948.979999999982,641,839,0,0.0,0.0,0.0,-106.94
2023-02-21 16:00:00,0.9253,0.9282,0.9248,0.9265,26815,-1.0,-1.0,0.0,7948.979999999982,641,839,2,0.9265,0.9273,0.0,0.0
2023-02-21 20:00:00,0.9265,0.9283,0.9262,0.9277,9878,-0.219847,-0.219847,0.0,7948.979999999982,641,839,2,0.9265,0.9273,0.0,0.0
2023-02-22 00:00:00,0.9276,0.9277,0.9259,0.9268,6981,1.0,1.0,0.0,7843.079999999983,641,840,0,0.0,0.0,0.0,-105.9
2023-02-22 04:00:00,0.9268,0.9271,0.9262,0.9264,3929,0.34859008,0.34859008,0.0,7843.079999999983,641,840,0,0.9264,0.9241,0.0,0.0
2023-02-22 08:00:00,0.9264,0.9287,0.9253,0.9276,13614,1.0,1.0,0.0,7843.079999999983,641,840,1,0.9276,0.9251,0.0,0.0
2023-02-22 12:00:00,0.9275,0.9287,0.9264,0.9273,16394,0.14012444,0.14012444,0.0,7843.079999999983,641,840,1,0.9276,0.9251,0.0,0.0
2023-02-22 16:00:00,0.9273,0.9305,0.926,0.9295,20637,0.4943881,0.4943881,0.0,7843.079999999983,641,840,1,0.9276,0.9251,0.0,0.0
2023-02-22 20:00:00,0.9295,0.9319,0.9288,0.9312,15183,-0.5657524,-0.5657524,0.0,7843.079999999983,641,840,1,0.9276,0.9251,0.0,0.0
2023-02-23 00:00:00,0.9309,0.9314,0.9297,0.9299,3058,-0.31752875,-0.31752875,0.0,7843.079999999983,641,840,1,0.9276,0.9251,0.0,0.0
2023-02-23 04:00:00,0.9299,0.9302,0.9291,0.9296,2671,0.6269902,0.6269902,0.0,7843.079999999983,641,840,1,0.9276,0.9251,0.0,0.0
2023-02-23 08:00:00,0.9296,0.9335,0.929,0.9331,12121,-0.04385618,-0.04385618,0.0,7843.079999999983,641,840,1,0.9276,0.9251,0.0,0.0
2023-02-23 12:00:00,0.9331,0.9344,0.9315,0.9334,16158,-1.0,-1.0,0.0,8324.709999999983,642,840,0,0.0,0.0,0.0,481.63
2023-02-23 16:00:00,0.9334,0.9349,0.932,0.9343,21032,-0.37471646,-0.37471646,0.0,8324.709999999983,642,840,0,0.9343,0.9351,0.0,0.0
2023-02-23 20:00:00,0.9343,0.9346,0.9329,0.934,6977,0.20391259,0.20391259,0.0,8324.709999999983,642,840,0,0.9343,0.9351,0.0,0.0
2023-02-24 00:00:00,0.9335,0.9342,0.9324,0.9339,6474,1.0,1.0,0.0,8324.709999999983,642,840,1,0.9339,0.9321,0.0,0.0
2023-02-24 04:00:00,0.9339,0.9342,0.933,0.934,4313,-0.5591323,-0.5591323,0.0,8324.709999999983,642,840,1,0.9339,0.9321,0.0,0.0
2023-02-24 08:00:00,0.934,0.9365,0.9338,0.9346,11316,-1.0,-1.0,0.0,8333.999999999984,643,840,0,0.0,0.0,0.0,9.29
2023-02-24 12:00:00,0.9346,0.9381,0.9341,0.9371,17581,-0.124223284,-0.124223284,0.0,8333.999999999984,643,840,0,0.934,0.9332,0.0,0.0
2023-02-24 16:00:00,0.9371,0.9406,0.937,0.9401,27781,1.0,1.0,0.0,8333.999999999984,643,840,1,0.9401,0.9393,0.0,0.0
2023-02-24 20:00:00,0.9401,0.9412,0.9395,0.941,7727,-1.0,-1.0,0.0,8333.999999999984,643,840,1,0.9401,0.9393,0.0,0.0
2023-02-27 00:00:00,0.9395,0.9408,0.9391,0.9401,3261,-0.47288126,-0.47288126,0.0,8333.999999999984,643,840,1,0.9401,0.9393,0.0,0.0
2023-02-27 04:00:00,0.9402,0.9418,0.94,0.9416,3836,-0.44598246,-0.44598246,0.0,8333.999999999984,643,840,1,0.9401,0.9393,0.0,0.0
2023-02-27 08:00:00,0.9416,0.9429,0.9407,0.9412,10722,0.072872244,0.072872244,0.0,8333.999999999984,643,840,1,0.9401,0.9393,0.0,0.0
2023-02-27 12:00:00,0.9412,0.9416,0.9369,0.9372,10245,-0.8108021,-0.8108021,0.0,8437.239999999983,644,840,0,0.0,0.0,0.0,103.24
2023-02-27 16:00:00,0.9372,0.9385,0.9344,0.9367,14222,0.3751467,0.3751467,0.0,8437.239999999983,644,840,0,0.0,0.0,0.0,0.0
2023-02-27 20:00:00,0.9367,0.937,0.9353,0.9357,5741,-1.0,-1.0,0.0,8437.239999999983,644,840,2,0.9357,0.9377,0.0,0.0
2023-02-28 00:00:00,0.9355,0.9366,0.9341,0.9366,4198,-0.2543777,-0.2543777,0.0,8437.239999999983,644,840,2,0.9357,0.9377,0.0,0.0
2023-02-28 04:00:00,0.9366,0.9372,0.9358,0.9369,3656,0.98412985,0.98412985,0.0,8352.129999999983,644,841,0,0.0,0.0,0.0,-85.11
2023-02-28 08:00:00,0.9369,0.9389,0.9361,0.9378,10318,0.4957298,0.4957298,0.0,8352.129999999983,644,841,0,0.9366,0.9358,0.0,0.0
2023-02-28 12:00:00,0.9378,0.9389,0.9355,0.9356,8239,1.0,1.0,0.0,8352.129999999983,644,841,1,0.9356,0.9348,0.0,0.0
2023-02-28 16:00:00,0.9356,0.9384,0.9342,0.9373,18797,-0.35471636,-0.35471636,0.0,8352.129999999983,644,841,1,0.9356,0.9348,0.0,0.0
2023-02-28 20:00:00,0.9373,0.9423,0.9372,0.9421,6841,-0.47581518,-0.47581518,0.0,8352.129999999983,644,841,1,0.9356,0.9348,0.0,0.0
2023-03-01 00:00:00,0.9419,0.9428,0.9412,0.9412,3510,-0.3885338,-0.3885338,0.0,8352.129999999983,644,841,1,0.9356,0.9348,0.0,0.0
2023-03-01 04:00:00,0.9412,0.9415,0.9401,0.9407,3196,0.17902526,0.17902526,0.0,8352.129999999983,644,841,1,0.9356,0.9348,0.0,0.0
2023-03-01 08:00:00,0.9407,0.9408,0.9369,0.9375,13442,-0.4235169,-0.4235169,0.0,8352.129999999983,644,841,1,0.9356,0.9348,0.0,0.0
2023-03-01 12:00:00,0.9375,0.9388,0.935,0.9379,12826,-0.63281053,-0.63281053,0.0,8530.139999999983,645,841,0,0.0,0.0,0.0,178.01
2023-03-01 16:00:00,0.9379,0.9412,0.9373,0.9399,21528,-1.0,-1.0,0.0,8530.139999999983,645,841,2,0.9399,0.9419,0.0,0.0
2023-03-01 20:00:00,0.9399,0.9414,0.9395,0.9396,5037,-0.9517332,-0.9517332,0.0,8530.139999999983,645,841,2,0.9399,0.9419,0.0,0.0
2023-03-02 00:00:00,0.9395,0.9417,0.9376,0.9414,3479,-1.0,-1.0,0.0,8530.139999999983,645,841,2,0.9399,0.9419,0.0,0.0
2023-03-02 04:00:00,0.9414,0.9431,0.9412,0.9428,4185,0.26067686,0.26067686,0.0,8530.139999999983,645,841,2,0.9399,0.9419,0.0,0.0
2023-03-02 08:00:00,0.9428,0.944,0.9412,0.9414,10636,1.0,1.0,0.0,8251.059999999983,645,842,0,0.0,0.0,0.0,-279.08
2023-03-02 12:00:00,0.9414,0.9434,0.9396,0.943,12867,-0.13613665,-0.13613665,0.0,8251.059999999983,645,842,0,0.0,0.0,0.0,0.0
2023-03-02 16:00:00,0.943,0.944,0.9408,0.9435,16472,-0.06730525,-0.06730525,0.0,8251.059999999983,645,842,0,0.9435,0.941,0.0,0.0
2023-03-02 20:00:00,0.9435,0.9438,0.941,0.9422,7103,0.9534066,0.9534066,0.0,8251.059999999983,645,842,1,0.9422,0.9414,0.0,0.0
2023-03-03 00:00:00,0.9422,0.9422,0.9405,0.9412,3125,0.43215844,0.43215844,0.0,8251.059999999983,645,842,1,0.9422,0.9414,0.0,0.0
2023-03-03 04:00:00,0.9412,0.9416,0.9405,0.9408,3292,0.36293894,0.36293894,0.0,8158.1199999999835,645,843,0,0.0,0.0,0.0,-92.94
2023-03-03 08:00:00,0.9408,0.9408,0.9369,0.9378,10229,-0.5975606,-0.5975606,0.0,8158.1199999999835,645,843,2,0.9378,0.9387,0.0,0.0
2023-03-03 12:00:00,0.9378,0.9399,0.9371,0.9378,9441,-0.12587509,-0.12587509,0.0,8158.1199999999835,645,843,2,0.9378,0.9387,0.0,0.0
2023-03-03 16:00:00,0.9378,0.9408,0.937,0.9377,20046,0.5352617,0.5352617,0.0,8158.1199999999835,645,843,2,0.9378,0.9387,0.0,0.0
2023-03-03 20:00:00,0.9377,0.9383,0.9359,0.9362,6907,-1.0,-1.0,0.0,8158.1199999999835,645,843,2,0.9378,0.9387,0.0,0.0
2023-03-06 00:00:00,0.9358,0.9373,0.9358,0.9363,4752,0.46210846,0.46210846,0.0,8158.1199999999835,645,843,2,0.9378,0.9387,0.0,0.0
2023-03-06 04:00:00,0.9363,0.9369,0.9353,0.9357,4137,1.0,1.0,0.0,8295.209999999983,646,843,0,0.0,0.0,0.0,137.09
2023-03-06 08:00:00,0.9357,0.9366,0.9313,0.9342,10225,-1.0,-1.0,0.0,8295.209999999983,646,843,2,0.9342,0.9351,0.0,0.0
2023-03-06 12:00:00,0.9342,0.936,0.9332,0.9344,10817,0.9462439,0.9462439,0.0,8295.209999999983,646,843,2,0.9342,0.9351,0.0,0.0
2023-03-06 16:00:00,0.9344,0.9349,0.9306,0.9316,14383,-0.6971908,-0.6971908,0.0,8295.209999999983,646,843,2,0.9342,0.9351,0.0,0.0
2023-03-06 20:00:00,0.9316,0.9327,0.9308,0.9309,5497,-0.14183983,-0.14183983,0.0,8295.209999999983,646,843,2,0.9342,0.9351,0.0,0.0
2023-03-07 00:00:00,0.9304,0.9315,0.9294,0.9307,2535,0.103652656,0.103652656,0.0,8295.209999999983,646,843,2,0.9342,0.9351,0.0,0.0
2023-03-07 04:00:00,0.9307,0.9308,0.9295,0.93,3584,-0.80103856,-0.80103856,0.0,8295.209999999983,646,843,2,0.9342,0.9351,0.0,0.0
2023-03-07 08:00:00,0.93,0.9328,0.9286,0.9327,10452,1.0,1.0,0.0,8682.909999999983,647,843,0,0.0,0.0,0.0,387.7
2023-03-07 12:00:00,0.9327,0.9347,0.9321,0.9345,10931,-0.6975086,-0.6975086,0.0,8682.909999999983,647,843,2,0.9345,0.9353,0.0,0.0
2023-03-07 16:00:00,0.9345,0.9417,0.9342,0.9411,32042,1.0,1.0,0.0,8682.909999999983,647,843,2,0.9345,0.9353,0.0,0.0
2023-03-07 20:00:00,0.9411,0.9424,0.9398,0.942,9833,0.17790511,0.17790511,0.0,8037.559999999983,647,844,0,0.0,0.0,0.0,-645.35
2023-03-08 00:00:00,0.9418,0.9426,0.9407,0.9424,3619,0.063849196,0.063849196,0.0,8037.559999999983,647,844,0,0.9411,0.9394,0.0,0.0
2023-03-08 04:00:00,0.9424,0.9439,0.9423,0.9433,5384,0.5921497,0.5921497,0.0,8037.559999999983,647,844,1,0.9433,0.9425,0.0,0.0
2023-03-08 08:00:00,0.9433,0.9434,0.9416,0.9426,8236,-1.0,-1.0,0.0,8037.559999999983,647,844,1,0.9433,0.9425,0.0,0.0
2023-03-08 12:00:00,0.9427,0.9434,0.9413,0.942,9099,1.0,1.0,0.0,8037.559999999983,647,844,1,0.9433,0.9425,0.0,0.0
2023-03-08 16:00:00,0.942,0.9436,0.9389,0.9413,18218,0.50459373,0.50459373,0.0,7919.769999999983,647,845,0,0.0,0.0,0.0,-117.79
2023-03-08 20:00:00,0.9413,0.9421,0.9408,0.9413,5349,1.0,1.0,0.0,7919.769999999983,647,845,1,0.9413,0.9405,0.0,0.0
2023-03-09 00:00:00,0.9411,0.9416,0.9389,0.9414,2629,-1.0,-1.0,0.0,7919.769999999983,647,845,1,0.9413,0.9405,0.0,0.0
2023-03-09 04:00:00,0.9414,0.9415,0.9398,0.9401,2607,-0.9721387,-0.9721387,0.0,7928.679999999983,648,845,0,0.0,0.0,0.0,8.91
2023-03-09 08:00:00,0.9401,0.9404,0.9372,0.9372,6648,0.26206788,0.26206788,0.0,7928.679999999983,648,845,0,0.0,0.0,0.0,0.0
2023-03-09 12:00:00,0.9372,0.9394,0.9367,0.9373,10883,1.0,1.0,0.0,7928.679999999983,648,845,1,0.9373,0.9365,0.0,0.0
2023-03-09 16:00:00,0.9373,0.9385,0.9354,0.9364,14811,-0.41071254,-0.41071254,0.0,7928.679999999983,648,845,1,0.9373,0.9365,0.0,0.0
2023-03-09 20:00:00,0.9364,0.9369,0.9323,0.9323,9882,-1.0,-1.0,0.0,7848.709999999983,648,846,0,0.0,0.0,0.0,-79.97
2023-03-10 00:00:00,0.9322,0.9337,0.9315,0.9319,7707,1.0,1.0,0.0,7848.709999999983,648,846,1,0.9319,0.9311,0.0,0.0
2023-03-10 04:00:00,0.9319,0.9326,0.9281,0.9305,7250,0.23160844,0.23160844,0.0,7848.709999999983,648,846,1,0.9319,0.9311,0.0,0.0
2023-03-10 08:00:00,0.9305,0.9317,0.9287,0.9303,11118,0.25200862,0.25200862,0.0,7726.359999999982,648,847,0,0.0,0.0,0.0,-122.35
2023-03-10 12:00:00,0.9303,0.9306,0.923,0.9254,18912,1.0,1.0,0.0,7726.359999999982,648,847,1,0.9254,0.9246,0.0,0.0
2023-03-10 16:00:00,0.9254,0.9262,0.9175,0.9188,38418,-0.0033985607,-0.0033985607,0.0,7726.359999999982,648,847,1,0.9254,0.9246,0.0,0.0
2023-03-10 20:00:00,0.9188,0.922,0.9184,0.9213,13477,-0.8136635,-0.8136635,0.0,7165.709999999983,648,848,0,0.0,0.0,0.0,-560.65
2023-03-13 00:00:00,0.9177,0.9203,0.9148,0.9199,16448,-1.0,-1.0,0.0,7165.709999999983,648,848,2,0.9199,0.9208,0.0,0.0
2023-03-13 04:00:00,0.9199,0.92,0.9152,0.9174,19458,-0.91510975,-0.91510975,0.0,7165.709999999983,648,848,2,0.9199,0.9208,0.0,0.0
2023-03-13 08:00:00,0.9174,0.9177,0.9098,0.9136,29502,-1.0,-1.0,0.0,7165.709999999983,648,848,2,0.9199,0.9208,0.0,0.0
2023-03-13 12:00:00,0.9136,0.9158,0.9093,0.9102,42657,-0.47655663,-0.47655663,0.0,7165.709999999983,648,848,2,0.9199,0.9208,0.0,0.0
2023-03-13 16:00:00,0.9102,0.9128,0.9071,0.911,36023,0.3801111,0.3801111,0.0,7165.709999999983,648,848,2,0.9199,0.9208,0.0,0.0
2023-03-13 20:00:00,0.911,0.9124,0.9101,0.9113,15208,-0.6266456,-0.6266456,0.0,7165.709999999983,648,848,2,0.9199,0.9208,0.0,0.0
2023-03-14 00:00:00,0.911,0.9135,0.9108,0.9131,9816,-0.15715963,-0.15715963,0.0,7165.709999999983,648,848,2,0.9199,0.9208,0.0,0.0
2023-03-14 04:00:00,0.9131,0.9145,0.9128,0.9133,9018,0.47092316,0.47092316,0.0,7165.709999999983,648,848,2,0.9199,0.9208,0.0,0.0
2023-03-14 08:00:00,0.9133,0.9144,0.9106,0.9116,25427,-0.5252053,-0.5252053,0.0,7165.709999999983,648,848,2,0.9199,0.9208,0.0,0.0
2023-03-14 12:00:00,0.9117,0.9165,0.9096,0.9156,34203,0.21521786,0.21521786,0.0,7165.709999999983,648,848,2,0.9199,0.9208,0.0,0.0
2023-03-14 16:00:00,0.9156,0.9165,0.9127,0.9138,25391,-0.25926074,-0.25926074,0.0,7165.709999999983,648,848,2,0.9199,0.9208,0.0,0.0
2023-03-14 20:00:00,0.9138,0.9143,0.9116,0.9135,9780,0.5865443,0.5865443,0.0,7643.649999999982,649,848,0,0.0,0.0,0.0,477.94
2023-03-15 00:00:00,0.9133,0.9149,0.9133,0.9139,19205,1.0,1.0,0.0,7643.649999999982,649,848,1,0.9139,0.9131,0.0,0.0
2023-03-15 04:00:00,0.9139,0.9145,0.9123,0.9144,9942,1.0,1.0,0.0,7643.649999999982,649,848,1,0.9139,0.9131,0.0,0.0
2023-03-15 08:00:00,0.9144,0.9186,0.914,0.9185,21528,0.93811,0.93811,0.0,7643.649999999982,649,848,1,0.9139,0.9131,0.0,0.0
2023-03-15 12:00:00,0.9185,0.9257,0.9176,0.9229,44352,1.0,1.0,0.0,7643.649999999982,649,848,1,0.9139,0.9131,0.0,0.0
2023-03-15 16:00:00,0.9229,0.9318,0.9204,0.9307,39681,1.0,1.0,0.0,7643.649999999982,649,848,1,0.9139,0.9131,0.0,0.0
2023-03-15 20:00:00,0.9307,0.9338,0.9277,0.9327,21068,1.0,1.0,0.0,7643.649999999982,649,848,1,0.9139,0.9131,0.0,0.0
2023-03-16 00:00:00,0.9327,0.9339,0.9298,0.9307,21814,-0.6736853,-0.6736853,0.0,9247.409999999982,650,848,0,0.0,0.0,0.0,1603.76
2023-03-16 04:00:00,0.9308,0.932,0.9293,0.93,14868,1.0,1.0,0.0,9247.409999999982,650,848,1,0.93,0.9292,0.0,0.0
2023-03-16 08:00:00,0.93,0.9302,0.923,0.9273,20388,1.0,1.0,0.0,9247.409999999982,650,848,1,0.93,0.9292,0.0,0.0
2023-03-16 12:00:00,0.9273,0.9304,0.9257,0.9279,27999,0.70628285,0.70628285,0.0,8970.359999999982,650,849,0,0.0,0.0,0.0,-277.05
2023-03-16 16:00:00,0.9279,0.9323,0.9271,0.9317,39524,0.80067575,0.80067575,0.0,8970.359999999982,650,849,1,0.9317,0.9292,0.0,0.0
2023-03-16 20:00:00,0.9317,0.9318,0.9285,0.9294,12099,0.9607413,0.9607413,0.0,8970.359999999982,650,849,1,0.9317,0.9292,0.0,0.0
2023-03-17 00:00:00,0.9294,0.9299,0.9277,0.928,12355,-0.6184816,-0.6184816,0.0,8970.359999999982,650,849,1,0.9317,0.9292,0.0,0.0
2023-03-17 04:00:00,0.928,0.928,0.9258,0.9261,16289,-0.38317177,-0.38317177,0.0,8601.799999999983,650,850,0,0.0,0.0,0.0,-368.56
2023-03-17 08:00:00,0.926,0.9272,0.924,0.9261,17916,-0.4927974,-0.4927974,0.0,8601.799999999983,650,850,0,0.9261,0.9253,0.0,0.0
2023-03-17 12:00:00,0.9261,0.9287,0.9261,0.9278,21562,0.5308719,0.5308719,0.0,8601.799999999983,650,850,1,0.9278,0.9264,0.0,0.0
2023-03-17 16:00:00,0.9272,0.9294,0.9264,0.9279,23000,1.0,1.0,0.0,8601.799999999983,650,850,1,0.9278,0.9264,0.0,0.0
2023-03-17 20:00:00,0.9279,0.9282,0.9249,0.9261,11406,-1.0,-1.0,0.0,8611.339999999984,651,850,0,0.0,0.0,0.0,9.54
2023-03-20 00:00:00,0.9252,0.9278,0.925,0.9268,12554,1.0,1.0,0.0,8611.339999999984,651,850,1,0.9268,0.926,0.0,0.0
2023-03-20 04:00:00,0.9268,0.9268,0.9253,0.9255,15234,-0.61974823,-0.61974823,0.0,8611.339999999984,651,850,1,0.9268,0.926,0.0,0.0
2023-03-20 08:00:00,0.9255,0.9312,0.9246,0.9293,23184,-0.17689672,-0.17689672,0.0,8487.359999999984,651,851,0,0.0,0.0,0.0,-123.98
2023-03-20 12:00:00,0.9293,0.9297,0.9242,0.9249,16588,-0.83586174,-0.83586174,0.0,8487.359999999984,651,851,2,0.9249,0.9257,0.0,0.0
2023-03-20 16:00:00,0.9249,0.9284,0.924,0.9284,11887,-0.3341171,-0.3341171,0.0,8487.359999999984,651,851,2,0.9249,0.9257,0.0,0.0
2023-03-20 20:00:00,0.9284,0.9295,0.9255,0.9288,5967,-1.0,-1.0,0.0,8157.349999999984,651,852,0,0.0,0.0,0.0,-330.01
2023-03-21 00:00:00,0.9287,0.9293,0.9282,0.929,28046,-0.20866077,-0.20866077,0.0,8157.349999999984,651,852,0,0.9284,0.9276,0.0,0.0
2023-03-21 04:00:00,0.929,0.9301,0.9285,0.9298,15115,-0.56094474,-0.56094474,0.0,8157.349999999984,651,852,2,0.9298,0.9315,0.0,0.0
2023-03-21 08:00:00,0.9297,0.9317,0.9264,0.9268,16225,-0.5614742,-0.5614742,0.0,8157.349999999984,651,852,2,0.9298,0.9315,0.0,0.0
2023-03-21 12:00:00,0.9268,0.9272,0.9233,0.9237,14103,0.4299422,0.4299422,0.0,8157.349999999984,651,852,2,0.9298,0.9315,0.0,0.0
2023-03-21 16:00:00,0.9237,0.925,0.9209,0.9227,14204,0.6848679,0.6848679,0.0,8707.329999999984,652,852,0,0.0,0.0,0.0,549.98
2023-03-21 20:00:00,0.9227,0.9232,0.9218,0.9223,5056,-0.6737224,-0.6737224,0.0,8707.329999999984,652,852,2,0.9223,0.9231,0.0,0.0
2023-03-22 00:00:00,0.9223,0.9226,0.9212,0.9224,8419,0.3581148,0.3581148,0.0,8707.329999999984,652,852,2,0.9223,0.9231,0.0,0.0
2023-03-22 04:00:00,0.9224,0.923,0.9222,0.9225,7668,-0.6068635,-0.6068635,0.0,8707.329999999984,652,852,2,0.9223,0.9231,0.0,0.0
2023-03-22 08:00:00,0.9226,0.9246,0.9206,0.9219,14359,-0.4935476,-0.4935476,0.0,8707.329999999984,652,852,2,0.9223,0.9231,0.0,0.0
2023-03-22 12:00:00,0.9219,0.9246,0.9214,0.9242,13322,-1.0,-1.0,0.0,8707.329999999984,652,852,2,0.9223,0.9231,0.0,0.0
2023-03-22 16:00:00,0.9242,0.9246,0.9218,0.9241,9333,0.25331533,0.25331533,0.0,8524.359999999984,652,853,0,0.0,0.0,0.0,-182.97
2023-03-22 20:00:00,0.9241,0.9241,0.9147,0.9171,24854,-0.6667826,-0.6667826,0.0,8524.359999999984,652,853,2,0.9171,0.919,0.0,0.0
2023-03-23 00:00:00,0.9171,0.9175,0.9158,0.9169,8583,0.34805533,0.34805533,0.0,8524.359999999984,652,853,2,0.9171,0.919,0.0,0.0
2023-03-23 04:00:00,0.9169,0.9173,0.9145,0.9157,14887,-0.067654476,-0.067654476,0.0,8524.359999999984,652,853,2,0.9171,0.919,0.0,0.0
2023-03-23 08:00:00,0.9157,0.9181,0.9119,0.9156,24060,1.0,1.0,0.0,8655.109999999984,653,853,0,0.0,0.0,0.0,130.75
2023-03-23 12:00:00,0.9156,0.917,0.9149,0.9153,15923,0.88407934,0.88407934,0.0,8655.109999999984,653,853,1,0.9153,0.9145,0.0,0.0
2023-03-23 16:00:00,0.9153,0.9158,0.9127,0.9147,14228,0.75785935,0.75785935,0.0,8655.109999999984,653,853,1,0.9153,0.9145,0.0,0.0
2023-03-23 20:00:00,0.9148,0.9169,0.9143,0.9161,11437,-0.42536044,-0.42536044,0.0,8655.109999999984,653,853,1,0.9153,0.9145,0.0,0.0
2023-03-24 00:00:00,0.9161,0.9175,0.916,0.9173,15805,0.8381115,0.8381115,0.0,8655.109999999984,653,853,1,0.9153,0.9145,0.0,0.0
2023-03-24 04:00:00,0.9173,0.9179,0.9155,0.9159,12483,-0.026633615,-0.026633615,0.0,8655.109999999984,653,853,1,0.9153,0.9145,0.0,0.0
2023-03-24 08:00:00,0.9159,0.9193,0.9157,0.9183,22737,-1.0,-1.0,0.0,8712.009999999984,654,853,0,0.0,0.0,0.0,56.9
2023-03-24 12:00:00,0.9183,0.9217,0.9174,0.9188,24695,-0.18230179,-0.18230179,0.0,8712.009999999984,654,853,0,0.0,0.0,0.0,0.0
2023-03-24 16:00:00,0.9188,0.9202,0.9175,0.9192,17103,-1.0,-1.0,0.0,8712.009999999984,654,853,2,0.9192,0.92,0.0,0.0
2023-03-24 20:00:00,0.9192,0.9203,0.9191,0.9198,4840,0.49031657,0.49031657,0.0,8712.009999999984,654,853,2,0.9192,0.92,0.0,0.0
2023-03-27 00:00:00,0.9162,0.92,0.9162,0.9199,9038,1.0,1.0,0.0,8654.469999999983,654,854,0,0.0,0.0,0.0,-57.54
2023-03-27 04:00:00,0.9199,0.92,0.918,0.9187,9004,-0.69735235,-0.69735235,0.0,8654.469999999983,654,854,2,0.9187,0.9195,0.0,0.0
2023-03-27 08:00:00,0.9187,0.9198,0.9157,0.9162,18373,-1.0,-1.0,0.0,8654.469999999983,654,854,2,0.9187,0.9195,0.0,0.0
2023-03-27 12:00:00,0.9162,0.9178,0.9157,0.9176,15084,0.15785895,0.15785895,0.0,8654.469999999983,654,854,2,0.9187,0.9195,0.0,0.0
2023-03-27 16:00:00,0.9176,0.9176,0.9156,0.9162,14590,0.66211444,0.66211444,0.0,8758.989999999983,655,854,0,0.0,0.0,0.0,104.52
2023-03-27 20:00:00,0.9162,0.9169,0.9154,0.9157,7428,-1.0,-1.0,0.0,8758.989999999983,655,854,2,0.9157,0.917,0.0,0.0
2023-03-28 00:00:00,0.9153,0.9159,0.9142,0.9146,13115,-1.0,-1.0,0.0,8758.989999999983,655,854,2,0.9157,0.917,0.0,0.0
2023-03-28 04:00:00,0.9146,0.9149,0.9137,0.9142,9896,-1.0,-1.0,0.0,8758.989999999983,655,854,2,0.9157,0.917,0.0,0.0
2023-03-28 08:00:00,0.9142,0.9181,0.9141,0.9172,12714,-0.06589778,-0.06589778,0.0,8758.989999999983,655,854,2,0.9157,0.917,0.0,0.0
2023-03-28 12:00:00,0.9172,0.9188,0.9167,0.9181,11928,-0.24097466,-0.24097466,0.0,8614.779999999984,655,855,0,0.0,0.0,0.0,-144.21
2023-03-28 16:00:00,0.9182,0.9223,0.9181,0.9194,13798,-0.9018419,-0.9018419,0.0,8614.779999999984,655,855,2,0.9194,0.9203,0.0,0.0
2023-03-28 20:00:00,0.9194,0.9201,0.9186,0.9197,5598,-0.35919476,-0.35919476,0.0,8614.779999999984,655,855,2,0.9194,0.9203,0.0,0.0
2023-03-29 00:00:00,0.9194,0.9209,0.9178,0.9197,4787,-1.0,-1.0,0.0,8614.779999999984,655,855,2,0.9194,0.9203,0.0,0.0
2023-03-29 04:00:00,0.9197,0.921,0.9196,0.9207,6498,0.8745205,0.8745205,0.0,8586.329999999984,655,856,0,0.0,0.0,0.0,-28.45
2023-03-29 08:00:00,0.9207,0.9223,0.9194,0.9199,12927,-1.0,-1.0,0.0,8586.329999999984,655,856,2,0.9199,0.9207,0.0,0.0
2023-03-29 12:00:00,0.9199,0.9204,0.9165,0.9192,15348,0.45418376,0.45418376,0.0,8586.329999999984,655,856,2,0.9199,0.9207,0.0,0.0
2023-03-29 16:00:00,0.9191,0.9213,0.9184,0.9206,16337,0.6546164,0.6546164,0.0,8586.329999999984,655,856,2,0.9199,0.9207,0.0,0.0
2023-03-29 20:00:00,0.9206,0.9206,0.9183,0.9184,6245,-0.47371948,-0.47371948,0.0,8586.329999999984,655,856,2,0.9199,0.9207,0.0,0.0
2023-03-30 00:00:00,0.9181,0.9195,0.9177,0.9193,5075,0.7656556,0.7656556,0.0,8727.859999999984,656,856,0,0.0,0.0,0.0,141.53
2023-03-30 04:00:00,0.9193,0.92,0.9187,0.9189,7846,1.0,1.0,0.0,8727.859999999984,656,856,1,0.9189,0.9179,0.0,0.0
2023-03-30 08:00:00,0.9189,0.919,0.9158,0.9162,15789,1.0,1.0,0.0,8727.859999999984,656,856,1,0.9189,0.9179,0.0,0.0
2023-03-30 12:00:00,0.9162,0.9166,0.9128,0.9131,13629,0.4289858,0.4289858,0.0,8469.499999999984,656,857,0,0.0,0.0,0.0,-258.36
2023-03-30 16:00:00,0.9131,0.9146,0.9126,0.9139,13802,-0.35722286,-0.35722286,0.0,8469.499999999984,656,857,0,0.9131,0.9121,0.0,0.0
2023-03-30 20:00:00,0.9139,0.9146,0.9135,0.9135,5695,1.0,1.0,0.0,8469.499999999984,656,857,1,0.9135,0.9127,0.0,0.0
2023-03-31 00:00:00,0.9131,0.9142,0.911,0.9134,6284,-0.2879471,-0.2879471,0.0,8469.499999999984,656,857,1,0.9135,0.9127,0.0,0.0
2023-03-31 04:00:00,0.9134,0.9141,0.9124,0.9139,7684,0.12691261,0.12691261,0.0,8469.499999999984,656,857,1,0.9135,0.9127,0.0,0.0
2023-03-31 08:00:00,0.9139,0.9165,0.9134,0.9161,14666,0.645617,0.645617,0.0,8469.499999999984,656,857,1,0.9135,0.9127,0.0,0.0
2023-03-31 12:00:00,0.9161,0.9178,0.9144,0.9146,13961,0.41543078,0.41543078,0.0,8469.499999999984,656,857,1,0.9135,0.9127,0.0,0.0
2023-03-31 16:00:00,0.9146,0.9151,0.9116,0.9138,17552,0.3258346,0.3258346,0.0,8469.499999999984,656,857,1,0.9135,0.9127,0.0,0.0
2023-03-31 20:00:00,0.9138,0.9155,0.9136,0.9151,8053,0.021088932,0.021088932,0.0,8469.499999999984,656,857,1,0.9135,0.9127,0.0,0.0
2023-04-03 00:00:00,0.9155,0.9183,0.9135,0.9168,9045,-0.22296086,-0.22296086,0.0,8469.499999999984,656,857,1,0.9135,0.9127,0.0,0.0
2023-04-03 04:00:00,0.9168,0.9186,0.9163,0.9185,9484,0.91349965,0.91349965,0.0,8469.499999999984,656,857,1,0.9135,0.9127,0.0,0.0
2023-04-03 08:00:00,0.9185,0.9197,0.9171,0.9176,14114,0.2573345,0.2573345,0.0,8469.499999999984,656,857,1,0.9135,0.9127,0.0,0.0
2023-04-03 12:00:00,0.9176,0.9177,0.9144,0.9156,13464,0.6017549,0.6017549,0.0,8469.499999999984,656,857,1,0.9135,0.9127,0.0,0.0
2023-04-03 16:00:00,0.9156,0.9157,0.9115,0.9134,17776,-0.84403145,-0.84403145,0.0,8664.349999999984,657,857,0,0.0,0.0,0.0,194.85
2023-04-03 20:00:00,0.9134,0.914,0.9123,0.9127,6539,0.009723971,0.009723971,0.0,8664.349999999984,657,857,0,0.9176,0.9197,0.0,0.0
2023-04-04 00:00:00,0.9123,0.9131,0.9105,0.9129,7846,0.50482565,0.50482565,0.0,8664.349999999984,657,857,1,0.9129,0.912,0.0,0.0
2023-04-04 04:00:00,0.9129,0.914,0.9128,0.9132,6596,-0.06713545,-0.06713545,0.0,8664.349999999984,657,857,1,0.9129,0.912,0.0,0.0
2023-04-04 08:00:00,0.9132,0.9143,0.9101,0.9118,14553,0.23565811,0.23565811,0.0,8664.349999999984,657,857,1,0.9129,0.912,0.0,0.0
2023-04-04 12:00:00,0.9118,0.9141,0.9107,0.9135,13586,0.5741976,0.5741976,0.0,8560.359999999984,657,858,0,0.0,0.0,0.0,-103.99
2023-04-04 16:00:00,0.9135,0.9135,0.9055,0.9063,19904,0.10335995,0.10335995,0.0,8560.359999999984,657,858,0,0.0,0.0,0.0,0.0
2023-04-04 20:00:00,0.9063,0.9065,0.9056,0.9061,4504,1.0,1.0,0.0,8560.359999999984,657,858,1,0.9061,0.9051,0.0,0.0
2023-04-05 00:00:00,0.906,0.906,0.9051,0.9057,4000,-1.0,-1.0,0.0,8560.359999999984,657,858,1,0.9061,0.9051,0.0,0.0
2023-04-05 04:00:00,0.9057,0.906,0.9053,0.9059,6343,-0.33261615,-0.33261615,0.0,8560.359999999984,657,858,1,0.9061,0.9051,0.0,0.0
2023-04-05 08:00:00,0.9059,0.9061,0.9041,0.9047,9803,0.5136177,0.5136177,0.0,8560.359999999984,657,858,1,0.9061,0.9051,0.0,0.0
2023-04-05 12:00:00,0.9047,0.9059,0.9031,0.9035,12823,-0.8618286,-0.8618286,0.0,8430.609999999984,657,859,0,0.0,0.0,0.0,-129.75
2023-04-05 16:00:00,0.9035,0.9076,0.9007,0.9073,17588,-1.0,-1.0,0.0,8430.609999999984,657,859,2,0.9073,0.9081,0.0,0.0
2023-04-05 20:00:00,0.9073,0.9076,0.9058,0.9066,4627,0.6215037,0.6215037,0.0,8430.609999999984,657,859,2,0.9073,0.9081,0.0,0.0
2023-04-06 00:00:00,0.9065,0.907,0.9044,0.9069,4513,-1.0,-1.0,0.0,8430.609999999984,657,859,2,0.9073,0.9081,0.0,0.0
2023-04-06 04:00:00,0.9069,0.9075,0.9067,0.9072,4451,-0.92611635,-0.92611635,0.0,8430.609999999984,657,859,2,0.9073,0.9081,0.0,0.0
2023-04-06 08:00:00,0.9072,0.9075,0.9037,0.9045,10849,-0.2801984,-0.2801984,0.0,8430.609999999984,657,859,2,0.9073,0.9081,0.0,0.0
2023-04-06 12:00:00,0.9045,0.9064,0.9042,0.9061,11855,-0.115284346,-0.115284346,0.0,8430.609999999984,657,859,2,0.9073,0.9081,0.0,0.0
2023-04-06 16:00:00,0.9062,0.9067,0.9036,0.904,12700,1.0,1.0,0.0,8540.289999999985,658,859,0,0.0,0.0,0.0,109.68
2023-04-06 20:00:00,0.904,0.905,0.9038,0.9045,4008,-1.0,-1.0,0.0,8540.289999999985,658,859,2,0.9045,0.907,0.0,0.0
2023-04-07 00:00:00,0.9044,0.9049,0.903,0.9046,9033,0.31072357,0.31072357,0.0,8540.289999999985,658,859,2,0.9045,0.907,0.0,0.0
2023-04-07 04:00:00,0.9046,0.9047,0.9041,0.9047,4995,1.0,1.0,0.0,8531.039999999985,658,860,0,0.0,0.0,0.0,-9.25
2023-04-07 08:00:00,0.9047,0.905,0.9034,0.904,4611,0.5622826,0.5622826,0.0,8531.039999999985,658,860,1,0.904,0.9032,0.0,0.0
2023-04-07 12:00:00,0.904,0.9082,0.9036,0.9063,8402,0.12040053,0.12040053,0.0,8531.039999999985,658,860,1,0.904,0.9032,0.0,0.0
2023-04-07 16:00:00,0.9063,0.9068,0.9034,0.9053,7939,-1.0,-1.0,0.0,8743.819999999985,659,860,0,0.0,0.0,0.0,212.78
2023-04-07 20:00:00,0.9053,0.9055,0.904,0.9051,8161,-1.0,-1.0,0.0,8743.819999999985,659,860,2,0.9051,0.9068,0.0,0.0
2023-04-10 00:00:00,0.9038,0.9058,0.9035,0.9057,5580,0.7131941,0.7131941,0.0,8743.819999999985,659,860,2,0.9051,0.9068,0.0,0.0
2023-04-10 04:00:00,0.9057,0.9064,0.9054,0.9063,5757,-0.07338408,-0.07338408,0.0,8743.819999999985,659,860,2,0.9051,0.9068,0.0,0.0
2023-04-10 08:00:00,0.9063,0.9068,0.9051,0.9055,6420,0.27728313,0.27728313,0.0,8743.819999999985,659,860,2,0.9051,0.9068,0.0,0.0
2023-04-10 12:00:00,0.9055,0.9103,0.9054,0.9102,11936,-1.0,-1.0,0.0,8743.819999999985,659,860,2,0.9051,0.9068,0.0,0.0
2023-04-10 16:00:00,0.9102,0.9121,0.9097,0.9104,10384,0.37610638,0.37610638,0.0,8258.129999999985,659,861,0,0.0,0.0,0.0,-485.69
2023-04-10 20:00:00,0.9103,0.9103,0.9093,0.9095,6029,-0.2626673,-0.2626673,0.0,8258.129999999985,659,861,0,0.9102,0.911,0.0,0.0
2023-04-11 00:00:00,0.9093,0.9099,0.9066,0.9085,6360,0.38630602,0.38630602,0.0,8258.129999999985,659,861,0,0.9102,0.911,0.0,0.0
2023-04-11 04:00:00,0.9086,0.909,0.9077,0.908,6237,1.0,1.0,0.0,8258.129999999985,659,861,1,0.908,0.9072,0.0,0.0
2023-04-11 08:00:00,0.908,0.908,0.9038,0.9041,10675,-0.9257276,-0.9257276,0.0,8258.129999999985,659,861,1,0.908,0.9072,0.0,0.0
2023-04-11 12:00:00,0.9042,0.9056,0.9037,0.9052,10961,0.06559601,0.06559601,0.0,7909.699999999984,659,862,0,0.0,0.0,0.0,-348.43
2023-04-11 16:00:00,0.9052,0.906,0.9032,0.9046,9754,-0.3107981,-0.3107981,0.0,7909.699999999984,659,862,0,0.9046,0.9063,0.0,0.0
2023-04-11 20:00:00,0.9046,0.9048,0.9028,0.9032,3594,-0.7044012,-0.7044012,0.0,7909.699999999984,659,862,2,0.9032,0.904,0.0,0.0
2023-04-12 00:00:00,0.903,0.9035,0.9025,0.9026,3641,0.2977316,0.2977316,0.0,7909.699999999984,659,862,2,0.9032,0.904,0.0,0.0
2023-04-12 04:00:00,0.9026,0.9031,0.9018,0.9026,5452,0.9058647,0.9058647,0.0,7960.949999999984,660,862,0,0.0,0.0,0.0,51.25
2023-04-12 08:00:00,0.9026,0.9035,0.9017,0.903,8266,0.057026688,0.057026688,0.0,7960.949999999984,660,862,0,0.9032,0.9018,0.0,0.0
2023-04-12 12:00:00,0.903,0.9031,0.8968,0.8978,12489,-1.0,-1.0,0.0,7960.949999999984,660,862,2,0.8978,0.9,0.0,0.0
2023-04-12 16:00:00,0.8978,0.8982,0.8944,0.8954,12566,-0.054252207,-0.054252207,0.0,7960.949999999984,660,862,2,0.8978,0.9,0.0,0.0
2023-04-12 20:00:00,0.8954,0.8966,0.8949,0.8963,4433,-1.0,-1.0,0.0,7960.949999999984,660,862,2,0.8978,0.9,0.0,0.0
2023-04-13 00:00:00,0.8961,0.8963,0.8949,0.8955,2985,0.6518654,0.6518654,0.0,8089.009999999985,661,862,0,0.0,0.0,0.0,128.06
2023-04-13 04:00:00,0.8955,0.8971,0.8954,0.897,2435,-1.0,-1.0,0.0,8089.009999999985,661,862,2,0.897,0.8985,0.0,0.0
2023-04-13 08:00:00,0.897,0.8975,0.8904,0.8916,9442,-1.0,-1.0,0.0,8089.009999999985,661,862,2,0.897,0.8985,0.0,0.0
2023-04-13 12:00:00,0.8916,0.8919,0.887,0.8874,13752,0.24260141,0.24260141,0.0,8089.009999999985,661,862,2,0.897,0.8985,0.0,0.0
2023-04-13 16:00:00,0.8874,0.89,0.886,0.8875,14627,1.0,1.0,0.0,8913.569999999985,662,862,0,0.0,0.0,0.0,824.56
2023-04-13 20:00:00,0.8874,0.8895,0.8874,0.8895,3810,-0.09238706,-0.09238706,0.0,8913.569999999985,662,862,0,0.897,0.8978,0.0,0.0
2023-04-14 00:00:00,0.8891,0.8898,0.8885,0.8889,2591,0.32389754,0.32389754,0.0,8913.569999999985,662,862,0,0.897,0.8978,0.0,0.0
2023-04-14 04:00:00,0.8889,0.8891,0.8874,0.8877,4785,-1.0,-1.0,0.0,8913.569999999985,662,862,2,0.8877,0.8895,0.0,0.0
2023-04-14 08:00:00,0.8877,0.8889,0.8871,0.8882,8424,0.8652341,0.8652341,0.0,8913.569999999985,662,862,2,0.8877,0.8895,0.0,0.0
2023-04-14 12:00:00,0.8882,0.8927,0.8867,0.8917,13921,0.91368806,0.91368806,0.0,8866.189999999986,662,863,0,0.0,0.0,0.0,-47.38
2023-04-14 16:00:00,0.8917,0.8959,0.8909,0.8954,19476,0.8560711,0.8560711,0.0,8866.189999999986,662,863,1,0.8954,0.893,0.0,0.0
2023-04-14 20:00:00,0.8954,0.8956,0.8937,0.8939,5650,-1.0,-1.0,0.0,8866.189999999986,662,863,1,0.8954,0.893,0.0,0.0
2023-04-17 00:00:00,0.894,0.8956,0.8939,0.8956,5326,0.09036687,0.09036687,0.0,8866.189999999986,662,863,1,0.8954,0.893,0.0,0.0
2023-04-17 04:00:00,0.8955,0.896,0.8941,0.8941,4472,0.08423441,0.08423441,0.0,8866.189999999986,662,863,1,0.8954,0.893,0.0,0.0
2023-04-17 08:00:00,0.8941,0.8951,0.8922,0.895,10307,-1.0,-1.0,0.0,8742.869999999986,662,864,0,0.0,0.0,0.0,-123.32
2023-04-17 12:00:00,0.895,0.8957,0.8931,0.8956,11676,-0.91374844,-0.91374844,0.0,8742.869999999986,662,864,2,0.8956,0.8967,0.0,0.0
2023-04-17 16:00:00,0.8956,0.8996,0.8955,0.8995,15406,1.0,1.0,0.0,8742.869999999986,662,864,2,0.8956,0.8967,0.0,0.0
2023-04-17 20:00:00,0.8995,0.8996,0.8983,0.8985,4653,-0.8777289,-0.8777289,0.0,8375.859999999986,662,865,0,0.0,0.0,0.0,-367.01
2023-04-18 00:00:00,0.8985,0.8988,0.8975,0.8983,3448,-0.6732246,-0.6732246,0.0,8375.859999999986,662,865,2,0.8983,0.9008,0.0,0.0
2023-04-18 04:00:00,0.8983,0.8986,0.8971,0.8977,5758,0.8069999,0.8069999,0.0,8375.859999999986,662,865,2,0.8983,0.9008,0.0,0.0
2023-04-18 08:00:00,0.8977,0.8985,0.8958,0.8959,10392,-1.0,-1.0,0.0,8375.859999999986,662,865,2,0.8983,0.9008,0.0,0.0
2023-04-18 12:00:00,0.8959,0.8977,0.8955,0.8976,10748,1.0,1.0,0.0,8591.349999999986,663,865,0,0.0,0.0,0.0,215.49
2023-04-18 16:00:00,0.8975,0.8987,0.8969,0.897,13088,0.1423123,0.1423123,0.0,8591.349999999986,663,865,0,0.8959,0.8934,0.0,0.0
2023-04-18 20:00:00,0.897,0.8973,0.8963,0.8964,4380,0.94353646,0.94353646,0.0,8591.349999999986,663,865,1,0.8964,0.8956,0.0,0.0
2023-04-19 00:00:00,0.896,0.8965,0.8946,0.8959,3894,-1.0,-1.0,0.0,8591.349999999986,663,865,1,0.8964,0.8956,0.0,0.0
2023-04-19 04:00:00,0.8959,0.8974,0.8959,0.8971,3495,-0.034115747,-0.034115747,0.0,8591.349999999986,663,865,1,0.8964,0.8956,0.0,0.0
2023-04-19 08:00:00,0.8971,0.8991,0.896,0.8983,14951,0.8702025,0.8702025,0.0,8591.349999999986,663,865,1,0.8964,0.8956,0.0,0.0
2023-04-19 12:00:00,0.8983,0.9003,0.8978,0.898,13720,1.0,1.0,0.0,8591.349999999986,663,865,1,0.8964,0.8956,0.0,0.0
2023-04-19 16:00:00,0.898,0.8987,0.8959,0.8974,13698,1.0,1.0,0.0,8591.349999999986,663,865,1,0.8964,0.8956,0.0,0.0
2023-04-19 20:00:00,0.8974,0.898,0.8973,0.8975,6441,-1.0,-1.0,0.0,8683.589999999986,664,865,0,0.0,0.0,0.0,92.24
2023-04-20 00:00:00,0.8972,0.898,0.8971,0.8978,3351,1.0,1.0,0.0,8683.589999999986,664,865,1,0.8978,0.897,0.0,0.0
2023-04-20 04:00:00,0.8978,0.8983,0.8966,0.8966,3962,-0.6253815,-0.6253815,0.0,8683.589999999986,664,865,1,0.8978,0.897,0.0,0.0
2023-04-20 08:00:00,0.8966,0.8971,0.8949,0.8958,12251,-0.74995977,-0.74995977,0.0,8571.789999999986,664,866,0,0.0,0.0,0.0,-111.8
2023-04-20 12:00:00,0.8958,0.8968,0.8923,0.893,15034,-0.15964346,-0.15964346,0.0,8571.789999999986,664,866,0,0.893,0.8909,0.0,0.0
2023-04-20 16:00:00,0.893,0.8946,0.892,0.8942,17251,-1.0,-1.0,0.0,8571.789999999986,664,866,2,0.8942,0.8954,0.0,0.0
2023-04-20 20:00:00,0.8942,0.8943,0.8924,0.8924,7840,-0.54962736,-0.54962736,0.0,8571.789999999986,664,866,2,0.8942,0.8954,0.0,0.0
2023-04-21 00:00:00,0.892,0.8933,0.8919,0.8928,3584,-0.79562515,-0.79562515,0.0,8571.789999999986,664,866,2,0.8942,0.8954,0.0,0.0
2023-04-21 04:00:00,0.8928,0.8935,0.8924,0.8934,3484,-0.3088885,-0.3088885,0.0,8571.789999999986,664,866,2,0.8942,0.8954,0.0,0.0
2023-04-21 08:00:00,0.8934,0.8954,0.8931,0.8936,11567,-1.0,-1.0,0.0,8571.789999999986,664,866,2,0.8942,0.8954,0.0,0.0
2023-04-21 12:00:00,0.8936,0.8945,0.8913,0.8914,12248,0.11629879,0.11629879,0.0,8571.789999999986,664,866,2,0.8942,0.8954,0.0,0.0
2023-04-21 16:00:00,0.8914,0.8954,0.8908,0.8927,19142,0.22242494,0.22242494,0.0,8571.789999999986,664,866,2,0.8942,0.8954,0.0,0.0
2023-04-21 20:00:00,0.8928,0.8934,0.892,0.8921,6211,1.0,1.0,0.0,8709.119999999986,665,866,0,0.0,0.0,0.0,137.33
2023-04-24 00:00:00,0.8919,0.8926,0.8916,0.8918,4091,-1.0,-1.0,0.0,8709.119999999986,665,866,2,0.8918,0.8935,0.0,0.0
2023-04-24 04:00:00,0.8918,0.8928,0.8916,0.8922,5100,0.24566609,0.24566609,0.0,8709.119999999986,665,866,2,0.8918,0.8935,0.0,0.0
2023-04-24 08:00:00,0.8922,0.8926,0.8893,0.8893,9545,-0.197134,-0.197134,0.0,8709.119999999986,665,866,2,0.8918,0.8935,0.0,0.0
2023-04-24 12:00:00,0.8893,0.8908,0.8883,0.8888,11170,-0.31092456,-0.31092456,0.0,8709.119999999986,665,866,2,0.8918,0.8935,0.0,0.0
2023-04-24 16:00:00,0.8889,0.8899,0.888,0.8885,13101,1.0,1.0,0.0,8986.979999999987,666,866,0,0.0,0.0,0.0,277.86
2023-04-24 20:00:00,0.8885,0.8886,0.8876,0.8877,4763,-0.23977445,-0.23977445,0.0,8986.979999999987,666,866,0,0.8877,0.8869,0.0,0.0
2023-04-25 00:00:00,0.8872,0.8879,0.8862,0.8871,3425,0.9214751,0.9214751,0.0,8986.979999999987,666,866,1,0.8871,0.8846,0.0,0.0
2023-04-25 04:00:00,0.8871,0.8874,0.8863,0.8874,3922,0.26309797,0.26309797,0.0,8986.979999999987,666,866,1,0.8871,0.8846,0.0,0.0
2023-04-25 08:00:00,0.8874,0.8893,0.8861,0.8865,11307,1.0,1.0,0.0,8986.979999999987,666,866,1,0.8871,0.8846,0.0,0.0
2023-04-25 12:00:00,0.8865,0.8888,0.8861,0.8885,12175,-0.113115825,-0.113115825,0.0,8986.979999999987,666,866,1,0.8871,0.8846,0.0,0.0
2023-04-25 16:00:00,0.8885,0.8928,0.8884,0.8925,15925,0.49801934,0.49801934,0.0,8986.979999999987,666,866,1,0.8871,0.8846,0.0,0.0
2023-04-25 20:00:00,0.8925,0.8926,0.8914,0.892,6902,0.30712375,0.30712375,0.0,8986.979999999987,666,866,1,0.8871,0.8846,0.0,0.0
2023-04-26 00:00:00,0.8918,0.8923,0.8895,0.892,5711,-0.6287399,-0.6287399,0.0,9456.989999999987,667,866,0,0.0,0.0,0.0,470.01
2023-04-26 04:00:00,0.892,0.8926,0.8909,0.891,4754,-1.0,-1.0,0.0,9456.989999999987,667,866,2,0.891,0.8935,0.0,0.0
2023-04-26 08:00:00,0.891,0.8919,0.8895,0.8898,11948,-0.46816927,-0.46816927,0.0,9456.989999999987,667,866,2,0.891,0.8935,0.0,0.0
2023-04-26 12:00:00,0.8898,0.8901,0.8878,0.8887,15421,0.75823826,0.75823826,0.0,9577.809999999987,668,866,0,0.0,0.0,0.0,120.82
2023-04-26 16:00:00,0.8887,0.8917,0.8852,0.8916,19326,0.85486805,0.85486805,0.0,9577.809999999987,668,866,1,0.8916,0.8908,0.0,0.0
2023-04-26 20:00:00,0.8916,0.892,0.8907,0.8912,6467,1.0,1.0,0.0,9577.809999999987,668,866,1,0.8916,0.8908,0.0,0.0
2023-04-27 00:00:00,0.891,0.8912,0.8901,0.8905,3552,-0.17532086,-0.17532086,0.0,9577.809999999987,668,866,1,0.8916,0.8908,0.0,0.0
2023-04-27 04:00:00,0.8905,0.8912,0.8905,0.8909,4012,1.0,1.0,0.0,9465.539999999986,668,867,0,0.0,0.0,0.0,-112.27
2023-04-27 08:00:00,0.8909,0.893,0.8903,0.8925,10666,0.123870715,0.123870715,0.0,9465.539999999986,668,867,0,0.8905,0.8914,0.0,0.0
2023-04-27 12:00:00,0.8925,0.8976,0.892,0.8962,15697,-1.0,-1.0,0.0,9465.539999999986,668,867,2,0.8962,0.8974,0.0,0.0
2023-04-27 16:00:00,0.8962,0.8976,0.8949,0.8956,19090,-0.6254379,-0.6254379,0.0,9465.539999999986,668,867,2,0.8962,0.8974,0.0,0.0
2023-04-27 20:00:00,0.8956,0.8958,0.8936,0.8943,6464,-1.0,-1.0,0.0,9465.539999999986,668,867,2,0.8962,0.8974,0.0,0.0
2023-04-28 00:00:00,0.894,0.8943,0.8926,0.8936,4364,-0.57024974,-0.57024974,0.0,9465.539999999986,668,867,2,0.8962,0.8974,0.0,0.0
2023-04-28 04:00:00,0.8936,0.895,0.8931,0.8948,7229,-1.0,-1.0,0.0,9465.539999999986,668,867,2,0.8962,0.8974,0.0,0.0
2023-04-28 08:00:00,0.8947,0.8975,0.8933,0.8956,14654,0.4882665,0.4882665,0.0,9465.539999999986,668,867,2,0.8962,0.8974,0.0,0.0
2023-04-28 12:00:00,0.8956,0.8972,0.8948,0.8948,15510,0.088566855,0.088566855,0.0,9465.539999999986,668,867,2,0.8962,0.8974,0.0,0.0
2023-04-28 16:00:00,0.8948,0.8951,0.8896,0.8923,23144,1.0,1.0,0.0,9607.419999999986,669,867,0,0.0,0.0,0.0,141.88
2023-04-28 20:00:00,0.8923,0.8948,0.8923,0.8946,6264,-0.43448192,-0.43448192,0.0,9607.419999999986,669,867,0,0.8948,0.8973,0.0,0.0
2023-05-01 00:00:00,0.8913,0.8954,0.8913,0.895,4792,0.22867006,0.22867006,0.0,9607.419999999986,669,867,0,0.8948,0.8973,0.0,0.0
2023-05-01 04:00:00,0.895,0.8952,0.8938,0.8942,5670,0.11401555,0.11401555,0.0,9607.419999999986,669,867,0,0.8948,0.8973,0.0,0.0
2023-05-01 08:00:00,0.8942,0.8949,0.8927,0.8944,8401,-0.74361825,-0.74361825,0.0,9607.419999999986,669,867,2,0.8944,0.8964,0.0,0.0
2023-05-01 12:00:00,0.8944,0.8947,0.8915,0.8917,10473,-1.0,-1.0,0.0,9607.419999999986,669,867,2,0.8944,0.8964,0.0,0.0
2023-05-01 16:00:00,0.8917,0.8967,0.8916,0.896,16403,-0.28743228,-0.28743228,0.0,9607.419999999986,669,867,2,0.8944,0.8964,0.0,0.0
2023-05-01 20:00:00,0.896,0.8967,0.8954,0.8958,6082,-0.32297248,-0.32297248,0.0,9607.419999999986,669,867,2,0.8944,0.8964,0.0,0.0
2023-05-02 00:00:00,0.8954,0.8961,0.8936,0.8957,3967,-0.49344254,-0.49344254,0.0,9607.419999999986,669,867,2,0.8944,0.8964,0.0,0.0
2023-05-02 04:00:00,0.8957,0.8959,0.8942,0.8958,5857,-0.11710932,-0.11710932,0.0,9607.419999999986,669,867,2,0.8944,0.8964,0.0,0.0
2023-05-02 08:00:00,0.8958,0.8987,0.8949,0.8983,12103,0.18145776,0.18145776,0.0,9607.419999999986,669,867,2,0.8944,0.8964,0.0,0.0
2023-05-02 12:00:00,0.8983,0.8995,0.8967,0.8987,12100,-0.105736755,-0.105736755,0.0,9204.659999999985,669,868,0,0.0,0.0,0.0,-402.76
2023-05-02 16:00:00,0.8987,0.8992,0.8927,0.8931,20668,-1.0,-1.0,0.0,9204.659999999985,669,868,2,0.8931,0.8939,0.0,0.0
2023-05-02 20:00:00,0.8931,0.8936,0.8924,0.8933,5745,-1.0,-1.0,0.0,9204.659999999985,669,868,2,0.8931,0.8939,0.0,0.0
2023-05-03 00:00:00,0.8932,0.8932,0.8918,0.8918,4654,1.0,1.0,0.0,9184.969999999985,669,869,0,0.0,0.0,0.0,-19.69
2023-05-03 04:00:00,0.8918,0.8921,0.8907,0.8914,3664,0.5296125,0.5296125,0.0,9184.969999999985,669,869,1,0.8914,0.8906,0.0,0.0
2023-05-03 08:00:00,0.8914,0.8916,0.8871,0.8878,9440,1.0,1.0,0.0,9184.969999999985,669,869,1,0.8914,0.8906,0.0,0.0
2023-05-03 12:00:00,0.8878,0.8907,0.8872,0.8886,12814,-1.0,-1.0,0.0,8833.689999999984,669,870,0,0.0,0.0,0.0,-351.28
2023-05-03 16:00:00,0.8885,0.8891,0.8863,0.8869,14937,0.8913907,0.8913907,0.0,8833.689999999984,669,870,1,0.8869,0.8861,0.0,0.0
2023-05-03 20:00:00,0.8869,0.8878,0.8832,0.8847,22521,-0.27477327,-0.27477327,0.0,8833.689999999984,669,870,1,0.8869,0.8861,0.0,0.0
2023-05-04 00:00:00,0.8839,0.8847,0.882,0.8829,7357,-0.13590106,-0.13590106,0.0,8627.949999999984,669,871,0,0.0,0.0,0.0,-205.74
2023-05-04 04:00:00,0.8828,0.8833,0.8823,0.8831,6332,0.22907846,0.22907846,0.0,8627.949999999984,669,871,0,0.8831,0.8823,0.0,0.0
2023-05-04 08:00:00,0.8831,0.8882,0.8824,0.8879,12306,0.77854097,0.77854097,0.0,8627.949999999984,669,871,1,0.8879,0.8871,0.0,0.0
2023-05-04 12:00:00,0.8879,0.8891,0.8842,0.8886,18281,-0.28007,-0.28007,0.0,8627.949999999984,669,871,1,0.8879,0.8871,0.0,0.0
2023-05-04 16:00:00,0.8887,0.8891,0.8839,0.885,31629,-1.0,-1.0,0.0,8692.159999999983,670,871,0,0.0,0.0,0.0,64.21
2023-05-04 20:00:00,0.8851,0.8862,0.8845,0.8858,7914,-0.9290244,-0.9290244,0.0,8692.159999999983,670,871,2,0.8858,0.8866,0.0,0.0
2023-05-05 00:00:00,0.8858,0.886,0.8846,0.8853,3171,1.0,1.0,0.0,8692.159999999983,670,871,2,0.8858,0.8866,0.0,0.0
2023-05-05 04:00:00,0.8853,0.8853,0.8839,0.8841,3506,0.0024848538,0.0024848538,0.0,8692.159999999983,670,871,2,0.8858,0.8866,0.0,0.0
2023-05-05 08:00:00,0.8841,0.8931,0.8834,0.8919,12060,-0.5148155,-0.5148155,0.0,8692.159999999983,670,871,2,0.8858,0.8866,0.0,0.0
2023-05-05 12:00:00,0.8919,0.8974,0.891,0.8956,16180,-0.46485808,-0.46485808,0.0,8126.279999999983,670,872,0,0.0,0.0,0.0,-565.88
2023-05-05 16:00:00,0.8956,0.8957,0.8904,0.8907,18101,-1.0,-1.0,0.0,8126.279999999983,670,872,2,0.8907,0.8931,0.0,0.0
2023-05-05 20:00:00,0.8907,0.8916,0.8901,0.8905,5758,0.91471773,0.91471773,0.0,8126.279999999983,670,872,2,0.8907,0.8931,0.0,0.0
2023-05-08 00:00:00,0.8888,0.8912,0.8888,0.8903,4140,0.57969666,0.57969666,0.0,8126.279999999983,670,872,2,0.8907,0.8931,0.0,0.0
2023-05-08 04:00:00,0.8902,0.8907,0.8887,0.8889,4515,-0.22431903,-0.22431903,0.0,8126.279999999983,670,872,2,0.8907,0.8931,0.0,0.0
2023-05-08 08:00:00,0.8889,0.8896,0.8868,0.8885,8683,-1.0,-1.0,0.0,8126.279999999983,670,872,2,0.8907,0.8931,0.0,0.0
2023-05-08 12:00:00,0.8885,0.8899,0.888,0.8891,10673,0.6153433,0.6153433,0.0,8316.339999999984,671,872,0,0.0,0.0,0.0,190.06
2023-05-08 16:00:00,0.8891,0.8902,0.8882,0.8882,10918,0.14111269,0.14111269,0.0,8316.339999999984,671,872,0,0.8882,0.8874,0.0,0.0
2023-05-08 20:00:00,0.8882,0.8901,0.8879,0.8896,4804,-0.01976443,-0.01976443,0.0,8316.339999999984,671,872,0,0.8882,0.8874,0.0,0.0
2023-05-09 00:00:00,0.8892,0.8908,0.889,0.8905,5161,1.0,1.0,0.0,8316.339999999984,671,872,1,0.8905,0.888,0.0,0.0
2023-05-09 04:00:00,0.8905,0.8906,0.8893,0.8897,4591,0.23193051,0.23193051,0.0,8316.339999999984,671,872,1,0.8905,0.888,0.0,0.0
2023-05-09 08:00:00,0.8897,0.8928,0.8889,0.8922,11033,-0.11502843,-0.11502843,0.0,8316.339999999984,671,872,1,0.8905,0.888,0.0,0.0
2023-05-09 12:00:00,0.8922,0.8938,0.8912,0.8936,9825,1.0,1.0,0.0,8316.339999999984,671,872,1,0.8905,0.888,0.0,0.0
2023-05-09 16:00:00,0.8936,0.8943,0.8906,0.8915,12062,-1.0,-1.0,0.0,8591.989999999983,672,872,0,0.0,0.0,0.0,275.65
2023-05-09 20:00:00,0.8915,0.8916,0.8896,0.8906,4641,0.21432121,0.21432121,0.0,8591.989999999983,672,872,0,0.8922,0.8903,0.0,0.0
2023-05-10 00:00:00,0.8902,0.8906,0.889,0.89,3220,-0.3781138,-0.3781138,0.0,8591.989999999983,672,872,0,0.0,0.0,0.0,0.0
2023-05-10 04:00:00,0.89,0.8901,0.8896,0.8899,2818,-1.0,-1.0,0.0,8591.989999999983,672,872,2,0.8899,0.8907,0.0,0.0
2023-05-10 08:00:00,0.8899,0.8907,0.8886,0.8906,11304,-0.15553832,-0.15553832,0.0,8591.989999999983,672,872,2,0.8899,0.8907,0.0,0.0
2023-05-10 12:00:00,0.8906,0.8927,0.8868,0.8872,14357,0.15584476,0.15584476,0.0,8591.989999999983,672,872,2,0.8899,0.8907,0.0,0.0
2023-05-10 16:00:00,0.8872,0.8912,0.887,0.8907,18959,0.22136313,0.22136313,0.0,8591.989999999983,672,872,2,0.8899,0.8907,0.0,0.0
2023-05-10 20:00:00,0.8907,0.891,0.8889,0.8897,5803,-0.05486654,-0.05486654,0.0,8518.719999999983,672,873,0,0.0,0.0,0.0,-73.27
2023-05-11 00:00:00,0.8894,0.8895,0.8868,0.889,2641,-0.9705833,-0.9705833,0.0,8518.719999999983,672,873,2,0.889,0.8913,0.0,0.0
2023-05-11 04:00:00,0.8889,0.8911,0.8887,0.8905,4689,1.0,1.0,0.0,8518.719999999983,672,873,2,0.889,0.8913,0.0,0.0
2023-05-11 08:00:00,0.8905,0.895,0.8902,0.8947,12200,0.7872838,0.7872838,0.0,8382.549999999983,672,874,0,0.0,0.0,0.0,-136.17
2023-05-11 12:00:00,0.8947,0.8949,0.8914,0.8919,16743,-1.0,-1.0,0.0,8382.549999999983,672,874,2,0.8919,0.8937,0.0,0.0
2023-05-11 16:00:00,0.8919,0.8958,0.8918,0.894,15691,-0.7783249,-0.7783249,0.0,8382.549999999983,672,874,2,0.8919,0.8937,0.0,0.0
2023-05-11 20:00:00,0.8941,0.8946,0.8938,0.8941,4897,-1.0,-1.0,0.0,8194.229999999983,672,875,0,0.0,0.0,0.0,-188.32
2023-05-12 00:00:00,0.894,0.8943,0.8933,0.8935,3130,1.0,1.0,0.0,8194.229999999983,672,875,1,0.8935,0.8923,0.0,0.0
2023-05-12 04:00:00,0.8935,0.8937,0.8925,0.8927,3769,0.25455064,0.25455064,0.0,8194.229999999983,672,875,1,0.8935,0.8923,0.0,0.0
2023-05-12 08:00:00,0.8927,0.893,0.8897,0.8918,10604,1.0,1.0,0.0,8194.229999999983,672,875,1,0.8935,0.8923,0.0,0.0
2023-05-12 12:00:00,0.8918,0.895,0.8913,0.8934,10275,-0.5846487,-0.5846487,0.0,8045.569999999983,672,876,0,0.0,0.0,0.0,-148.66
2023-05-12 16:00:00,0.8934,0.8986,0.8928,0.8981,15314,0.2415986,0.2415986,0.0,8045.569999999983,672,876,0,0.8934,0.8926,0.0,0.0
2023-05-12 20:00:00,0.8981,0.8987,0.8975,0.8982,5323,-0.41405007,-0.41405007,0.0,8045.569999999983,672,876,0,0.8982,0.8974,0.0,0.0
2023-05-15 00:00:00,0.8956,0.8988,0.8953,0.8984,5641,0.83771884,0.83771884,0.0,8045.569999999983,672,876,1,0.8984,0.8976,0.0,0.0
2023-05-15 04:00:00,0.8983,0.8984,0.8973,0.8977,4308,-0.45263398,-0.45263398,0.0,8045.569999999983,672,876,1,0.8984,0.8976,0.0,0.0
2023-05-15 08:00:00,0.8977,0.8978,0.8961,0.897,9559,-0.33895484,-0.33895484,0.0,8045.569999999983,672,876,1,0.8984,0.8976,0.0,0.0
2023-05-15 12:00:00,0.897,0.8977,0.8946,0.8962,10743,-1.0,-1.0,0.0,7924.6599999999835,672,877,0,0.0,0.0,0.0,-120.91
2023-05-15 16:00:00,0.8962,0.8965,0.8943,0.8943,10686,0.20245396,0.20245396,0.0,7924.6599999999835,672,877,0,0.8943,0.8956,0.0,0.0
2023-05-15 20:00:00,0.8943,0.8956,0.8942,0.8956,3909,0.4163103,0.4163103,0.0,7924.6599999999835,672,877,0,0.8943,0.8956,0.0,0.0
2023-05-16 00:00:00,0.8954,0.8959,0.8941,0.8949,4005,0.14679453,0.14679453,0.0,7924.6599999999835,672,877,0,0.0,0.0,0.0,0.0
2023-05-16 04:00:00,0.8949,0.8957,0.8948,0.8948,2912,-0.05960516,-0.05960516,0.0,7924.6599999999835,672,877,0,0.8956,0.8948,0.0,0.0
2023-05-16 08:00:00,0.8948,0.8963,0.8923,0.8928,9015,1.0,1.0,0.0,7924.6599999999835,672,877,1,0.8928,0.8909,0.0,0.0
2023-05-16 12:00:00,0.8928,0.8957,0.892,0.8946,10969,1.0,1.0,0.0,7924.6599999999835,672,877,1,0.8928,0.8909,0.0,0.0
2023-05-16 16:00:00,0.8946,0.8971,0.8941,0.8961,15789,0.50200003,0.50200003,0.0,7924.6599999999835,672,877,1,0.8928,0.8909,0.0,0.0
2023-05-16 20:00:00,0.8961,0.8967,0.8956,0.8964,4437,0.0018401928,0.0018401928,0.0,7924.6599999999835,672,877,1,0.8928,0.8909,0.0,0.0
2023-05-17 00:00:00,0.8961,0.8966,0.8952,0.8959,2833,-0.32955125,-0.32955125,0.0,7924.6599999999835,672,877,1,0.8928,0.8909,0.0,0.0
2023-05-17 04:00:00,0.8959,0.8965,0.8949,0.8959,3190,1.0,1.0,0.0,7924.6599999999835,672,877,1,0.8928,0.8909,0.0,0.0
2023-05-17 08:00:00,0.8959,0.9008,0.8958,0.9002,10578,-0.8809726,-0.8809726,0.0,8188.009999999984,673,877,0,0.0,0.0,0.0,263.35
2023-05-17 12:00:00,0.9003,0.9012,0.8984,0.9006,12177,1.0,1.0,0.0,8188.009999999984,673,877,1,0.9006,0.8998,0.0,0.0
2023-05-17 16:00:00,0.9006,0.9026,0.898,0.8982,15199,0.69694597,0.69694597,0.0,8188.009999999984,673,877,1,0.9006,0.8998,0.0,0.0
2023-05-17 20:00:00,0.8982,0.8989,0.8978,0.8985,5593,-1.0,-1.0,0.0,7976.789999999984,673,878,0,0.0,0.0,0.0,-211.22
2023-05-18 00:00:00,0.8982,0.8989,0.8977,0.8985,3660,-0.4538898,-0.4538898,0.0,7976.789999999984,673,878,0,0.8982,0.8969,0.0,0.0
2023-05-18 04:00:00,0.8985,0.8992,0.898,0.8992,4793,-0.5910029,-0.5910029,0.0,7976.789999999984,673,878,2,0.8992,0.9015,0.0,0.0
2023-05-18 08:00:00,0.8992,0.9011,0.8984,0.9005,9300,0.09545334,0.09545334,0.0,7976.789999999984,673,878,2,0.8992,0.9015,0.0,0.0
2023-05-18 12:00:00,0.9005,0.9023,0.9,0.902,10196,-0.3118403,-0.3118403,0.0,7976.789999999984,673,878,2,0.8992,0.9015,0.0,0.0
2023-05-18 16:00:00,0.902,0.9063,0.9012,0.9054,13332,0.04535619,0.04535619,0.0,7735.709999999984,673,879,0,0.0,0.0,0.0,-241.08
2023-05-18 20:00:00,0.9054,0.9057,0.9046,0.905,5337,0.6148716,0.6148716,0.0,7735.709999999984,673,879,1,0.905,0.9037,0.0,0.0
2023-05-19 00:00:00,0.9049,0.9054,0.9042,0.9046,5067,-0.85723054,-0.85723054,0.0,7735.709999999984,673,879,1,0.905,0.9037,0.0,0.0
2023-05-19 04:00:00,0.9046,0.9059,0.9044,0.905,5934,-0.036034565,-0.036034565,0.0,7735.709999999984,673,879,1,0.905,0.9037,0.0,0.0
2023-05-19 08:00:00,0.905,0.9051,0.902,0.903,10846,0.20612702,0.20612702,0.0,7735.709999999984,673,879,1,0.905,0.9037,0.0,0.0
2023-05-19 12:00:00,0.903,0.9037,0.9004,0.9019,11975,-0.56284785,-0.56284785,0.0,7568.529999999983,673,880,0,0.0,0.0,0.0,-167.18
2023-05-19 16:00:00,0.9019,0.9032,0.8975,0.8988,18020,-0.8370964,-0.8370964,0.0,7568.529999999983,673,880,2,0.8988,0.8996,0.0,0.0
2023-05-19 20:00:00,0.8988,0.9005,0.8981,0.8993,4720,1.0,1.0,0.0,7568.529999999983,673,880,2,0.8988,0.8996,0.0,0.0
2023-05-22 00:00:00,0.8984,0.899,0.8978,0.8979,2760,0.36074185,0.36074185,0.0,7568.529999999983,673,880,2,0.8988,0.8996,0.0,0.0
2023-05-22 04:00:00,0.8979,0.8984,0.897,0.8983,5774,-1.0,-1.0,0.0,7568.529999999983,673,880,2,0.8988,0.8996,0.0,0.0
2023-05-22 08:00:00,0.8983,0.8997,0.8955,0.8956,10483,0.567197,0.567197,0.0,7609.199999999983,674,880,0,0.0,0.0,0.0,40.67
2023-05-22 12:00:00,0.8956,0.8972,0.8941,0.8969,11463,-0.3279648,-0.3279648,0.0,7609.199999999983,674,880,0,0.905,0.9058,0.0,0.0
2023-05-22 16:00:00,0.8969,0.8994,0.8961,0.8982,15701,0.46551552,0.46551552,0.0,7609.199999999983,674,880,0,0.905,0.9058,0.0,0.0
2023-05-22 20:00:00,0.8982,0.8983,0.897,0.8977,6248,1.0,1.0,0.0,7609.199999999983,674,880,1,0.8977,0.8969,0.0,0.0
2023-05-23 00:00:00,0.8976,0.8986,0.8972,0.8981,3070,0.1499392,0.1499392,0.0,7609.199999999983,674,880,1,0.8977,0.8969,0.0,0.0
2023-05-23 04:00:00,0.8981,0.8991,0.8981,0.8985,5339,1.0,1.0,0.0,7609.199999999983,674,880,1,0.8977,0.8969,0.0,0.0
2023-05-23 08:00:00,0.8985,0.9005,0.8979,0.8993,11149,-0.32683218,-0.32683218,0.0,7609.199999999983,674,880,1,0.8977,0.8969,0.0,0.0
2023-05-23 12:00:00,0.8993,0.903,0.8993,0.9029,10618,0.09584976,0.09584976,0.0,7609.199999999983,674,880,1,0.8977,0.8969,0.0,0.0
2023-05-23 16:00:00,0.9029,0.9029,0.8985,0.9017,16292,-1.0,-1.0,0.0,8036.679999999984,675,880,0,0.0,0.0,0.0,427.48
2023-05-23 20:00:00,0.9017,0.9021,0.9011,0.9013,4596,0.85172874,0.85172874,0.0,8036.679999999984,675,880,1,0.9013,0.9005,0.0,0.0
2023-05-24 00:00:00,0.9012,0.9016,0.9007,0.9011,3347,0.46151674,0.46151674,0.0,8036.679999999984,675,880,1,0.9013,0.9005,0.0,0.0
2023-05-24 04:00:00,0.9011,0.9015,0.9007,0.9009,4746,-0.38009948,-0.38009948,0.0,8036.679999999984,675,880,1,0.9013,0.9005,0.0,0.0
2023-05-24 08:00:00,0.9009,0.9023,0.9005,0.902,11096,-0.70739484,-0.70739484,0.0,8002.019999999984,675,881,0,0.0,0.0,0.0,-34.66
2023-05-24 12:00:00,0.902,0.9037,0.9017,0.9026,12220,0.89211404,0.89211404,0.0,8002.019999999984,675,881,1,0.9026,0.9001,0.0,0.0
2023-05-24 16:00:00,0.9026,0.9067,0.9023,0.9059,15318,0.35265023,0.35265023,0.0,8002.019999999984,675,881,1,0.9026,0.9001,0.0,0.0
2023-05-24 20:00:00,0.9059,0.9061,0.9038,0.905,7348,1.0,1.0,0.0,8002.019999999984,675,881,1,0.9026,0.9001,0.0,0.0
2023-05-25 00:00:00,0.905,0.9054,0.9032,0.9044,4608,-0.6309655,-0.6309655,0.0,8209.979999999983,676,881,0,0.0,0.0,0.0,207.96
2023-05-25 04:00:00,0.9044,0.9065,0.9039,0.9063,4631,1.0,1.0,0.0,8209.979999999983,676,881,1,0.9063,0.9055,0.0,0.0
2023-05-25 08:00:00,0.9063,0.9068,0.9046,0.9058,10336,0.6518622,0.6518622,0.0,8209.979999999983,676,881,1,0.9063,0.9055,0.0,0.0
2023-05-25 12:00:00,0.9058,0.9069,0.9038,0.9064,12244,0.5322729,0.5322729,0.0,8209.979999999983,676,881,1,0.9063,0.9055,0.0,0.0
2023-05-25 16:00:00,0.9064,0.9073,0.9045,0.9072,14802,-0.8492393,-0.8492393,0.0,8218.869999999983,677,881,0,0.0,0.0,0.0,8.89
2023-05-25 20:00:00,0.9071,0.9072,0.9057,0.9059,6455,-0.32572275,-0.32572275,0.0,8218.869999999983,677,881,0,0.9063,0.9053,0.0,0.0
2023-05-26 00:00:00,0.9055,0.9057,0.9041,0.9052,4607,0.08152393,0.08152393,0.0,8218.869999999983,677,881,0,0.9063,0.9053,0.0,0.0
2023-05-26 04:00:00,0.9052,0.9053,0.9043,0.9046,5245,-0.94530636,-0.94530636,0.0,8218.869999999983,677,881,2,0.9046,0.9071,0.0,0.0
2023-05-26 08:00:00,0.9046,0.9055,0.9019,0.9039,11026,-0.12592526,-0.12592526,0.0,8218.869999999983,677,881,2,0.9046,0.9071,0.0,0.0
2023-05-26 12:00:00,0.9039,0.9044,0.902,0.9036,13495,0.2319609,0.2319609,0.0,8218.869999999983,677,881,2,0.9046,0.9071,0.0,0.0
2023-05-26 16:00:00,0.9036,0.9075,0.9031,0.9054,14789,0.31809905,0.31809905,0.0,8218.869999999983,677,881,2,0.9046,0.9071,0.0,0.0
2023-05-26 20:00:00,0.9054,0.9055,0.9046,0.9049,4654,-0.2745998,-0.2745998,0.0,8218.869999999983,677,881,2,0.9046,0.9071,0.0,0.0
2023-05-29 00:00:00,0.9043,0.9062,0.9043,0.9059,4467,0.29760015,0.29760015,0.0,8218.869999999983,677,881,2,0.9046,0.9071,0.0,0.0
2023-05-29 04:00:00,0.9059,0.906,0.9049,0.9049,3613,-1.0,-1.0,0.0,8218.869999999983,677,881,2,0.9046,0.9071,0.0,0.0
2023-05-29 08:00:00,0.9049,0.9053,0.9031,0.9034,6910,0.6977043,0.6977043,0.0,8192.159999999983,677,882,0,0.0,0.0,0.0,-26.71
2023-05-29 12:00:00,0.9034,0.9044,0.9028,0.9034,7087,0.50322276,0.50322276,0.0,8192.159999999983,677,882,1,0.9034,0.9023,0.0,0.0
2023-05-29 16:00:00,0.9034,0.9043,0.9033,0.9038,4007,-0.0073737563,-0.0073737563,0.0,8192.159999999983,677,882,1,0.9034,0.9023,0.0,0.0
2023-05-29 20:00:00,0.9038,0.9045,0.9037,0.9043,3784,0.0076235337,0.0076235337,0.0,8192.159999999983,677,882,1,0.9034,0.9023,0.0,0.0
2023-05-30 00:00:00,0.9042,0.9047,0.9024,0.9039,4115,-0.30592778,-0.30592778,0.0,8192.159999999983,677,882,1,0.9034,0.9023,0.0,0.0
2023-05-30 04:00:00,0.9039,0.9045,0.9031,0.9041,6128,0.45327863,0.45327863,0.0,8192.159999999983,677,882,1,0.9034,0.9023,0.0,0.0
2023-05-30 08:00:00,0.9041,0.9084,0.9041,0.9048,13732,-1.0,-1.0,0.0,8254.189999999984,678,882,0,0.0,0.0,0.0,62.03
2023-05-30 12:00:00,0.9048,0.9056,0.9014,0.9031,14559,0.4883741,0.4883741,0.0,8254.189999999984,678,882,0,0.9039,0.9031,0.0,0.0
2023-05-30 16:00:00,0.9031,0.9064,0.9024,0.9064,11837,0.54359365,0.54359365,0.0,8254.189999999984,678,882,1,0.9064,0.9039,0.0,0.0
2023-05-30 20:00:00,0.9064,0.9069,0.9056,0.9058,4554,-1.0,-1.0,0.0,8254.189999999984,678,882,1,0.9064,0.9039,0.0,0.0
2023-05-31 00:00:00,0.9057,0.9067,0.9053,0.9057,3431,-1.0,-1.0,0.0,8200.499999999984,678,883,0,0.0,0.0,0.0,-53.69
2023-05-31 04:00:00,0.9057,0.9086,0.9056,0.9083,5645,-0.59447825,-0.59447825,0.0,8200.499999999984,678,883,2,0.9083,0.9094,0.0,0.0
2023-05-31 08:00:00,0.9083,0.9119,0.9077,0.9112,11650,1.0,1.0,0.0,8200.499999999984,678,883,2,0.9083,0.9094,0.0,0.0
2023-05-31 12:00:00,0.9113,0.9116,0.9098,0.9107,9144,1.0,1.0,0.0,7941.189999999983,678,884,0,0.0,0.0,0.0,-259.31
2023-05-31 16:00:00,0.9107,0.9148,0.9096,0.9143,19142,0.1410157,0.1410157,0.0,7941.189999999983,678,884,0,0.0,0.0,0.0,0.0
2023-05-31 20:00:00,0.9143,0.9145,0.9104,0.9105,8599,-0.37362948,-0.37362948,0.0,7941.189999999983,678,884,0,0.9105,0.9093,0.0,0.0
2023-06-01 00:00:00,0.9104,0.9108,0.9099,0.9105,3567,0.055184744,0.055184744,0.0,7941.189999999983,678,884,0,0.9105,0.9093,0.0,0.0
2023-06-01 04:00:00,0.9105,0.9112,0.9103,0.9109,4846,-0.10392403,-0.10392403,0.0,7941.189999999983,678,884,0,0.0,0.0,0.0,0.0
2023-06-01 08:00:00,0.9109,0.9114,0.91,0.9101,9643,0.503939,0.503939,0.0,7941.189999999983,678,884,1,0.9101,0.909,0.0,0.0
2023-06-01 12:00:00,0.9101,0.9112,0.9075,0.9087,13221,-0.09260352,-0.09260352,0.0,7941.189999999983,678,884,1,0.9101,0.909,0.0,0.0
2023-06-01 16:00:00,0.9087,0.9102,0.9067,0.9071,16999,-0.3318518,-0.3318518,0.0,7820.289999999984,678,885,0,0.0,0.0,0.0,-120.9
2023-06-01 20:00:00,0.907,0.9073,0.9054,0.9057,5883,-1.0,-1.0,0.0,7820.289999999984,678,885,2,0.9057,0.907,0.0,0.0
2023-06-02 00:00:00,0.9054,0.9066,0.905,0.9052,4043,-0.26892027,-0.26892027,0.0,7820.289999999984,678,885,2,0.9057,0.907,0.0,0.0
2023-06-02 04:00:00,0.9052,0.9055,0.9042,0.9047,4541,-1.0,-1.0,0.0,7820.289999999984,678,885,2,0.9057,0.907,0.0,0.0
2023-06-02 08:00:00,0.9047,0.9052,0.9035,0.9044,9364,-1.0,-1.0,0.0,7820.289999999984,678,885,2,0.9057,0.907,0.0,0.0
2023-06-02 12:00:00,0.9044,0.9087,0.9043,0.9074,14011,-0.9374569,-0.9374569,0.0,7820.289999999984,678,885,2,0.9057,0.907,0.0,0.0
2023-06-02 16:00:00,0.9074,0.909,0.9047,0.9086,16681,-0.017639596,-0.017639596,0.0,7675.929999999984,678,886,0,0.0,0.0,0.0,-144.36
2023-06-02 20:00:00,0.9086,0.9092,0.908,0.909,6261,0.56899613,0.56899613,0.0,7675.929999999984,678,886,1,0.909,0.9082,0.0,0.0
2023-06-05 00:00:00,0.9078,0.9105,0.9075,0.9102,5738,-0.5088751,-0.5088751,0.0,7675.929999999984,678,886,1,0.909,0.9082,0.0,0.0
2023-06-05 04:00:00,0.9102,0.9106,0.9095,0.91,9541,-0.44199362,-0.44199362,0.0,7675.929999999984,678,886,1,0.909,0.9082,0.0,0.0
2023-06-05 08:00:00,0.91,0.912,0.9095,0.9108,17353,-0.0099390475,-0.0099390475,0.0,7675.929999999984,678,886,1,0.909,0.9082,0.0,0.0
2023-06-05 12:00:00,0.9108,0.912,0.9097,0.9113,8847,0.1702242,0.1702242,0.0,7675.929999999984,678,886,1,0.909,0.9082,0.0,0.0
2023-06-05 16:00:00,0.9113,0.9115,0.9053,0.9058,14942,-1.0,-1.0,0.0,7868.429999999984,679,886,0,0.0,0.0,0.0,192.5
2023-06-05 20:00:00,0.9058,0.9064,0.9052,0.906,4823,1.0,1.0,0.0,7868.429999999984,679,886,1,0.906,0.9035,0.0,0.0
2023-06-06 00:00:00,0.906,0.9066,0.9044,0.9059,3432,-0.996256,-0.996256,0.0,7868.429999999984,679,886,1,0.906,0.9035,0.0,0.0
2023-06-06 04:00:00,0.9058,0.906,0.9049,0.9049,4223,-1.0,-1.0,0.0,7859.889999999984,679,887,0,0.0,0.0,0.0,-8.54
2023-06-06 08:00:00,0.9049,0.9073,0.9033,0.9061,13741,-1.0,-1.0,0.0,7859.889999999984,679,887,2,0.9061,0.9069,0.0,0.0
2023-06-06 12:00:00,0.9061,0.9097,0.9059,0.9088,10418,0.7039159,0.7039159,0.0,7859.889999999984,679,887,2,0.9061,0.9069,0.0,0.0
2023-06-06 16:00:00,0.9088,0.9098,0.9072,0.9077,10805,-0.8523979,-0.8523979,0.0,7629.099999999984,679,888,0,0.0,0.0,0.0,-230.79
2023-06-06 20:00:00,0.9077,0.908,0.9074,0.9077,3661,0.6830472,0.6830472,0.0,7629.099999999984,679,888,1,0.9077,0.9069,0.0,0.0
2023-06-07 00:00:00,0.9074,0.9077,0.9063,0.9067,2666,1.0,1.0,0.0,7629.099999999984,679,888,1,0.9077,0.9069,0.0,0.0
2023-06-07 04:00:00,0.9067,0.9077,0.9063,0.907,5184,-1.0,-1.0,0.0,7546.319999999984,679,889,0,0.0,0.0,0.0,-82.78
2023-06-07 08:00:00,0.907,0.9088,0.9064,0.9064,8433,-1.0,-1.0,0.0,7546.319999999984,679,889,2,0.9064,0.9084,0.0,0.0
2023-06-07 12:00:00,0.9064,0.9069,0.905,0.9061,10426,0.98448986,0.98448986,0.0,7546.319999999984,679,889,2,0.9064,0.9084,0.0,0.0
2023-06-07 16:00:00,0.9061,0.9099,0.9043,0.9097,14287,0.36694622,0.36694622,0.0,7546.319999999984,679,889,2,0.9064,0.9084,0.0,0.0
2023-06-07 20:00:00,0.9097,0.9107,0.9094,0.9101,4725,-0.8922702,-0.8922702,0.0,7275.229999999984,679,890,0,0.0,0.0,0.0,-271.09
2023-06-08 00:00:00,0.91,0.9102,0.9081,0.9092,2640,0.84238243,0.84238243,0.0,7275.229999999984,679,890,1,0.9092,0.9082,0.0,0.0
2023-06-08 04:00:00,0.9092,0.9098,0.9089,0.9093,3499,1.0,1.0,0.0,7275.229999999984,679,890,1,0.9092,0.9082,0.0,0.0
2023-06-08 08:00:00,0.9093,0.9108,0.9081,0.9087,8236,1.0,1.0,0.0,7275.229999999984,679,890,1,0.9092,0.9082,0.0,0.0
2023-06-08 12:00:00,0.9087,0.9101,0.9025,0.9028,13063,-0.07011655,-0.07011655,0.0,7275.229999999984,679,890,1,0.9092,0.9082,0.0,0.0
2023-06-08 16:00:00,0.9028,0.903,0.8997,0.9002,15909,-0.93873113,-0.93873113,0.0,6772.229999999984,679,891,0,0.0,0.0,0.0,-503.0
2023-06-08 20:00:00,0.9002,0.9004,0.899,0.8992,5172,-1.0,-1.0,0.0,6772.229999999984,679,891,2,0.8992,0.9012,0.0,0.0
2023-06-09 00:00:00,0.8988,0.8993,0.8984,0.8992,3574,-1.0,-1.0,0.0,6772.229999999984,679,891,2,0.8992,0.9012,0.0,0.0
2023-06-09 04:00:00,0.8992,0.8997,0.899,0.8996,3803,-1.0,-1.0,0.0,6772.229999999984,679,891,2,0.8992,0.9012,0.0,0.0
2023-06-09 08:00:00,0.8996,0.9016,0.8985,0.9005,9088,-0.098984584,-0.098984584,0.0,6772.229999999984,679,891,2,0.8992,0.9012,0.0,0.0
2023-06-09 12:00:00,0.9005,0.9025,0.8998,0.9011,11634,0.33069727,0.33069727,0.0,6772.229999999984,679,891,2,0.8992,0.9012,0.0,0.0
2023-06-09 16:00:00,0.9011,0.9033,0.9005,0.903,12304,-1.0,-1.0,0.0,6772.229999999984,679,891,2,0.8992,0.9012,0.0,0.0
2023-06-09 20:00:00,0.903,0.9039,0.9024,0.9029,3824,1.0,1.0,0.0,6494.159999999984,679,892,0,0.0,0.0,0.0,-278.07
2023-06-12 00:00:00,0.9015,0.904,0.9014,0.9037,6136,0.3986199,0.3986199,0.0,6494.159999999984,679,892,0,0.9029,0.9053,0.0,0.0
2023-06-12 04:00:00,0.9037,0.9046,0.9034,0.9043,8979,-0.04254992,-0.04254992,0.0,6494.159999999984,679,892,0,0.0,0.0,0.0,0.0
2023-06-12 08:00:00,0.9043,0.9045,0.9016,0.9023,11651,-1.0,-1.0,0.0,6494.159999999984,679,892,2,0.9023,0.9031,0.0,0.0
2023-06-12 12:00:00,0.9023,0.9063,0.9021,0.9059,11347,-0.7144973,-0.7144973,0.0,6494.159999999984,679,892,2,0.9023,0.9031,0.0,0.0
2023-06-12 16:00:00,0.9059,0.9109,0.9057,0.9105,13039,-0.7440678,-0.7440678,0.0,6240.729999999984,679,893,0,0.0,0.0,0.0,-253.43
2023-06-12 20:00:00,0.9105,0.9107,0.9085,0.9086,5393,0.014776144,0.014776144,0.0,6240.729999999984,679,893,0,0.0,0.0,0.0,0.0
2023-06-13 00:00:00,0.9087,0.9089,0.9079,0.9089,2625,-0.2588522,-0.2588522,0.0,6240.729999999984,679,893,0,0.9089,0.9081,0.0,0.0
2023-06-13 04:00:00,0.9089,0.9089,0.9068,0.9068,3603,-1.0,-1.0,0.0,6240.729999999984,679,893,2,0.9068,0.9076,0.0,0.0
2023-06-13 08:00:00,0.9068,0.9069,0.9036,0.9047,11358,-1.0,-1.0,0.0,6240.729999999984,679,893,2,0.9068,0.9076,0.0,0.0
2023-06-13 12:00:00,0.9047,0.9067,0.9032,0.9048,14433,-0.598751,-0.598751,0.0,6240.729999999984,679,893,2,0.9068,0.9076,0.0,0.0
2023-06-13 16:00:00,0.9048,0.9073,0.9032,0.9038,18064,0.5787646,0.5787646,0.0,6240.729999999984,679,893,2,0.9068,0.9076,0.0,0.0
2023-06-13 20:00:00,0.9038,0.9063,0.9035,0.9052,6355,1.0,1.0,0.0,6443.189999999984,680,893,0,0.0,0.0,0.0,202.46
2023-06-14 00:00:00,0.9049,0.9057,0.9041,0.9053,3548,0.35423097,0.35423097,0.0,6443.189999999984,680,893,0,0.0,0.0,0.0,0.0
2023-06-14 04:00:00,0.9053,0.9054,0.9043,0.9049,2989,-0.023961255,-0.023961255,0.0,6443.189999999984,680,893,0,0.9049,0.9024,0.0,0.0
2023-06-14 08:00:00,0.9049,0.906,0.9038,0.9042,7496,0.9376432,0.9376432,0.0,6443.189999999984,680,893,1,0.9042,0.9034,0.0,0.0
2023-06-14 12:00:00,0.9042,0.9043,0.8988,0.8989,9320,-1.0,-1.0,0.0,6443.189999999984,680,893,1,0.9042,0.9034,0.0,0.0
2023-06-14 16:00:00,0.8989,0.8997,0.8965,0.8968,9471,-0.45388052,-0.45388052,0.0,6075.869999999984,680,894,0,0.0,0.0,0.0,-367.32
2023-06-14 20:00:00,0.8968,0.903,0.8966,0.9012,17955,0.08316938,0.08316938,0.0,6075.869999999984,680,894,0,0.9012,0.9004,0.0,0.0
2023-06-15 00:00:00,0.9008,0.901,0.8989,0.9008,2311,-0.7194258,-0.7194258,0.0,6075.869999999984,680,894,2,0.9008,0.9033,0.0,0.0
2023-06-15 04:00:00,0.9008,0.9039,0.9008,0.9039,4820,0.6471761,0.6471761,0.0,6075.869999999984,680,894,2,0.9008,0.9033,0.0,0.0
2023-06-15 08:00:00,0.9039,0.9056,0.9025,0.9032,8742,1.0,1.0,0.0,5872.139999999985,680,895,0,0.0,0.0,0.0,-203.73
2023-06-15 12:00:00,0.9032,0.9032,0.8986,0.8996,12224,-1.0,-1.0,0.0,5872.139999999985,680,895,2,0.8996,0.901,0.0,0.0
2023-06-15 16:00:00,0.8996,0.8997,0.8909,0.8914,13786,-0.5928809,-0.5928809,0.0,5872.139999999985,680,895,2,0.8996,0.901,0.0,0.0
2023-06-15 20:00:00,0.8914,0.892,0.8907,0.8916,4666,-1.0,-1.0,0.0,5872.139999999985,680,895,2,0.8996,0.901,0.0,0.0
2023-06-16 00:00:00,0.8914,0.8921,0.891,0.892,4144,0.19789642,0.19789642,0.0,5872.139999999985,680,895,2,0.8996,0.901,0.0,0.0
2023-06-16 04:00:00,0.892,0.8924,0.8914,0.8923,6037,-0.78019303,-0.78019303,0.0,5872.139999999985,680,895,2,0.8996,0.901,0.0,0.0
2023-06-16 08:00:00,0.8923,0.8923,0.8902,0.8909,11461,-0.6966768,-0.6966768,0.0,5872.139999999985,680,895,2,0.8996,0.901,0.0,0.0
2023-06-16 12:00:00,0.8908,0.8929,0.8904,0.8927,11111,0.9877017,0.9877017,0.0,6416.739999999985,681,895,0,0.0,0.0,0.0,544.6
2023-06-16 16:00:00,0.8927,0.8949,0.8912,0.8938,15546,-1.0,-1.0,0.0,6416.739999999985,681,895,2,0.8938,0.8962,0.0,0.0
2023-06-16 20:00:00,0.8938,0.8947,0.8929,0.8937,7090,-0.5951291,-0.5951291,0.0,6416.739999999985,681,895,2,0.8938,0.8962,0.0,0.0
2023-06-19 00:00:00,0.8935,0.8948,0.8927,0.8945,7853,-1.0,-1.0,0.0,6416.739999999985,681,895,2,0.8938,0.8962,0.0,0.0
2023-06-19 04:00:00,0.8945,0.8948,0.8939,0.8942,4816,0.27556187,0.27556187,0.0,6416.739999999985,681,895,2,0.8938,0.8962,0.0,0.0
2023-06-19 08:00:00,0.8942,0.895,0.8933,0.8947,10031,-1.0,-1.0,0.0,6416.739999999985,681,895,2,0.8938,0.8962,0.0,0.0
2023-06-19 12:00:00,0.8947,0.897,0.8941,0.8954,9363,-1.0,-1.0,0.0,6416.739999999985,681,895,2,0.8938,0.8962,0.0,0.0
2023-06-19 16:00:00,0.8954,0.8975,0.8951,0.8963,9043,-1.0,-1.0,0.0,6416.739999999985,681,895,2,0.8938,0.8962,0.0,0.0
2023-06-19 20:00:00,0.8963,0.8964,0.8958,0.8958,2908,-0.6501091,-0.6501091,0.0,6244.679999999985,681,896,0,0.0,0.0,0.0,-172.06
2023-06-20 00:00:00,0.8955,0.8966,0.8944,0.8961,3778,-0.04100173,-0.04100173,0.0,6244.679999999985,681,896,0,0.8937,0.8929,0.0,0.0
2023-06-20 04:00:00,0.8962,0.8973,0.8959,0.8972,6550,0.54857635,0.54857635,0.0,6244.679999999985,681,896,1,0.8972,0.8948,0.0,0.0
2023-06-20 08:00:00,0.8972,0.8987,0.8954,0.8969,12917,1.0,1.0,0.0,6244.679999999985,681,896,1,0.8972,0.8948,0.0,0.0
2023-06-20 12:00:00,0.8969,0.8984,0.8964,0.8975,11672,-0.3127573,-0.3127573,0.0,6244.679999999985,681,896,1,0.8972,0.8948,0.0,0.0
2023-06-20 16:00:00,0.8975,0.9001,0.8974,0.8982,16913,0.96382666,0.96382666,0.0,6244.679999999985,681,896,1,0.8972,0.8948,0.0,0.0
2023-06-20 20:00:00,0.8982,0.8985,0.8975,0.8978,6369,-1.0,-1.0,0.0,6311.7899999999845,682,896,0,0.0,0.0,0.0,67.11
2023-06-21 00:00:00,0.8975,0.8983,0.8967,0.8981,4375,-0.52723944,-0.52723944,0.0,6311.7899999999845,682,896,2,0.8981,0.899,0.0,0.0
2023-06-21 04:00:00,0.8981,0.8989,0.898,0.8984,5942,-0.22988771,-0.22988771,0.0,6311.7899999999845,682,896,2,0.8981,0.899,0.0,0.0
2023-06-21 08:00:00,0.8984,0.8995,0.8968,0.8969,14014,1.0,1.0,0.0,6291.419999999985,682,897,0,0.0,0.0,0.0,-20.37
2023-06-21 12:00:00,0.8969,0.8992,0.8967,0.8979,13378,0.87280613,0.87280613,0.0,6291.419999999985,682,897,1,0.8979,0.8971,0.0,0.0
2023-06-21 16:00:00,0.8979,0.8998,0.8935,0.8941,16991,1.0,1.0,0.0,6291.419999999985,682,897,1,0.8979,0.8971,0.0,0.0
2023-06-21 20:00:00,0.8941,0.8944,0.892,0.893,7288,0.118383504,0.118383504,0.0,6035.629999999985,682,898,0,0.0,0.0,0.0,-255.79
2023-06-22 00:00:00,0.8929,0.893,0.8922,0.8925,3818,0.09012827,0.09012827,0.0,6035.629999999985,682,898,0,0.893,0.8955,0.0,0.0
2023-06-22 04:00:00,0.8925,0.8927,0.8919,0.8927,4694,-0.21023014,-0.21023014,0.0,6035.629999999985,682,898,0,0.893,0.8955,0.0,0.0
2023-06-22 08:00:00,0.8927,0.8954,0.8907,0.894,16508,0.159075,0.159075,0.0,6035.629999999985,682,898,0,0.0,0.0,0.0,0.0
2023-06-22 12:00:00,0.894,0.8955,0.8921,0.8955,15062,0.68372494,0.68372494,0.0,6035.629999999985,682,898,1,0.8955,0.8936,0.0,0.0
2023-06-22 16:00:00,0.8955,0.8971,0.8942,0.8969,16869,-0.6143909,-0.6143909,0.0,6035.629999999985,682,898,1,0.8955,0.8936,0.0,0.0
2023-06-22 20:00:00,0.8969,0.8972,0.8944,0.8946,7636,1.0,1.0,0.0,6035.629999999985,682,898,1,0.8955,0.8936,0.0,0.0
2023-06-23 00:00:00,0.8942,0.8955,0.8937,0.8951,8777,0.88024116,0.88024116,0.0,6035.629999999985,682,898,1,0.8955,0.8936,0.0,0.0
2023-06-23 04:00:00,0.8951,0.8976,0.8951,0.8971,5972,-0.21046789,-0.21046789,0.0,6035.629999999985,682,898,1,0.8955,0.8936,0.0,0.0
2023-06-23 08:00:00,0.8972,0.9013,0.8969,0.9004,14963,-0.2722487,-0.2722487,0.0,6035.629999999985,682,898,1,0.8955,0.8936,0.0,0.0
2023-06-23 12:00:00,0.9004,0.901,0.8957,0.8961,12728,0.3248197,0.3248197,0.0,6035.629999999985,682,898,1,0.8955,0.8936,0.0,0.0
2023-06-23 16:00:00,0.8961,0.8986,0.8946,0.8981,16974,-1.0,-1.0,0.0,6074.449999999984,683,898,0,0.0,0.0,0.0,38.82
2023-06-23 20:00:00,0.8981,0.8981,0.8965,0.8968,5944,0.034909934,0.034909934,0.0,6074.449999999984,683,898,0,0.8955,0.8934,0.0,0.0
2023-06-26 00:00:00,0.897,0.897,0.895,0.896,5308,0.91736805,0.91736805,0.0,6074.449999999984,683,898,1,0.896,0.8941,0.0,0.0
2023-06-26 04:00:00,0.896,0.8966,0.8954,0.8959,5325,0.9064538,0.9064538,0.0,6074.449999999984,683,898,1,0.896,0.8941,0.0,0.0
2023-06-26 08:00:00,0.8959,0.8968,0.8947,0.8951,10913,0.27398098,0.27398098,0.0,6074.449999999984,683,898,1,0.896,0.8941,0.0,0.0
2023-06-26 12:00:00,0.8951,0.8954,0.8912,0.8928,10186,-0.03209874,-0.03209874,0.0,6074.449999999984,683,898,1,0.896,0.8941,0.0,0.0
2023-06-26 16:00:00,0.8928,0.8955,0.8927,0.8948,12153,-0.112176515,-0.112176515,0.0,5866.779999999984,683,899,0,0.0,0.0,0.0,-207.67
2023-06-26 20:00:00,0.8948,0.8957,0.8947,0.8953,4573,-0.2660218,-0.2660218,0.0,5866.779999999984,683,899,0,0.8948,0.894,0.0,0.0
2023-06-27 00:00:00,0.8953,0.8966,0.8945,0.8965,5745,-0.94894195,-0.94894195,0.0,5866.779999999984,683,899,2,0.8965,0.8973,0.0,0.0
2023-06-27 04:00:00,0.8965,0.8965,0.894,0.895,5888,0.069616295,0.069616295,0.0,5866.779999999984,683,899,2,0.8965,0.8973,0.0,0.0
2023-06-27 08:00:00,0.895,0.896,0.8938,0.8947,11516,0.033825424,0.033825424,0.0,5866.779999999984,683,899,2,0.8965,0.8973,0.0,0.0
2023-06-27 12:00:00,0.8947,0.8956,0.8924,0.8931,12501,0.48793802,0.48793802,0.0,5866.779999999984,683,899,2,0.8965,0.8973,0.0,0.0
2023-06-27 16:00:00,0.8931,0.897,0.893,0.8935,20415,0.27569866,0.27569866,0.0,5866.779999999984,683,899,2,0.8965,0.8973,0.0,0.0
2023-06-27 20:00:00,0.8935,0.8938,0.8929,0.8935,6026,1.0,1.0,0.0,6054.939999999984,684,899,0,0.0,0.0,0.0,188.16
2023-06-28 00:00:00,0.8933,0.8938,0.8921,0.8936,4144,-0.7189192,-0.7189192,0.0,6054.939999999984,684,899,2,0.8936,0.8944,0.0,0.0
2023-06-28 04:00:00,0.8936,0.8948,0.8935,0.8943,9012,0.46416086,0.46416086,0.0,6054.939999999984,684,899,2,0.8936,0.8944,0.0,0.0
2023-06-28 08:00:00,0.8943,0.8955,0.8937,0.8948,8669,1.0,1.0,0.0,6009.569999999984,684,900,0,0.0,0.0,0.0,-45.37
2023-06-28 12:00:00,0.8948,0.8987,0.8946,0.8986,14347,-1.0,-1.0,0.0,6009.569999999984,684,900,2,0.8986,0.8994,0.0,0.0
2023-06-28 16:00:00,0.8986,0.8987,0.8959,0.8965,22943,0.16371478,0.16371478,0.0,6009.569999999984,684,900,2,0.8986,0.8994,0.0,0.0
2023-06-28 20:00:00,0.8965,0.8971,0.8957,0.8968,7243,-0.58763504,-0.58763504,0.0,6009.569999999984,684,900,2,0.8986,0.8994,0.0,0.0
2023-06-29 00:00:00,0.8966,0.8976,0.8955,0.8971,3717,-1.0,-1.0,0.0,6009.569999999984,684,900,2,0.8986,0.8994,0.0,0.0
2023-06-29 04:00:00,0.8971,0.8987,0.8965,0.8986,4498,0.43706515,0.43706515,0.0,6009.569999999984,684,900,2,0.8986,0.8994,0.0,0.0
2023-06-29 08:00:00,0.8985,0.899,0.8967,0.8968,12548,0.99066234,0.99066234,0.0,6009.559999999984,684,901,0,0.0,0.0,0.0,-0.01
2023-06-29 12:00:00,0.8968,0.8988,0.8943,0.8983,15191,-0.042795766,-0.042795766,0.0,6009.559999999984,684,901,0,0.8965,0.899,0.0,0.0
2023-06-29 16:00:00,0.8983,0.9002,0.8968,0.899,19888,-0.7848362,-0.7848362,0.0,6009.559999999984,684,901,2,0.899,0.9,0.0,0.0
2023-06-29 20:00:00,0.899,0.8999,0.8986,0.8993,5687,0.4173332,0.4173332,0.0,6009.559999999984,684,901,2,0.899,0.9,0.0,0.0
2023-06-30 00:00:00,0.899,0.8996,0.8984,0.8987,2805,-1.0,-1.0,0.0,6009.559999999984,684,901,2,0.899,0.9,0.0,0.0
2023-06-30 04:00:00,0.8987,0.8992,0.8983,0.8987,8071,-0.2466316,-0.2466316,0.0,6009.559999999984,684,901,2,0.899,0.9,0.0,0.0
2023-06-30 08:00:00,0.8987,0.9015,0.8981,0.9012,12676,0.6632815,0.6632815,0.0,6028.939999999984,685,901,0,0.0,0.0,0.0,19.38
2023-06-30 12:00:00,0.9012,0.9017,0.8977,0.8978,13826,-0.56112534,-0.56112534,0.0,6028.939999999984,685,901,2,0.8978,0.8986,0.0,0.0
2023-06-30 16:00:00,0.8978,0.8979,0.8935,0.8947,21524,1.0,1.0,0.0,6028.939999999984,685,901,2,0.8978,0.8986,0.0,0.0
2023-06-30 20:00:00,0.8947,0.8957,0.8941,0.8951,5709,-0.0797797,-0.0797797,0.0,6028.939999999984,685,901,2,0.8978,0.8986,0.0,0.0
2023-07-03 00:00:00,0.8942,0.8957,0.8936,0.8956,2900,0.24514505,0.24514505,0.0,6028.939999999984,685,901,2,0.8978,0.8986,0.0,0.0
2023-07-03 04:00:00,0.8956,0.8956,0.8946,0.8946,2802,0.01772185,0.01772185,0.0,6028.939999999984,685,901,2,0.8978,0.8986,0.0,0.0
2023-07-03 08:00:00,0.8946,0.8993,0.8941,0.8989,11840,1.0,1.0,0.0,6235.449999999984,686,901,0,0.0,0.0,0.0,206.51
2023-07-03 12:00:00,0.8989,0.9004,0.898,0.8983,10164,0.5257236,0.5257236,0.0,6235.449999999984,686,901,1,0.8983,0.8958,0.0,0.0
2023-07-03 16:00:00,0.8983,0.8985,0.8952,0.8962,17138,0.01244893,0.01244893,0.0,6235.449999999984,686,901,1,0.8983,0.8958,0.0,0.0
2023-07-03 20:00:00,0.8961,0.8967,0.896,0.8962,3267,0.9540247,0.9540247,0.0,6235.449999999984,686,901,1,0.8983,0.8958,0.0,0.0
2023-07-04 00:00:00,0.896,0.8966,0.8949,0.8963,3955,0.64296544,0.64296544,0.0,6235.449999999984,686,901,1,0.8983,0.8958,0.0,0.0
2023-07-04 04:00:00,0.8963,0.897,0.8957,0.897,3644,1.0,1.0,0.0,6235.449999999984,686,901,1,0.8983,0.8958,0.0,0.0
2023-07-04 08:00:00,0.897,0.8973,0.8952,0.8958,7771,-0.6943081,-0.6943081,0.0,6148.429999999984,686,902,0,0.0,0.0,0.0,-87.02
2023-07-04 12:00:00,0.8958,0.8963,0.8946,0.8952,8496,0.101150975,0.101150975,0.0,6148.429999999984,686,902,0,0.897,0.8978,0.0,0.0
2023-07-04 16:00:00,0.8952,0.8965,0.895,0.8963,7804,0.14900641,0.14900641,0.0,6148.429999999984,686,902,0,0.897,0.8978,0.0,0.0
2023-07-04 20:00:00,0.8963,0.8975,0.896,0.8968,3576,-0.6058658,-0.6058658,0.0,6148.429999999984,686,902,2,0.8968,0.8993,0.0,0.0
2023-07-05 00:00:00,0.8959,0.8971,0.8955,0.8965,2443,-1.0,-1.0,0.0,6148.429999999984,686,902,2,0.8968,0.8993,0.0,0.0
2023-07-05 04:00:00,0.8965,0.8977,0.8965,0.8975,2643,0.046863776,0.046863776,0.0,6148.429999999984,686,902,2,0.8968,0.8993,0.0,0.0
2023-07-05 08:00:00,0.8975,0.8988,0.8962,0.898,11563,-0.8183562,-0.8183562,0.0,6148.429999999984,686,902,2,0.8968,0.8993,0.0,0.0
2023-07-05 12:00:00,0.898,0.8995,0.897,0.8975,10284,-0.8093387,-0.8093387,0.0,6148.429999999984,686,902,2,0.8968,0.8993,0.0,0.0
2023-07-05 16:00:00,0.8975,0.8988,0.8962,0.8984,12244,0.47105116,0.47105116,0.0,6148.429999999984,686,902,2,0.8968,0.8993,0.0,0.0
2023-07-05 20:00:00,0.8984,0.899,0.8977,0.8985,5247,-0.32922256,-0.32922256,0.0,6148.429999999984,686,902,2,0.8968,0.8993,0.0,0.0
2023-07-06 00:00:00,0.8982,0.899,0.8965,0.8987,2674,0.97355604,0.97355604,0.0,6036.039999999984,686,903,0,0.0,0.0,0.0,-112.39
2023-07-06 04:00:00,0.8987,0.8991,0.8979,0.8985,4275,-0.35414743,-0.35414743,0.0,6036.039999999984,686,903,0,0.898,0.8988,0.0,0.0
2023-07-06 08:00:00,0.8985,0.8993,0.8966,0.8975,12311,-0.9045692,-0.9045692,0.0,6036.039999999984,686,903,2,0.8975,0.8996,0.0,0.0
2023-07-06 12:00:00,0.8975,0.8985,0.8951,0.8976,19210,-0.28110167,-0.28110167,0.0,6036.039999999984,686,903,2,0.8975,0.8996,0.0,0.0
2023-07-06 16:00:00,0.8976,0.8998,0.8958,0.8964,26000,-1.0,-1.0,0.0,6036.039999999984,686,903,2,0.8975,0.8996,0.0,0.0
2023-07-06 20:00:00,0.8964,0.8965,0.895,0.8951,3496,0.037558872,0.037558872,0.0,6036.039999999984,686,903,2,0.8975,0.8996,0.0,0.0
2023-07-07 00:00:00,0.8951,0.8967,0.8946,0.8964,2995,-0.72637045,-0.72637045,0.0,6036.039999999984,686,903,2,0.8975,0.8996,0.0,0.0
2023-07-07 04:00:00,0.8964,0.8965,0.8956,0.8958,2792,0.6337513,0.6337513,0.0,6107.249999999984,687,903,0,0.0,0.0,0.0,71.21
2023-07-07 08:00:00,0.8958,0.8965,0.8949,0.8958,9178,1.0,1.0,0.0,6107.249999999984,687,903,1,0.8958,0.8943,0.0,0.0
2023-07-07 12:00:00,0.8958,0.897,0.8921,0.8931,20504,-0.43594962,-0.43594962,0.0,6107.249999999984,687,903,1,0.8958,0.8943,0.0,0.0
2023-07-07 16:00:00,0.8931,0.8946,0.8879,0.888,24138,-0.19871826,-0.19871826,0.0,5931.019999999984,687,904,0,0.0,0.0,0.0,-176.23
2023-07-07 20:00:00,0.888,0.8893,0.8875,0.8891,4923,-0.36297804,-0.36297804,0.0,5931.019999999984,687,904,0,0.0,0.0,0.0,0.0
2023-07-10 00:00:00,0.89,0.89,0.8873,0.8895,3619,1.0,1.0,0.0,5931.019999999984,687,904,1,0.8895,0.8887,0.0,0.0
2023-07-10 04:00:00,0.8895,0.8908,0.8891,0.8908,4474,-0.089150585,-0.089150585,0.0,5931.019999999984,687,904,1,0.8895,0.8887,0.0,0.0
2023-07-10 08:00:00,0.8908,0.8916,0.8892,0.8894,8969,1.0,1.0,0.0,5931.019999999984,687,904,1,0.8895,0.8887,0.0,0.0
2023-07-10 12:00:00,0.8894,0.8918,0.8887,0.8915,7700,-0.2689609,-0.2689609,0.0,5931.019999999984,687,904,1,0.8895,0.8887,0.0,0.0
2023-07-10 16:00:00,0.8915,0.8915,0.8863,0.8865,10788,-1.0,-1.0,0.0,6057.549999999984,688,904,0,0.0,0.0,0.0,126.53
2023-07-10 20:00:00,0.8865,0.8867,0.8851,0.8852,3319,-0.21380179,-0.21380179,0.0,6057.549999999984,688,904,0,0.8852,0.886,0.0,0.0
2023-07-11 00:00:00,0.8851,0.8857,0.8847,0.885,2177,1.0,1.0,0.0,6057.549999999984,688,904,1,0.885,0.8825,0.0,0.0
2023-07-11 04:00:00,0.885,0.885,0.8839,0.8843,3197,-0.6259963,-0.6259963,0.0,6057.549999999984,688,904,1,0.885,0.8825,0.0,0.0
2023-07-11 08:00:00,0.8843,0.8848,0.8811,0.8818,9811,1.0,1.0,0.0,6057.549999999984,688,904,1,0.885,0.8825,0.0,0.0
2023-07-11 12:00:00,0.8818,0.8837,0.8813,0.8833,8571,-1.0,-1.0,0.0,5853.009999999984,688,905,0,0.0,0.0,0.0,-204.54
2023-07-11 16:00:00,0.8833,0.8835,0.8799,0.88,8564,-0.47773722,-0.47773722,0.0,5853.009999999984,688,905,0,0.8852,0.886,0.0,0.0
2023-07-11 20:00:00,0.88,0.8802,0.8793,0.8793,3211,-1.0,-1.0,0.0,5853.009999999984,688,905,2,0.8793,0.8804,0.0,0.0
2023-07-12 00:00:00,0.8793,0.8799,0.8779,0.8783,2674,-0.71444356,-0.71444356,0.0,5853.009999999984,688,905,2,0.8793,0.8804,0.0,0.0
2023-07-12 04:00:00,0.8783,0.8785,0.8774,0.8775,4741,-0.083068684,-0.083068684,0.0,5853.009999999984,688,905,2,0.8793,0.8804,0.0,0.0
2023-07-12 08:00:00,0.8775,0.8793,0.8764,0.878,13065,-0.32204658,-0.32204658,0.0,5853.009999999984,688,905,2,0.8793,0.8804,0.0,0.0
2023-07-12 12:00:00,0.878,0.8789,0.8734,0.8748,20511,-0.6612347,-0.6612347,0.0,5853.009999999984,688,905,2,0.8793,0.8804,0.0,0.0
2023-07-12 16:00:00,0.8748,0.8749,0.8659,0.8677,25221,0.67201596,0.67201596,0.0,6128.699999999983,689,905,0,0.0,0.0,0.0,275.69
2023-07-12 20:00:00,0.8677,0.8685,0.8667,0.8672,6827,-0.9462407,-0.9462407,0.0,6128.699999999983,689,905,2,0.8672,0.868,0.0,0.0
2023-07-13 00:00:00,0.8671,0.8673,0.8657,0.8667,2542,1.0,1.0,0.0,6128.699999999983,689,905,2,0.8672,0.868,0.0,0.0
2023-07-13 04:00:00,0.8667,0.8671,0.8651,0.8659,3692,-0.57690364,-0.57690364,0.0,6128.699999999983,689,905,2,0.8672,0.868,0.0,0.0
2023-07-13 08:00:00,0.8659,0.867,0.8616,0.8631,13531,-1.0,-1.0,0.0,6128.699999999983,689,905,2,0.8672,0.868,0.0,0.0
2023-07-13 12:00:00,0.8631,0.8641,0.8617,0.8622,13655,0.2012209,0.2012209,0.0,6128.699999999983,689,905,2,0.8672,0.868,0.0,0.0
2023-07-13 16:00:00,0.8622,0.8627,0.8583,0.8587,14257,1.0,1.0,0.0,6444.839999999984,690,905,0,0.0,0.0,0.0,316.14
2023-07-13 20:00:00,0.8587,0.8591,0.8582,0.8587,4174,0.94979197,0.94979197,0.0,6444.839999999984,690,905,1,0.8587,0.8579,0.0,0.0
2023-07-14 00:00:00,0.8586,0.8596,0.8584,0.8588,3124,-1.0,-1.0,0.0,6444.839999999984,690,905,1,0.8587,0.8579,0.0,0.0
2023-07-14 04:00:00,0.8588,0.8589,0.8569,0.8577,3951,0.26711562,0.26711562,0.0,6444.839999999984,690,905,1,0.8587,0.8579,0.0,0.0
2023-07-14 08:00:00,0.8578,0.8598,0.8566,0.8574,9346,0.104413286,0.104413286,0.0,6378.689999999984,690,906,0,0.0,0.0,0.0,-66.15
2023-07-14 12:00:00,0.8574,0.8618,0.8569,0.8608,9850,-1.0,-1.0,0.0,6378.689999999984,690,906,2,0.8608,0.8616,0.0,0.0
2023-07-14 16:00:00,0.8608,0.8631,0.8598,0.8614,17715,-0.617998,-0.617998,0.0,6378.689999999984,690,906,2,0.8608,0.8616,0.0,0.0
2023-07-14 20:00:00,0.8614,0.8625,0.8614,0.8621,1877,1.0,1.0,0.0,6339.229999999984,690,907,0,0.0,0.0,0.0,-39.46
2023-07-17 00:00:00,0.8608,0.8625,0.8592,0.8617,3224,-0.9086599,-0.9086599,0.0,6339.229999999984,690,907,2,0.8617,0.8625,0.0,0.0
2023-07-17 04:00:00,0.8617,0.8619,0.8609,0.861,3169,-0.16041422,-0.16041422,0.0,6339.229999999984,690,907,2,0.8617,0.8625,0.0,0.0
2023-07-17 08:00:00,0.861,0.8612,0.8578,0.859,9007,-0.29696497,-0.29696497,0.0,6339.229999999984,690,907,2,0.8617,0.8625,0.0,0.0
2023-07-17 12:00:00,0.859,0.8615,0.8579,0.8604,9001,-0.19321318,-0.19321318,0.0,6339.229999999984,690,907,2,0.8617,0.8625,0.0,0.0
2023-07-17 16:00:00,0.8604,0.863,0.8599,0.8605,9653,1.0,1.0,0.0,6424.059999999984,691,907,0,0.0,0.0,0.0,84.83
2023-07-17 20:00:00,0.8605,0.8608,0.8597,0.8604,2522,0.21767029,0.21767029,0.0,6424.059999999984,691,907,0,0.8605,0.8617,0.0,0.0
2023-07-18 00:00:00,0.8605,0.8607,0.8589,0.86,2248,-0.6756654,-0.6756654,0.0,6424.059999999984,691,907,2,0.86,0.8608,0.0,0.0
2023-07-18 04:00:00,0.86,0.8602,0.8585,0.8586,3674,-0.20577955,-0.20577955,0.0,6424.059999999984,691,907,2,0.86,0.8608,0.0,0.0
2023-07-18 08:00:00,0.8586,0.8605,0.8568,0.8592,11698,0.7200409,0.7200409,0.0,6424.059999999984,691,907,2,0.86,0.8608,0.0,0.0
2023-07-18 12:00:00,0.8592,0.8598,0.8555,0.8575,16563,-0.2490994,-0.2490994,0.0,6424.059999999984,691,907,2,0.86,0.8608,0.0,0.0
2023-07-18 16:00:00,0.8575,0.8596,0.8566,0.8595,21104,0.44253618,0.44253618,0.0,6424.059999999984,691,907,2,0.86,0.8608,0.0,0.0
2023-07-18 20:00:00,0.8595,0.8596,0.8571,0.8574,3479,0.5496937,0.5496937,0.0,6457.0799999999845,692,907,0,0.0,0.0,0.0,33.02
2023-07-19 00:00:00,0.8566,0.8582,0.8565,0.8573,2342,0.8767201,0.8767201,0.0,6457.0799999999845,692,907,1,0.8573,0.8557,0.0,0.0
2023-07-19 04:00:00,0.8573,0.8585,0.8573,0.8582,3503,-0.01935598,-0.01935598,0.0,6457.0799999999845,692,907,1,0.8573,0.8557,0.0,0.0
2023-07-19 08:00:00,0.8582,0.8599,0.8567,0.859,13187,0.7268291,0.7268291,0.0,6457.0799999999845,692,907,1,0.8573,0.8557,0.0,0.0
2023-07-19 12:00:00,0.859,0.8593,0.8571,0.8578,10265,0.6918174,0.6918174,0.0,6457.0799999999845,692,907,1,0.8573,0.8557,0.0,0.0
2023-07-19 16:00:00,0.8578,0.8613,0.8571,0.8596,13972,1.0,1.0,0.0,6457.0799999999845,692,907,1,0.8573,0.8557,0.0,0.0
2023-07-19 20:00:00,0.8596,0.8599,0.8582,0.8584,3593,0.43306568,0.43306568,0.0,6457.0799999999845,692,907,1,0.8573,0.8557,0.0,0.0
2023-07-20 00:00:00,0.8585,0.8587,0.8569,0.8572,2875,0.3175494,0.3175494,0.0,6457.0799999999845,692,907,1,0.8573,0.8557,0.0,0.0
2023-07-20 04:00:00,0.8572,0.8573,0.8561,0.8564,4001,-0.22249855,-0.22249855,0.0,6457.0799999999845,692,907,1,0.8573,0.8557,0.0,0.0
2023-07-20 08:00:00,0.8564,0.8588,0.8561,0.8581,11787,0.9807787,0.9807787,0.0,6457.0799999999845,692,907,1,0.8573,0.8557,0.0,0.0
2023-07-20 12:00:00,0.8581,0.8629,0.8577,0.8624,13864,-0.7845208,-0.7845208,0.0,6510.109999999984,693,907,0,0.0,0.0,0.0,53.03
2023-07-20 16:00:00,0.8624,0.868,0.8615,0.8675,18051,-0.45257223,-0.45257223,0.0,6510.109999999984,693,907,0,0.8675,0.8683,0.0,0.0
2023-07-20 20:00:00,0.8675,0.8684,0.8662,0.8663,3696,0.19447748,0.19447748,0.0,6510.109999999984,693,907,0,0.8675,0.8683,0.0,0.0
2023-07-21 00:00:00,0.8663,0.8668,0.8656,0.8657,2542,-0.61635554,-0.61635554,0.0,6510.109999999984,693,907,2,0.8657,0.8682,0.0,0.0
2023-07-21 04:00:00,0.8657,0.8666,0.8656,0.8663,3105,0.7244546,0.7244546,0.0,6510.109999999984,693,907,2,0.8657,0.8682,0.0,0.0
2023-07-21 08:00:00,0.8663,0.8673,0.8649,0.8664,13157,1.0,1.0,0.0,6469.609999999984,693,908,0,0.0,0.0,0.0,-40.5
2023-07-21 12:00:00,0.8663,0.8669,0.8645,0.865,10534,0.41391,0.41391,0.0,6469.609999999984,693,908,0,0.8663,0.8688,0.0,0.0
2023-07-21 16:00:00,0.865,0.8664,0.8641,0.8656,9955,1.0,1.0,0.0,6469.609999999984,693,908,1,0.8656,0.8648,0.0,0.0
2023-07-21 20:00:00,0.8656,0.8662,0.8654,0.8657,2365,0.45761618,0.45761618,0.0,6469.609999999984,693,908,1,0.8656,0.8648,0.0,0.0
2023-07-24 00:00:00,0.8652,0.8664,0.8639,0.8661,2341,-1.0,-1.0,0.0,6476.299999999984,694,908,0,0.0,0.0,0.0,6.69
2023-07-24 04:00:00,0.8661,0.8669,0.8656,0.8667,3456,-0.66898334,-0.66898334,0.0,6476.299999999984,694,908,2,0.8667,0.8675,0.0,0.0
2023-07-24 08:00:00,0.8667,0.8684,0.8648,0.8677,16936,-1.0,-1.0,0.0,6476.299999999984,694,908,2,0.8667,0.8675,0.0,0.0
2023-07-24 12:00:00,0.8677,0.8679,0.8638,0.8648,10559,0.951373,0.951373,0.0,6409.049999999984,694,909,0,0.0,0.0,0.0,-67.25
2023-07-24 16:00:00,0.8648,0.8677,0.8639,0.8674,16995,-1.0,-1.0,0.0,6409.049999999984,694,909,2,0.8674,0.8692,0.0,0.0
2023-07-24 20:00:00,0.8674,0.8699,0.8674,0.8696,3811,1.0,1.0,0.0,6409.049999999984,694,909,2,0.8674,0.8692,0.0,0.0
2023-07-25 00:00:00,0.8692,0.87,0.8688,0.8695,2464,-1.0,-1.0,0.0,6262.319999999984,694,910,0,0.0,0.0,0.0,-146.73
2023-07-25 04:00:00,0.8695,0.8695,0.8685,0.8695,3678,-1.0,-1.0,0.0,6262.319999999984,694,910,2,0.8695,0.8703,0.0,0.0
2023-07-25 08:00:00,0.8695,0.8697,0.8676,0.868,11902,-0.8018856,-0.8018856,0.0,6262.319999999984,694,910,2,0.8695,0.8703,0.0,0.0
2023-07-25 12:00:00,0.868,0.8698,0.8675,0.8679,10164,-0.35042518,-0.35042518,0.0,6262.319999999984,694,910,2,0.8695,0.8703,0.0,0.0
2023-07-25 16:00:00,0.8679,0.8693,0.8637,0.8647,13592,1.0,1.0,0.0,6366.369999999984,695,910,0,0.0,0.0,0.0,104.05
2023-07-25 20:00:00,0.8647,0.8657,0.8636,0.8636,3028,-0.5256305,-0.5256305,0.0,6366.369999999984,695,910,2,0.8636,0.8645,0.0,0.0
2023-07-26 00:00:00,0.863,0.8655,0.8623,0.8653,2631,0.98912257,0.98912257,0.0,6366.369999999984,695,910,2,0.8636,0.8645,0.0,0.0
2023-07-26 04:00:00,0.8653,0.8656,0.8644,0.865,3663,-0.4823682,-0.4823682,0.0,6254.299999999985,695,911,0,0.0,0.0,0.0,-112.07
2023-07-26 08:00:00,0.865,0.8652,0.8613,0.8626,10684,1.0,1.0,0.0,6254.299999999985,695,911,1,0.8626,0.8601,0.0,0.0
2023-07-26 12:00:00,0.8626,0.864,0.8611,0.8626,8018,-1.0,-1.0,0.0,6254.299999999985,695,911,1,0.8626,0.8601,0.0,0.0
2023-07-26 16:00:00,0.8626,0.864,0.862,0.8632,11038,1.0,1.0,0.0,6254.299999999985,695,911,1,0.8626,0.8601,0.0,0.0
2023-07-26 20:00:00,0.8632,0.864,0.8597,0.8607,22971,-1.0,-1.0,0.0,6293.049999999985,696,911,0,0.0,0.0,0.0,38.75
2023-07-27 00:00:00,0.86,0.8617,0.8593,0.8608,3023,0.6440535,0.6440535,0.0,6293.049999999985,696,911,1,0.8608,0.859,0.0,0.0
2023-07-27 04:00:00,0.8608,0.8608,0.858,0.8599,4605,-0.49962604,-0.49962604,0.0,6293.049999999985,696,911,1,0.8608,0.859,0.0,0.0
2023-07-27 08:00:00,0.8599,0.8613,0.8556,0.8559,12283,-1.0,-1.0,0.0,6234.759999999985,696,912,0,0.0,0.0,0.0,-58.29
2023-07-27 12:00:00,0.8559,0.8626,0.8552,0.8616,24016,-1.0,-1.0,0.0,6234.759999999985,696,912,2,0.8616,0.8624,0.0,0.0
2023-07-27 16:00:00,0.8616,0.8695,0.8613,0.868,31190,0.6774794,0.6774794,0.0,6234.759999999985,696,912,2,0.8616,0.8624,0.0,0.0
2023-07-27 20:00:00,0.868,0.8698,0.8661,0.8688,14443,0.11605117,0.11605117,0.0,5820.309999999985,696,913,0,0.0,0.0,0.0,-414.45
2023-07-28 00:00:00,0.8685,0.8695,0.867,0.8694,3512,0.8134856,0.8134856,0.0,5820.309999999985,696,913,1,0.8694,0.8678,0.0,0.0
2023-07-28 04:00:00,0.8694,0.87,0.8685,0.8688,16924,-0.9372709,-0.9372709,0.0,5820.309999999985,696,913,1,0.8694,0.8678,0.0,0.0
2023-07-28 08:00:00,0.8688,0.8736,0.8683,0.8712,27647,-0.3077632,-0.3077632,0.0,5820.309999999985,696,913,1,0.8694,0.8678,0.0,0.0
2023-07-28 12:00:00,0.8712,0.872,0.8665,0.8683,17795,-1.0,-1.0,0.0,5929.509999999985,697,913,0,0.0,0.0,0.0,109.2
2023-07-28 16:00:00,0.8683,0.8697,0.8661,0.8682,23027,1.0,1.0,0.0,5929.509999999985,697,913,1,0.8682,0.8657,0.0,0.0
2023-07-28 20:00:00,0.8682,0.8706,0.8682,0.8703,5740,-0.6724433,-0.6724433,0.0,5929.509999999985,697,913,1,0.8682,0.8657,0.0,0.0
2023-07-31 00:00:00,0.8674,0.8702,0.8672,0.8698,3230,0.21197748,0.21197748,0.0,5929.509999999985,697,913,1,0.8682,0.8657,0.0,0.0
2023-07-31 04:00:00,0.8698,0.8719,0.8696,0.8719,4087,-0.08933719,-0.08933719,0.0,5929.509999999985,697,913,1,0.8682,0.8657,0.0,0.0
2023-07-31 08:00:00,0.8719,0.872,0.8691,0.8705,11195,-0.10968335,-0.10968335,0.0,5929.509999999985,697,913,1,0.8682,0.8657,0.0,0.0
2023-07-31 12:00:00,0.8705,0.873,0.8695,0.8715,7777,-1.0,-1.0,0.0,6071.559999999985,698,913,0,0.0,0.0,0.0,142.05
2023-07-31 16:00:00,0.8714,0.8725,0.8665,0.8695,18237,-0.8686675,-0.8686675,0.0,6071.559999999985,698,913,2,0.8695,0.8706,0.0,0.0
2023-07-31 20:00:00,0.8694,0.8723,0.8691,0.8715,4409,-1.0,-1.0,0.0,6071.559999999985,698,913,2,0.8695,0.8706,0.0,0.0
2023-08-01 00:00:00,0.8709,0.8724,0.8702,0.8724,2229,-0.7507741,-0.7507741,0.0,5944.919999999985,698,914,0,0.0,0.0,0.0,-126.64
2023-08-01 04:00:00,0.8724,0.8732,0.8719,0.8724,2979,1.0,1.0,0.0,5944.919999999985,698,914,1,0.8724,0.8716,0.0,0.0
2023-08-01 08:00:00,0.8724,0.8754,0.8713,0.8749,9444,0.8855871,0.8855871,0.0,5944.919999999985,698,914,1,0.8724,0.8716,0.0,0.0
2023-08-01 12:00:00,0.8749,0.8778,0.8748,0.8774,9399,-0.89787453,-0.89787453,0.0,6100.4999999999845,699,914,0,0.0,0.0,0.0,155.58
2023-08-01 16:00:00,0.8774,0.8775,0.8742,0.8758,17321,-1.0,-1.0,0.0,6100.4999999999845,699,914,2,0.8758,0.8777,0.0,0.0
2023-08-01 20:00:00,0.8758,0.8767,0.8747,0.875,3580,0.8613706,0.8613706,0.0,6100.4999999999845,699,914,2,0.8758,0.8777,0.0,0.0
2023-08-02 00:00:00,0.875,0.8751,0.8715,0.8729,6927,1.0,1.0,0.0,6151.589999999985,700,914,0,0.0,0.0,0.0,51.09
2023-08-02 04:00:00,0.8729,0.8757,0.8726,0.8753,4651,-1.0,-1.0,0.0,6151.589999999985,700,914,2,0.8753,0.8769,0.0,0.0
2023-08-02 08:00:00,0.8753,0.8785,0.8739,0.8771,15625,1.0,1.0,0.0,6151.589999999985,700,914,2,0.8753,0.8769,0.0,0.0
2023-08-02 12:00:00,0.8771,0.8803,0.8763,0.8794,14344,1.0,1.0,0.0,6035.369999999984,700,915,0,0.0,0.0,0.0,-116.22
2023-08-02 16:00:00,0.8794,0.8806,0.8763,0.8763,17082,0.39299372,0.39299372,0.0,6035.369999999984,700,915,0,0.0,0.0,0.0,0.0
2023-08-02 20:00:00,0.8763,0.878,0.8758,0.8774,3289,-0.1564538,-0.1564538,0.0,6035.369999999984,700,915,0,0.8763,0.8744,0.0,0.0
2023-08-03 00:00:00,0.8772,0.8777,0.8755,0.8774,2457,-1.0,-1.0,0.0,6035.369999999984,700,915,2,0.8774,0.8782,0.0,0.0
2023-08-03 04:00:00,0.8774,0.8788,0.8767,0.8787,4255,-0.0005274061,-0.0005274061,0.0,6035.369999999984,700,915,2,0.8774,0.8782,0.0,0.0
2023-08-03 08:00:00,0.8787,0.8799,0.8772,0.8772,16582,0.28655505,0.28655505,0.0,5952.859999999984,700,916,0,0.0,0.0,0.0,-82.51
2023-08-03 12:00:00,0.8772,0.8775,0.8737,0.8751,22441,1.0,1.0,0.0,5952.859999999984,700,916,1,0.8751,0.8737,0.0,0.0
2023-08-03 16:00:00,0.8751,0.8773,0.8733,0.8738,20918,0.5365896,0.5365896,0.0,5952.859999999984,700,916,1,0.8751,0.8737,0.0,0.0
2023-08-03 20:00:00,0.8738,0.8756,0.8736,0.8741,3956,0.12488635,0.12488635,0.0,5952.859999999984,700,916,1,0.8751,0.8737,0.0,0.0
2023-08-04 00:00:00,0.8739,0.875,0.8735,0.874,3469,0.95638067,0.95638067,0.0,5952.859999999984,700,916,1,0.8751,0.8737,0.0,0.0
2023-08-04 04:00:00,0.874,0.8746,0.873,0.8745,4860,-0.5726958,-0.5726958,0.0,5884.369999999984,700,917,0,0.0,0.0,0.0,-68.49
2023-08-04 08:00:00,0.8745,0.8779,0.8737,0.8776,10798,1.0,1.0,0.0,5884.369999999984,700,917,1,0.8776,0.8751,0.0,0.0
2023-08-04 12:00:00,0.8776,0.8782,0.8724,0.8729,18666,0.5873124,0.5873124,0.0,5884.369999999984,700,917,1,0.8776,0.8751,0.0,0.0
2023-08-04 16:00:00,0.8729,0.8731,0.8699,0.8711,18154,-0.8471846,-0.8471846,0.0,5595.489999999984,700,918,0,0.0,0.0,0.0,-288.88
2023-08-04 20:00:00,0.871,0.8734,0.8707,0.8727,3544,-1.0,-1.0,0.0,5595.489999999984,700,918,2,0.8727,0.8736,0.0,0.0
2023-08-07 00:00:00,0.8703,0.8746,0.8701,0.8738,4636,0.97387207,0.97387207,0.0,5595.489999999984,700,918,2,0.8727,0.8736,0.0,0.0
2023-08-07 04:00:00,0.8738,0.8753,0.8737,0.8744,3389,0.70062906,0.70062906,0.0,5531.119999999984,700,919,0,0.0,0.0,0.0,-64.37
2023-08-07 08:00:00,0.8744,0.8769,0.8738,0.8757,8104,1.0,1.0,0.0,5531.119999999984,700,919,1,0.8757,0.8732,0.0,0.0
2023-08-07 12:00:00,0.8757,0.8774,0.8748,0.8748,7068,1.0,1.0,0.0,5531.119999999984,700,919,1,0.8757,0.8732,0.0,0.0
2023-08-07 16:00:00,0.8748,0.8757,0.8733,0.8739,10053,-0.6445162,-0.6445162,0.0,5531.119999999984,700,919,1,0.8757,0.8732,0.0,0.0
2023-08-07 20:00:00,0.8739,0.8743,0.8727,0.8728,2884,0.45615232,0.45615232,0.0,5531.119999999984,700,919,1,0.8757,0.8732,0.0,0.0
2023-08-08 00:00:00,0.8726,0.8739,0.8721,0.8735,2957,-1.0,-1.0,0.0,5363.589999999985,700,920,0,0.0,0.0,0.0,-167.53
2023-08-08 04:00:00,0.8736,0.8747,0.8734,0.8737,3999,-0.6390253,-0.6390253,0.0,5363.589999999985,700,920,2,0.8737,0.8745,0.0,0.0
2023-08-08 08:00:00,0.8737,0.8756,0.872,0.8737,9743,-0.6327152,-0.6327152,0.0,5363.589999999985,700,920,2,0.8737,0.8745,0.0,0.0
2023-08-08 12:00:00,0.8737,0.8778,0.8736,0.8776,11552,-1.0,-1.0,0.0,5363.589999999985,700,920,2,0.8737,0.8745,0.0,0.0
2023-08-08 16:00:00,0.8776,0.8783,0.875,0.8758,12272,1.0,1.0,0.0,5143.919999999985,700,921,0,0.0,0.0,0.0,-219.67
2023-08-08 20:00:00,0.8758,0.8762,0.8751,0.8755,2647,-1.0,-1.0,0.0,5143.919999999985,700,921,2,0.8755,0.8778,0.0,0.0
2023-08-09 00:00:00,0.8755,0.8762,0.8745,0.8753,3121,-1.0,-1.0,0.0,5143.919999999985,700,921,2,0.8755,0.8778,0.0,0.0
2023-08-09 04:00:00,0.8753,0.8754,0.8743,0.8746,3216,0.70959836,0.70959836,0.0,5143.919999999985,700,921,2,0.8755,0.8778,0.0,0.0
2023-08-09 08:00:00,0.8746,0.8752,0.8732,0.8748,8532,-0.50272065,-0.50272065,0.0,5143.919999999985,700,921,2,0.8755,0.8778,0.0,0.0
2023-08-09 12:00:00,0.8748,0.8783,0.8746,0.8765,7977,1.0,1.0,0.0,5181.599999999985,701,921,0,0.0,0.0,0.0,37.68
2023-08-09 16:00:00,0.8765,0.8774,0.875,0.8769,11498,1.0,1.0,0.0,5181.599999999985,701,921,1,0.8769,0.8761,0.0,0.0
2023-08-09 20:00:00,0.8769,0.8775,0.8757,0.8773,3673,0.13603733,0.13603733,0.0,5181.599999999985,701,921,1,0.8769,0.8761,0.0,0.0
2023-08-10 00:00:00,0.8771,0.8774,0.8751,0.8771,2045,-0.6936728,-0.6936728,0.0,5181.599999999985,701,921,1,0.8769,0.8761,0.0,0.0
2023-08-10 04:00:00,0.8771,0.8776,0.8763,0.877,2547,-0.20610274,-0.20610274,0.0,5181.599999999985,701,921,1,0.8769,0.8761,0.0,0.0
2023-08-10 08:00:00,0.877,0.8771,0.8723,0.8733,8447,-0.3099028,-0.3099028,0.0,5181.599999999985,701,921,1,0.8769,0.8761,0.0,0.0
2023-08-10 12:00:00,0.8733,0.8739,0.869,0.8719,17632,-0.050850693,-0.050850693,0.0,4986.659999999985,701,922,0,0.0,0.0,0.0,-194.94
2023-08-10 16:00:00,0.8719,0.8753,0.8716,0.8739,23469,-0.96735483,-0.96735483,0.0,4986.659999999985,701,922,2,0.8739,0.8747,0.0,0.0
2023-08-10 20:00:00,0.8739,0.8772,0.8738,0.8768,7788,-0.15651202,-0.15651202,0.0,4986.659999999985,701,922,2,0.8739,0.8747,0.0,0.0
2023-08-11 00:00:00,0.8757,0.8771,0.8748,0.8764,3247,-1.0,-1.0,0.0,4834.929999999986,701,923,0,0.0,0.0,0.0,-151.73
2023-08-11 04:00:00,0.8764,0.8765,0.8757,0.8764,3401,-1.0,-1.0,0.0,4834.929999999986,701,923,2,0.8764,0.8773,0.0,0.0
2023-08-11 08:00:00,0.8763,0.8776,0.8759,0.8766,8498,-1.0,-1.0,0.0,4834.929999999986,701,923,2,0.8764,0.8773,0.0,0.0
2023-08-11 12:00:00,0.8766,0.8774,0.8735,0.8767,13857,1.0,1.0,0.0,4824.779999999986,701,924,0,0.0,0.0,0.0,-10.15
2023-08-11 16:00:00,0.8767,0.8781,0.875,0.8773,16695,-0.31707445,-0.31707445,0.0,4824.779999999986,701,924,0,0.8773,0.8781,0.0,0.0
2023-08-11 20:00:00,0.8773,0.8774,0.8759,0.8761,4890,0.59966,0.59966,0.0,4824.779999999986,701,924,1,0.8761,0.8753,0.0,0.0
2023-08-14 00:00:00,0.8744,0.8777,0.8742,0.8774,3078,0.28193325,0.28193325,0.0,4824.779999999986,701,924,1,0.8761,0.8753,0.0,0.0
2023-08-14 04:00:00,0.8774,0.8779,0.877,0.8774,4165,1.0,1.0,0.0,4824.779999999986,701,924,1,0.8761,0.8753,0.0,0.0
2023-08-14 08:00:00,0.8774,0.8777,0.8755,0.8769,10687,0.6547368,0.6547368,0.0,4824.779999999986,701,924,1,0.8761,0.8753,0.0,0.0
2023-08-14 12:00:00,0.8769,0.8811,0.8762,0.8806,10431,0.25493222,0.25493222,0.0,4824.779999999986,701,924,1,0.8761,0.8753,0.0,0.0
2023-08-14 16:00:00,0.8806,0.8828,0.8763,0.877,17264,-1.0,-1.0,0.0,5053.5499999999865,702,924,0,0.0,0.0,0.0,228.77
2023-08-14 20:00:00,0.877,0.8791,0.8766,0.8783,4172,-1.0,-1.0,0.0,5053.5499999999865,702,924,2,0.8783,0.8791,0.0,0.0
2023-08-15 00:00:00,0.8778,0.8787,0.8769,0.878,3708,0.9346525,0.9346525,0.0,5053.5499999999865,702,924,2,0.8783,0.8791,0.0,0.0
2023-08-15 04:00:00,0.878,0.8784,0.8767,0.8776,4560,-0.407415,-0.407415,0.0,5053.5499999999865,702,924,2,0.8783,0.8791,0.0,0.0
2023-08-15 08:00:00,0.8776,0.8783,0.8753,0.8759,12600,1.0,1.0,0.0,5090.689999999987,703,924,0,0.0,0.0,0.0,37.14
2023-08-15 12:00:00,0.8759,0.8797,0.8744,0.877,18893,0.051569942,0.051569942,0.0,5090.689999999987,703,924,0,0.8759,0.8751,0.0,0.0
2023-08-15 16:00:00,0.877,0.8784,0.8755,0.8783,20955,-0.5750579,-0.5750579,0.0,5090.689999999987,703,924,2,0.8783,0.8791,0.0,0.0
2023-08-15 20:00:00,0.8783,0.8789,0.8772,0.8784,3824,0.44791242,0.44791242,0.0,5090.689999999987,703,924,2,0.8783,0.8791,0.0,0.0
2023-08-16 00:00:00,0.8774,0.8791,0.877,0.8789,4123,0.953135,0.953135,0.0,5085.329999999987,703,925,0,0.0,0.0,0.0,-5.36
2023-08-16 04:00:00,0.8789,0.8791,0.8778,0.8781,3517,0.6857269,0.6857269,0.0,5085.329999999987,703,925,1,0.8781,0.8756,0.0,0.0
2023-08-16 08:00:00,0.8781,0.879,0.8774,0.878,9176,-1.0,-1.0,0.0,5085.329999999987,703,925,1,0.8781,0.8756,0.0,0.0
2023-08-16 12:00:00,0.878,0.8813,0.8779,0.8812,9044,-1.0,-1.0,0.0,5079.979999999987,703,926,0,0.0,0.0,0.0,-5.35
2023-08-16 16:00:00,0.8812,0.8814,0.8781,0.8793,16742,-0.48357788,-0.48357788,0.0,5079.979999999987,703,926,0,0.0,0.0,0.0,0.0
2023-08-16 20:00:00,0.8793,0.8807,0.878,0.8799,8010,0.8166102,0.8166102,0.0,5079.979999999987,703,926,1,0.8799,0.8791,0.0,0.0
2023-08-17 00:00:00,0.8801,0.8807,0.8794,0.8805,5842,0.45681277,0.45681277,0.0,5079.979999999987,703,926,1,0.8799,0.8791,0.0,0.0
2023-08-17 04:00:00,0.8805,0.8809,0.88,0.8803,4625,-0.06526839,-0.06526839,0.0,5079.979999999987,703,926,1,0.8799,0.8791,0.0,0.0
2023-08-17 08:00:00,0.8803,0.881,0.8792,0.8793,8242,1.0,1.0,0.0,5079.979999999987,703,926,1,0.8799,0.8791,0.0,0.0
2023-08-17 12:00:00,0.8793,0.8798,0.876,0.877,18379,0.65113467,0.65113467,0.0,5079.979999999987,703,926,1,0.8799,0.8791,0.0,0.0
2023-08-17 16:00:00,0.877,0.8798,0.8761,0.8791,18093,0.768695,0.768695,0.0,4925.369999999987,703,927,0,0.0,0.0,0.0,-154.61
2023-08-17 20:00:00,0.8791,0.8803,0.8781,0.8783,5352,0.91763777,0.91763777,0.0,4925.369999999987,703,927,1,0.8783,0.8767,0.0,0.0
2023-08-18 00:00:00,0.8779,0.8789,0.8755,0.8779,3240,1.0,1.0,0.0,4925.369999999987,703,927,1,0.8783,0.8767,0.0,0.0
2023-08-18 04:00:00,0.8779,0.8787,0.8773,0.8786,3631,-1.0,-1.0,0.0,4904.659999999987,703,928,0,0.0,0.0,0.0,-20.71
2023-08-18 08:00:00,0.8786,0.8806,0.878,0.8804,9553,0.35850203,0.35850203,0.0,4904.659999999987,703,928,0,0.8804,0.8789,0.0,0.0
2023-08-18 12:00:00,0.8804,0.8825,0.8794,0.8814,9439,0.2220426,0.2220426,0.0,4904.659999999987,703,928,0,0.8814,0.8806,0.0,0.0
2023-08-18 16:00:00,0.8814,0.882,0.8792,0.8818,13208,0.13790296,0.13790296,0.0,4904.659999999987,703,928,0,0.8814,0.8806,0.0,0.0
2023-08-18 20:00:00,0.8818,0.8827,0.881,0.8822,4546,0.6004749,0.6004749,0.0,4904.659999999987,703,928,1,0.8822,0.8797,0.0,0.0
2023-08-21 00:00:00,0.8809,0.8825,0.8808,0.8815,2250,0.08050391,0.08050391,0.0,4904.659999999987,703,928,1,0.8822,0.8797,0.0,0.0
2023-08-21 04:00:00,0.8815,0.8827,0.8815,0.8821,3690,-0.28795347,-0.28795347,0.0,4904.659999999987,703,928,1,0.8822,0.8797,0.0,0.0
2023-08-21 08:00:00,0.8821,0.8825,0.8792,0.8803,8238,1.0,1.0,0.0,4904.659999999987,703,928,1,0.8822,0.8797,0.0,0.0
2023-08-21 12:00:00,0.8803,0.8806,0.8788,0.8792,11193,0.96900684,0.96900684,0.0,4904.659999999987,703,928,1,0.8822,0.8797,0.0,0.0
2023-08-21 16:00:00,0.8792,0.8814,0.8785,0.8786,11169,-0.8073182,-0.8073182,0.0,4749.849999999987,703,929,0,0.0,0.0,0.0,-154.81
2023-08-21 20:00:00,0.8786,0.8789,0.878,0.8784,3026,-0.18311016,-0.18311016,0.0,4749.849999999987,703,929,0,0.8786,0.8778,0.0,0.0
2023-08-22 00:00:00,0.8782,0.879,0.8778,0.8783,4071,0.11702428,0.11702428,0.0,4749.849999999987,703,929,0,0.0,0.0,0.0,0.0
2023-08-22 04:00:00,0.8782,0.8783,0.8772,0.878,3364,-0.64343244,-0.64343244,0.0,4749.849999999987,703,929,2,0.878,0.8788,0.0,0.0
2023-08-22 08:00:00,0.878,0.8783,0.8767,0.8776,8209,-1.0,-1.0,0.0,4749.849999999987,703,929,2,0.878,0.8788,0.0,0.0
2023-08-22 12:00:00,0.8776,0.8798,0.8765,0.8794,12116,0.27732742,0.27732742,0.0,4749.849999999987,703,929,2,0.878,0.8788,0.0,0.0
2023-08-22 16:00:00,0.8794,0.8809,0.879,0.8797,15543,-1.0,-1.0,0.0,4679.869999999987,703,930,0,0.0,0.0,0.0,-69.98
2023-08-22 20:00:00,0.8797,0.8806,0.8795,0.8804,3288,-0.5005821,-0.5005821,0.0,4679.869999999987,703,930,2,0.8804,0.8812,0.0,0.0
2023-08-23 00:00:00,0.8794,0.8805,0.8789,0.8805,2576,-0.69997555,-0.69997555,0.0,4679.869999999987,703,930,2,0.8804,0.8812,0.0,0.0
2023-08-23 04:00:00,0.8805,0.8807,0.8796,0.8796,3152,-1.0,-1.0,0.0,4679.869999999987,703,930,2,0.8804,0.8812,0.0,0.0
2023-08-23 08:00:00,0.8796,0.8815,0.8779,0.8804,16561,-0.25983247,-0.25983247,0.0,4679.869999999987,703,930,2,0.8804,0.8812,0.0,0.0
2023-08-23 12:00:00,0.8804,0.8817,0.8798,0.8812,9528,-0.3877725,-0.3877725,0.0,4679.869999999987,703,930,2,0.8804,0.8812,0.0,0.0
2023-08-23 16:00:00,0.8812,0.8813,0.8775,0.8784,23619,-0.26439464,-0.26439464,0.0,4640.379999999987,703,931,0,0.0,0.0,0.0,-39.49
2023-08-23 20:00:00,0.8784,0.8791,0.8773,0.8779,4774,-0.091826916,-0.091826916,0.0,4640.379999999987,703,931,0,0.0,0.0,0.0,0.0
2023-08-24 00:00:00,0.8778,0.878,0.876,0.877,4170,0.36552632,0.36552632,0.0,4640.379999999987,703,931,0,0.877,0.8751,0.0,0.0
2023-08-24 04:00:00,0.877,0.878,0.8765,0.8773,3684,0.4819915,0.4819915,0.0,4640.379999999987,703,931,0,0.877,0.8751,0.0,0.0
2023-08-24 08:00:00,0.8773,0.8799,0.876,0.8793,9574,0.869359,0.869359,0.0,4640.379999999987,703,931,1,0.8793,0.8785,0.0,0.0
2023-08-24 12:00:00,0.8793,0.8839,0.879,0.883,14754,-0.077938735,-0.077938735,0.0,4640.379999999987,703,931,1,0.8793,0.8785,0.0,0.0
2023-08-24 16:00:00,0.883,0.8833,0.8807,0.8832,14416,-0.20355816,-0.20355816,0.0,4640.379999999987,703,931,1,0.8793,0.8785,0.0,0.0
2023-08-24 20:00:00,0.8832,0.8851,0.883,0.8844,3726,-0.03587178,-0.03587178,0.0,4640.379999999987,703,931,1,0.8793,0.8785,0.0,0.0
2023-08-25 00:00:00,0.8842,0.8855,0.8822,0.8853,3921,-0.02667337,-0.02667337,0.0,4640.379999999987,703,931,1,0.8793,0.8785,0.0,0.0
2023-08-25 04:00:00,0.8853,0.8865,0.8851,0.8863,3058,0.107116655,0.107116655,0.0,4640.379999999987,703,931,1,0.8793,0.8785,0.0,0.0
2023-08-25 08:00:00,0.8864,0.8869,0.8851,0.8856,8812,1.0,1.0,0.0,4640.379999999987,703,931,1,0.8793,0.8785,0.0,0.0
2023-08-25 12:00:00,0.8856,0.8862,0.8844,0.8846,6685,1.0,1.0,0.0,4640.379999999987,703,931,1,0.8793,0.8785,0.0,0.0
2023-08-25 16:00:00,0.8847,0.8876,0.8822,0.8855,30341,1.0,1.0,0.0,4640.379999999987,703,931,1,0.8793,0.8785,0.0,0.0
2023-08-25 20:00:00,0.8855,0.8855,0.8834,0.8844,5265,-0.2874246,-0.2874246,0.0,4640.379999999987,703,931,1,0.8793,0.8785,0.0,0.0
2023-08-28 00:00:00,0.8835,0.8851,0.8829,0.8841,3049,1.0,1.0,0.0,4640.379999999987,703,931,1,0.8793,0.8785,0.0,0.0
2023-08-28 04:00:00,0.8841,0.8842,0.8831,0.8832,3017,1.0,1.0,0.0,4640.379999999987,703,931,1,0.8793,0.8785,0.0,0.0
2023-08-28 08:00:00,0.8832,0.8845,0.8818,0.8842,9771,-0.009783768,-0.009783768,0.0,4640.379999999987,703,931,1,0.8793,0.8785,0.0,0.0
2023-08-28 12:00:00,0.8842,0.885,0.8828,0.8838,9664,0.19704816,0.19704816,0.0,4640.379999999987,703,931,1,0.8793,0.8785,0.0,0.0
2023-08-28 16:00:00,0.8838,0.8854,0.8831,0.8839,11441,0.3037039,0.3037039,0.0,4640.379999999987,703,931,1,0.8793,0.8785,0.0,0.0
2023-08-28 20:00:00,0.8839,0.8844,0.8835,0.8838,4093,-0.9693128,-0.9693128,0.0,4866.139999999988,704,931,0,0.0,0.0,0.0,225.76
2023-08-29 00:00:00,0.883,0.8838,0.8821,0.8832,4627,0.31590205,0.31590205,0.0,4866.139999999988,704,931,0,0.8839,0.8831,0.0,0.0
2023-08-29 04:00:00,0.8833,0.8835,0.8826,0.8834,2610,0.52042055,0.52042055,0.0,4866.139999999988,704,931,1,0.8834,0.8826,0.0,0.0
2023-08-29 08:00:00,0.8834,0.8851,0.8831,0.8847,7501,-1.0,-1.0,0.0,4866.139999999988,704,931,1,0.8834,0.8826,0.0,0.0
2023-08-29 12:00:00,0.8847,0.8857,0.8838,0.885,7609,0.81294376,0.81294376,0.0,4866.139999999988,704,931,1,0.8834,0.8826,0.0,0.0
2023-08-29 16:00:00,0.885,0.8859,0.8788,0.879,22331,0.44502664,0.44502664,0.0,4866.139999999988,704,931,1,0.8834,0.8826,0.0,0.0
2023-08-29 20:00:00,0.879,0.8795,0.8775,0.8783,5237,-1.0,-1.0,0.0,4640.929999999988,704,932,0,0.0,0.0,0.0,-225.21
2023-08-30 00:00:00,0.8779,0.879,0.8771,0.8785,7891,-1.0,-1.0,0.0,4640.929999999988,704,932,2,0.8785,0.8793,0.0,0.0
2023-08-30 04:00:00,0.8785,0.8796,0.8784,0.8796,3769,0.59889585,0.59889585,0.0,4640.929999999988,704,932,2,0.8785,0.8793,0.0,0.0
2023-08-30 08:00:00,0.8796,0.8803,0.8785,0.8795,10538,-0.56628644,-0.56628644,0.0,4587.189999999988,704,933,0,0.0,0.0,0.0,-53.74
2023-08-30 12:00:00,0.8795,0.88,0.8762,0.8767,16961,0.079391666,0.079391666,0.0,4587.189999999988,704,933,0,0.0,0.0,0.0,0.0
2023-08-30 16:00:00,0.8767,0.8787,0.8745,0.8784,16243,0.42081416,0.42081416,0.0,4587.189999999988,704,933,0,0.8784,0.8798,0.0,0.0
2023-08-30 20:00:00,0.8784,0.8788,0.8776,0.8784,3404,-0.6752243,-0.6752243,0.0,4587.189999999988,704,933,2,0.8784,0.8809,0.0,0.0
2023-08-31 00:00:00,0.8773,0.8786,0.8773,0.8778,2814,-0.034161802,-0.034161802,0.0,4587.189999999988,704,933,2,0.8784,0.8809,0.0,0.0
2023-08-31 04:00:00,0.8778,0.8786,0.8771,0.8786,2799,0.5294466,0.5294466,0.0,4587.189999999988,704,933,2,0.8784,0.8809,0.0,0.0
2023-08-31 08:00:00,0.8786,0.8808,0.8784,0.8808,8964,-1.0,-1.0,0.0,4587.189999999988,704,933,2,0.8784,0.8809,0.0,0.0
2023-08-31 12:00:00,0.8808,0.8829,0.8807,0.8811,14749,0.94295675,0.94295675,0.0,4471.149999999988,704,934,0,0.0,0.0,0.0,-116.04
2023-08-31 16:00:00,0.8811,0.8846,0.8808,0.8829,15886,-1.0,-1.0,0.0,4471.149999999988,704,934,2,0.8829,0.8837,0.0,0.0
2023-08-31 20:00:00,0.8829,0.8836,0.8824,0.8833,4075,0.7794686,0.7794686,0.0,4471.149999999988,704,934,2,0.8829,0.8837,0.0,0.0
2023-09-01 00:00:00,0.8823,0.884,0.8822,0.8835,4111,1.0,1.0,0.0,4452.239999999988,704,935,0,0.0,0.0,0.0,-18.91
2023-09-01 04:00:00,0.8835,0.8839,0.8823,0.8832,3589,0.47950187,0.47950187,0.0,4452.239999999988,704,935,0,0.8835,0.8843,0.0,0.0
2023-09-01 08:00:00,0.8832,0.8844,0.8813,0.8827,9744,0.018379249,0.018379249,0.0,4452.239999999988,704,935,0,0.8835,0.8843,0.0,0.0
2023-09-01 12:00:00,0.8827,0.8836,0.8796,0.8809,15221,1.0,1.0,0.0,4452.239999999988,704,935,1,0.8809,0.8788,0.0,0.0
2023-09-01 16:00:00,0.8809,0.8864,0.8795,0.8858,29753,-0.4338554,-0.4338554,0.0,4452.239999999988,704,935,1,0.8809,0.8788,0.0,0.0
2023-09-01 20:00:00,0.8858,0.8861,0.8851,0.8856,3539,-0.5401936,-0.5401936,0.0,4452.239999999988,704,935,1,0.8809,0.8788,0.0,0.0
2023-09-04 00:00:00,0.8851,0.8858,0.8847,0.8851,1955,0.30179173,0.30179173,0.0,4452.239999999988,704,935,1,0.8809,0.8788,0.0,0.0
2023-09-04 04:00:00,0.8852,0.8853,0.884,0.8848,2206,1.0,1.0,0.0,4452.239999999988,704,935,1,0.8809,0.8788,0.0,0.0
2023-09-04 08:00:00,0.8848,0.8848,0.8833,0.8842,8862,0.5387385,0.5387385,0.0,4452.239999999988,704,935,1,0.8809,0.8788,0.0,0.0
2023-09-04 12:00:00,0.8842,0.8849,0.8835,0.8845,5417,-0.016527295,-0.016527295,0.0,4452.239999999988,704,935,1,0.8809,0.8788,0.0,0.0
2023-09-04 16:00:00,0.8845,0.8854,0.8841,0.8843,5206,0.6508815,0.6508815,0.0,4452.239999999988,704,935,1,0.8809,0.8788,0.0,0.0
2023-09-04 20:00:00,0.8843,0.8849,0.8836,0.8842,1983,0.7483662,0.7483662,0.0,4452.239999999988,704,935,1,0.8809,0.8788,0.0,0.0
2023-09-05 00:00:00,0.8834,0.885,0.8825,0.8845,2576,0.3466377,0.3466377,0.0,4452.239999999988,704,935,1,0.8809,0.8788,0.0,0.0
2023-09-05 04:00:00,0.8845,0.8857,0.8845,0.885,2994,0.42917046,0.42917046,0.0,4452.239999999988,704,935,1,0.8809,0.8788,0.0,0.0
2023-09-05 08:00:00,0.885,0.8881,0.8849,0.8879,9308,-1.0,-1.0,0.0,4645.539999999988,705,935,0,0.0,0.0,0.0,193.3
2023-09-05 12:00:00,0.8879,0.8903,0.8873,0.888,10866,1.0,1.0,0.0,4645.539999999988,705,935,1,0.888,0.8872,0.0,0.0
2023-09-05 16:00:00,0.888,0.8895,0.8876,0.8888,14434,-0.51366174,-0.51366174,0.0,4645.539999999988,705,935,1,0.888,0.8872,0.0,0.0
2023-09-05 20:00:00,0.8888,0.8899,0.8887,0.8895,3129,-0.28691489,-0.28691489,0.0,4645.539999999988,705,935,1,0.888,0.8872,0.0,0.0
2023-09-06 00:00:00,0.8884,0.89,0.8879,0.8898,3313,0.33672634,0.33672634,0.0,4645.539999999988,705,935,1,0.888,0.8872,0.0,0.0
2023-09-06 04:00:00,0.8898,0.8903,0.8885,0.8888,2773,-1.0,-1.0,0.0,4734.559999999989,706,935,0,0.0,0.0,0.0,89.02
2023-09-06 08:00:00,0.8888,0.8904,0.8881,0.8898,9006,-1.0,-1.0,0.0,4734.559999999989,706,935,2,0.8898,0.8906,0.0,0.0
2023-09-06 12:00:00,0.8898,0.8906,0.8892,0.8905,8006,0.67803705,0.67803705,0.0,4734.559999999989,706,935,2,0.8898,0.8906,0.0,0.0
2023-09-06 16:00:00,0.8905,0.8945,0.8905,0.8923,17861,-0.59299153,-0.59299153,0.0,4734.559999999989,706,935,2,0.8898,0.8906,0.0,0.0
2023-09-06 20:00:00,0.8923,0.8923,0.8909,0.891,2877,-1.0,-1.0,0.0,4608.169999999988,706,936,0,0.0,0.0,0.0,-126.39
2023-09-07 00:00:00,0.8912,0.8918,0.8905,0.8916,4214,-1.0,-1.0,0.0,4608.169999999988,706,936,2,0.8916,0.8938,0.0,0.0
2023-09-07 04:00:00,0.8916,0.8918,0.8908,0.8918,2633,0.8220561,0.8220561,0.0,4608.169999999988,706,936,2,0.8916,0.8938,0.0,0.0
2023-09-07 08:00:00,0.8918,0.8924,0.8913,0.892,7150,-0.3486875,-0.3486875,0.0,4608.169999999988,706,936,2,0.8916,0.8938,0.0,0.0
2023-09-07 12:00:00,0.892,0.8937,0.8914,0.8934,9084,0.72368187,0.72368187,0.0,4588.489999999988,706,937,0,0.0,0.0,0.0,-19.68
2023-09-07 16:00:00,0.8934,0.894,0.8923,0.8929,10366,-0.026620494,-0.026620494,0.0,4588.489999999988,706,937,0,0.892,0.8912,0.0,0.0
2023-09-07 20:00:00,0.8929,0.8932,0.892,0.8926,3089,-0.21434587,-0.21434587,0.0,4588.489999999988,706,937,0,0.892,0.8912,0.0,0.0
2023-09-08 00:00:00,0.8925,0.8928,0.891,0.8912,5265,-0.65530604,-0.65530604,0.0,4588.489999999988,706,937,2,0.8912,0.8937,0.0,0.0
2023-09-08 04:00:00,0.8912,0.8919,0.8905,0.8911,3145,-0.4248351,-0.4248351,0.0,4588.489999999988,706,937,2,0.8912,0.8937,0.0,0.0
2023-09-08 08:00:00,0.8911,0.8914,0.8895,0.8908,8002,-0.19996427,-0.19996427,0.0,4588.489999999988,706,937,2,0.8912,0.8937,0.0,0.0
2023-09-08 12:00:00,0.8908,0.8922,0.8907,0.892,7566,-0.58209294,-0.58209294,0.0,4588.489999999988,706,937,2,0.8912,0.8937,0.0,0.0
2023-09-08 16:00:00,0.892,0.8935,0.8899,0.8929,10417,-0.021247633,-0.021247633,0.0,4588.489999999988,706,937,2,0.8912,0.8937,0.0,0.0
2023-09-08 20:00:00,0.8929,0.8936,0.8924,0.8929,3247,-1.0,-1.0,0.0,4588.489999999988,706,937,2,0.8912,0.8937,0.0,0.0
2023-09-11 00:00:00,0.8916,0.8927,0.8904,0.8919,6299,1.0,1.0,0.0,4505.139999999988,706,938,0,0.0,0.0,0.0,-83.35
2023-09-11 04:00:00,0.8918,0.8922,0.8902,0.8904,3851,-1.0,-1.0,0.0,4505.139999999988,706,938,2,0.8904,0.8912,0.0,0.0
2023-09-11 08:00:00,0.8904,0.8919,0.8897,0.8915,8320,-1.0,-1.0,0.0,4505.139999999988,706,938,2,0.8904,0.8912,0.0,0.0
2023-09-11 12:00:00,0.8915,0.8922,0.891,0.8914,6849,-1.0,-1.0,0.0,4452.269999999988,706,939,0,0.0,0.0,0.0,-52.87
2023-09-11 16:00:00,0.8914,0.8923,0.8902,0.8904,8743,0.32500145,0.32500145,0.0,4452.269999999988,706,939,0,0.8914,0.8906,0.0,0.0
2023-09-11 20:00:00,0.8904,0.8914,0.8902,0.8908,3042,-0.5086644,-0.5086644,0.0,4452.269999999988,706,939,2,0.8908,0.8933,0.0,0.0
2023-09-12 00:00:00,0.8901,0.8918,0.8894,0.8915,3556,1.0,1.0,0.0,4452.269999999988,706,939,2,0.8908,0.8933,0.0,0.0
2023-09-12 04:00:00,0.8915,0.892,0.8904,0.8913,3265,-1.0,-1.0,0.0,4452.269999999988,706,939,2,0.8908,0.8933,0.0,0.0
2023-09-12 08:00:00,0.8913,0.8919,0.8902,0.8917,6316,-1.0,-1.0,0.0,4452.269999999988,706,939,2,0.8908,0.8933,0.0,0.0
2023-09-12 12:00:00,0.8917,0.893,0.8911,0.893,6350,-0.070397176,-0.070397176,0.0,4452.269999999988,706,939,2,0.8908,0.8933,0.0,0.0
2023-09-12 16:00:00,0.893,0.8934,0.8907,0.8916,7365,0.09101271,0.09101271,0.0,4452.269999999988,706,939,2,0.8908,0.8933,0.0,0.0
2023-09-12 20:00:00,0.8916,0.8921,0.8907,0.8913,3700,0.4482519,0.4482519,0.0,4452.269999999988,706,939,2,0.8908,0.8933,0.0,0.0
2023-09-13 00:00:00,0.8893,0.8916,0.8893,0.8913,4463,-0.94402736,-0.94402736,0.0,4452.269999999988,706,939,2,0.8908,0.8933,0.0,0.0
2023-09-13 04:00:00,0.8913,0.8924,0.8908,0.891,2953,0.82447624,0.82447624,0.0,4428.519999999988,706,940,0,0.0,0.0,0.0,-23.75
2023-09-13 08:00:00,0.891,0.8933,0.8909,0.893,7389,-0.9662592,-0.9662592,0.0,4428.519999999988,706,940,2,0.893,0.8939,0.0,0.0
2023-09-13 12:00:00,0.893,0.8953,0.8912,0.8924,17708,-0.31572476,-0.31572476,0.0,4428.519999999988,706,940,2,0.893,0.8939,0.0,0.0
2023-09-13 16:00:00,0.8924,0.894,0.8915,0.8923,16121,-0.68519986,-0.68519986,0.0,4428.519999999988,706,940,2,0.893,0.8939,0.0,0.0
2023-09-13 20:00:00,0.8923,0.8937,0.8921,0.8936,3128,-0.48226973,-0.48226973,0.0,4428.519999999988,706,940,2,0.893,0.8939,0.0,0.0
2023-09-14 00:00:00,0.8935,0.8935,0.892,0.8922,2524,0.40048113,0.40048113,0.0,4428.519999999988,706,940,2,0.893,0.8939,0.0,0.0
2023-09-14 04:00:00,0.8922,0.8929,0.892,0.8922,2539,0.28739968,0.28739968,0.0,4428.519999999988,706,940,2,0.893,0.8939,0.0,0.0
2023-09-14 08:00:00,0.8922,0.8939,0.8914,0.8934,5227,1.0,1.0,0.0,4466.329999999988,707,940,0,0.0,0.0,0.0,37.81
2023-09-14 12:00:00,0.8934,0.8971,0.8927,0.895,22011,0.6265015,0.6265015,0.0,4466.329999999988,707,940,1,0.895,0.8937,0.0,0.0
2023-09-14 16:00:00,0.895,0.8961,0.893,0.896,23515,0.013210516,0.013210516,0.0,4466.329999999988,707,940,1,0.895,0.8937,0.0,0.0
2023-09-14 20:00:00,0.896,0.8971,0.8953,0.8956,3808,1.0,1.0,0.0,4466.329999999988,707,940,1,0.895,0.8937,0.0,0.0
2023-09-15 00:00:00,0.8949,0.8963,0.8935,0.8955,3057,-1.0,-1.0,0.0,4495.039999999988,708,940,0,0.0,0.0,0.0,28.71
2023-09-15 04:00:00,0.8955,0.8961,0.895,0.8952,3212,0.30785576,0.30785576,0.0,4495.039999999988,708,940,0,0.895,0.8942,0.0,0.0
2023-09-15 08:00:00,0.8952,0.8964,0.8946,0.8955,6642,0.88874817,0.88874817,0.0,4495.039999999988,708,940,1,0.8955,0.8942,0.0,0.0
2023-09-15 12:00:00,0.8955,0.8974,0.8951,0.8969,5756,-1.0,-1.0,0.0,4495.039999999988,708,940,1,0.8955,0.8942,0.0,0.0
2023-09-15 16:00:00,0.8969,0.8977,0.8952,0.8964,15029,0.43332732,0.43332732,0.0,4495.039999999988,708,940,1,0.8955,0.8942,0.0,0.0
2023-09-15 20:00:00,0.8964,0.8977,0.8962,0.8973,3396,-0.2997434,-0.2997434,0.0,4495.039999999988,708,940,1,0.8955,0.8942,0.0,0.0
2023-09-18 00:00:00,0.8946,0.8975,0.8945,0.8966,1956,0.49664024,0.49664024,0.0,4495.039999999988,708,940,1,0.8955,0.8942,0.0,0.0
2023-09-18 04:00:00,0.8966,0.8977,0.8963,0.897,2531,-0.22302449,-0.22302449,0.0,4495.039999999988,708,940,1,0.8955,0.8942,0.0,0.0
2023-09-18 08:00:00,0.897,0.8971,0.8956,0.8963,5764,-1.0,-1.0,0.0,4567.399999999988,709,940,0,0.0,0.0,0.0,72.36
2023-09-18 12:00:00,0.8963,0.8979,0.8954,0.8978,5324,0.4605259,0.4605259,0.0,4567.399999999988,709,940,0,0.8969,0.8981,0.0,0.0
2023-09-18 16:00:00,0.8978,0.8982,0.8962,0.8969,8478,-0.7052544,-0.7052544,0.0,4567.399999999988,709,940,2,0.8969,0.8988,0.0,0.0
2023-09-18 20:00:00,0.8969,0.898,0.8963,0.8968,2617,-0.5257409,-0.5257409,0.0,4567.399999999988,709,940,2,0.8969,0.8988,0.0,0.0
2023-09-19 00:00:00,0.8968,0.8973,0.8956,0.897,3579,0.53082246,0.53082246,0.0,4567.399999999988,709,940,2,0.8969,0.8988,0.0,0.0
2023-09-19 04:00:00,0.897,0.8978,0.8969,0.8973,2205,-0.9771922,-0.9771922,0.0,4567.399999999988,709,940,2,0.8969,0.8988,0.0,0.0
2023-09-19 08:00:00,0.8973,0.8983,0.8948,0.8963,6151,-0.47739622,-0.47739622,0.0,4567.399999999988,709,940,2,0.8969,0.8988,0.0,0.0
2023-09-19 12:00:00,0.8963,0.8971,0.895,0.8964,7104,1.0,1.0,0.0,4596.779999999988,710,940,0,0.0,0.0,0.0,29.38
2023-09-19 16:00:00,0.8964,0.8984,0.8963,0.8981,8365,1.0,1.0,0.0,4596.779999999988,710,940,1,0.8981,0.8966,0.0,0.0
2023-09-19 20:00:00,0.8981,0.8983,0.8974,0.8975,2644,0.5802021,0.5802021,0.0,4596.779999999988,710,940,1,0.8981,0.8966,0.0,0.0
2023-09-20 00:00:00,0.8975,0.8978,0.897,0.8975,2744,0.1936868,0.1936868,0.0,4596.779999999988,710,940,1,0.8981,0.8966,0.0,0.0
2023-09-20 04:00:00,0.8975,0.8982,0.8974,0.8981,1892,0.579732,0.579732,0.0,4596.779999999988,710,940,1,0.8981,0.8966,0.0,0.0
2023-09-20 08:00:00,0.8981,0.8984,0.8965,0.8973,7066,0.4019181,0.4019181,0.0,4596.779999999988,710,940,1,0.8981,0.8966,0.0,0.0
2023-09-20 12:00:00,0.8972,0.8978,0.8961,0.8967,5784,-0.83970743,-0.83970743,0.0,4557.289999999988,710,941,0,0.0,0.0,0.0,-39.49
2023-09-20 16:00:00,0.8967,0.8968,0.8932,0.8936,8945,0.37992096,0.37992096,0.0,4557.289999999988,710,941,0,0.8973,0.8982,0.0,0.0
2023-09-20 20:00:00,0.8936,0.8995,0.8935,0.8986,22153,-0.14138195,-0.14138195,0.0,4557.289999999988,710,941,0,0.8973,0.8982,0.0,0.0
2023-09-21 00:00:00,0.8981,0.9004,0.8973,0.9004,6999,-1.0,-1.0,0.0,4557.289999999988,710,941,2,0.9004,0.9029,0.0,0.0
2023-09-21 04:00:00,0.9004,0.9008,0.8996,0.8999,3732,-0.29589665,-0.29589665,0.0,4557.289999999988,710,941,2,0.9004,0.9029,0.0,0.0
2023-09-21 08:00:00,0.8999,0.9074,0.8986,0.9071,17653,-1.0,-1.0,0.0,4557.289999999988,710,941,2,0.9004,0.9029,0.0,0.0
2023-09-21 12:00:00,0.9071,0.9079,0.9042,0.9042,19849,-0.61306846,-0.61306846,0.0,4225.859999999988,710,942,0,0.0,0.0,0.0,-331.43
2023-09-21 16:00:00,0.9042,0.9062,0.902,0.9042,16912,0.72654825,0.72654825,0.0,4225.859999999988,710,942,1,0.9042,0.902,0.0,0.0
2023-09-21 20:00:00,0.9042,0.9047,0.903,0.9043,4469,-0.58706117,-0.58706117,0.0,4225.859999999988,710,942,1,0.9042,0.902,0.0,0.0
2023-09-22 00:00:00,0.9029,0.9053,0.9017,0.9048,2696,0.38965958,0.38965958,0.0,4225.859999999988,710,942,1,0.9042,0.902,0.0,0.0
2023-09-22 04:00:00,0.9048,0.9052,0.9043,0.9046,3413,-0.60808355,-0.60808355,0.0,4225.859999999988,710,942,1,0.9042,0.902,0.0,0.0
2023-09-22 08:00:00,0.9046,0.907,0.9043,0.9062,13479,-0.87781346,-0.87781346,0.0,4244.149999999988,711,942,0,0.0,0.0,0.0,18.29
2023-09-22 12:00:00,0.9062,0.907,0.9046,0.9054,6958,-0.44282302,-0.44282302,0.0,4244.149999999988,711,942,0,0.9054,0.9029,0.0,0.0
2023-09-22 16:00:00,0.9054,0.9066,0.9045,0.9064,9485,-0.7471198,-0.7471198,0.0,4244.149999999988,711,942,2,0.9064,0.9074,0.0,0.0
2023-09-22 20:00:00,0.9064,0.9075,0.9062,0.9068,3561,-0.9773712,-0.9773712,0.0,4244.149999999988,711,942,2,0.9064,0.9074,0.0,0.0
2023-09-25 00:00:00,0.9049,0.9076,0.9046,0.907,2818,-0.51922363,-0.51922363,0.0,4244.149999999988,711,942,2,0.9064,0.9074,0.0,0.0
2023-09-25 04:00:00,0.907,0.9082,0.907,0.908,2596,0.1569724,0.1569724,0.0,4244.149999999988,711,942,2,0.9064,0.9074,0.0,0.0
2023-09-25 08:00:00,0.908,0.9105,0.9074,0.9098,8734,0.004489419,0.004489419,0.0,4170.359999999988,711,943,0,0.0,0.0,0.0,-73.79
2023-09-25 12:00:00,0.9098,0.9112,0.9086,0.9104,7222,1.0,1.0,0.0,4170.359999999988,711,943,1,0.9104,0.9096,0.0,0.0
2023-09-25 16:00:00,0.9104,0.9136,0.9102,0.912,10836,-1.0,-1.0,0.0,4170.359999999988,711,943,1,0.9104,0.9096,0.0,0.0
2023-09-25 20:00:00,0.912,0.9125,0.9112,0.9118,3210,-1.0,-1.0,0.0,4243.169999999988,712,943,0,0.0,0.0,0.0,72.81
2023-09-26 00:00:00,0.9121,0.913,0.9108,0.9127,3311,1.0,1.0,0.0,4243.169999999988,712,943,1,0.9127,0.9102,0.0,0.0
2023-09-26 04:00:00,0.9128,0.9136,0.9121,0.9122,3339,0.14021967,0.14021967,0.0,4243.169999999988,712,943,1,0.9127,0.9102,0.0,0.0
2023-09-26 08:00:00,0.9122,0.9151,0.9121,0.9124,9826,-1.0,-1.0,0.0,4219.999999999988,712,944,0,0.0,0.0,0.0,-23.17
2023-09-26 12:00:00,0.9124,0.9132,0.9119,0.9122,7875,0.4062517,0.4062517,0.0,4219.999999999988,712,944,0,0.9122,0.9114,0.0,0.0
2023-09-26 16:00:00,0.9122,0.9147,0.9122,0.9146,11201,-1.0,-1.0,0.0,4219.999999999988,712,944,2,0.9146,0.9154,0.0,0.0
2023-09-26 20:00:00,0.9146,0.9159,0.914,0.9157,3801,-0.7010437,-0.7010437,0.0,4219.999999999988,712,944,2,0.9146,0.9154,0.0,0.0
2023-09-27 00:00:00,0.9157,0.9167,0.9122,0.9163,4182,1.0,1.0,0.0,4169.129999999988,712,945,0,0.0,0.0,0.0,-50.87
2023-09-27 04:00:00,0.9163,0.9175,0.9156,0.9171,3414,-0.3998381,-0.3998381,0.0,4169.129999999988,712,945,0,0.9171,0.9163,0.0,0.0
2023-09-27 08:00:00,0.9171,0.9177,0.9154,0.9166,7468,0.9097934,0.9097934,0.0,4169.129999999988,712,945,1,0.9166,0.9158,0.0,0.0
2023-09-27 12:00:00,0.9166,0.9193,0.916,0.9178,9367,-1.0,-1.0,0.0,4169.129999999988,712,945,1,0.9166,0.9158,0.0,0.0
2023-09-27 16:00:00,0.9178,0.9207,0.917,0.9205,14261,0.7169715,0.7169715,0.0,4169.129999999988,712,945,1,0.9166,0.9158,0.0,0.0
2023-09-27 20:00:00,0.9205,0.9225,0.9197,0.9212,7937,0.9551106,0.9551106,0.0,4169.129999999988,712,945,1,0.9166,0.9158,0.0,0.0
2023-09-28 00:00:00,0.9193,0.9211,0.9193,0.9205,3064,-0.10256938,-0.10256938,0.0,4169.129999999988,712,945,1,0.9166,0.9158,0.0,0.0
2023-09-28 04:00:00,0.9205,0.9216,0.9204,0.9208,2909,1.0,1.0,0.0,4169.129999999988,712,945,1,0.9166,0.9158,0.0,0.0
2023-09-28 08:00:00,0.9208,0.9216,0.9185,0.9185,9669,-0.81630605,-0.81630605,0.0,4362.049999999988,713,945,0,0.0,0.0,0.0,192.92
2023-09-28 12:00:00,0.9185,0.9198,0.9164,0.9196,14383,-0.56122243,-0.56122243,0.0,4362.049999999988,713,945,2,0.9196,0.9208,0.0,0.0
2023-09-28 16:00:00,0.9196,0.9196,0.9147,0.9164,18527,0.4938164,0.4938164,0.0,4362.049999999988,713,945,2,0.9196,0.9208,0.0,0.0
2023-09-28 20:00:00,0.9164,0.9171,0.9147,0.9148,5453,-1.0,-1.0,0.0,4362.049999999988,713,945,2,0.9196,0.9208,0.0,0.0
2023-09-29 00:00:00,0.9147,0.9155,0.9144,0.915,3079,-0.34432626,-0.34432626,0.0,4362.049999999988,713,945,2,0.9196,0.9208,0.0,0.0
2023-09-29 04:00:00,0.915,0.9153,0.9132,0.9134,3320,0.27431586,0.27431586,0.0,4362.049999999988,713,945,2,0.9196,0.9208,0.0,0.0
2023-09-29 08:00:00,0.9134,0.9137,0.9091,0.9098,11152,-0.35637748,-0.35637748,0.0,4362.049999999988,713,945,2,0.9196,0.9208,0.0,0.0
2023-09-29 12:00:00,0.9097,0.9132,0.9095,0.9114,13929,-1.0,-1.0,0.0,4362.049999999988,713,945,2,0.9196,0.9208,0.0,0.0
2023-09-29 16:00:00,0.9114,0.9163,0.9105,0.9145,20793,-0.6895379,-0.6895379,0.0,4362.049999999988,713,945,2,0.9196,0.9208,0.0,0.0
2023-09-29 20:00:00,0.9145,0.9161,0.9145,0.9149,6386,0.11246456,0.11246456,0.0,4362.049999999988,713,945,2,0.9196,0.9208,0.0,0.0
2023-10-02 00:00:00,0.9135,0.9161,0.9126,0.916,3456,-1.0,-1.0,0.0,4362.049999999988,713,945,2,0.9196,0.9208,0.0,0.0
2023-10-02 04:00:00,0.916,0.9163,0.9151,0.9158,2709,-0.44300988,-0.44300988,0.0,4362.049999999988,713,945,2,0.9196,0.9208,0.0,0.0
2023-10-02 08:00:00,0.9158,0.9167,0.911,0.9115,8739,-0.007286872,-0.007286872,0.0,4362.049999999988,713,945,2,0.9196,0.9208,0.0,0.0
2023-10-02 12:00:00,0.9115,0.9162,0.9114,0.9159,9458,0.7238195,0.7238195,0.0,4747.409999999988,714,945,0,0.0,0.0,0.0,385.36
2023-10-02 16:00:00,0.9159,0.9195,0.9158,0.9185,16232,0.8326576,0.8326576,0.0,4747.409999999988,714,945,1,0.9185,0.9161,0.0,0.0
2023-10-02 20:00:00,0.9185,0.9185,0.9166,0.9181,4788,-1.0,-1.0,0.0,4747.409999999988,714,945,1,0.9185,0.9161,0.0,0.0
2023-10-03 00:00:00,0.9179,0.9191,0.9171,0.9184,3932,0.010677857,0.010677857,0.0,4747.409999999988,714,945,1,0.9185,0.9161,0.0,0.0
2023-10-03 04:00:00,0.9185,0.9195,0.9183,0.9194,4653,0.027363721,0.027363721,0.0,4747.409999999988,714,945,1,0.9185,0.9161,0.0,0.0
2023-10-03 08:00:00,0.9194,0.9219,0.9188,0.9198,12526,1.0,1.0,0.0,4747.409999999988,714,945,1,0.9185,0.9161,0.0,0.0
2023-10-03 12:00:00,0.9198,0.9238,0.9198,0.9223,12891,1.0,1.0,0.0,4747.409999999988,714,945,1,0.9185,0.9161,0.0,0.0
2023-10-03 16:00:00,0.9223,0.9245,0.9201,0.9215,30607,-1.0,-1.0,0.0,4946.489999999988,715,945,0,0.0,0.0,0.0,199.08
2023-10-03 20:00:00,0.9215,0.9217,0.9202,0.9208,7325,1.0,1.0,0.0,4946.489999999988,715,945,1,0.9208,0.9191,0.0,0.0
2023-10-04 00:00:00,0.9203,0.9216,0.9197,0.921,5167,0.42628923,0.42628923,0.0,4946.489999999988,715,945,1,0.9208,0.9191,0.0,0.0
2023-10-04 04:00:00,0.921,0.9225,0.9209,0.9214,5177,-0.33209482,-0.33209482,0.0,4946.489999999988,715,945,1,0.9208,0.9191,0.0,0.0
2023-10-04 08:00:00,0.9214,0.9232,0.9182,0.9186,11861,0.74326926,0.74326926,0.0,4946.489999999988,715,945,1,0.9208,0.9191,0.0,0.0
2023-10-04 12:00:00,0.9186,0.9194,0.9144,0.915,16040,-0.18392986,-0.18392986,0.0,4826.859999999988,715,946,0,0.0,0.0,0.0,-119.63
2023-10-04 16:00:00,0.915,0.9195,0.9147,0.916,19605,-1.0,-1.0,0.0,4826.859999999988,715,946,2,0.916,0.9185,0.0,0.0
2023-10-04 20:00:00,0.916,0.9175,0.9155,0.917,6300,-0.81397575,-0.81397575,0.0,4826.859999999988,715,946,2,0.916,0.9185,0.0,0.0
2023-10-05 00:00:00,0.9167,0.9173,0.9148,0.9149,3722,1.0,1.0,0.0,4773.889999999988,715,947,0,0.0,0.0,0.0,-52.97
2023-10-05 04:00:00,0.9149,0.9149,0.9134,0.9141,5178,0.2939902,0.2939902,0.0,4773.889999999988,715,947,0,0.0,0.0,0.0,0.0
2023-10-05 08:00:00,0.9142,0.9181,0.9137,0.9178,9889,0.3034956,0.3034956,0.0,4773.889999999988,715,947,0,0.9178,0.9186,0.0,0.0
2023-10-05 12:00:00,0.9178,0.9182,0.914,0.9159,15848,-0.43966538,-0.43966538,0.0,4773.889999999988,715,947,0,0.9178,0.9186,0.0,0.0
2023-10-05 16:00:00,0.9159,0.917,0.9131,0.9137,19048,-1.0,-1.0,0.0,4773.889999999988,715,947,2,0.9137,0.9162,0.0,0.0
2023-10-05 20:00:00,0.9137,0.9142,0.9121,0.9122,6983,-0.44166228,-0.44166228,0.0,4773.889999999988,715,947,2,0.9137,0.9162,0.0,0.0
2023-10-06 00:00:00,0.9118,0.9133,0.9107,0.9132,5902,0.20954512,0.20954512,0.0,4773.889999999988,715,947,2,0.9137,0.9162,0.0,0.0
2023-10-06 04:00:00,0.9132,0.9136,0.9127,0.9135,4678,1.0,1.0,0.0,4799.959999999987,716,947,0,0.0,0.0,0.0,26.07
2023-10-06 08:00:00,0.9135,0.9146,0.9121,0.9129,10936,-0.9691559,-0.9691559,0.0,4799.959999999987,716,947,2,0.9129,0.9139,0.0,0.0
2023-10-06 12:00:00,0.9129,0.9176,0.9109,0.9167,20278,-0.48427337,-0.48427337,0.0,4799.959999999987,716,947,2,0.9129,0.9139,0.0,0.0
2023-10-06 16:00:00,0.9167,0.9173,0.9073,0.9101,29721,0.025342721,0.025342721,0.0,4599.879999999987,716,948,0,0.0,0.0,0.0,-200.08
2023-10-06 20:00:00,0.9101,0.9104,0.9087,0.9096,5347,-1.0,-1.0,0.0,4599.879999999987,716,948,2,0.9096,0.911,0.0,0.0
2023-10-09 00:00:00,0.9078,0.9102,0.9078,0.908,6425,1.0,1.0,0.0,4599.879999999987,716,948,2,0.9096,0.911,0.0,0.0
2023-10-09 04:00:00,0.908,0.9107,0.9079,0.9104,4757,-0.26370552,-0.26370552,0.0,4599.879999999987,716,948,2,0.9096,0.911,0.0,0.0
2023-10-09 08:00:00,0.9104,0.9124,0.9091,0.9106,13107,0.58404726,0.58404726,0.0,4599.879999999987,716,948,2,0.9096,0.911,0.0,0.0
2023-10-09 12:00:00,0.9106,0.9108,0.9083,0.9086,10170,-0.24574356,-0.24574356,0.0,4599.879999999987,716,948,2,0.9096,0.911,0.0,0.0
2023-10-09 16:00:00,0.9086,0.9087,0.9063,0.9081,14111,0.9222578,0.9222578,0.0,4649.879999999987,717,948,0,0.0,0.0,0.0,50.0
2023-10-09 20:00:00,0.9081,0.9081,0.9049,0.9064,4943,1.0,1.0,0.0,4649.879999999987,717,948,1,0.9064,0.9056,0.0,0.0
2023-10-10 00:00:00,0.9063,0.9067,0.9044,0.9054,6133,0.95142347,0.95142347,0.0,4649.879999999987,717,948,1,0.9064,0.9056,0.0,0.0
2023-10-10 04:00:00,0.9054,0.9064,0.9044,0.9062,6509,0.35837874,0.35837874,0.0,4599.489999999987,717,949,0,0.0,0.0,0.0,-50.39
2023-10-10 08:00:00,0.9062,0.9073,0.9036,0.9041,16888,1.0,1.0,0.0,4599.489999999987,717,949,1,0.9041,0.9026,0.0,0.0
2023-10-10 12:00:00,0.9041,0.9078,0.9034,0.9068,15316,1.0,1.0,0.0,4599.489999999987,717,949,1,0.9041,0.9026,0.0,0.0
2023-10-10 16:00:00,0.9069,0.9083,0.9037,0.9039,14861,0.82016367,0.82016367,0.0,4599.489999999987,717,949,1,0.9041,0.9026,0.0,0.0
2023-10-10 20:00:00,0.904,0.9055,0.9038,0.9044,5922,0.9708883,0.9708883,0.0,4599.489999999987,717,949,1,0.9041,0.9026,0.0,0.0
2023-10-11 00:00:00,0.9036,0.9049,0.9034,0.9042,3482,0.9512863,0.9512863,0.0,4599.489999999987,717,949,1,0.9041,0.9026,0.0,0.0
2023-10-11 04:00:00,0.9042,0.905,0.9038,0.9049,5230,0.7833108,0.7833108,0.0,4599.489999999987,717,949,1,0.9041,0.9026,0.0,0.0
2023-10-11 08:00:00,0.9049,0.9054,0.9026,0.9028,14494,1.0,1.0,0.0,4599.489999999987,717,949,1,0.9041,0.9026,0.0,0.0
2023-10-11 12:00:00,0.9028,0.9049,0.9018,0.902,19022,0.31166354,0.31166354,0.0,4599.489999999987,717,949,1,0.9041,0.9026,0.0,0.0
2023-10-11 16:00:00,0.902,0.9034,0.9002,0.9027,18830,1.0,1.0,0.0,4495.229999999987,717,950,0,0.0,0.0,0.0,-104.26
2023-10-11 20:00:00,0.9027,0.9047,0.9016,0.902,6739,0.7002723,0.7002723,0.0,4495.229999999987,717,950,1,0.902,0.9006,0.0,0.0
2023-10-12 00:00:00,0.9007,0.902,0.9003,0.9011,4885,0.14646076,0.14646076,0.0,4495.229999999987,717,950,1,0.902,0.9006,0.0,0.0
2023-10-12 04:00:00,0.9011,0.9012,0.9002,0.9006,5125,0.20432317,0.20432317,0.0,4495.229999999987,717,950,1,0.902,0.9006,0.0,0.0
2023-10-12 08:00:00,0.9006,0.9016,0.8987,0.9,9698,0.861463,0.861463,0.0,4427.399999999987,717,951,0,0.0,0.0,0.0,-67.83
2023-10-12 12:00:00,0.9,0.9045,0.8994,0.9027,16325,0.45798633,0.45798633,0.0,4427.399999999987,717,951,0,0.0,0.0,0.0,0.0
2023-10-12 16:00:00,0.9027,0.9072,0.9022,0.907,19175,1.0,1.0,0.0,4427.399999999987,717,951,1,0.907,0.9052,0.0,0.0
2023-10-12 20:00:00,0.907,0.9088,0.907,0.9082,8300,0.49078017,0.49078017,0.0,4427.399999999987,717,951,1,0.907,0.9052,0.0,0.0
2023-10-13 00:00:00,0.9081,0.9085,0.9066,0.9072,4856,1.0,1.0,0.0,4427.399999999987,717,951,1,0.907,0.9052,0.0,0.0
2023-10-13 04:00:00,0.9072,0.9075,0.9065,0.9065,4174,0.89295465,0.89295465,0.0,4427.399999999987,717,951,1,0.907,0.9052,0.0,0.0
2023-10-13 08:00:00,0.9065,0.9081,0.9056,0.9065,13728,-0.6765463,-0.6765463,0.0,4403.3799999999865,717,952,0,0.0,0.0,0.0,-24.02
2023-10-13 12:00:00,0.9065,0.9085,0.9047,0.9053,14683,-1.0,-1.0,0.0,4403.3799999999865,717,952,2,0.9053,0.9078,0.0,0.0
2023-10-13 16:00:00,0.9052,0.9064,0.9007,0.9013,18905,-1.0,-1.0,0.0,4403.3799999999865,717,952,2,0.9053,0.9078,0.0,0.0
2023-10-13 20:00:00,0.9013,0.9026,0.9002,0.9023,5376,-0.38873243,-0.38873243,0.0,4403.3799999999865,717,952,2,0.9053,0.9078,0.0,0.0
2023-10-16 00:00:00,0.9,0.9029,0.9,0.9023,6544,-0.66135156,-0.66135156,0.0,4403.3799999999865,717,952,2,0.9053,0.9078,0.0,0.0
2023-10-16 04:00:00,0.9023,0.9023,0.9013,0.9015,3628,-0.8397995,-0.8397995,0.0,4403.3799999999865,717,952,2,0.9053,0.9078,0.0,0.0
2023-10-16 08:00:00,0.9015,0.9042,0.9011,0.9027,12647,0.15173358,0.15173358,0.0,4403.3799999999865,717,952,2,0.9053,0.9078,0.0,0.0
2023-10-16 12:00:00,0.9027,0.9032,0.9007,0.9011,11501,1.0,1.0,0.0,4527.029999999986,718,952,0,0.0,0.0,0.0,123.65
2023-10-16 16:00:00,0.9011,0.9034,0.9003,0.9006,12812,-0.31913865,-0.31913865,0.0,4527.029999999986,718,952,0,0.9006,0.8998,0.0,0.0
2023-10-16 20:00:00,0.9005,0.901,0.8995,0.9001,3639,0.3346176,0.3346176,0.0,4527.029999999986,718,952,0,0.9006,0.8998,0.0,0.0
2023-10-17 00:00:00,0.8996,0.9005,0.8988,0.9002,7437,0.06502531,0.06502531,0.0,4527.029999999986,718,952,0,0.9006,0.8998,0.0,0.0
2023-10-17 04:00:00,0.9002,0.9013,0.9002,0.9011,3356,0.13694353,0.13694353,0.0,4527.029999999986,718,952,0,0.9006,0.8998,0.0,0.0
2023-10-17 08:00:00,0.9011,0.903,0.9008,0.9026,8577,0.59884477,0.59884477,0.0,4527.029999999986,718,952,1,0.9026,0.9001,0.0,0.0
2023-10-17 12:00:00,0.9026,0.9032,0.8994,0.9023,15447,-1.0,-1.0,0.0,4527.029999999986,718,952,1,0.9026,0.9001,0.0,0.0
2023-10-17 16:00:00,0.9023,0.9027,0.899,0.9007,20738,-0.36995733,-0.36995733,0.0,4527.029999999986,718,952,1,0.9026,0.9001,0.0,0.0
2023-10-17 20:00:00,0.9007,0.9013,0.8996,0.9001,4829,-0.4640438,-0.4640438,0.0,4527.029999999986,718,952,1,0.9026,0.9001,0.0,0.0
2023-10-18 00:00:00,0.8998,0.9008,0.8989,0.9006,4413,-0.39444572,-0.39444572,0.0,4405.119999999986,718,953,0,0.0,0.0,0.0,-121.91
2023-10-18 04:00:00,0.9006,0.9007,0.8988,0.8992,5221,1.0,1.0,0.0,4405.119999999986,718,953,1,0.8992,0.898,0.0,0.0
2023-10-18 08:00:00,0.8992,0.9001,0.8974,0.899,12945,-0.10243505,-0.10243505,0.0,4405.119999999986,718,953,1,0.8992,0.898,0.0,0.0
2023-10-18 12:00:00,0.8991,0.8997,0.8975,0.8987,14197,-0.8163595,-0.8163595,0.0,4395.6299999999865,718,954,0,0.0,0.0,0.0,-9.49
2023-10-18 16:00:00,0.8987,0.8994,0.8954,0.8985,20626,1.0,1.0,0.0,4395.6299999999865,718,954,1,0.8985,0.8967,0.0,0.0
2023-10-18 20:00:00,0.8985,0.8992,0.8972,0.899,6953,-0.057089783,-0.057089783,0.0,4395.6299999999865,718,954,1,0.8985,0.8967,0.0,0.0
2023-10-19 00:00:00,0.8983,0.8991,0.8975,0.8988,4160,0.6285481,0.6285481,0.0,4395.6299999999865,718,954,1,0.8985,0.8967,0.0,0.0
2023-10-19 04:00:00,0.8988,0.8995,0.8983,0.899,4482,0.6783031,0.6783031,0.0,4395.6299999999865,718,954,1,0.8985,0.8967,0.0,0.0
2023-10-19 08:00:00,0.899,0.9002,0.8974,0.8994,13280,-0.5881755,-0.5881755,0.0,4419.259999999987,719,954,0,0.0,0.0,0.0,23.63
2023-10-19 12:00:00,0.8994,0.8995,0.8959,0.8964,13789,0.27629685,0.27629685,0.0,4419.259999999987,719,954,0,0.8987,0.8979,0.0,0.0
2023-10-19 16:00:00,0.8965,0.8976,0.8928,0.8934,28047,-0.22923142,-0.22923142,0.0,4419.259999999987,719,954,0,0.0,0.0,0.0,0.0
2023-10-19 20:00:00,0.8933,0.8938,0.8908,0.8912,13322,-0.20696801,-0.20696801,0.0,4419.259999999987,719,954,0,0.8912,0.8887,0.0,0.0
2023-10-20 00:00:00,0.8912,0.8929,0.8905,0.8923,5869,1.0,1.0,0.0,4419.259999999987,719,954,1,0.8923,0.8915,0.0,0.0
2023-10-20 04:00:00,0.8923,0.8929,0.8914,0.8929,4757,-0.024553752,-0.024553752,0.0,4419.259999999987,719,954,1,0.8923,0.8915,0.0,0.0
2023-10-20 08:00:00,0.8929,0.8935,0.8902,0.8915,13968,-0.95188844,-0.95188844,0.0,4447.579999999986,720,954,0,0.0,0.0,0.0,28.32
2023-10-20 12:00:00,0.8915,0.8932,0.8908,0.8927,12265,-1.0,-1.0,0.0,4447.579999999986,720,954,2,0.8927,0.8952,0.0,0.0
2023-10-20 16:00:00,0.8927,0.8934,0.8907,0.8921,15643,0.11158049,0.11158049,0.0,4447.579999999986,720,954,2,0.8927,0.8952,0.0,0.0
2023-10-20 20:00:00,0.8921,0.8927,0.891,0.8922,8273,-1.0,-1.0,0.0,4447.579999999986,720,954,2,0.8927,0.8952,0.0,0.0
2023-10-23 00:00:00,0.89,0.8937,0.89,0.8934,7930,-1.0,-1.0,0.0,4447.579999999986,720,954,2,0.8927,0.8952,0.0,0.0
2023-10-23 04:00:00,0.8934,0.8949,0.8934,0.8946,3636,-1.0,-1.0,0.0,4447.579999999986,720,954,2,0.8927,0.8952,0.0,0.0
2023-10-23 08:00:00,0.8946,0.8957,0.892,0.8924,12612,-0.007117552,-0.007117552,0.0,4447.579999999986,720,954,2,0.8927,0.8952,0.0,0.0
2023-10-23 12:00:00,0.8924,0.8936,0.8913,0.8934,11297,-0.47024038,-0.47024038,0.0,4447.579999999986,720,954,2,0.8927,0.8952,0.0,0.0
2023-10-23 16:00:00,0.8934,0.8948,0.8912,0.8914,14906,0.15241838,0.15241838,0.0,4447.579999999986,720,954,2,0.8927,0.8952,0.0,0.0
2023-10-23 20:00:00,0.8914,0.8922,0.8905,0.891,4744,-1.0,-1.0,0.0,4447.579999999986,720,954,2,0.8927,0.8952,0.0,0.0
2023-10-24 00:00:00,0.8904,0.8915,0.8898,0.8908,4859,-0.058105044,-0.058105044,0.0,4447.579999999986,720,954,2,0.8927,0.8952,0.0,0.0
2023-10-24 04:00:00,0.8908,0.8912,0.8899,0.8906,3790,-0.7695806,-0.7695806,0.0,4447.579999999986,720,954,2,0.8927,0.8952,0.0,0.0
2023-10-24 08:00:00,0.8906,0.8923,0.8888,0.8916,13407,0.5199237,0.5199237,0.0,4547.099999999987,721,954,0,0.0,0.0,0.0,99.52
2023-10-24 12:00:00,0.8916,0.8942,0.8916,0.8938,10299,-0.3257968,-0.3257968,0.0,4547.099999999987,721,954,0,0.8914,0.8922,0.0,0.0
2023-10-24 16:00:00,0.8938,0.8953,0.8928,0.8937,17196,0.6286209,0.6286209,0.0,4547.099999999987,721,954,1,0.8937,0.8929,0.0,0.0
2023-10-24 20:00:00,0.8937,0.8939,0.8928,0.893,4367,-1.0,-1.0,0.0,4547.099999999987,721,954,1,0.8937,0.8929,0.0,0.0
2023-10-25 00:00:00,0.8929,0.8936,0.8922,0.893,6057,0.37449005,0.37449005,0.0,4547.099999999987,721,954,1,0.8937,0.8929,0.0,0.0
2023-10-25 04:00:00,0.893,0.8932,0.8925,0.8927,3044,-0.30687422,-0.30687422,0.0,4547.099999999987,721,954,1,0.8937,0.8929,0.0,0.0
2023-10-25 08:00:00,0.8926,0.8952,0.8921,0.8951,9464,-0.2004753,-0.2004753,0.0,4498.519999999987,721,955,0,0.0,0.0,0.0,-48.58
2023-10-25 12:00:00,0.8951,0.8965,0.895,0.8953,9370,0.2385981,0.2385981,0.0,4498.519999999987,721,955,0,0.0,0.0,0.0,0.0
2023-10-25 16:00:00,0.8953,0.8968,0.8942,0.8963,15387,-1.0,-1.0,0.0,4498.519999999987,721,955,2,0.8963,0.8971,0.0,0.0
2023-10-25 20:00:00,0.8963,0.8969,0.8959,0.8968,5055,0.14965844,0.14965844,0.0,4498.519999999987,721,955,2,0.8963,0.8971,0.0,0.0
2023-10-26 00:00:00,0.8963,0.8974,0.8963,0.8971,5975,-1.0,-1.0,0.0,4498.519999999987,721,955,2,0.8963,0.8971,0.0,0.0
2023-10-26 04:00:00,0.897,0.8982,0.8968,0.8981,5756,-1.0,-1.0,0.0,4459.8799999999865,721,956,0,0.0,0.0,0.0,-38.64
2023-10-26 08:00:00,0.8981,0.8999,0.8979,0.8996,12474,-0.90292186,-0.90292186,0.0,4459.8799999999865,721,956,2,0.8996,0.9004,0.0,0.0
2023-10-26 12:00:00,0.8996,0.8999,0.8967,0.8968,17558,0.26104254,0.26104254,0.0,4459.8799999999865,721,956,2,0.8996,0.9004,0.0,0.0
2023-10-26 16:00:00,0.8967,0.9005,0.8963,0.9001,17885,-1.0,-1.0,0.0,4459.8799999999865,721,956,2,0.8996,0.9004,0.0,0.0
2023-10-26 20:00:00,0.9001,0.9002,0.8986,0.8988,6356,-1.0,-1.0,0.0,4459.8799999999865,721,956,2,0.8996,0.9004,0.0,0.0
2023-10-27 00:00:00,0.897,0.8992,0.897,0.8992,5908,0.06431627,0.06431627,0.0,4459.8799999999865,721,956,2,0.8996,0.9004,0.0,0.0
2023-10-27 04:00:00,0.8992,0.8995,0.898,0.8985,5142,-0.9060231,-0.9060231,0.0,4459.8799999999865,721,956,2,0.8996,0.9004,0.0,0.0
2023-10-27 08:00:00,0.8985,0.9012,0.8984,0.9005,10339,-1.0,-1.0,0.0,4459.8799999999865,721,956,2,0.8996,0.9004,0.0,0.0
2023-10-27 12:00:00,0.9005,0.9025,0.8993,0.9015,13223,-1.0,-1.0,0.0,4416.619999999986,721,957,0,0.0,0.0,0.0,-43.26
2023-10-27 16:00:00,0.9015,0.9035,0.9004,0.903,20893,0.029394299,0.029394299,0.0,4416.619999999986,721,957,0,0.0,0.0,0.0,0.0
2023-10-27 20:00:00,0.903,0.9034,0.901,0.9024,6861,1.0,1.0,0.0,4416.619999999986,721,957,1,0.9024,0.9016,0.0,0.0
2023-10-30 00:00:00,0.9011,0.9032,0.9011,0.9029,3390,0.4378662,0.4378662,0.0,4416.619999999986,721,957,1,0.9024,0.9016,0.0,0.0
2023-10-30 04:00:00,0.903,0.9035,0.9028,0.9031,2216,-0.022814356,-0.022814356,0.0,4416.619999999986,721,957,1,0.9024,0.9016,0.0,0.0
2023-10-30 08:00:00,0.9031,0.9041,0.9021,0.9032,10194,0.436571,0.436571,0.0,4416.619999999986,721,957,1,0.9024,0.9016,0.0,0.0
2023-10-30 12:00:00,0.9032,0.9049,0.9016,0.9022,11848,-1.0,-1.0,0.0,4454.7999999999865,722,957,0,0.0,0.0,0.0,38.18
2023-10-30 16:00:00,0.9022,0.9031,0.9008,0.9023,13390,-0.9445609,-0.9445609,0.0,4454.7999999999865,722,957,2,0.9023,0.9031,0.0,0.0
2023-10-30 20:00:00,0.9023,0.9024,0.9006,0.9013,3561,1.0,1.0,0.0,4454.7999999999865,722,957,2,0.9023,0.9031,0.0,0.0
2023-10-31 00:00:00,0.9019,0.9024,0.9016,0.9019,3472,0.63585365,0.63585365,0.0,4454.7999999999865,722,957,2,0.9023,0.9031,0.0,0.0
2023-10-31 04:00:00,0.9019,0.9031,0.9019,0.9019,5302,-1.0,-1.0,0.0,4454.7999999999865,722,957,2,0.9023,0.9031,0.0,0.0
2023-10-31 08:00:00,0.9019,0.9028,0.901,0.9018,12069,-0.59213066,-0.59213066,0.0,4454.7999999999865,722,957,2,0.9023,0.9031,0.0,0.0
2023-10-31 12:00:00,0.9018,0.9069,0.9011,0.9065,15869,0.6369642,0.6369642,0.0,4478.829999999986,723,957,0,0.0,0.0,0.0,24.03
2023-10-31 16:00:00,0.9064,0.9104,0.9061,0.9096,20045,-0.10003349,-0.10003349,0.0,4478.829999999986,723,957,0,0.0,0.0,0.0,0.0
2023-10-31 20:00:00,0.9096,0.9106,0.9061,0.9095,7130,-0.92200696,-0.92200696,0.0,4478.829999999986,723,957,2,0.9095,0.9104,0.0,0.0
2023-11-01 00:00:00,0.9097,0.9107,0.9095,0.9103,3764,-0.23356164,-0.23356164,0.0,4478.829999999986,723,957,2,0.9095,0.9104,0.0,0.0
2023-11-01 04:00:00,0.9104,0.9106,0.9094,0.9095,3538,-1.0,-1.0,0.0,4478.829999999986,723,957,2,0.9095,0.9104,0.0,0.0
2023-11-01 08:00:00,0.9095,0.9101,0.9084,0.9096,11064,0.95283073,0.95283073,0.0,4478.819999999986,723,958,0,0.0,0.0,0.0,-0.01
2023-11-01 12:00:00,0.9095,0.9097,0.9071,0.9097,15850,0.81142956,0.81142956,0.0,4478.819999999986,723,958,1,0.9097,0.9089,0.0,0.0
2023-11-01 16:00:00,0.9097,0.9107,0.907,0.9103,17160,-1.0,-1.0,0.0,4478.819999999986,723,958,1,0.9097,0.9089,0.0,0.0
2023-11-01 20:00:00,0.9103,0.9112,0.9058,0.907,22010,-0.61396635,-0.61396635,0.0,4478.819999999986,723,958,1,0.9097,0.9089,0.0,0.0
2023-11-02 00:00:00,0.9077,0.9078,0.9045,0.9048,4534,1.0,1.0,0.0,4347.569999999986,723,959,0,0.0,0.0,0.0,-131.25
2023-11-02 04:00:00,0.9048,0.905,0.9024,0.9041,5356,0.16648118,0.16648118,0.0,4347.569999999986,723,959,0,0.9103,0.9114,0.0,0.0
2023-11-02 08:00:00,0.9042,0.9057,0.9028,0.9031,13107,1.0,1.0,0.0,4347.569999999986,723,959,1,0.9031,0.9023,0.0,0.0
2023-11-02 12:00:00,0.9031,0.905,0.9018,0.9034,15843,-0.847381,-0.847381,0.0,4347.569999999986,723,959,1,0.9031,0.9023,0.0,0.0
2023-11-02 16:00:00,0.9034,0.9069,0.9033,0.9051,12176,-1.0,-1.0,0.0,4361.659999999986,724,959,0,0.0,0.0,0.0,14.09
2023-11-02 20:00:00,0.9051,0.9063,0.9048,0.9056,6304,-0.35026613,-0.35026613,0.0,4361.659999999986,724,959,0,0.9056,0.9064,0.0,0.0
2023-11-03 00:00:00,0.9056,0.9061,0.9055,0.9057,3147,1.0,1.0,0.0,4361.659999999986,724,959,1,0.9057,0.9034,0.0,0.0
2023-11-03 04:00:00,0.9057,0.9058,0.905,0.9051,3930,-0.7519912,-0.7519912,0.0,4361.659999999986,724,959,1,0.9057,0.9034,0.0,0.0
2023-11-03 08:00:00,0.9051,0.9074,0.9039,0.9042,8901,-0.82992065,-0.82992065,0.0,4333.309999999986,724,960,0,0.0,0.0,0.0,-28.35
2023-11-03 12:00:00,0.9042,0.9051,0.8985,0.9003,22171,-0.8769488,-0.8769488,0.0,4333.309999999986,724,960,2,0.9003,0.9028,0.0,0.0
2023-11-03 16:00:00,0.9001,0.9014,0.8965,0.8979,20942,-0.413243,-0.413243,0.0,4333.309999999986,724,960,2,0.9003,0.9028,0.0,0.0
2023-11-03 20:00:00,0.8979,0.8995,0.8975,0.8992,2618,-0.25297433,-0.25297433,0.0,4333.309999999986,724,960,2,0.9003,0.9028,0.0,0.0
2023-11-06 00:00:00,0.8984,0.8996,0.8966,0.8981,10397,0.96563494,0.96563494,0.0,4384.589999999986,725,960,0,0.0,0.0,0.0,51.28
2023-11-06 04:00:00,0.8981,0.8982,0.8967,0.897,4060,0.10226017,0.10226017,0.0,4384.589999999986,725,960,0,0.0,0.0,0.0,0.0
2023-11-06 08:00:00,0.8971,0.8981,0.8954,0.8962,10351,1.0,1.0,0.0,4384.589999999986,725,960,1,0.8962,0.8954,0.0,0.0
2023-11-06 12:00:00,0.8962,0.8988,0.8959,0.8982,7471,0.22368781,0.22368781,0.0,4384.589999999986,725,960,1,0.8962,0.8954,0.0,0.0
2023-11-06 16:00:00,0.8982,0.8986,0.8968,0.8978,7377,-1.0,-1.0,0.0,4478.829999999985,726,960,0,0.0,0.0,0.0,94.24
2023-11-06 20:00:00,0.8978,0.8994,0.8977,0.8993,2944,-0.3114097,-0.3114097,0.0,4478.829999999985,726,960,0,0.8993,0.9001,0.0,0.0
2023-11-07 00:00:00,0.899,0.8994,0.8974,0.8991,2879,-0.37769938,-0.37769938,0.0,4478.829999999985,726,960,0,0.8993,0.9001,0.0,0.0
2023-11-07 04:00:00,0.8991,0.9007,0.899,0.9003,2896,0.06349972,0.06349972,0.0,4478.829999999985,726,960,0,0.8993,0.9001,0.0,0.0
2023-11-07 08:00:00,0.9003,0.9012,0.899,0.9002,8072,-1.0,-1.0,0.0,4478.829999999985,726,960,2,0.9002,0.9027,0.0,0.0
2023-11-07 12:00:00,0.9002,0.9016,0.8994,0.9007,8982,-1.0,-1.0,0.0,4478.829999999985,726,960,2,0.9002,0.9027,0.0,0.0
2023-11-07 16:00:00,0.9007,0.9019,0.8992,0.9013,10354,-0.50655174,-0.50655174,0.0,4478.829999999985,726,960,2,0.9002,0.9027,0.0,0.0
2023-11-07 20:00:00,0.9013,0.9014,0.8996,0.9,3830,-0.65571475,-0.65571475,0.0,4478.829999999985,726,960,2,0.9002,0.9027,0.0,0.0
2023-11-08 00:00:00,0.8997,0.9011,0.8971,0.9005,2834,-0.8278745,-0.8278745,0.0,4478.829999999985,726,960,2,0.9002,0.9027,0.0,0.0
2023-11-08 04:00:00,0.9005,0.9011,0.8998,0.901,2136,0.37181258,0.37181258,0.0,4478.829999999985,726,960,2,0.9002,0.9027,0.0,0.0
2023-11-08 08:00:00,0.9011,0.9024,0.901,0.902,9012,0.7343471,0.7343471,0.0,4440.189999999985,726,961,0,0.0,0.0,0.0,-38.64
2023-11-08 12:00:00,0.902,0.9024,0.8994,0.9002,8561,-0.96442765,-0.96442765,0.0,4440.189999999985,726,961,2,0.9002,0.901,0.0,0.0
2023-11-08 16:00:00,0.9002,0.9006,0.8977,0.8993,11796,1.0,1.0,0.0,4440.189999999985,726,961,2,0.9002,0.901,0.0,0.0
2023-11-08 20:00:00,0.8993,0.9,0.8987,0.8992,3726,0.19304125,0.19304125,0.0,4440.189999999985,726,961,2,0.9002,0.901,0.0,0.0
2023-11-09 00:00:00,0.8979,0.8997,0.8974,0.8988,3610,0.502088,0.502088,0.0,4440.189999999985,726,961,2,0.9002,0.901,0.0,0.0
2023-11-09 04:00:00,0.8988,0.8999,0.8988,0.8997,1856,-1.0,-1.0,0.0,4440.189999999985,726,961,2,0.9002,0.901,0.0,0.0
2023-11-09 08:00:00,0.8997,0.901,0.8992,0.9006,7459,-0.63852406,-0.63852406,0.0,4440.189999999985,726,961,2,0.9002,0.901,0.0,0.0
2023-11-09 12:00:00,0.9005,0.9016,0.9,0.9001,7604,-1.0,-1.0,0.0,4440.189999999985,726,961,2,0.9002,0.901,0.0,0.0
2023-11-09 16:00:00,0.9001,0.9007,0.8991,0.9005,8821,0.34401572,0.34401572,0.0,4440.189999999985,726,961,2,0.9002,0.901,0.0,0.0
2023-11-09 20:00:00,0.9005,0.9041,0.9,0.9027,11605,0.22178194,0.22178194,0.0,4440.189999999985,726,961,2,0.9002,0.901,0.0,0.0
2023-11-10 00:00:00,0.9022,0.9037,0.9021,0.9032,2889,-1.0,-1.0,0.0,4320.279999999985,726,962,0,0.0,0.0,0.0,-119.91
2023-11-10 04:00:00,0.9032,0.9037,0.9029,0.9034,1727,1.0,1.0,0.0,4320.279999999985,726,962,1,0.9034,0.9012,0.0,0.0
2023-11-10 08:00:00,0.9035,0.9046,0.902,0.9023,7684,1.0,1.0,0.0,4320.279999999985,726,962,1,0.9034,0.9012,0.0,0.0
2023-11-10 12:00:00,0.9023,0.9028,0.9002,0.9016,9456,1.0,1.0,0.0,4320.279999999985,726,962,1,0.9034,0.9012,0.0,0.0
2023-11-10 16:00:00,0.9015,0.9038,0.9013,0.9024,14888,0.96311164,0.96311164,0.0,4320.279999999985,726,962,1,0.9034,0.9012,0.0,0.0
2023-11-10 20:00:00,0.9023,0.903,0.9002,0.9002,3849,1.0,1.0,0.0,4320.279999999985,726,962,1,0.9034,0.9012,0.0,0.0
2023-11-13 00:00:00,0.9008,0.9026,0.9008,0.9021,3078,0.5784447,0.5784447,0.0,4171.349999999985,726,963,0,0.0,0.0,0.0,-148.93
2023-11-13 04:00:00,0.9021,0.9027,0.902,0.9023,2928,-0.4819645,-0.4819645,0.0,4171.349999999985,726,963,0,0.0,0.0,0.0,0.0
2023-11-13 08:00:00,0.9023,0.9025,0.9011,0.9021,8357,0.42011046,0.42011046,0.0,4171.349999999985,726,963,0,0.9021,0.9029,0.0,0.0
2023-11-13 12:00:00,0.9021,0.9052,0.902,0.9041,6463,-1.0,-1.0,0.0,4171.349999999985,726,963,2,0.9041,0.9049,0.0,0.0
2023-11-13 16:00:00,0.9041,0.9045,0.9007,0.9019,11909,-0.5524647,-0.5524647,0.0,4171.349999999985,726,963,2,0.9041,0.9049,0.0,0.0
2023-11-13 20:00:00,0.9019,0.9024,0.9013,0.9015,3526,-0.22829197,-0.22829197,0.0,4171.349999999985,726,963,2,0.9041,0.9049,0.0,0.0
2023-11-14 00:00:00,0.9006,0.9022,0.9006,0.9021,3077,1.0,1.0,0.0,4288.3299999999845,727,963,0,0.0,0.0,0.0,116.98
2023-11-14 04:00:00,0.9021,0.9026,0.9017,0.9025,1604,-0.108765274,-0.108765274,0.0,4288.3299999999845,727,963,0,0.0,0.0,0.0,0.0
2023-11-14 08:00:00,0.9025,0.9026,0.9009,0.9015,6148,-0.27711636,-0.27711636,0.0,4288.3299999999845,727,963,0,0.9015,0.9023,0.0,0.0
2023-11-14 12:00:00,0.9015,0.9027,0.8947,0.8962,18127,0.5293767,0.5293767,0.0,4288.3299999999845,727,963,1,0.8962,0.8954,0.0,0.0
2023-11-14 16:00:00,0.8962,0.8963,0.8902,0.8903,21731,-0.48953554,-0.48953554,0.0,4288.3299999999845,727,963,1,0.8962,0.8954,0.0,0.0
2023-11-14 20:00:00,0.8903,0.8903,0.8879,0.8889,3902,1.0,1.0,0.0,4018.7799999999843,727,964,0,0.0,0.0,0.0,-269.55
2023-11-15 00:00:00,0.888,0.8902,0.8876,0.8895,6019,-0.4850511,-0.4850511,0.0,4018.7799999999843,727,964,0,0.8962,0.8974,0.0,0.0
2023-11-15 04:00:00,0.8895,0.8895,0.8882,0.8888,3031,0.8995182,0.8995182,0.0,4018.7799999999843,727,964,1,0.8888,0.8868,0.0,0.0
2023-11-15 08:00:00,0.8888,0.8893,0.8868,0.8891,10787,0.7037541,0.7037541,0.0,4018.7799999999843,727,964,1,0.8888,0.8868,0.0,0.0
2023-11-15 12:00:00,0.8891,0.8892,0.8855,0.8875,11133,0.81557745,0.81557745,0.0,4018.7799999999843,727,964,1,0.8888,0.8868,0.0,0.0
2023-11-15 16:00:00,0.8875,0.8893,0.886,0.8875,14690,0.2158958,0.2158958,0.0,4018.7799999999843,727,964,1,0.8888,0.8868,0.0,0.0
2023-11-15 20:00:00,0.8875,0.8888,0.8874,0.888,3670,-0.96613306,-0.96613306,0.0,3963.2899999999845,727,965,0,0.0,0.0,0.0,-55.49
2023-11-16 00:00:00,0.8879,0.8883,0.8863,0.888,4394,-0.90029424,-0.90029424,0.0,3963.2899999999845,727,965,2,0.888,0.8888,0.0,0.0
2023-11-16 04:00:00,0.888,0.8888,0.8879,0.8885,2730,0.28785822,0.28785822,0.0,3963.2899999999845,727,965,2,0.888,0.8888,0.0,0.0
2023-11-16 08:00:00,0.8885,0.8897,0.8879,0.8892,7317,0.3031491,0.3031491,0.0,3963.2899999999845,727,965,2,0.888,0.8888,0.0,0.0
2023-11-16 12:00:00,0.8892,0.89,0.8872,0.8873,10570,0.61661506,0.61661506,0.0,3912.6799999999844,727,966,0,0.0,0.0,0.0,-50.61
2023-11-16 16:00:00,0.8873,0.8886,0.8854,0.8879,15830,-0.07723246,-0.07723246,0.0,3912.6799999999844,727,966,0,0.0,0.0,0.0,0.0
2023-11-16 20:00:00,0.8879,0.8891,0.8875,0.8886,2810,-0.7404719,-0.7404719,0.0,3912.6799999999844,727,966,2,0.8886,0.8911,0.0,0.0
2023-11-17 00:00:00,0.8877,0.889,0.8874,0.8889,2405,-1.0,-1.0,0.0,3912.6799999999844,727,966,2,0.8886,0.8911,0.0,0.0
2023-11-17 04:00:00,0.8888,0.8891,0.888,0.8888,3507,-0.24476123,-0.24476123,0.0,3912.6799999999844,727,966,2,0.8886,0.8911,0.0,0.0
2023-11-17 08:00:00,0.8888,0.8894,0.8873,0.8877,10738,0.31446508,0.31446508,0.0,3912.6799999999844,727,966,2,0.8886,0.8911,0.0,0.0
2023-11-17 12:00:00,0.8877,0.8881,0.8862,0.887,9563,0.18950446,0.18950446,0.0,3912.6799999999844,727,966,2,0.8886,0.8911,0.0,0.0
2023-11-17 16:00:00,0.887,0.8884,0.8861,0.8864,13388,-0.9710483,-0.9710483,0.0,3912.6799999999844,727,966,2,0.8886,0.8911,0.0,0.0
2023-11-17 20:00:00,0.8864,0.8865,0.8852,0.8856,3741,-0.8226079,-0.8226079,0.0,3912.6799999999844,727,966,2,0.8886,0.8911,0.0,0.0
2023-11-20 00:00:00,0.8854,0.8865,0.8848,0.8849,3371,-1.0,-1.0,0.0,3912.6799999999844,727,966,2,0.8886,0.8911,0.0,0.0
2023-11-20 04:00:00,0.8849,0.8851,0.883,0.8838,4338,-1.0,-1.0,0.0,3912.6799999999844,727,966,2,0.8886,0.8911,0.0,0.0
2023-11-20 08:00:00,0.8838,0.8849,0.8826,0.8827,9378,1.0,1.0,0.0,4111.279999999984,728,966,0,0.0,0.0,0.0,198.6
2023-11-20 12:00:00,0.8827,0.8855,0.8827,0.8849,5976,-1.0,-1.0,0.0,4111.279999999984,728,966,2,0.8849,0.8857,0.0,0.0
2023-11-20 16:00:00,0.8849,0.8852,0.8832,0.8849,7883,0.63514525,0.63514525,0.0,4111.279999999984,728,966,2,0.8849,0.8857,0.0,0.0
2023-11-20 20:00:00,0.8849,0.8851,0.8837,0.8849,3806,-1.0,-1.0,0.0,4111.279999999984,728,966,2,0.8849,0.8857,0.0,0.0
2023-11-21 00:00:00,0.8842,0.8848,0.8833,0.8838,3115,-0.08700341,-0.08700341,0.0,4111.279999999984,728,966,2,0.8849,0.8857,0.0,0.0
2023-11-21 04:00:00,0.8838,0.8841,0.8827,0.8834,3704,-1.0,-1.0,0.0,4111.279999999984,728,966,2,0.8849,0.8857,0.0,0.0
2023-11-21 08:00:00,0.8834,0.8846,0.8827,0.8841,10635,-0.45089146,-0.45089146,0.0,4111.279999999984,728,966,2,0.8849,0.8857,0.0,0.0
2023-11-21 12:00:00,0.8842,0.8844,0.8822,0.8827,8124,0.023369372,0.023369372,0.0,4111.279999999984,728,966,2,0.8849,0.8857,0.0,0.0
2023-11-21 16:00:00,0.8827,0.8838,0.8819,0.8835,11740,1.0,1.0,0.0,4206.799999999985,729,966,0,0.0,0.0,0.0,95.52
2023-11-21 20:00:00,0.8835,0.8848,0.8834,0.8836,4182,-1.0,-1.0,0.0,4206.799999999985,729,966,2,0.8836,0.8844,0.0,0.0
2023-11-22 00:00:00,0.883,0.8837,0.8828,0.8834,2572,-0.8906619,-0.8906619,0.0,4206.799999999985,729,966,2,0.8836,0.8844,0.0,0.0
2023-11-22 04:00:00,0.8834,0.8841,0.8829,0.8839,2294,1.0,1.0,0.0,4215.679999999985,730,966,0,0.0,0.0,0.0,8.88
2023-11-22 08:00:00,0.8839,0.8862,0.8831,0.8844,8846,0.13528498,0.13528498,0.0,4215.679999999985,730,966,0,0.8838,0.8863,0.0,0.0
2023-11-22 12:00:00,0.8844,0.8848,0.882,0.8842,10425,-0.123816736,-0.123816736,0.0,4215.679999999985,730,966,0,0.8838,0.8863,0.0,0.0
2023-11-22 16:00:00,0.8842,0.8875,0.884,0.8846,12431,-1.0,-1.0,0.0,4215.679999999985,730,966,2,0.8846,0.8854,0.0,0.0
2023-11-22 20:00:00,0.8846,0.8848,0.8835,0.8837,2055,-0.93423396,-0.93423396,0.0,4215.679999999985,730,966,2,0.8846,0.8854,0.0,0.0
2023-11-23 00:00:00,0.8836,0.8852,0.8823,0.8831,1818,1.0,1.0,0.0,4255.7899999999845,731,966,0,0.0,0.0,0.0,40.11
2023-11-23 04:00:00,0.8831,0.8832,0.8825,0.8826,1944,1.0,1.0,0.0,4255.7899999999845,731,966,1,0.8826,0.8808,0.0,0.0
2023-11-23 08:00:00,0.8826,0.8839,0.8817,0.8828,5857,-0.10559798,-0.10559798,0.0,4255.7899999999845,731,966,1,0.8826,0.8808,0.0,0.0
2023-11-23 12:00:00,0.8828,0.8849,0.8823,0.8839,4002,-0.5550219,-0.5550219,0.0,4255.7899999999845,731,966,1,0.8826,0.8808,0.0,0.0
2023-11-23 16:00:00,0.884,0.8849,0.8829,0.8838,3102,1.0,1.0,0.0,4255.7899999999845,731,966,1,0.8826,0.8808,0.0,0.0
2023-11-23 20:00:00,0.8837,0.8845,0.8834,0.8838,1933,0.029110525,0.029110525,0.0,4255.7899999999845,731,966,1,0.8826,0.8808,0.0,0.0
2023-11-24 00:00:00,0.8837,0.8845,0.8818,0.8842,2417,1.0,1.0,0.0,4255.7899999999845,731,966,1,0.8826,0.8808,0.0,0.0
2023-11-24 04:00:00,0.8842,0.8848,0.8829,0.883,2130,0.46062732,0.46062732,0.0,4255.7899999999845,731,966,1,0.8826,0.8808,0.0,0.0
2023-11-24 08:00:00,0.883,0.8845,0.883,0.8843,4542,-0.080384135,-0.080384135,0.0,4255.7899999999845,731,966,1,0.8826,0.8808,0.0,0.0
2023-11-24 12:00:00,0.8843,0.8843,0.8824,0.8827,3872,-1.0,-1.0,0.0,4332.3299999999845,732,966,0,0.0,0.0,0.0,76.54
2023-11-24 16:00:00,0.8827,0.8831,0.8811,0.8815,4302,0.44381714,0.44381714,0.0,4332.3299999999845,732,966,0,0.8827,0.8819,0.0,0.0
2023-11-24 20:00:00,0.8814,0.8824,0.8808,0.8813,3286,-1.0,-1.0,0.0,4332.3299999999845,732,966,2,0.8813,0.8821,0.0,0.0
2023-11-27 00:00:00,0.8812,0.8828,0.8812,0.8817,2164,0.028602926,0.028602926,0.0,4332.3299999999845,732,966,2,0.8813,0.8821,0.0,0.0
2023-11-27 04:00:00,0.8817,0.8828,0.8816,0.8819,2785,-0.55888736,-0.55888736,0.0,4332.3299999999845,732,966,2,0.8813,0.8821,0.0,0.0
2023-11-27 08:00:00,0.8819,0.8821,0.8801,0.8815,4393,-0.8928515,-0.8928515,0.0,4332.3299999999845,732,966,2,0.8813,0.8821,0.0,0.0
2023-11-27 12:00:00,0.8815,0.8815,0.8794,0.8801,4849,1.0,1.0,0.0,4323.179999999985,732,967,0,0.0,0.0,0.0,-9.15
2023-11-27 16:00:00,0.88,0.8817,0.88,0.8814,5934,-0.5569282,-0.5569282,0.0,4323.179999999985,732,967,2,0.8814,0.8839,0.0,0.0
2023-11-27 20:00:00,0.8814,0.8815,0.8801,0.8801,2084,0.05328706,0.05328706,0.0,4323.179999999985,732,967,2,0.8814,0.8839,0.0,0.0
2023-11-28 00:00:00,0.8797,0.8804,0.8795,0.8799,2932,-0.013712317,-0.013712317,0.0,4323.179999999985,732,967,2,0.8814,0.8839,0.0,0.0
2023-11-28 04:00:00,0.8799,0.8805,0.8795,0.8804,1721,0.8036798,0.8036798,0.0,4391.449999999985,733,967,0,0.0,0.0,0.0,68.27
2023-11-28 08:00:00,0.8804,0.8817,0.8799,0.8799,4973,0.072523385,0.072523385,0.0,4391.449999999985,733,967,0,0.8799,0.8824,0.0,0.0
2023-11-28 12:00:00,0.8799,0.8819,0.879,0.8791,4871,0.40951544,0.40951544,0.0,4391.449999999985,733,967,0,0.8799,0.8824,0.0,0.0
2023-11-28 16:00:00,0.8791,0.8797,0.8761,0.8776,9565,0.2704963,0.2704963,0.0,4391.449999999985,733,967,0,0.8799,0.8824,0.0,0.0
2023-11-28 20:00:00,0.8776,0.8789,0.8775,0.8779,3111,0.048281197,0.048281197,0.0,4391.449999999985,733,967,0,0.8779,0.8771,0.0,0.0
2023-11-29 00:00:00,0.8778,0.8779,0.8757,0.8765,3310,-1.0,-1.0,0.0,4391.449999999985,733,967,2,0.8765,0.8773,0.0,0.0
2023-11-29 04:00:00,0.8765,0.8771,0.8762,0.8765,2048,-1.0,-1.0,0.0,4391.449999999985,733,967,2,0.8765,0.8773,0.0,0.0
2023-11-29 08:00:00,0.8765,0.8784,0.8759,0.8767,6198,-1.0,-1.0,0.0,4391.449999999985,733,967,2,0.8765,0.8773,0.0,0.0
2023-11-29 12:00:00,0.8767,0.8777,0.8754,0.8765,7448,-0.8854189,-0.8854189,0.0,4391.449999999985,733,967,2,0.8765,0.8773,0.0,0.0
2023-11-29 16:00:00,0.8764,0.8772,0.8732,0.8745,8476,-0.68926066,-0.68926066,0.0,4391.449999999985,733,967,2,0.8765,0.8773,0.0,0.0
2023-11-29 20:00:00,0.8745,0.8746,0.872,0.8737,2911,0.6450477,0.6450477,0.0,4483.349999999985,734,967,0,0.0,0.0,0.0,91.9
2023-11-30 00:00:00,0.8736,0.8741,0.8721,0.8731,4143,-1.0,-1.0,0.0,4483.349999999985,734,967,2,0.8731,0.8739,0.0,0.0
2023-11-30 04:00:00,0.8731,0.8735,0.8717,0.873,4323,0.7279676,0.7279676,0.0,4483.349999999985,734,967,2,0.8731,0.8739,0.0,0.0
2023-11-30 08:00:00,0.873,0.8755,0.8719,0.8748,8194,0.03344264,0.03344264,0.0,4483.349999999985,734,967,2,0.8731,0.8739,0.0,0.0
2023-11-30 12:00:00,0.8748,0.8761,0.8732,0.8752,9908,-0.7883982,-0.7883982,0.0,4403.559999999985,734,968,0,0.0,0.0,0.0,-79.79
2023-11-30 16:00:00,0.8752,0.877,0.8685,0.8749,16349,0.963921,0.963921,0.0,4403.559999999985,734,968,1,0.8749,0.8741,0.0,0.0
2023-11-30 20:00:00,0.8749,0.8765,0.874,0.875,4896,-0.50775814,-0.50775814,0.0,4403.559999999985,734,968,1,0.8749,0.8741,0.0,0.0
2023-12-01 00:00:00,0.8752,0.8754,0.8733,0.8741,3660,-0.7156286,-0.7156286,0.0,4403.559999999985,734,968,1,0.8749,0.8741,0.0,0.0
2023-12-01 04:00:00,0.8741,0.8751,0.8737,0.8742,2975,-0.121612266,-0.121612266,0.0,4366.699999999985,734,969,0,0.0,0.0,0.0,-36.86
2023-12-01 08:00:00,0.8742,0.875,0.8731,0.8739,7537,0.6095006,0.6095006,0.0,4366.699999999985,734,969,1,0.8739,0.8714,0.0,0.0
2023-12-01 12:00:00,0.8739,0.8768,0.8735,0.8764,7278,-0.3082143,-0.3082143,0.0,4366.699999999985,734,969,1,0.8739,0.8714,0.0,0.0
2023-12-01 16:00:00,0.8764,0.8768,0.8698,0.8704,15732,0.436266,0.436266,0.0,4366.699999999985,734,969,1,0.8739,0.8714,0.0,0.0
2023-12-01 20:00:00,0.8704,0.8705,0.8679,0.8689,5715,-0.08344326,-0.08344326,0.0,4207.509999999986,734,970,0,0.0,0.0,0.0,-159.19
2023-12-04 00:00:00,0.8699,0.8709,0.8666,0.8704,7116,1.0,1.0,0.0,4207.509999999986,734,970,1,0.8704,0.869,0.0,0.0
2023-12-04 04:00:00,0.8704,0.8709,0.8695,0.8707,4348,-0.24955234,-0.24955234,0.0,4207.509999999986,734,970,1,0.8704,0.869,0.0,0.0
2023-12-04 08:00:00,0.8707,0.8755,0.8702,0.8724,9506,-0.44880158,-0.44880158,0.0,4207.509999999986,734,970,1,0.8704,0.869,0.0,0.0
2023-12-04 12:00:00,0.8724,0.8739,0.8716,0.8728,7645,0.6945339,0.6945339,0.0,4207.509999999986,734,970,1,0.8704,0.869,0.0,0.0
2023-12-04 16:00:00,0.8728,0.8753,0.8712,0.8727,12571,0.8221512,0.8221512,0.0,4207.509999999986,734,970,1,0.8704,0.869,0.0,0.0
2023-12-04 20:00:00,0.8727,0.8738,0.8725,0.8726,4035,-0.09411718,-0.09411718,0.0,4207.509999999986,734,970,1,0.8704,0.869,0.0,0.0
2023-12-05 00:00:00,0.8725,0.8728,0.8714,0.8724,3499,-0.105291724,-0.105291724,0.0,4207.509999999986,734,970,1,0.8704,0.869,0.0,0.0
2023-12-05 04:00:00,0.8724,0.873,0.8718,0.8719,3050,0.02180937,0.02180937,0.0,4207.509999999986,734,970,1,0.8704,0.869,0.0,0.0
2023-12-05 08:00:00,0.8719,0.8748,0.8718,0.8736,8751,-0.25013566,-0.25013566,0.0,4207.509999999986,734,970,1,0.8704,0.869,0.0,0.0
2023-12-05 12:00:00,0.8736,0.8745,0.8726,0.8732,9043,0.384805,0.384805,0.0,4207.509999999986,734,970,1,0.8704,0.869,0.0,0.0
2023-12-05 16:00:00,0.8732,0.8766,0.8729,0.8749,13731,0.7404894,0.7404894,0.0,4207.509999999986,734,970,1,0.8704,0.869,0.0,0.0
2023-12-05 20:00:00,0.8748,0.8761,0.8746,0.8748,3937,0.24860221,0.24860221,0.0,4207.509999999986,734,970,1,0.8704,0.869,0.0,0.0
2023-12-06 00:00:00,0.8747,0.8753,0.8736,0.8749,3700,-1.0,-1.0,0.0,4401.289999999985,735,970,0,0.0,0.0,0.0,193.78
2023-12-06 04:00:00,0.8749,0.8754,0.8745,0.8746,2894,-0.013283064,-0.013283064,0.0,4401.289999999985,735,970,0,0.8719,0.8694,0.0,0.0
2023-12-06 08:00:00,0.8746,0.876,0.8738,0.8742,8048,0.8820566,0.8820566,0.0,4401.289999999985,735,970,1,0.8742,0.8723,0.0,0.0
2023-12-06 12:00:00,0.8742,0.8754,0.8731,0.8733,9588,0.18447345,0.18447345,0.0,4401.289999999985,735,970,1,0.8742,0.8723,0.0,0.0
2023-12-06 16:00:00,0.8733,0.8748,0.8729,0.8747,9784,-0.37645754,-0.37645754,0.0,4401.289999999985,735,970,1,0.8742,0.8723,0.0,0.0
2023-12-06 20:00:00,0.8747,0.8757,0.8736,0.8746,3632,1.0,1.0,0.0,4401.289999999985,735,970,1,0.8742,0.8723,0.0,0.0
2023-12-07 00:00:00,0.8745,0.8749,0.8733,0.8748,3567,-0.6915541,-0.6915541,0.0,4419.699999999985,736,970,0,0.0,0.0,0.0,18.41
2023-12-07 04:00:00,0.8748,0.8762,0.8744,0.8758,3911,0.5148959,0.5148959,0.0,4419.699999999985,736,970,1,0.8758,0.8735,0.0,0.0
2023-12-07 08:00:00,0.8757,0.8759,0.873,0.8734,8072,0.41898623,0.41898623,0.0,4419.699999999985,736,970,1,0.8758,0.8735,0.0,0.0
2023-12-07 12:00:00,0.8734,0.8779,0.8729,0.8753,10962,1.0,1.0,0.0,4308.829999999985,736,971,0,0.0,0.0,0.0,-110.87
2023-12-07 16:00:00,0.8753,0.8782,0.8728,0.8738,13234,-1.0,-1.0,0.0,4308.829999999985,736,971,2,0.8738,0.8748,0.0,0.0
2023-12-07 20:00:00,0.8739,0.8759,0.8734,0.8747,5055,0.30445358,0.30445358,0.0,4308.829999999985,736,971,2,0.8738,0.8748,0.0,0.0
2023-12-08 00:00:00,0.8751,0.8756,0.8744,0.8752,5017,-0.3025328,-0.3025328,0.0,4308.829999999985,736,971,2,0.8738,0.8748,0.0,0.0
2023-12-08 04:00:00,0.8752,0.8756,0.8747,0.8753,4649,0.09493634,0.09493634,0.0,4245.649999999985,736,972,0,0.0,0.0,0.0,-63.18
2023-12-08 08:00:00,0.8753,0.8764,0.8741,0.8752,7941,-0.10269714,-0.10269714,0.0,4245.649999999985,736,972,0,0.8747,0.8731,0.0,0.0
2023-12-08 12:00:00,0.8752,0.8807,0.8744,0.8795,9796,-1.0,-1.0,0.0,4245.649999999985,736,972,2,0.8795,0.8803,0.0,0.0
2023-12-08 16:00:00,0.8795,0.8821,0.877,0.8807,14109,0.8655086,0.8655086,0.0,4245.649999999985,736,972,2,0.8795,0.8803,0.0,0.0
2023-12-08 20:00:00,0.8807,0.8811,0.8797,0.8799,4883,-0.345113,-0.345113,0.0,4191.949999999985,736,973,0,0.0,0.0,0.0,-53.7
2023-12-11 00:00:00,0.8787,0.8805,0.8784,0.8793,4349,-0.07145432,-0.07145432,0.0,4191.949999999985,736,973,0,0.8747,0.8731,0.0,0.0
2023-12-11 04:00:00,0.8793,0.8802,0.879,0.88,4202,-1.0,-1.0,0.0,4191.949999999985,736,973,2,0.88,0.8812,0.0,0.0
2023-12-11 08:00:00,0.88,0.8805,0.8785,0.879,8262,1.0,1.0,0.0,4191.949999999985,736,973,2,0.88,0.8812,0.0,0.0
2023-12-11 12:00:00,0.879,0.8816,0.8789,0.8802,6559,-1.0,-1.0,0.0,4191.949999999985,736,973,2,0.88,0.8812,0.0,0.0
2023-12-11 16:00:00,0.8802,0.8814,0.8788,0.88,8563,0.4934671,0.4934671,0.0,4191.949999999985,736,973,2,0.88,0.8812,0.0,0.0
2023-12-11 20:00:00,0.88,0.8801,0.8779,0.8781,4082,1.0,1.0,0.0,4191.939999999985,736,974,0,0.0,0.0,0.0,-0.01
2023-12-12 00:00:00,0.8781,0.8785,0.8774,0.8779,2776,1.0,1.0,0.0,4191.939999999985,736,974,1,0.8779,0.8765,0.0,0.0
2023-12-12 04:00:00,0.8779,0.8781,0.8764,0.8767,3056,0.8785441,0.8785441,0.0,4191.939999999985,736,974,1,0.8779,0.8765,0.0,0.0
2023-12-12 08:00:00,0.8767,0.8782,0.8755,0.8777,6373,-0.7364498,-0.7364498,0.0,4191.939999999985,736,974,1,0.8779,0.8765,0.0,0.0
2023-12-12 12:00:00,0.8777,0.8778,0.8723,0.877,9250,0.19527836,0.19527836,0.0,4191.939999999985,736,974,1,0.8779,0.8765,0.0,0.0
2023-12-12 16:00:00,0.877,0.8781,0.8744,0.8762,11876,-0.8422352,-0.8422352,0.0,4152.339999999985,736,975,0,0.0,0.0,0.0,-39.6
2023-12-12 20:00:00,0.8762,0.8763,0.8751,0.8752,4327,-1.0,-1.0,0.0,4152.339999999985,736,975,2,0.8752,0.8775,0.0,0.0
2023-12-13 00:00:00,0.8751,0.8758,0.8722,0.8755,6097,1.0,1.0,0.0,4152.339999999985,736,975,2,0.8752,0.8775,0.0,0.0
2023-12-13 04:00:00,0.8755,0.8759,0.8753,0.8755,4143,-0.5794535,-0.5794535,0.0,4152.339999999985,736,975,2,0.8752,0.8775,0.0,0.0
2023-12-13 08:00:00,0.8755,0.8768,0.8753,0.876,6454,0.52350044,0.52350044,0.0,4152.339999999985,736,975,2,0.8752,0.8775,0.0,0.0
2023-12-13 12:00:00,0.876,0.8771,0.875,0.8753,7193,0.014296623,0.014296623,0.0,4152.339999999985,736,975,2,0.8752,0.8775,0.0,0.0
2023-12-13 16:00:00,0.8753,0.8778,0.8749,0.8771,9693,1.0,1.0,0.0,4147.979999999985,736,976,0,0.0,0.0,0.0,-4.36
2023-12-13 20:00:00,0.8771,0.878,0.869,0.8714,14757,-0.059794497,-0.059794497,0.0,4147.979999999985,736,976,0,0.0,0.0,0.0,0.0
2023-12-14 00:00:00,0.8714,0.8715,0.8688,0.869,5054,1.0,1.0,0.0,4147.979999999985,736,976,1,0.869,0.8682,0.0,0.0
2023-12-14 04:00:00,0.869,0.8693,0.8666,0.8679,6822,0.053150706,0.053150706,0.0,4147.979999999985,736,976,1,0.869,0.8682,0.0,0.0
2023-12-14 08:00:00,0.8679,0.8731,0.8677,0.871,14974,0.60418403,0.60418403,0.0,4100.579999999985,736,977,0,0.0,0.0,0.0,-47.4
2023-12-14 12:00:00,0.871,0.8716,0.8669,0.8696,13217,-0.5733775,-0.5733775,0.0,4100.579999999985,736,977,2,0.8696,0.8721,0.0,0.0
2023-12-14 16:00:00,0.8697,0.8707,0.8631,0.8638,15462,0.6197965,0.6197965,0.0,4100.579999999985,736,977,2,0.8696,0.8721,0.0,0.0
2023-12-14 20:00:00,0.8638,0.8676,0.8638,0.8674,5598,-0.57550424,-0.57550424,0.0,4100.579999999985,736,977,2,0.8696,0.8721,0.0,0.0
2023-12-15 00:00:00,0.8673,0.8682,0.8642,0.8672,4604,-1.0,-1.0,0.0,4100.579999999985,736,977,2,0.8696,0.8721,0.0,0.0
2023-12-15 04:00:00,0.8672,0.8673,0.8652,0.8671,4176,0.3853348,0.3853348,0.0,4100.579999999985,736,977,2,0.8696,0.8721,0.0,0.0
2023-12-15 08:00:00,0.8671,0.8685,0.8662,0.8667,9491,-0.12143313,-0.12143313,0.0,4100.579999999985,736,977,2,0.8696,0.8721,0.0,0.0
2023-12-15 12:00:00,0.8667,0.8699,0.8657,0.8693,13862,-0.20489775,-0.20489775,0.0,4100.579999999985,736,977,2,0.8696,0.8721,0.0,0.0
2023-12-15 16:00:00,0.8692,0.8694,0.8664,0.8686,18432,0.48776126,0.48776126,0.0,4100.579999999985,736,977,2,0.8696,0.8721,0.0,0.0
2023-12-15 20:00:00,0.8686,0.8711,0.8684,0.8701,10590,0.61500126,0.61500126,0.0,4143.189999999985,737,977,0,0.0,0.0,0.0,42.61
2023-12-18 00:00:00,0.8686,0.8711,0.868,0.8707,14673,1.0,1.0,0.0,4143.189999999985,737,977,1,0.8707,0.8699,0.0,0.0
2023-12-18 04:00:00,0.8707,0.8707,0.869,0.8692,5638,1.0,1.0,0.0,4143.189999999985,737,977,1,0.8707,0.8699,0.0,0.0
2023-12-18 08:00:00,0.8692,0.8698,0.868,0.8688,9014,0.8481757,0.8481757,0.0,4078.539999999985,737,978,0,0.0,0.0,0.0,-64.65
2023-12-18 12:00:00,0.8688,0.8692,0.8667,0.8676,9105,-0.77540964,-0.77540964,0.0,4078.539999999985,737,978,2,0.8676,0.87,0.0,0.0
2023-12-18 16:00:00,0.8676,0.8692,0.8672,0.8677,11187,-1.0,-1.0,0.0,4078.539999999985,737,978,2,0.8676,0.87,0.0,0.0
2023-12-18 20:00:00,0.8677,0.8687,0.8669,0.8669,5353,-0.57649636,-0.57649636,0.0,4078.539999999985,737,978,2,0.8676,0.87,0.0,0.0
2023-12-19 00:00:00,0.8668,0.8677,0.8662,0.8673,10564,-0.09691495,-0.09691495,0.0,4078.539999999985,737,978,2,0.8676,0.87,0.0,0.0
2023-12-19 04:00:00,0.8673,0.8677,0.8662,0.8663,5779,-0.5202844,-0.5202844,0.0,4078.539999999985,737,978,2,0.8676,0.87,0.0,0.0
2023-12-19 08:00:00,0.8663,0.8674,0.8652,0.8661,11963,1.0,1.0,0.0,4133.489999999985,738,978,0,0.0,0.0,0.0,54.95
2023-12-19 12:00:00,0.8661,0.8666,0.8628,0.8637,11556,1.0,1.0,0.0,4133.489999999985,738,978,1,0.8637,0.8612,0.0,0.0
2023-12-19 16:00:00,0.8637,0.8646,0.8593,0.8618,15951,-1.0,-1.0,0.0,4133.489999999985,738,978,1,0.8637,0.8612,0.0,0.0
2023-12-19 20:00:00,0.8618,0.862,0.8606,0.8607,4707,0.6152558,0.6152558,0.0,4133.489999999985,738,978,1,0.8637,0.8612,0.0,0.0
2023-12-20 00:00:00,0.8602,0.8612,0.8578,0.861,6809,-0.64776975,-0.64776975,0.0,4005.7699999999854,738,979,0,0.0,0.0,0.0,-127.72
2023-12-20 04:00:00,0.8609,0.8615,0.8609,0.8613,3655,1.0,1.0,0.0,4005.7699999999854,738,979,1,0.8613,0.8605,0.0,0.0
2023-12-20 08:00:00,0.8613,0.8623,0.8602,0.8614,10738,0.94212794,0.94212794,0.0,4005.7699999999854,738,979,1,0.8613,0.8605,0.0,0.0
2023-12-20 12:00:00,0.8615,0.8651,0.8613,0.862,11357,-0.5851454,-0.5851454,0.0,4005.7699999999854,738,979,1,0.8613,0.8605,0.0,0.0
2023-12-20 16:00:00,0.862,0.8627,0.8605,0.8617,12927,-0.15789421,-0.15789421,0.0,4005.7699999999854,738,979,1,0.8613,0.8605,0.0,0.0
2023-12-20 20:00:00,0.8617,0.8639,0.8613,0.8626,6604,1.0,1.0,0.0,4005.7699999999854,738,979,1,0.8613,0.8605,0.0,0.0
2023-12-21 00:00:00,0.8627,0.8628,0.8612,0.8618,4673,-0.21851286,-0.21851286,0.0,4005.7699999999854,738,979,1,0.8613,0.8605,0.0,0.0
2023-12-21 04:00:00,0.8618,0.8624,0.8611,0.8614,5214,0.04060942,0.04060942,0.0,4005.7699999999854,738,979,1,0.8613,0.8605,0.0,0.0
2023-12-21 08:00:00,0.8614,0.8633,0.8614,0.862,8566,0.51565546,0.51565546,0.0,4005.7699999999854,738,979,1,0.8613,0.8605,0.0,0.0
2023-12-21 12:00:00,0.8621,0.8623,0.8562,0.858,14049,1.0,1.0,0.0,4005.7699999999854,738,979,1,0.8613,0.8605,0.0,0.0
2023-12-21 16:00:00,0.858,0.8592,0.8563,0.8581,18019,-0.20056741,-0.20056741,0.0,3870.0399999999854,738,980,0,0.0,0.0,0.0,-135.73
2023-12-21 20:00:00,0.8581,0.8589,0.856,0.8562,7203,0.43407997,0.43407997,0.0,3870.0399999999854,738,980,0,0.858,0.8595,0.0,0.0
2023-12-22 00:00:00,0.856,0.8565,0.8557,0.8564,6614,-0.6863745,-0.6863745,0.0,3870.0399999999854,738,980,2,0.8564,0.8572,0.0,0.0
2023-12-22 04:00:00,0.8564,0.8573,0.8562,0.8572,4262,-0.38824132,-0.38824132,0.0,3870.0399999999854,738,980,2,0.8564,0.8572,0.0,0.0
2023-12-22 08:00:00,0.8572,0.8572,0.855,0.8557,9461,0.51830846,0.51830846,0.0,3838.2699999999854,738,981,0,0.0,0.0,0.0,-31.77
2023-12-22 12:00:00,0.8557,0.8565,0.853,0.8531,15767,-0.6412325,-0.6412325,0.0,3838.2699999999854,738,981,2,0.8531,0.8556,0.0,0.0
2023-12-22 16:00:00,0.8531,0.8569,0.8514,0.8559,15731,-0.3608304,-0.3608304,0.0,3838.2699999999854,738,981,2,0.8531,0.8556,0.0,0.0
2023-12-22 20:00:00,0.8559,0.8573,0.8552,0.8558,6639,-1.0,-1.0,0.0,3728.1899999999855,738,982,0,0.0,0.0,0.0,-110.08
2023-12-25 00:00:00,0.8555,0.8562,0.8543,0.8557,55,-1.0,-1.0,0.0,3728.1899999999855,738,982,2,0.8557,0.8582,0.0,0.0
2023-12-26 00:00:00,0.8548,0.8566,0.8542,0.8558,5248,0.13742636,0.13742636,0.0,3728.1899999999855,738,982,2,0.8557,0.8582,0.0,0.0
2023-12-26 04:00:00,0.8558,0.856,0.8548,0.8549,3296,0.51826465,0.51826465,0.0,3728.1899999999855,738,982,2,0.8557,0.8582,0.0,0.0
2023-12-26 08:00:00,0.8549,0.858,0.8544,0.8575,5651,0.21187465,0.21187465,0.0,3728.1899999999855,738,982,2,0.8557,0.8582,0.0,0.0
2023-12-26 12:00:00,0.8575,0.8579,0.8544,0.8555,5904,0.35286662,0.35286662,0.0,3728.1899999999855,738,982,2,0.8557,0.8582,0.0,0.0
2023-12-26 16:00:00,0.8555,0.8558,0.8538,0.8552,7738,0.0051794928,0.0051794928,0.0,3728.1899999999855,738,982,2,0.8557,0.8582,0.0,0.0
2023-12-26 20:00:00,0.8552,0.8552,0.8531,0.8534,5427,0.33124194,0.33124194,0.0,3728.1899999999855,738,982,2,0.8557,0.8582,0.0,0.0
2023-12-27 00:00:00,0.8532,0.8545,0.8525,0.8539,4908,0.60183585,0.60183585,0.0,3815.7399999999857,739,982,0,0.0,0.0,0.0,87.55
2023-12-27 04:00:00,0.8539,0.8541,0.8533,0.8537,3389,1.0,1.0,0.0,3815.7399999999857,739,982,1,0.8537,0.8529,0.0,0.0
2023-12-27 08:00:00,0.8537,0.8549,0.8516,0.8519,8159,-0.6644284,-0.6644284,0.0,3815.7399999999857,739,982,1,0.8537,0.8529,0.0,0.0
2023-12-27 12:00:00,0.8519,0.8537,0.8515,0.8516,8775,0.5999293,0.5999293,0.0,3745.7199999999857,739,983,0,0.0,0.0,0.0,-70.02
2023-12-27 16:00:00,0.8516,0.8516,0.8408,0.8436,20107,-0.76985747,-0.76985747,0.0,3745.7199999999857,739,983,2,0.8436,0.8448,0.0,0.0
2023-12-27 20:00:00,0.8436,0.8439,0.8421,0.843,7129,-0.13016048,-0.13016048,0.0,3745.7199999999857,739,983,2,0.8436,0.8448,0.0,0.0
2023-12-28 00:00:00,0.8418,0.8433,0.8405,0.8406,5586,0.9521364,0.9521364,0.0,3768.3799999999856,740,983,0,0.0,0.0,0.0,22.66
2023-12-28 04:00:00,0.8406,0.8412,0.8394,0.8404,6932,-1.0,-1.0,0.0,3768.3799999999856,740,983,2,0.8404,0.8429,0.0,0.0
2023-12-28 08:00:00,0.8404,0.8409,0.8338,0.8353,13801,0.12622717,0.12622717,0.0,3768.3799999999856,740,983,2,0.8404,0.8429,0.0,0.0
2023-12-28 12:00:00,0.8353,0.8397,0.8353,0.8395,13298,1.0,1.0,0.0,3960.4599999999855,741,983,0,0.0,0.0,0.0,192.08
2023-12-28 16:00:00,0.8394,0.8411,0.8332,0.8408,19767,0.93082184,0.93082184,0.0,3960.4599999999855,741,983,1,0.8408,0.84,0.0,0.0
2023-12-28 20:00:00,0.8408,0.8451,0.8405,0.8448,9594,-0.864935,-0.864935,0.0,3960.4599999999855,741,983,1,0.8408,0.84,0.0,0.0
2023-12-29 00:00:00,0.844,0.8448,0.8416,0.8424,7777,0.45338702,0.45338702,0.0,3960.4599999999855,741,983,1,0.8408,0.84,0.0,0.0
2023-12-29 04:00:00,0.8424,0.8435,0.8423,0.8431,4532,-0.07413287,-0.07413287,0.0,3960.4599999999855,741,983,1,0.8408,0.84,0.0,0.0
2023-12-29 08:00:00,0.8431,0.8432,0.8396,0.8403,12882,1.0,1.0,0.0,3960.4599999999855,741,983,1,0.8408,0.84,0.0,0.0
2023-12-29 12:00:00,0.8402,0.8403,0.8356,0.8401,18377,0.43075702,0.43075702,0.0,3960.4599999999855,741,983,1,0.8408,0.84,0.0,0.0
2023-12-29 16:00:00,0.8401,0.8432,0.8362,0.8392,26273,1.0,1.0,0.0,3960.4599999999855,741,983,1,0.8408,0.84,0.0,0.0
2023-12-29 20:00:00,0.8392,0.8419,0.8392,0.8413,10988,0.67004824,0.67004824,0.0,3896.8199999999856,741,984,0,0.0,0.0,0.0,-63.64
2024-01-02 00:00:00,0.8389,0.8426,0.8382,0.8426,5862,0.09097399,0.09097399,0.0,3896.8199999999856,741,984,0,0.8426,0.8443,0.0,0.0
2024-01-02 04:00:00,0.8426,0.8455,0.8425,0.8439,5939,1.0,1.0,0.0,3896.8199999999856,741,984,1,0.8439,0.8414,0.0,0.0
2024-01-02 08:00:00,0.8439,0.8471,0.8433,0.8462,14391,-0.6965137,-0.6965137,0.0,3896.8199999999856,741,984,1,0.8439,0.8414,0.0,0.0
2024-01-02 12:00:00,0.8462,0.8503,0.8461,0.8494,17946,-0.6076163,-0.6076163,0.0,3896.8199999999856,741,984,1,0.8439,0.8414,0.0,0.0
2024-01-02 16:00:00,0.8494,0.8503,0.8464,0.8502,19236,0.37108073,0.37108073,0.0,3896.8199999999856,741,984,1,0.8439,0.8414,0.0,0.0
2024-01-02 20:00:00,0.8502,0.8507,0.849,0.8501,8708,-0.4739308,-0.4739308,0.0,3896.8199999999856,741,984,1,0.8439,0.8414,0.0,0.0
2024-01-03 00:00:00,0.8489,0.8505,0.8474,0.8495,5960,1.0,1.0,0.0,3896.8199999999856,741,984,1,0.8439,0.8414,0.0,0.0
2024-01-03 04:00:00,0.8495,0.8502,0.8489,0.8499,4775,-0.1448136,-0.1448136,0.0,3896.8199999999856,741,984,1,0.8439,0.8414,0.0,0.0
2024-01-03 08:00:00,0.8499,0.8522,0.8492,0.8514,14336,0.07132306,0.07132306,0.0,3896.8199999999856,741,984,1,0.8439,0.8414,0.0,0.0
2024-01-03 12:00:00,0.8514,0.8554,0.8513,0.8528,17471,1.0,1.0,0.0,3896.8199999999856,741,984,1,0.8439,0.8414,0.0,0.0
2024-01-03 16:00:00,0.8528,0.8547,0.8507,0.8517,26445,-0.05708796,-0.05708796,0.0,3896.8199999999856,741,984,1,0.8439,0.8414,0.0,0.0
2024-01-03 20:00:00,0.8517,0.8531,0.849,0.849,15245,-0.038524993,-0.038524993,0.0,3896.8199999999856,741,984,1,0.8439,0.8414,0.0,0.0
2024-01-04 00:00:00,0.8481,0.8506,0.8481,0.8504,6661,0.4376471,0.4376471,0.0,3896.8199999999856,741,984,1,0.8439,0.8414,0.0,0.0
2024-01-04 04:00:00,0.8504,0.8504,0.8482,0.8498,6953,-0.49297985,-0.49297985,0.0,3896.8199999999856,741,984,1,0.8439,0.8414,0.0,0.0
2024-01-04 08:00:00,0.8498,0.8512,0.8477,0.8495,18059,-1.0,-1.0,0.0,4130.599999999986,742,984,0,0.0,0.0,0.0,233.78
2024-01-04 12:00:00,0.8495,0.8529,0.8487,0.8514,15626,0.21647735,0.21647735,0.0,4130.599999999986,742,984,0,0.8514,0.8489,0.0,0.0
2024-01-04 16:00:00,0.8513,0.8524,0.8486,0.8514,17304,0.6390729,0.6390729,0.0,4130.599999999986,742,984,1,0.8514,0.8506,0.0,0.0
2024-01-04 20:00:00,0.8514,0.852,0.8497,0.8501,8109,0.6909307,0.6909307,0.0,4130.599999999986,742,984,1,0.8514,0.8506,0.0,0.0
2024-01-05 00:00:00,0.8496,0.8505,0.8484,0.8492,8670,1.0,1.0,0.0,4075.9699999999857,742,985,0,0.0,0.0,0.0,-54.63
2024-01-05 04:00:00,0.8492,0.8508,0.849,0.8505,4386,0.6773979,0.6773979,0.0,4075.9699999999857,742,985,1,0.8505,0.8497,0.0,0.0
2024-01-05 08:00:00,0.8505,0.8534,0.8504,0.853,11877,-0.005599536,-0.005599536,0.0,4075.9699999999857,742,985,1,0.8505,0.8497,0.0,0.0
2024-01-05 12:00:00,0.853,0.8577,0.8522,0.8528,17375,0.21330798,0.21330798,0.0,4075.9699999999857,742,985,1,0.8505,0.8497,0.0,0.0
2024-01-05 16:00:00,0.8528,0.8528,0.8455,0.8499,28964,-0.7446875,-0.7446875,0.0,4171.619999999985,743,985,0,0.0,0.0,0.0,95.65
2024-01-05 20:00:00,0.8499,0.8506,0.8485,0.8501,9341,-1.0,-1.0,0.0,4171.619999999985,743,985,2,0.8501,0.8511,0.0,0.0
2024-01-08 00:00:00,0.8473,0.8513,0.8473,0.8502,8580,-0.53639543,-0.53639543,0.0,4171.619999999985,743,985,2,0.8501,0.8511,0.0,0.0
2024-01-08 04:00:00,0.8502,0.8521,0.8502,0.8516,4521,-1.0,-1.0,0.0,4171.619999999985,743,985,2,0.8501,0.8511,0.0,0.0
2024-01-08 08:00:00,0.8517,0.8521,0.8487,0.8508,14082,0.6204994,0.6204994,0.0,4107.849999999985,743,986,0,0.0,0.0,0.0,-63.77
2024-01-08 12:00:00,0.8508,0.8517,0.8491,0.8498,12429,1.0,1.0,0.0,4107.849999999985,743,986,1,0.8498,0.849,0.0,0.0
2024-01-08 16:00:00,0.8498,0.85,0.846,0.8471,15045,-0.8162855,-0.8162855,0.0,4107.849999999985,743,986,1,0.8498,0.849,0.0,0.0
2024-01-08 20:00:00,0.8471,0.8483,0.8468,0.8479,6533,-0.0648193,-0.0648193,0.0,3995.419999999985,743,987,0,0.0,0.0,0.0,-112.43
2024-01-09 00:00:00,0.8462,0.8483,0.8462,0.8465,6917,0.9383676,0.9383676,0.0,3995.419999999985,743,987,1,0.8465,0.8457,0.0,0.0
2024-01-09 04:00:00,0.8465,0.8479,0.8464,0.8477,5278,0.5351928,0.5351928,0.0,3995.419999999985,743,987,1,0.8465,0.8457,0.0,0.0
2024-01-09 08:00:00,0.8477,0.8503,0.8472,0.8497,12482,-0.34006774,-0.34006774,0.0,3995.419999999985,743,987,1,0.8465,0.8457,0.0,0.0
2024-01-09 12:00:00,0.8497,0.852,0.8492,0.8499,13103,0.98341376,0.98341376,0.0,3995.419999999985,743,987,1,0.8465,0.8457,0.0,0.0
2024-01-09 16:00:00,0.8499,0.8532,0.8496,0.8516,16492,1.0,1.0,0.0,3995.419999999985,743,987,1,0.8465,0.8457,0.0,0.0
2024-01-09 20:00:00,0.8516,0.8529,0.851,0.8521,7164,1.0,1.0,0.0,3995.419999999985,743,987,1,0.8465,0.8457,0.0,0.0
2024-01-10 00:00:00,0.852,0.8527,0.8515,0.8522,5456,-0.14671142,-0.14671142,0.0,3995.419999999985,743,987,1,0.8465,0.8457,0.0,0.0
2024-01-10 04:00:00,0.8522,0.8525,0.8519,0.8522,5117,-0.16679217,-0.16679217,0.0,3995.419999999985,743,987,1,0.8465,0.8457,0.0,0.0
2024-01-10 08:00:00,0.8523,0.8535,0.8514,0.8521,11860,-0.32756996,-0.32756996,0.0,3995.419999999985,743,987,1,0.8465,0.8457,0.0,0.0
2024-01-10 12:00:00,0.8521,0.8532,0.8513,0.8526,9791,-0.13744314,-0.13744314,0.0,3995.419999999985,743,987,1,0.8465,0.8457,0.0,0.0
2024-01-10 16:00:00,0.8526,0.8531,0.8507,0.851,13788,0.2011279,0.2011279,0.0,3995.419999999985,743,987,1,0.8465,0.8457,0.0,0.0
2024-01-10 20:00:00,0.851,0.8522,0.8506,0.8507,10503,-0.5107202,-0.5107202,0.0,4178.489999999985,744,987,0,0.0,0.0,0.0,183.07
2024-01-11 00:00:00,0.8507,0.8511,0.8494,0.8494,4676,-0.9951255,-0.9951255,0.0,4178.489999999985,744,987,2,0.8494,0.8511,0.0,0.0
2024-01-11 04:00:00,0.8494,0.85,0.8491,0.8499,3928,0.17061307,0.17061307,0.0,4178.489999999985,744,987,2,0.8494,0.8511,0.0,0.0
2024-01-11 08:00:00,0.85,0.8511,0.8491,0.8509,9971,-0.06541872,-0.06541872,0.0,4178.489999999985,744,987,2,0.8494,0.8511,0.0,0.0
2024-01-11 12:00:00,0.8508,0.8551,0.8483,0.8548,19025,0.044602737,0.044602737,0.0,4178.489999999985,744,987,2,0.8494,0.8511,0.0,0.0
2024-01-11 16:00:00,0.8548,0.8566,0.8511,0.8555,31789,0.46433002,0.46433002,0.0,3947.689999999985,744,988,0,0.0,0.0,0.0,-230.8
2024-01-11 20:00:00,0.8555,0.8556,0.8517,0.8518,12635,0.31680694,0.31680694,0.0,3947.689999999985,744,988,0,0.8518,0.8526,0.0,0.0
2024-01-12 00:00:00,0.8516,0.8524,0.8509,0.8515,28573,-0.09831661,-0.09831661,0.0,3947.689999999985,744,988,0,0.8518,0.8526,0.0,0.0
2024-01-12 04:00:00,0.8515,0.8523,0.8514,0.8523,4443,-0.2709906,-0.2709906,0.0,3947.689999999985,744,988,0,0.8518,0.8526,0.0,0.0
2024-01-12 08:00:00,0.8522,0.854,0.8515,0.8537,10856,-0.3556324,-0.3556324,0.0,3947.689999999985,744,988,0,0.0,0.0,0.0,0.0
2024-01-12 12:00:00,0.8537,0.8551,0.8514,0.8525,14026,-0.56142795,-0.56142795,0.0,3947.689999999985,744,988,2,0.8525,0.8538,0.0,0.0
2024-01-12 16:00:00,0.8525,0.8536,0.8488,0.8534,18936,0.7372778,0.7372778,0.0,3947.689999999985,744,988,2,0.8525,0.8538,0.0,0.0
2024-01-12 20:00:00,0.8534,0.8535,0.8519,0.8524,5905,-0.730065,-0.730065,0.0,3947.689999999985,744,988,2,0.8525,0.8538,0.0,0.0
2024-01-15 00:00:00,0.8511,0.854,0.8506,0.853,4811,-1.0,-1.0,0.0,3947.689999999985,744,988,2,0.8525,0.8538,0.0,0.0
2024-01-15 04:00:00,0.853,0.853,0.8522,0.8527,3252,-1.0,-1.0,0.0,3947.689999999985,744,988,2,0.8525,0.8538,0.0,0.0
2024-01-15 08:00:00,0.8527,0.8543,0.8522,0.8539,8277,1.0,1.0,0.0,3939.619999999985,744,989,0,0.0,0.0,0.0,-8.07
2024-01-15 12:00:00,0.8539,0.8548,0.8534,0.8538,8595,1.0,1.0,0.0,3939.619999999985,744,989,1,0.8538,0.853,0.0,0.0
2024-01-15 16:00:00,0.8538,0.8562,0.8537,0.856,8399,0.87738913,0.87738913,0.0,3939.619999999985,744,989,1,0.8538,0.853,0.0,0.0
2024-01-15 20:00:00,0.856,0.8562,0.8554,0.8554,2746,1.0,1.0,0.0,3939.619999999985,744,989,1,0.8538,0.853,0.0,0.0
2024-01-16 00:00:00,0.8554,0.8577,0.8552,0.8569,25104,-0.7571609,-0.7571609,0.0,4004.129999999985,745,989,0,0.0,0.0,0.0,64.51
2024-01-16 04:00:00,0.8569,0.8593,0.8569,0.8591,4913,-1.0,-1.0,0.0,4004.129999999985,745,989,2,0.8591,0.8599,0.0,0.0
2024-01-16 08:00:00,0.8591,0.8616,0.8583,0.8605,14508,0.33249763,0.33249763,0.0,4004.129999999985,745,989,2,0.8591,0.8599,0.0,0.0
2024-01-16 12:00:00,0.8605,0.8613,0.8593,0.8609,15599,1.0,1.0,0.0,3946.399999999985,745,990,0,0.0,0.0,0.0,-57.73
2024-01-16 16:00:00,0.8609,0.8619,0.8591,0.8619,23559,-0.6330608,-0.6330608,0.0,3946.399999999985,745,990,2,0.8619,0.8627,0.0,0.0
2024-01-16 20:00:00,0.8619,0.8619,0.8607,0.8614,7051,-0.81377816,-0.81377816,0.0,3946.399999999985,745,990,2,0.8619,0.8627,0.0,0.0
2024-01-17 00:00:00,0.8614,0.8622,0.8589,0.8613,25546,-1.0,-1.0,0.0,3946.399999999985,745,990,2,0.8619,0.8627,0.0,0.0
2024-01-17 04:00:00,0.8613,0.8627,0.8607,0.8625,4513,-0.70154375,-0.70154375,0.0,3946.399999999985,745,990,2,0.8619,0.8627,0.0,0.0
2024-01-17 08:00:00,0.8625,0.8635,0.8614,0.8619,14487,-1.0,-1.0,0.0,3946.399999999985,745,990,2,0.8619,0.8627,0.0,0.0
2024-01-17 12:00:00,0.862,0.8673,0.8608,0.8662,16872,-0.21700379,-0.21700379,0.0,3946.399999999985,745,990,2,0.8619,0.8627,0.0,0.0
2024-01-17 16:00:00,0.8662,0.8685,0.8651,0.8655,19065,-0.5708465,-0.5708465,0.0,3770.499999999985,745,991,0,0.0,0.0,0.0,-175.9
2024-01-17 20:00:00,0.8654,0.8665,0.8642,0.8644,7803,0.5908659,0.5908659,0.0,3770.499999999985,745,991,1,0.8644,0.863,0.0,0.0
2024-01-18 00:00:00,0.8641,0.8648,0.8633,0.864,6285,-0.41668758,-0.41668758,0.0,3770.499999999985,745,991,1,0.8644,0.863,0.0,0.0
2024-01-18 04:00:00,0.864,0.8651,0.8634,0.8647,4455,-0.5927327,-0.5927327,0.0,3770.499999999985,745,991,1,0.8644,0.863,0.0,0.0
2024-01-18 08:00:00,0.8647,0.8664,0.8638,0.8643,12653,1.0,1.0,0.0,3770.499999999985,745,991,1,0.8644,0.863,0.0,0.0
2024-01-18 12:00:00,0.8643,0.869,0.8642,0.8688,14568,-1.0,-1.0,0.0,3766.589999999985,745,992,0,0.0,0.0,0.0,-3.91
2024-01-18 16:00:00,0.8688,0.8691,0.8671,0.8688,19173,-0.80906785,-0.80906785,0.0,3766.589999999985,745,992,2,0.8688,0.8696,0.0,0.0
2024-01-18 20:00:00,0.8688,0.8694,0.8677,0.8679,8487,0.7734795,0.7734795,0.0,3766.589999999985,745,992,2,0.8688,0.8696,0.0,0.0
2024-01-19 00:00:00,0.8681,0.8686,0.8671,0.8681,14636,-1.0,-1.0,0.0,3766.589999999985,745,992,2,0.8688,0.8696,0.0,0.0
2024-01-19 04:00:00,0.8681,0.8688,0.8678,0.8687,4354,-0.19341889,-0.19341889,0.0,3766.589999999985,745,992,2,0.8688,0.8696,0.0,0.0
2024-01-19 08:00:00,0.8687,0.8693,0.8676,0.8685,11360,-0.8011437,-0.8011437,0.0,3766.589999999985,745,992,2,0.8688,0.8696,0.0,0.0
2024-01-19 12:00:00,0.8685,0.8694,0.8678,0.8691,9558,0.49241784,0.49241784,0.0,3766.589999999985,745,992,2,0.8688,0.8696,0.0,0.0
2024-01-19 16:00:00,0.8691,0.8704,0.8679,0.8691,15784,-0.980107,-0.980107,0.0,3766.589999999985,745,992,2,0.8688,0.8696,0.0,0.0
2024-01-19 20:00:00,0.8691,0.8697,0.8678,0.8679,7411,0.9101279,0.9101279,0.0,3754.829999999985,745,993,0,0.0,0.0,0.0,-11.76
2024-01-22 00:00:00,0.8664,0.869,0.8664,0.8679,18481,0.7445686,0.7445686,0.0,3754.829999999985,745,993,1,0.8679,0.8654,0.0,0.0
2024-01-22 04:00:00,0.8679,0.8685,0.8676,0.8682,4575,-0.34753427,-0.34753427,0.0,3754.829999999985,745,993,1,0.8679,0.8654,0.0,0.0
2024-01-22 08:00:00,0.8682,0.8692,0.8666,0.8677,13517,-0.6638083,-0.6638083,0.0,3754.829999999985,745,993,1,0.8679,0.8654,0.0,0.0
2024-01-22 12:00:00,0.8678,0.869,0.8671,0.8674,10630,-0.43427473,-0.43427473,0.0,3754.829999999985,745,993,1,0.8679,0.8654,0.0,0.0
2024-01-22 16:00:00,0.8674,0.8701,0.8674,0.8685,11278,1.0,1.0,0.0,3754.829999999985,745,993,1,0.8679,0.8654,0.0,0.0
2024-01-22 20:00:00,0.8685,0.8698,0.8685,0.869,6231,-0.35543177,-0.35543177,0.0,3754.829999999985,745,993,1,0.8679,0.8654,0.0,0.0
2024-01-23 00:00:00,0.869,0.8695,0.868,0.868,5600,-0.55347276,-0.55347276,0.0,3797.769999999985,746,993,0,0.0,0.0,0.0,42.94
2024-01-23 04:00:00,0.868,0.8682,0.8655,0.8657,7143,0.074981436,0.074981436,0.0,3797.769999999985,746,993,0,0.868,0.8688,0.0,0.0
2024-01-23 08:00:00,0.8656,0.8688,0.865,0.8682,13192,0.108583026,0.108583026,0.0,3797.769999999985,746,993,0,0.868,0.8688,0.0,0.0
2024-01-23 12:00:00,0.8682,0.8697,0.868,0.8687,10946,0.6568008,0.6568008,0.0,3797.769999999985,746,993,1,0.8687,0.8678,0.0,0.0
2024-01-23 16:00:00,0.8687,0.8728,0.8687,0.8714,15039,-1.0,-1.0,0.0,3797.769999999985,746,993,1,0.8687,0.8678,0.0,0.0
2024-01-23 20:00:00,0.8714,0.8719,0.8699,0.8702,6015,0.38112077,0.38112077,0.0,3797.769999999985,746,993,1,0.8687,0.8678,0.0,0.0
2024-01-24 00:00:00,0.8702,0.8704,0.8685,0.8694,6169,0.77521604,0.77521604,0.0,3797.769999999985,746,993,1,0.8687,0.8678,0.0,0.0
2024-01-24 04:00:00,0.8694,0.8699,0.869,0.8691,4874,0.36317897,0.36317897,0.0,3797.769999999985,746,993,1,0.8687,0.8678,0.0,0.0
2024-01-24 08:00:00,0.8691,0.8695,0.8649,0.8651,14323,0.9339761,0.9339761,0.0,3797.769999999985,746,993,1,0.8687,0.8678,0.0,0.0
2024-01-24 12:00:00,0.8651,0.8657,0.8608,0.8611,14680,0.56175137,0.56175137,0.0,3656.229999999985,746,994,0,0.0,0.0,0.0,-141.54
2024-01-24 16:00:00,0.8611,0.8644,0.8607,0.8622,20339,0.5645823,0.5645823,0.0,3656.229999999985,746,994,1,0.8622,0.8614,0.0,0.0
2024-01-24 20:00:00,0.8622,0.8639,0.8621,0.8628,8759,0.3710462,0.3710462,0.0,3656.229999999985,746,994,1,0.8622,0.8614,0.0,0.0
2024-01-25 00:00:00,0.8628,0.8649,0.8619,0.8642,5594,-0.6217565,-0.6217565,0.0,3656.229999999985,746,994,1,0.8622,0.8614,0.0,0.0
2024-01-25 04:00:00,0.8642,0.8648,0.8637,0.8646,5454,-1.0,-1.0,0.0,3731.839999999985,747,994,0,0.0,0.0,0.0,75.61
2024-01-25 08:00:00,0.8646,0.8647,0.8626,0.8634,11016,-0.49401256,-0.49401256,0.0,3731.839999999985,747,994,0,0.8646,0.8627,0.0,0.0
2024-01-25 12:00:00,0.8634,0.867,0.8629,0.865,16324,1.0,1.0,0.0,3731.839999999985,747,994,1,0.865,0.8642,0.0,0.0
2024-01-25 16:00:00,0.865,0.8685,0.8648,0.8675,23439,-0.33748397,-0.33748397,0.0,3731.839999999985,747,994,1,0.865,0.8642,0.0,0.0
2024-01-25 20:00:00,0.8675,0.868,0.8666,0.867,9408,-0.9812427,-0.9812427,0.0,3828.669999999985,748,994,0,0.0,0.0,0.0,96.83
2024-01-26 00:00:00,0.8668,0.8676,0.866,0.8667,8934,1.0,1.0,0.0,3828.669999999985,748,994,1,0.8667,0.8653,0.0,0.0
2024-01-26 04:00:00,0.8667,0.8672,0.8664,0.8666,5173,-0.7927965,-0.7927965,0.0,3828.669999999985,748,994,1,0.8667,0.8653,0.0,0.0
2024-01-26 08:00:00,0.8666,0.8685,0.8644,0.8651,11823,-1.0,-1.0,0.0,3824.689999999985,748,995,0,0.0,0.0,0.0,-3.98
2024-01-26 12:00:00,0.8651,0.8651,0.8619,0.8633,16211,-0.92818063,-0.92818063,0.0,3824.689999999985,748,995,2,0.8633,0.8641,0.0,0.0
2024-01-26 16:00:00,0.8633,0.8644,0.8616,0.8638,17480,-1.0,-1.0,0.0,3824.689999999985,748,995,2,0.8633,0.8641,0.0,0.0
2024-01-26 20:00:00,0.8638,0.8649,0.8632,0.8638,7578,0.003833791,0.003833791,0.0,3824.689999999985,748,995,2,0.8633,0.8641,0.0,0.0
2024-01-29 00:00:00,0.8654,0.8654,0.8631,0.8634,7671,1.0,1.0,0.0,3804.909999999985,748,996,0,0.0,0.0,0.0,-19.78
2024-01-29 04:00:00,0.8634,0.8639,0.863,0.8639,4410,-0.8524735,-0.8524735,0.0,3804.909999999985,748,996,2,0.8639,0.8647,0.0,0.0
2024-01-29 08:00:00,0.8639,0.8639,0.8607,0.8619,13191,-0.15466104,-0.15466104,0.0,3804.909999999985,748,996,2,0.8639,0.8647,0.0,0.0
2024-01-29 12:00:00,0.8619,0.8635,0.8616,0.8632,10754,-1.0,-1.0,0.0,3804.909999999985,748,996,2,0.8639,0.8647,0.0,0.0
2024-01-29 16:00:00,0.8632,0.8649,0.8626,0.8639,11298,1.0,1.0,0.0,3832.409999999985,749,996,0,0.0,0.0,0.0,27.5
2024-01-29 20:00:00,0.8639,0.8644,0.8607,0.8612,9654,0.85454243,0.85454243,0.0,3832.409999999985,749,996,1,0.8612,0.8594,0.0,0.0
2024-01-30 00:00:00,0.8612,0.8617,0.8601,0.8614,18741,-0.5971942,-0.5971942,0.0,3832.409999999985,749,996,1,0.8612,0.8594,0.0,0.0
2024-01-30 04:00:00,0.8614,0.8619,0.8611,0.8617,4199,0.23222265,0.23222265,0.0,3832.409999999985,749,996,1,0.8612,0.8594,0.0,0.0
2024-01-30 08:00:00,0.8617,0.8639,0.8608,0.863,11911,1.0,1.0,0.0,3832.409999999985,749,996,1,0.8612,0.8594,0.0,0.0
2024-01-30 12:00:00,0.863,0.8637,0.8621,0.8622,11861,1.0,1.0,0.0,3832.409999999985,749,996,1,0.8612,0.8594,0.0,0.0
2024-01-30 16:00:00,0.8622,0.8643,0.8604,0.8626,17266,-0.11446238,-0.11446238,0.0,3832.409999999985,749,996,1,0.8612,0.8594,0.0,0.0
2024-01-30 20:00:00,0.8626,0.8631,0.8615,0.8617,6335,-0.56511676,-0.56511676,0.0,3887.7799999999847,750,996,0,0.0,0.0,0.0,55.37
2024-01-31 00:00:00,0.8617,0.8623,0.8611,0.8623,6741,-0.66511697,-0.66511697,0.0,3887.7799999999847,750,996,2,0.8623,0.8631,0.0,0.0
2024-01-31 04:00:00,0.8623,0.8636,0.8623,0.8629,5218,-1.0,-1.0,0.0,3887.7799999999847,750,996,2,0.8623,0.8631,0.0,0.0
2024-01-31 08:00:00,0.8629,0.8643,0.8619,0.8628,12858,1.0,1.0,0.0,3863.679999999985,750,997,0,0.0,0.0,0.0,-24.1
2024-01-31 12:00:00,0.8628,0.8643,0.8606,0.8613,14363,-0.17284033,-0.17284033,0.0,3863.679999999985,750,997,0,0.8613,0.8588,0.0,0.0
2024-01-31 16:00:00,0.8613,0.8617,0.8551,0.8597,25286,1.0,1.0,0.0,3863.679999999985,750,997,1,0.8597,0.8572,0.0,0.0
2024-01-31 20:00:00,0.8597,0.8644,0.858,0.8612,32216,1.0,1.0,0.0,3863.679999999985,750,997,1,0.8597,0.8572,0.0,0.0
2024-02-01 00:00:00,0.8613,0.8634,0.8593,0.8632,6651,0.041697457,0.041697457,0.0,3863.679999999985,750,997,1,0.8597,0.8572,0.0,0.0
2024-02-01 04:00:00,0.8632,0.8636,0.8618,0.8636,5856,0.49314612,0.49314612,0.0,3863.679999999985,750,997,1,0.8597,0.8572,0.0,0.0
2024-02-01 08:00:00,0.8636,0.8649,0.8625,0.8628,13162,-1.0,-1.0,0.0,4019.3799999999846,751,997,0,0.0,0.0,0.0,155.7
2024-02-01 12:00:00,0.8627,0.8639,0.8612,0.8625,14219,0.061517067,0.061517067,0.0,4019.3799999999846,751,997,0,0.8636,0.8644,0.0,0.0
2024-02-01 16:00:00,0.8625,0.8641,0.8571,0.8586,23773,-1.0,-1.0,0.0,4019.3799999999846,751,997,2,0.8586,0.8598,0.0,0.0
2024-02-01 20:00:00,0.8586,0.8592,0.8572,0.8577,10435,1.0,1.0,0.0,4019.3799999999846,751,997,2,0.8586,0.8598,0.0,0.0
2024-02-02 00:00:00,0.8577,0.8578,0.8551,0.8574,9269,0.2517686,0.2517686,0.0,4019.3799999999846,751,997,2,0.8586,0.8598,0.0,0.0
2024-02-02 04:00:00,0.8574,0.8577,0.8565,0.8573,6747,0.97250944,0.97250944,0.0,4068.8499999999844,752,997,0,0.0,0.0,0.0,49.47
2024-02-02 08:00:00,0.8574,0.8577,0.8557,0.8563,10241,-0.7272902,-0.7272902,0.0,4068.8499999999844,752,997,2,0.8563,0.8581,0.0,0.0
2024-02-02 12:00:00,0.8563,0.8641,0.8553,0.8636,14718,-1.0,-1.0,0.0,4068.8499999999844,752,997,2,0.8563,0.8581,0.0,0.0
2024-02-02 16:00:00,0.8636,0.8681,0.8629,0.8676,23989,-0.4940234,-0.4940234,0.0,3761.8999999999846,752,998,0,0.0,0.0,0.0,-306.95
2024-02-02 20:00:00,0.8676,0.8678,0.8661,0.8668,8950,0.56285274,0.56285274,0.0,3761.8999999999846,752,998,1,0.8668,0.8643,0.0,0.0
2024-02-05 00:00:00,0.8653,0.8687,0.8646,0.8674,12498,-0.33746415,-0.33746415,0.0,3761.8999999999846,752,998,1,0.8668,0.8643,0.0,0.0
2024-02-05 04:00:00,0.8674,0.8681,0.8673,0.8677,5582,-0.6788989,-0.6788989,0.0,3761.8999999999846,752,998,1,0.8668,0.8643,0.0,0.0
2024-02-05 08:00:00,0.8677,0.8704,0.8671,0.8702,11853,-0.39203432,-0.39203432,0.0,3761.8999999999846,752,998,1,0.8668,0.8643,0.0,0.0
2024-02-05 12:00:00,0.8703,0.8711,0.8689,0.871,11458,1.0,1.0,0.0,3761.8999999999846,752,998,1,0.8668,0.8643,0.0,0.0
2024-02-05 16:00:00,0.871,0.8718,0.8699,0.8701,16061,-0.31592172,-0.31592172,0.0,3761.8999999999846,752,998,1,0.8668,0.8643,0.0,0.0
2024-02-05 20:00:00,0.8701,0.8711,0.8695,0.8705,6549,-0.43773898,-0.43773898,0.0,3761.8999999999846,752,998,1,0.8668,0.8643,0.0,0.0
2024-02-06 00:00:00,0.8702,0.8708,0.87,0.8705,4727,0.348076,0.348076,0.0,3761.8999999999846,752,998,1,0.8668,0.8643,0.0,0.0
2024-02-06 04:00:00,0.8705,0.8706,0.8693,0.8695,9031,0.7659529,0.7659529,0.0,3761.8999999999846,752,998,1,0.8668,0.8643,0.0,0.0
2024-02-06 08:00:00,0.8695,0.8728,0.869,0.8727,10942,0.22452353,0.22452353,0.0,3761.8999999999846,752,998,1,0.8668,0.8643,0.0,0.0
2024-02-06 12:00:00,0.8727,0.8735,0.8715,0.873,11937,0.64086854,0.64086854,0.0,3761.8999999999846,752,998,1,0.8668,0.8643,0.0,0.0
2024-02-06 16:00:00,0.873,0.8741,0.8699,0.8702,17107,-0.56974405,-0.56974405,0.0,4005.5299999999847,753,998,0,0.0,0.0,0.0,243.63
2024-02-06 20:00:00,0.8702,0.8708,0.8696,0.8696,8738,0.5270083,0.5270083,0.0,4005.5299999999847,753,998,1,0.8696,0.8688,0.0,0.0
2024-02-07 00:00:00,0.8703,0.8703,0.8688,0.8692,5754,-0.13764653,-0.13764653,0.0,4005.5299999999847,753,998,1,0.8696,0.8688,0.0,0.0
2024-02-07 04:00:00,0.8692,0.8699,0.8692,0.8695,5824,-1.0,-1.0,0.0,3988.8599999999847,753,999,0,0.0,0.0,0.0,-16.67
2024-02-07 08:00:00,0.8695,0.8719,0.8688,0.8713,11429,1.0,1.0,0.0,3988.8599999999847,753,999,1,0.8713,0.8698,0.0,0.0
2024-02-07 12:00:00,0.8713,0.873,0.8709,0.8714,12255,1.0,1.0,0.0,3988.8599999999847,753,999,1,0.8713,0.8698,0.0,0.0
2024-02-07 16:00:00,0.8714,0.8745,0.8704,0.8739,19323,1.0,1.0,0.0,3988.8599999999847,753,999,1,0.8713,0.8698,0.0,0.0
2024-02-07 20:00:00,0.8739,0.8753,0.8732,0.8739,8430,-0.13846064,-0.13846064,0.0,3988.8599999999847,753,999,1,0.8713,0.8698,0.0,0.0
2024-02-08 00:00:00,0.8736,0.8745,0.8731,0.8732,5928,0.061674938,0.061674938,0.0,3988.8599999999847,753,999,1,0.8713,0.8698,0.0,0.0
2024-02-08 04:00:00,0.8732,0.8734,0.8724,0.8731,5499,0.14333022,0.14333022,0.0,3988.8599999999847,753,999,1,0.8713,0.8698,0.0,0.0
2024-02-08 08:00:00,0.8731,0.874,0.8724,0.8728,11850,-0.41826564,-0.41826564,0.0,3988.8599999999847,753,999,1,0.8713,0.8698,0.0,0.0
2024-02-08 12:00:00,0.8728,0.876,0.8725,0.876,14339,0.48049417,0.48049417,0.0,3988.8599999999847,753,999,1,0.8713,0.8698,0.0,0.0
2024-02-08 16:00:00,0.876,0.8761,0.8735,0.8743,14897,-0.20275587,-0.20275587,0.0,3988.8599999999847,753,999,1,0.8713,0.8698,0.0,0.0
2024-02-08 20:00:00,0.8744,0.8746,0.8733,0.8733,8039,-1.0,-1.0,0.0,4114.0399999999845,754,999,0,0.0,0.0,0.0,125.18
2024-02-09 00:00:00,0.8731,0.8739,0.8726,0.8737,7198,0.7075293,0.7075293,0.0,4114.0399999999845,754,999,1,0.8737,0.8729,0.0,0.0
2024-02-09 04:00:00,0.8737,0.8745,0.8735,0.8744,3987,-1.0,-1.0,0.0,4114.0399999999845,754,999,1,0.8737,0.8729,0.0,0.0
2024-02-09 08:00:00,0.8744,0.8762,0.874,0.8758,9608,0.9086414,0.9086414,0.0,4114.0399999999845,754,999,1,0.8737,0.8729,0.0,0.0
2024-02-09 12:00:00,0.8758,0.8761,0.8731,0.8747,14655,-0.60821444,-0.60821444,0.0,4114.0399999999845,754,999,1,0.8737,0.8729,0.0,0.0
2024-02-09 16:00:00,0.8748,0.8754,0.8737,0.8749,14250,-0.790061,-0.790061,0.0,4157.089999999985,755,999,0,0.0,0.0,0.0,43.05
2024-02-09 20:00:00,0.8749,0.8755,0.8743,0.8747,5106,0.8332724,0.8332724,0.0,4157.089999999985,755,999,1,0.8747,0.8725,0.0,0.0
2024-02-12 00:00:00,0.8744,0.8748,0.8737,0.8743,3861,-0.75143665,-0.75143665,0.0,4157.089999999985,755,999,1,0.8747,0.8725,0.0,0.0
2024-02-12 04:00:00,0.8743,0.8748,0.8741,0.8745,4042,1.0,1.0,0.0,4157.089999999985,755,999,1,0.8747,0.8725,0.0,0.0
2024-02-12 08:00:00,0.8745,0.8755,0.8726,0.8755,10302,-1.0,-1.0,0.0,4148.379999999985,755,1000,0,0.0,0.0,0.0,-8.71
2024-02-12 12:00:00,0.8755,0.8772,0.8749,0.8769,9101,-1.0,-1.0,0.0,4148.379999999985,755,1000,2,0.8769,0.8777,0.0,0.0
2024-02-12 16:00:00,0.8769,0.8773,0.8752,0.8752,10779,-1.0,-1.0,0.0,4148.379999999985,755,1000,2,0.8769,0.8777,0.0,0.0
2024-02-12 20:00:00,0.8752,0.8761,0.875,0.8756,5239,1.0,1.0,0.0,4222.219999999985,756,1000,0,0.0,0.0,0.0,73.84
2024-02-13 00:00:00,0.8756,0.8762,0.8743,0.8761,4630,-0.99022526,-0.99022526,0.0,4222.219999999985,756,1000,2,0.8761,0.8776,0.0,0.0
2024-02-13 04:00:00,0.8761,0.8767,0.8759,0.8761,4416,1.0,1.0,0.0,4222.219999999985,756,1000,2,0.8761,0.8776,0.0,0.0
2024-02-13 08:00:00,0.8761,0.8817,0.8755,0.8796,14513,0.57071984,0.57071984,0.0,4222.219999999985,756,1000,2,0.8761,0.8776,0.0,0.0
2024-02-13 12:00:00,0.8796,0.8861,0.8768,0.8857,16094,1.0,1.0,0.0,4066.6699999999846,756,1001,0,0.0,0.0,0.0,-155.55
2024-02-13 16:00:00,0.8856,0.8876,0.8844,0.8871,21020,0.22641797,0.22641797,0.0,4066.6699999999846,756,1001,0,0.8857,0.8837,0.0,0.0
2024-02-13 20:00:00,0.8871,0.8881,0.8864,0.887,7446,-1.0,-1.0,0.0,4066.6699999999846,756,1001,2,0.887,0.888,0.0,0.0
2024-02-14 00:00:00,0.887,0.8875,0.886,0.8868,7006,0.106455,0.106455,0.0,4066.6699999999846,756,1001,2,0.887,0.888,0.0,0.0
2024-02-14 04:00:00,0.8868,0.8869,0.886,0.8861,5311,-0.3206189,-0.3206189,0.0,4066.6699999999846,756,1001,2,0.887,0.888,0.0,0.0
2024-02-14 08:00:00,0.8861,0.8886,0.8857,0.8873,11850,0.73441106,0.73441106,0.0,4105.469999999985,757,1001,0,0.0,0.0,0.0,38.8
2024-02-14 12:00:00,0.8873,0.8882,0.8858,0.8865,11547,-1.0,-1.0,0.0,4105.469999999985,757,1001,2,0.8865,0.8873,0.0,0.0
2024-02-14 16:00:00,0.8865,0.8874,0.8848,0.8851,13200,-0.097515926,-0.097515926,0.0,4105.469999999985,757,1001,2,0.8865,0.8873,0.0,0.0
2024-02-14 20:00:00,0.8851,0.8859,0.8847,0.8858,6660,0.5534264,0.5534264,0.0,4105.469999999985,757,1001,2,0.8865,0.8873,0.0,0.0
2024-02-15 00:00:00,0.886,0.886,0.8846,0.8855,5269,-0.40819484,-0.40819484,0.0,4105.469999999985,757,1001,2,0.8865,0.8873,0.0,0.0
2024-02-15 04:00:00,0.8855,0.8856,0.8848,0.885,5606,-1.0,-1.0,0.0,4105.469999999985,757,1001,2,0.8865,0.8873,0.0,0.0
2024-02-15 08:00:00,0.8851,0.8852,0.8825,0.8832,10618,0.55213255,0.55213255,0.0,4170.669999999985,758,1001,0,0.0,0.0,0.0,65.2
2024-02-15 12:00:00,0.8832,0.8836,0.8798,0.8811,12391,0.12348597,0.12348597,0.0,4170.669999999985,758,1001,0,0.0,0.0,0.0,0.0
2024-02-15 16:00:00,0.8811,0.8816,0.8783,0.8805,16923,-0.7415431,-0.7415431,0.0,4170.669999999985,758,1001,2,0.8805,0.8813,0.0,0.0
2024-02-15 20:00:00,0.8805,0.8806,0.8789,0.8798,8298,-0.011210964,-0.011210964,0.0,4170.669999999985,758,1001,2,0.8805,0.8813,0.0,0.0
2024-02-16 00:00:00,0.8798,0.881,0.8785,0.8805,4976,0.3343495,0.3343495,0.0,4170.669999999985,758,1001,2,0.8805,0.8813,0.0,0.0
2024-02-16 04:00:00,0.8805,0.8814,0.8805,0.881,6192,-0.14009488,-0.14009488,0.0,4170.669999999985,758,1001,2,0.8805,0.8813,0.0,0.0
2024-02-16 08:00:00,0.881,0.8816,0.8805,0.8811,8029,-0.40622395,-0.40622395,0.0,4170.669999999985,758,1001,2,0.8805,0.8813,0.0,0.0
2024-02-16 12:00:00,0.8811,0.8839,0.8802,0.8825,10572,-0.84243274,-0.84243274,0.0,4170.669999999985,758,1001,2,0.8805,0.8813,0.0,0.0
2024-02-16 16:00:00,0.8825,0.8835,0.8802,0.8808,15324,0.17188883,0.17188883,0.0,4082.5799999999845,758,1002,0,0.0,0.0,0.0,-88.09
2024-02-16 20:00:00,0.8807,0.8813,0.8798,0.8807,7376,-0.58147836,-0.58147836,0.0,4082.5799999999845,758,1002,2,0.8807,0.8815,0.0,0.0
2024-02-19 00:00:00,0.8812,0.8812,0.8783,0.8807,5401,-0.35248917,-0.35248917,0.0,4082.5799999999845,758,1002,2,0.8807,0.8815,0.0,0.0
2024-02-19 04:00:00,0.8807,0.8816,0.8805,0.8809,5807,1.0,1.0,0.0,4082.5699999999842,758,1003,0,0.0,0.0,0.0,-0.01
2024-02-19 08:00:00,0.8809,0.8817,0.8801,0.8812,9239,0.062237985,0.062237985,0.0,4082.5699999999842,758,1003,0,0.8812,0.8837,0.0,0.0
2024-02-19 12:00:00,0.8811,0.8814,0.8799,0.8811,7643,1.0,1.0,0.0,4082.5699999999842,758,1003,1,0.8811,0.8786,0.0,0.0
2024-02-19 16:00:00,0.8811,0.8828,0.881,0.8828,6635,0.11668506,0.11668506,0.0,4082.5699999999842,758,1003,1,0.8811,0.8786,0.0,0.0
2024-02-19 20:00:00,0.8828,0.8828,0.8817,0.882,4176,-0.4921364,-0.4921364,0.0,4082.5699999999842,758,1003,1,0.8811,0.8786,0.0,0.0
2024-02-20 00:00:00,0.8819,0.8832,0.8817,0.883,6401,0.022475027,0.022475027,0.0,4082.5699999999842,758,1003,1,0.8811,0.8786,0.0,0.0
2024-02-20 04:00:00,0.883,0.8833,0.8825,0.8829,5444,-1.0,-1.0,0.0,4164.519999999984,759,1003,0,0.0,0.0,0.0,81.95
2024-02-20 08:00:00,0.8829,0.8838,0.8815,0.8817,9052,-0.80429447,-0.80429447,0.0,4164.519999999984,759,1003,2,0.8817,0.8825,0.0,0.0
2024-02-20 12:00:00,0.8817,0.8826,0.8795,0.8797,10617,0.010014864,0.010014864,0.0,4164.519999999984,759,1003,2,0.8817,0.8825,0.0,0.0
2024-02-20 16:00:00,0.8797,0.8813,0.8785,0.8812,14648,-1.0,-1.0,0.0,4164.519999999984,759,1003,2,0.8817,0.8825,0.0,0.0
2024-02-20 20:00:00,0.8812,0.8821,0.8811,0.8818,6856,0.7938476,0.7938476,0.0,4186.469999999984,760,1003,0,0.0,0.0,0.0,21.95
2024-02-21 00:00:00,0.8817,0.882,0.8809,0.8814,5462,0.9880851,0.9880851,0.0,4186.469999999984,760,1003,1,0.8814,0.8806,0.0,0.0
2024-02-21 04:00:00,0.8814,0.8815,0.8804,0.8807,5423,-0.0753901,-0.0753901,0.0,4186.469999999984,760,1003,1,0.8814,0.8806,0.0,0.0
2024-02-21 08:00:00,0.8807,0.8818,0.8803,0.8806,9153,-0.34715807,-0.34715807,0.0,4186.469999999984,760,1003,1,0.8814,0.8806,0.0,0.0
2024-02-21 12:00:00,0.8806,0.8809,0.8796,0.88,9093,-1.0,-1.0,0.0,4151.169999999984,760,1004,0,0.0,0.0,0.0,-35.3
2024-02-21 16:00:00,0.88,0.8812,0.8793,0.8805,10824,1.0,1.0,0.0,4151.169999999984,760,1004,1,0.8805,0.8797,0.0,0.0
2024-02-21 20:00:00,0.8805,0.8811,0.8788,0.8795,10134,0.73462236,0.73462236,0.0,4151.169999999984,760,1004,1,0.8805,0.8797,0.0,0.0
2024-02-22 00:00:00,0.8795,0.8798,0.8782,0.8788,5900,-0.13055323,-0.13055323,0.0,4107.469999999984,760,1005,0,0.0,0.0,0.0,-43.7
2024-02-22 04:00:00,0.8788,0.8794,0.8776,0.8781,5527,1.0,1.0,0.0,4107.469999999984,760,1005,1,0.8781,0.8773,0.0,0.0
2024-02-22 08:00:00,0.8781,0.8781,0.8742,0.8771,13738,1.0,1.0,0.0,4107.469999999984,760,1005,1,0.8781,0.8773,0.0,0.0
2024-02-22 12:00:00,0.8771,0.8804,0.8769,0.8802,11963,-0.005916325,-0.005916325,0.0,4064.349999999984,760,1006,0,0.0,0.0,0.0,-43.12
2024-02-22 16:00:00,0.8802,0.8821,0.8801,0.8815,17499,-1.0,-1.0,0.0,4064.349999999984,760,1006,2,0.8815,0.8823,0.0,0.0
2024-02-22 20:00:00,0.8815,0.8817,0.8798,0.8801,7387,-1.0,-1.0,0.0,4064.349999999984,760,1006,2,0.8815,0.8823,0.0,0.0
2024-02-23 00:00:00,0.8801,0.8808,0.8798,0.8803,6018,0.27736694,0.27736694,0.0,4064.349999999984,760,1006,2,0.8815,0.8823,0.0,0.0
2024-02-23 04:00:00,0.8803,0.881,0.8801,0.8808,4159,-0.310604,-0.310604,0.0,4064.349999999984,760,1006,2,0.8815,0.8823,0.0,0.0
2024-02-23 08:00:00,0.8808,0.8819,0.8802,0.8816,8476,-1.0,-1.0,0.0,4064.349999999984,760,1006,2,0.8815,0.8823,0.0,0.0
2024-02-23 12:00:00,0.8816,0.8816,0.8781,0.8798,10564,0.1226606,0.1226606,0.0,4064.349999999984,760,1006,2,0.8815,0.8823,0.0,0.0
2024-02-23 16:00:00,0.8798,0.8818,0.8796,0.8806,12781,-0.08993198,-0.08993198,0.0,4064.349999999984,760,1006,2,0.8815,0.8823,0.0,0.0
2024-02-23 20:00:00,0.8805,0.8814,0.8803,0.881,5447,1.0,1.0,0.0,4102.879999999984,761,1006,0,0.0,0.0,0.0,38.53
2024-02-26 00:00:00,0.8793,0.882,0.8791,0.8816,5829,0.8680975,0.8680975,0.0,4102.879999999984,761,1006,1,0.8816,0.8808,0.0,0.0
2024-02-26 04:00:00,0.8816,0.8822,0.8807,0.8809,5300,1.0,1.0,0.0,4102.879999999984,761,1006,1,0.8816,0.8808,0.0,0.0
2024-02-26 08:00:00,0.8809,0.8813,0.8798,0.8798,8844,0.6841916,0.6841916,0.0,4102.879999999984,761,1006,1,0.8816,0.8808,0.0,0.0
2024-02-26 12:00:00,0.8798,0.8803,0.8788,0.8792,8747,0.75841534,0.75841534,0.0,4025.1199999999835,761,1007,0,0.0,0.0,0.0,-77.76
2024-02-26 16:00:00,0.8793,0.8814,0.8791,0.8808,11180,0.22805752,0.22805752,0.0,4025.1199999999835,761,1007,0,0.8808,0.8783,0.0,0.0
2024-02-26 20:00:00,0.8808,0.8812,0.8796,0.8797,5573,-0.9523621,-0.9523621,0.0,4025.1199999999835,761,1007,2,0.8797,0.8805,0.0,0.0
2024-02-27 00:00:00,0.8799,0.8807,0.8789,0.8802,4238,0.5076126,0.5076126,0.0,4025.1199999999835,761,1007,2,0.8797,0.8805,0.0,0.0
2024-02-27 04:00:00,0.8802,0.8804,0.8791,0.8798,4941,0.3018204,0.3018204,0.0,4025.1199999999835,761,1007,2,0.8797,0.8805,0.0,0.0
2024-02-27 08:00:00,0.8798,0.8801,0.8784,0.8796,8866,-0.4368291,-0.4368291,0.0,4025.1199999999835,761,1007,2,0.8797,0.8805,0.0,0.0
2024-02-27 12:00:00,0.8796,0.8808,0.8785,0.8798,10527,-1.0,-1.0,0.0,4025.1199999999835,761,1007,2,0.8797,0.8805,0.0,0.0
2024-02-27 16:00:00,0.8798,0.881,0.8787,0.8798,12739,-0.24334818,-0.24334818,0.0,4025.1199999999835,761,1007,2,0.8797,0.8805,0.0,0.0
2024-02-27 20:00:00,0.8798,0.8802,0.8783,0.8785,7256,-1.0,-1.0,0.0,4025.1199999999835,761,1007,2,0.8797,0.8805,0.0,0.0
2024-02-28 00:00:00,0.8785,0.8796,0.8781,0.8792,7478,0.08740057,0.08740057,0.0,4025.1199999999835,761,1007,2,0.8797,0.8805,0.0,0.0
2024-02-28 04:00:00,0.8792,0.8805,0.8791,0.8802,6322,0.46180016,0.46180016,0.0,4025.1199999999835,761,1007,2,0.8797,0.8805,0.0,0.0
2024-02-28 08:00:00,0.8802,0.8815,0.8801,0.8814,9955,1.0,1.0,0.0,4003.9099999999835,761,1008,0,0.0,0.0,0.0,-21.21
2024-02-28 12:00:00,0.8814,0.8814,0.8794,0.8801,11823,0.07907717,0.07907717,0.0,4003.9099999999835,761,1008,0,0.8792,0.8784,0.0,0.0
2024-02-28 16:00:00,0.8801,0.8806,0.8784,0.8791,12083,0.19655733,0.19655733,0.0,4003.9099999999835,761,1008,0,0.0,0.0,0.0,0.0
2024-02-28 20:00:00,0.8791,0.8793,0.8784,0.8784,6732,0.839189,0.839189,0.0,4003.9099999999835,761,1008,1,0.8784,0.8776,0.0,0.0
2024-02-29 00:00:00,0.8792,0.8792,0.8781,0.8787,6488,1.0,1.0,0.0,4003.9099999999835,761,1008,1,0.8784,0.8776,0.0,0.0
2024-02-29 04:00:00,0.8786,0.8788,0.878,0.8783,6743,-1.0,-1.0,0.0,4016.5299999999834,762,1008,0,0.0,0.0,0.0,12.62
2024-02-29 08:00:00,0.8783,0.8793,0.878,0.878,11752,0.93896884,0.93896884,0.0,4016.5299999999834,762,1008,1,0.878,0.8771,0.0,0.0
2024-02-29 12:00:00,0.878,0.881,0.8779,0.8791,15042,0.98441255,0.98441255,0.0,4016.5299999999834,762,1008,1,0.878,0.8771,0.0,0.0
2024-02-29 16:00:00,0.8791,0.8844,0.8779,0.8838,18737,1.0,1.0,0.0,4016.5299999999834,762,1008,1,0.878,0.8771,0.0,0.0
2024-02-29 20:00:00,0.8838,0.8846,0.8832,0.884,6306,0.28804925,0.28804925,0.0,4016.5299999999834,762,1008,1,0.878,0.8771,0.0,0.0
2024-03-01 00:00:00,0.8843,0.8849,0.8839,0.8842,4647,0.73542255,0.73542255,0.0,4016.5299999999834,762,1008,1,0.878,0.8771,0.0,0.0
2024-03-01 04:00:00,0.8842,0.8849,0.8839,0.8848,4401,0.017831827,0.017831827,0.0,4016.5299999999834,762,1008,1,0.878,0.8771,0.0,0.0
2024-03-01 08:00:00,0.8848,0.887,0.8845,0.8851,11832,-0.4683697,-0.4683697,0.0,4016.5299999999834,762,1008,1,0.878,0.8771,0.0,0.0
2024-03-01 12:00:00,0.8851,0.8879,0.8847,0.8878,12664,-1.0,-1.0,0.0,4318.549999999983,763,1008,0,0.0,0.0,0.0,302.02
2024-03-01 16:00:00,0.8878,0.8892,0.8837,0.884,17643,0.46250618,0.46250618,0.0,4318.549999999983,763,1008,0,0.8878,0.8896,0.0,0.0
2024-03-01 20:00:00,0.884,0.8848,0.8828,0.8832,7118,0.29918355,0.29918355,0.0,4318.549999999983,763,1008,0,0.8878,0.8896,0.0,0.0
2024-03-04 00:00:00,0.8831,0.8838,0.8822,0.8835,7649,-1.0,-1.0,0.0,4318.549999999983,763,1008,2,0.8835,0.8857,0.0,0.0
2024-03-04 04:00:00,0.8835,0.8837,0.8825,0.8831,6210,1.0,1.0,0.0,4318.549999999983,763,1008,2,0.8835,0.8857,0.0,0.0
2024-03-04 08:00:00,0.8831,0.8834,0.8805,0.8825,12294,1.0,1.0,0.0,4336.789999999983,764,1008,0,0.0,0.0,0.0,18.24
2024-03-04 12:00:00,0.8825,0.8864,0.8825,0.8844,11318,-0.24443899,-0.24443899,0.0,4336.789999999983,764,1008,0,0.8825,0.8847,0.0,0.0
2024-03-04 16:00:00,0.8844,0.8861,0.8839,0.8843,14779,-0.98584497,-0.98584497,0.0,4336.789999999983,764,1008,2,0.8843,0.8868,0.0,0.0
2024-03-04 20:00:00,0.8843,0.8851,0.8839,0.8847,6464,0.862361,0.862361,0.0,4336.789999999983,764,1008,2,0.8843,0.8868,0.0,0.0
2024-03-05 00:00:00,0.8848,0.8857,0.8835,0.8855,6047,1.0,1.0,0.0,4318.419999999983,764,1009,0,0.0,0.0,0.0,-18.37
2024-03-05 04:00:00,0.8855,0.8857,0.8849,0.8855,5123,0.90785193,0.90785193,0.0,4318.419999999983,764,1009,1,0.8855,0.8847,0.0,0.0
2024-03-05 08:00:00,0.8855,0.8865,0.8851,0.8858,10513,0.7180269,0.7180269,0.0,4318.419999999983,764,1009,1,0.8855,0.8847,0.0,0.0
2024-03-05 12:00:00,0.8858,0.8866,0.8851,0.8853,10585,1.0,1.0,0.0,4318.419999999983,764,1009,1,0.8855,0.8847,0.0,0.0
2024-03-05 16:00:00,0.8853,0.8855,0.8825,0.8836,17818,-0.07615051,-0.07615051,0.0,4318.419999999983,764,1009,1,0.8855,0.8847,0.0,0.0
2024-03-05 20:00:00,0.8836,0.884,0.8828,0.8833,7633,1.0,1.0,0.0,4231.659999999983,764,1010,0,0.0,0.0,0.0,-86.76
2024-03-06 00:00:00,0.8832,0.8852,0.8821,0.8849,6558,-1.0,-1.0,0.0,4231.659999999983,764,1010,2,0.8849,0.8857,0.0,0.0
2024-03-06 04:00:00,0.8849,0.8849,0.8841,0.8844,5568,-1.0,-1.0,0.0,4231.659999999983,764,1010,2,0.8849,0.8857,0.0,0.0
2024-03-06 08:00:00,0.8844,0.8855,0.8837,0.8844,9857,-1.0,-1.0,0.0,4231.659999999983,764,1010,2,0.8849,0.8857,0.0,0.0
2024-03-06 12:00:00,0.8844,0.8855,0.8835,0.8836,13799,0.095288366,0.095288366,0.0,4231.659999999983,764,1010,2,0.8849,0.8857,0.0,0.0
2024-03-06 16:00:00,0.8836,0.8838,0.8804,0.8819,18213,-0.98992294,-0.98992294,0.0,4231.659999999983,764,1010,2,0.8849,0.8857,0.0,0.0
2024-03-06 20:00:00,0.8819,0.8826,0.8814,0.882,10160,0.98738736,0.98738736,0.0,4365.619999999983,765,1010,0,0.0,0.0,0.0,133.96
2024-03-07 00:00:00,0.882,0.8823,0.8812,0.8817,6352,-0.8092745,-0.8092745,0.0,4365.619999999983,765,1010,2,0.8817,0.8841,0.0,0.0
2024-03-07 04:00:00,0.8817,0.8822,0.8809,0.8817,6965,-1.0,-1.0,0.0,4365.619999999983,765,1010,2,0.8817,0.8841,0.0,0.0
2024-03-07 08:00:00,0.8817,0.882,0.8806,0.8808,11313,-0.47235197,-0.47235197,0.0,4365.619999999983,765,1010,2,0.8817,0.8841,0.0,0.0
2024-03-07 12:00:00,0.8808,0.8813,0.8785,0.8793,13661,-1.0,-1.0,0.0,4365.619999999983,765,1010,2,0.8817,0.8841,0.0,0.0
2024-03-07 16:00:00,0.8793,0.8804,0.8775,0.8786,19733,1.0,1.0,0.0,4475.849999999982,766,1010,0,0.0,0.0,0.0,110.23
2024-03-07 20:00:00,0.8787,0.8787,0.8772,0.8774,8230,-0.41997796,-0.41997796,0.0,4475.849999999982,766,1010,0,0.0,0.0,0.0,0.0
2024-03-08 00:00:00,0.8776,0.8777,0.8766,0.8773,6681,0.16319406,0.16319406,0.0,4475.849999999982,766,1010,0,0.8773,0.8795,0.0,0.0
2024-03-08 04:00:00,0.8773,0.8777,0.877,0.8772,6407,0.23093188,0.23093188,0.0,4475.849999999982,766,1010,0,0.8773,0.8795,0.0,0.0
2024-03-08 08:00:00,0.8772,0.8776,0.8757,0.8764,10481,1.0,1.0,0.0,4475.849999999982,766,1010,1,0.8764,0.8754,0.0,0.0
2024-03-08 12:00:00,0.8765,0.8783,0.8729,0.8751,14930,0.95619005,0.95619005,0.0,4475.849999999982,766,1010,1,0.8764,0.8754,0.0,0.0
2024-03-08 16:00:00,0.8751,0.877,0.8743,0.8767,21717,-0.11933399,-0.11933399,0.0,4414.909999999983,766,1011,0,0.0,0.0,0.0,-60.94
2024-03-08 20:00:00,0.8767,0.8779,0.8766,0.8775,8202,-0.6673607,-0.6673607,0.0,4414.909999999983,766,1011,2,0.8775,0.8785,0.0,0.0
2024-03-11 00:00:00,0.8763,0.878,0.8763,0.8772,8533,1.0,1.0,0.0,4414.909999999983,766,1011,2,0.8775,0.8785,0.0,0.0
2024-03-11 04:00:00,0.8772,0.8779,0.8771,0.8776,9729,-0.10786663,-0.10786663,0.0,4414.909999999983,766,1011,2,0.8775,0.8785,0.0,0.0
2024-03-11 08:00:00,0.8776,0.8779,0.8755,0.8769,12846,-0.14835352,-0.14835352,0.0,4414.909999999983,766,1011,2,0.8775,0.8785,0.0,0.0
2024-03-11 12:00:00,0.8769,0.8787,0.8758,0.8786,11767,0.24058247,0.24058247,0.0,4414.909999999983,766,1011,2,0.8775,0.8785,0.0,0.0
2024-03-11 16:00:00,0.8786,0.8795,0.8779,0.8783,13617,0.96063167,0.96063167,0.0,4363.839999999983,766,1012,0,0.0,0.0,0.0,-51.07
2024-03-11 20:00:00,0.8783,0.8788,0.877,0.8773,6040,0.10168268,0.10168268,0.0,4363.839999999983,766,1012,0,0.8775,0.8758,0.0,0.0
2024-03-12 00:00:00,0.8773,0.8776,0.8769,0.877,6467,0.04731438,0.04731438,0.0,4363.839999999983,766,1012,0,0.0,0.0,0.0,0.0
2024-03-12 04:00:00,0.877,0.8776,0.8767,0.8771,9109,-1.0,-1.0,0.0,4363.839999999983,766,1012,2,0.8771,0.8796,0.0,0.0
2024-03-12 08:00:00,0.8771,0.8773,0.8758,0.8761,10378,0.57249266,0.57249266,0.0,4363.839999999983,766,1012,2,0.8771,0.8796,0.0,0.0
2024-03-12 12:00:00,0.8761,0.8794,0.8747,0.8788,12407,0.718808,0.718808,0.0,4363.839999999983,766,1012,2,0.8771,0.8796,0.0,0.0
2024-03-12 16:00:00,0.8788,0.8795,0.8779,0.8786,8756,-0.43569663,-0.43569663,0.0,4363.839999999983,766,1012,2,0.8771,0.8796,0.0,0.0
2024-03-12 20:00:00,0.8786,0.8786,0.8765,0.8772,3620,-0.9475836,-0.9475836,0.0,4363.839999999983,766,1012,2,0.8771,0.8796,0.0,0.0
2024-03-13 00:00:00,0.8772,0.8777,0.8766,0.8777,3170,-1.0,-1.0,0.0,4363.839999999983,766,1012,2,0.8771,0.8796,0.0,0.0
2024-03-13 04:00:00,0.8777,0.8781,0.8773,0.8777,2889,1.0,1.0,0.0,4336.329999999983,766,1013,0,0.0,0.0,0.0,-27.51
2024-03-13 08:00:00,0.8777,0.8789,0.8775,0.8788,5616,1.0,1.0,0.0,4336.329999999983,766,1013,1,0.8788,0.878,0.0,0.0
2024-03-13 12:00:00,0.8788,0.8788,0.8767,0.8773,6760,-0.46304128,-0.46304128,0.0,4336.329999999983,766,1013,1,0.8788,0.878,0.0,0.0
2024-03-13 16:00:00,0.8773,0.8783,0.8766,0.8773,8261,0.37167302,0.37167302,0.0,4268.039999999983,766,1014,0,0.0,0.0,0.0,-68.29
2024-03-13 20:00:00,0.8773,0.879,0.877,0.8785,3101,-1.0,-1.0,0.0,4268.039999999983,766,1014,2,0.8785,0.8793,0.0,0.0
2024-03-14 00:00:00,0.8785,0.8788,0.8782,0.8783,2690,0.6409,0.6409,0.0,4268.039999999983,766,1014,2,0.8785,0.8793,0.0,0.0
2024-03-14 04:00:00,0.8783,0.8798,0.8783,0.8797,2966,0.675744,0.675744,0.0,4268.039999999983,766,1014,2,0.8785,0.8793,0.0,0.0
2024-03-14 08:00:00,0.8797,0.8802,0.8793,0.8797,5908,1.0,1.0,0.0,4214.119999999983,766,1015,0,0.0,0.0,0.0,-53.92
2024-03-14 12:00:00,0.8797,0.8815,0.8782,0.8808,11211,0.8858973,0.8858973,0.0,4214.119999999983,766,1015,1,0.8808,0.8783,0.0,0.0
2024-03-14 16:00:00,0.8808,0.8839,0.8808,0.8835,9207,0.36382157,0.36382157,0.0,4214.119999999983,766,1015,1,0.8808,0.8783,0.0,0.0
2024-03-14 20:00:00,0.8835,0.8841,0.8831,0.8834,4317,0.96934354,0.96934354,0.0,4214.119999999983,766,1015,1,0.8808,0.8783,0.0,0.0
2024-03-15 00:00:00,0.8834,0.8849,0.883,0.8848,3179,0.09338893,0.09338893,0.0,4214.119999999983,766,1015,1,0.8808,0.8783,0.0,0.0
2024-03-15 04:00:00,0.8847,0.885,0.8845,0.8847,3012,-0.069402486,-0.069402486,0.0,4214.119999999983,766,1015,1,0.8808,0.8783,0.0,0.0
2024-03-15 08:00:00,0.8847,0.8853,0.8828,0.8829,6237,-1.0,-1.0,0.0,4388.089999999983,767,1015,0,0.0,0.0,0.0,173.97
2024-03-15 12:00:00,0.8829,0.8838,0.8819,0.8828,7667,1.0,1.0,0.0,4388.089999999983,767,1015,1,0.8828,0.882,0.0,0.0
2024-03-15 16:00:00,0.8827,0.8845,0.8823,0.8841,7247,1.0,1.0,0.0,4388.089999999983,767,1015,1,0.8828,0.882,0.0,0.0
2024-03-15 20:00:00,0.8841,0.8841,0.8834,0.8834,2400,-0.6775261,-0.6775261,0.0,4388.089999999983,767,1015,1,0.8828,0.882,0.0,0.0
2024-03-18 00:00:00,0.8821,0.8839,0.8821,0.8833,4056,-0.092265345,-0.092265345,0.0,4388.089999999983,767,1015,1,0.8828,0.882,0.0,0.0
2024-03-18 04:00:00,0.8833,0.8836,0.8828,0.8834,2933,-1.0,-1.0,0.0,4411.269999999983,768,1015,0,0.0,0.0,0.0,23.18
2024-03-18 08:00:00,0.8834,0.8842,0.8833,0.884,5906,-0.28229097,-0.28229097,0.0,4411.269999999983,768,1015,0,0.0,0.0,0.0,0.0
2024-03-18 12:00:00,0.884,0.8851,0.8822,0.8848,6454,0.8936672,0.8936672,0.0,4411.269999999983,768,1015,1,0.8848,0.8823,0.0,0.0
2024-03-18 16:00:00,0.8848,0.8884,0.8844,0.8878,7002,0.57144696,0.57144696,0.0,4411.269999999983,768,1015,1,0.8848,0.8823,0.0,0.0
2024-03-18 20:00:00,0.8878,0.8885,0.8854,0.8874,3201,0.6289963,0.6289963,0.0,4411.269999999983,768,1015,1,0.8848,0.8823,0.0,0.0
2024-03-19 00:00:00,0.8875,0.8887,0.8873,0.8886,3863,0.48640364,0.48640364,0.0,4411.269999999983,768,1015,1,0.8848,0.8823,0.0,0.0
2024-03-19 04:00:00,0.8886,0.8888,0.8877,0.8887,7337,-0.10800891,-0.10800891,0.0,4411.269999999983,768,1015,1,0.8848,0.8823,0.0,0.0
2024-03-19 08:00:00,0.8887,0.8898,0.887,0.888,10292,-0.0553578,-0.0553578,0.0,4411.269999999983,768,1015,1,0.8848,0.8823,0.0,0.0
2024-03-19 12:00:00,0.888,0.8895,0.8867,0.888,9922,0.80641615,0.80641615,0.0,4411.269999999983,768,1015,1,0.8848,0.8823,0.0,0.0
2024-03-19 16:00:00,0.888,0.8887,0.8873,0.888,6677,-1.0,-1.0,0.0,4561.249999999983,769,1015,0,0.0,0.0,0.0,149.98
2024-03-19 20:00:00,0.888,0.8883,0.8869,0.8873,3355,0.9680449,0.9680449,0.0,4561.249999999983,769,1015,1,0.8873,0.8848,0.0,0.0
2024-03-20 00:00:00,0.8873,0.8891,0.8873,0.889,3098,-0.43815807,-0.43815807,0.0,4561.249999999983,769,1015,1,0.8873,0.8848,0.0,0.0
2024-03-20 04:00:00,0.889,0.8895,0.8885,0.8892,3048,1.0,1.0,0.0,4561.249999999983,769,1015,1,0.8873,0.8848,0.0,0.0
2024-03-20 08:00:00,0.8892,0.8915,0.8886,0.891,7475,0.98847395,0.98847395,0.0,4561.249999999983,769,1015,1,0.8873,0.8848,0.0,0.0
2024-03-20 12:00:00,0.891,0.8919,0.8903,0.8912,6708,0.46691725,0.46691725,0.0,4561.249999999983,769,1015,1,0.8873,0.8848,0.0,0.0
2024-03-20 16:00:00,0.8912,0.8916,0.8902,0.8909,6438,1.0,1.0,0.0,4561.249999999983,769,1015,1,0.8873,0.8848,0.0,0.0
2024-03-20 20:00:00,0.8914,0.8914,0.8854,0.8866,13966,0.02219374,0.02219374,0.0,4561.249999999983,769,1015,1,0.8873,0.8848,0.0,0.0
2024-03-21 00:00:00,0.8866,0.8866,0.8839,0.8843,7507,0.021285063,0.021285063,0.0,4561.249999999983,769,1015,1,0.8873,0.8848,0.0,0.0
2024-03-21 04:00:00,0.8843,0.8859,0.8842,0.8856,3502,-0.8300874,-0.8300874,0.0,4416.4499999999825,769,1016,0,0.0,0.0,0.0,-144.8
2024-03-21 08:00:00,0.8856,0.8974,0.8845,0.8947,13573,-0.7129957,-0.7129957,0.0,4416.4499999999825,769,1016,2,0.8947,0.8972,0.0,0.0
2024-03-21 12:00:00,0.8947,0.8982,0.8923,0.8975,14139,-0.14292051,-0.14292051,0.0,4416.4499999999825,769,1016,2,0.8947,0.8972,0.0,0.0
2024-03-21 16:00:00,0.8976,0.8994,0.8974,0.8984,11969,1.0,1.0,0.0,4283.639999999982,769,1017,0,0.0,0.0,0.0,-132.81
2024-03-21 20:00:00,0.8983,0.8985,0.8971,0.8971,3960,0.3913096,0.3913096,0.0,4283.639999999982,769,1017,0,0.8984,0.8992,0.0,0.0
2024-03-22 00:00:00,0.8971,0.8992,0.897,0.8991,4256,0.90298164,0.90298164,0.0,4283.639999999982,769,1017,1,0.8991,0.8966,0.0,0.0
2024-03-22 04:00:00,0.8991,0.8995,0.8982,0.8982,5755,0.31220016,0.31220016,0.0,4283.639999999982,769,1017,1,0.8991,0.8966,0.0,0.0
2024-03-22 08:00:00,0.8982,0.902,0.8982,0.9005,9018,-1.0,-1.0,0.0,4242.189999999982,769,1018,0,0.0,0.0,0.0,-41.45
2024-03-22 12:00:00,0.9005,0.9011,0.8974,0.8976,8720,-0.52915007,-0.52915007,0.0,4242.189999999982,769,1018,2,0.8976,0.8984,0.0,0.0
2024-03-22 16:00:00,0.8976,0.899,0.8969,0.8988,8445,-0.30925733,-0.30925733,0.0,4242.189999999982,769,1018,2,0.8976,0.8984,0.0,0.0
2024-03-22 20:00:00,0.8988,0.8989,0.8966,0.8973,2744,1.0,1.0,0.0,4187.429999999982,769,1019,0,0.0,0.0,0.0,-54.76
2024-03-25 00:00:00,0.8972,0.8984,0.8967,0.8973,5263,0.0641664,0.0641664,0.0,4187.429999999982,769,1019,0,0.8973,0.8985,0.0,0.0
2024-03-25 04:00:00,0.8973,0.8979,0.897,0.8971,4752,-0.18312404,-0.18312404,0.0,4187.429999999982,769,1019,0,0.8973,0.8985,0.0,0.0
2024-03-25 08:00:00,0.8971,0.8987,0.897,0.8978,6581,-0.38052747,-0.38052747,0.0,4187.429999999982,769,1019,0,0.0,0.0,0.0,0.0
2024-03-25 12:00:00,0.8978,0.8983,0.8969,0.8975,6494,-0.40359297,-0.40359297,0.0,4187.429999999982,769,1019,0,0.8975,0.8967,0.0,0.0
2024-03-25 16:00:00,0.8975,0.8992,0.897,0.8987,5660,-1.0,-1.0,0.0,4187.429999999982,769,1019,2,0.8987,0.8995,0.0,0.0
2024-03-25 20:00:00,0.8987,0.8995,0.8984,0.8986,3642,0.54143924,0.54143924,0.0,4187.429999999982,769,1019,2,0.8987,0.8995,0.0,0.0
2024-03-26 00:00:00,0.8986,0.8998,0.8986,0.8996,3734,-0.453657,-0.453657,0.0,4187.429999999982,769,1019,2,0.8987,0.8995,0.0,0.0
2024-03-26 04:00:00,0.8996,0.9006,0.8994,0.9002,2604,0.09548834,0.09548834,0.0,4146.849999999982,769,1020,0,0.0,0.0,0.0,-40.58
2024-03-26 08:00:00,0.9001,0.9018,0.8996,0.9014,6676,-0.36509234,-0.36509234,0.0,4146.849999999982,769,1020,0,0.8975,0.8967,0.0,0.0
2024-03-26 12:00:00,0.9014,0.9043,0.9002,0.9026,7993,0.4772771,0.4772771,0.0,4146.849999999982,769,1020,0,0.8975,0.8967,0.0,0.0
2024-03-26 16:00:00,0.9026,0.904,0.902,0.904,7742,-0.7430244,-0.7430244,0.0,4146.849999999982,769,1020,2,0.904,0.9058,0.0,0.0
2024-03-26 20:00:00,0.904,0.9041,0.9024,0.9034,3034,0.08871645,0.08871645,0.0,4146.849999999982,769,1020,2,0.904,0.9058,0.0,0.0
2024-03-27 00:00:00,0.9034,0.9041,0.9033,0.9038,3357,-0.1536698,-0.1536698,0.0,4146.849999999982,769,1020,2,0.904,0.9058,0.0,0.0
2024-03-27 04:00:00,0.9038,0.9043,0.9035,0.9043,3184,-0.9760059,-0.9760059,0.0,4146.849999999982,769,1020,2,0.904,0.9058,0.0,0.0
2024-03-27 08:00:00,0.9043,0.9063,0.9037,0.9053,8021,0.9524036,0.9524036,0.0,4133.379999999982,769,1021,0,0.0,0.0,0.0,-13.47
2024-03-27 12:00:00,0.9053,0.9071,0.9049,0.9061,7632,-0.7355894,-0.7355894,0.0,4133.379999999982,769,1021,2,0.9061,0.9079,0.0,0.0
2024-03-27 16:00:00,0.9061,0.9068,0.9047,0.9056,6749,0.4171968,0.4171968,0.0,4133.379999999982,769,1021,2,0.9061,0.9079,0.0,0.0
2024-03-27 20:00:00,0.9056,0.9057,0.9024,0.9037,2666,-1.0,-1.0,0.0,4133.379999999982,769,1021,2,0.9061,0.9079,0.0,0.0
2024-03-28 00:00:00,0.9036,0.9064,0.9035,0.9052,5021,0.1651444,0.1651444,0.0,4133.379999999982,769,1021,2,0.9061,0.9079,0.0,0.0
2024-03-28 04:00:00,0.9052,0.9052,0.9043,0.905,3774,-0.4320441,-0.4320441,0.0,4133.379999999982,769,1021,2,0.9061,0.9079,0.0,0.0
2024-03-28 08:00:00,0.905,0.9065,0.905,0.9062,6827,-0.13644151,-0.13644151,0.0,4133.379999999982,769,1021,2,0.9061,0.9079,0.0,0.0
2024-03-28 12:00:00,0.9062,0.9063,0.9014,0.9016,8935,-0.5495393,-0.5495393,0.0,4133.379999999982,769,1021,2,0.9061,0.9079,0.0,0.0
2024-03-28 16:00:00,0.9015,0.9028,0.9,0.9013,10457,0.9391722,0.9391722,0.0,4334.039999999982,770,1021,0,0.0,0.0,0.0,200.66
2024-03-28 20:00:00,0.9013,0.9023,0.9002,0.9018,4715,0.44991598,0.44991598,0.0,4334.039999999982,770,1021,0,0.9018,0.9026,0.0,0.0
2024-03-29 00:00:00,0.9018,0.9025,0.9003,0.9021,4351,0.648855,0.648855,0.0,4334.039999999982,770,1021,1,0.9021,0.9013,0.0,0.0
2024-03-29 04:00:00,0.9021,0.9027,0.9019,0.9026,3242,0.8434638,0.8434638,0.0,4334.039999999982,770,1021,1,0.9021,0.9013,0.0,0.0
2024-03-29 08:00:00,0.9027,0.9027,0.9008,0.9015,4378,-1.0,-1.0,0.0,4357.429999999982,771,1021,0,0.0,0.0,0.0,23.39
2024-03-29 12:00:00,0.9015,0.902,0.9009,0.9015,5484,-0.3517819,-0.3517819,0.0,4357.429999999982,771,1021,0,0.0,0.0,0.0,0.0
2024-03-29 16:00:00,0.9015,0.9026,0.9014,0.902,2916,0.62589115,0.62589115,0.0,4357.429999999982,771,1021,1,0.902,0.9012,0.0,0.0
2024-03-29 20:00:00,0.902,0.9023,0.9005,0.9006,1462,0.81153667,0.81153667,0.0,4357.429999999982,771,1021,1,0.902,0.9012,0.0,0.0
2024-04-01 00:00:00,0.9016,0.9023,0.9002,0.9019,5433,-0.72437215,-0.72437215,0.0,4291.679999999982,771,1022,0,0.0,0.0,0.0,-65.75
2024-04-01 04:00:00,0.9019,0.9023,0.9014,0.9018,4152,-0.8958105,-0.8958105,0.0,4291.679999999982,771,1022,2,0.9018,0.9026,0.0,0.0
2024-04-01 08:00:00,0.9018,0.9021,0.9005,0.9009,4316,0.4832262,0.4832262,0.0,4291.679999999982,771,1022,2,0.9018,0.9026,0.0,0.0
2024-04-01 12:00:00,0.9009,0.9029,0.9007,0.9022,4335,1.0,1.0,0.0,4333.309999999982,772,1022,0,0.0,0.0,0.0,41.63
2024-04-01 16:00:00,0.9022,0.9057,0.902,0.9049,7749,0.44706723,0.44706723,0.0,4333.309999999982,772,1022,0,0.9049,0.9038,0.0,0.0
2024-04-01 20:00:00,0.9049,0.9053,0.9041,0.9042,2727,0.68661827,0.68661827,0.0,4333.309999999982,772,1022,1,0.9042,0.9034,0.0,0.0
2024-04-02 00:00:00,0.9039,0.9056,0.9036,0.9052,3619,-1.0,-1.0,0.0,4333.309999999982,772,1022,1,0.9042,0.9034,0.0,0.0
2024-04-02 04:00:00,0.9052,0.9064,0.9051,0.9063,3834,-0.5218876,-0.5218876,0.0,4333.309999999982,772,1022,1,0.9042,0.9034,0.0,0.0
2024-04-02 08:00:00,0.9063,0.9089,0.9062,0.9085,7436,-0.4140394,-0.4140394,0.0,4333.309999999982,772,1022,1,0.9042,0.9034,0.0,0.0
2024-04-02 12:00:00,0.9085,0.9091,0.9074,0.908,7739,-0.1653726,-0.1653726,0.0,4333.309999999982,772,1022,1,0.9042,0.9034,0.0,0.0
2024-04-02 16:00:00,0.908,0.9082,0.9053,0.9071,10420,0.85106695,0.85106695,0.0,4333.309999999982,772,1022,1,0.9042,0.9034,0.0,0.0
2024-04-02 20:00:00,0.9071,0.9087,0.907,0.9076,3367,1.0,1.0,0.0,4333.309999999982,772,1022,1,0.9042,0.9034,0.0,0.0
2024-04-03 00:00:00,0.907,0.9082,0.9068,0.9082,2696,-1.0,-1.0,0.0,4493.309999999982,773,1022,0,0.0,0.0,0.0,160.0
2024-04-03 04:00:00,0.9082,0.9085,0.9077,0.9082,3787,-1.0,-1.0,0.0,4493.309999999982,773,1022,2,0.9082,0.909,0.0,0.0
2024-04-03 08:00:00,0.9082,0.9095,0.9079,0.9082,5742,0.6928602,0.6928602,0.0,4493.309999999982,773,1022,2,0.9082,0.909,0.0,0.0
2024-04-03 12:00:00,0.9082,0.9092,0.9077,0.909,6659,-1.0,-1.0,0.0,4493.309999999982,773,1022,2,0.9082,0.909,0.0,0.0
2024-04-03 16:00:00,0.909,0.909,0.903,0.9038,11403,-0.41411528,-0.41411528,0.0,4454.1999999999825,773,1023,0,0.0,0.0,0.0,-39.11
2024-04-03 20:00:00,0.9038,0.9043,0.9027,0.9028,3545,-0.81466365,-0.81466365,0.0,4454.1999999999825,773,1023,2,0.9028,0.9039,0.0,0.0
2024-04-04 00:00:00,0.9027,0.9033,0.9023,0.9027,3319,0.002609249,0.002609249,0.0,4454.1999999999825,773,1023,2,0.9028,0.9039,0.0,0.0
2024-04-04 04:00:00,0.9027,0.9034,0.9027,0.9034,2978,0.8092313,0.8092313,0.0,4458.999999999983,774,1023,0,0.0,0.0,0.0,4.8
2024-04-04 08:00:00,0.9034,0.9074,0.9027,0.9059,7365,-0.1018174,-0.1018174,0.0,4458.999999999983,774,1023,0,0.9027,0.9035,0.0,0.0
2024-04-04 12:00:00,0.9059,0.9075,0.9048,0.9048,6767,1.0,1.0,0.0,4458.999999999983,774,1023,1,0.9048,0.9023,0.0,0.0
2024-04-04 16:00:00,0.9048,0.9057,0.9038,0.9045,7309,-0.11254429,-0.11254429,0.0,4458.999999999983,774,1023,1,0.9048,0.9023,0.0,0.0
2024-04-04 20:00:00,0.9045,0.905,0.9009,0.9013,7355,0.5460513,0.5460513,0.0,4458.999999999983,774,1023,1,0.9048,0.9023,0.0,0.0
2024-04-05 00:00:00,0.9005,0.9023,0.8999,0.9014,5115,-0.54763544,-0.54763544,0.0,4290.679999999983,774,1024,0,0.0,0.0,0.0,-168.32
2024-04-05 04:00:00,0.9014,0.9028,0.9013,0.9026,4777,-0.55415875,-0.55415875,0.0,4290.679999999983,774,1024,2,0.9026,0.9034,0.0,0.0
2024-04-05 08:00:00,0.9026,0.9045,0.9016,0.9034,7098,0.42247862,0.42247862,0.0,4290.679999999983,774,1024,2,0.9026,0.9034,0.0,0.0
2024-04-05 12:00:00,0.9034,0.9071,0.9026,0.9054,8284,0.88072497,0.88072497,0.0,4253.559999999983,774,1025,0,0.0,0.0,0.0,-37.12
2024-04-05 16:00:00,0.9053,0.9061,0.8998,0.9014,13844,-1.0,-1.0,0.0,4253.559999999983,774,1025,2,0.9014,0.9022,0.0,0.0
2024-04-05 20:00:00,0.9014,0.9026,0.901,0.9019,4801,0.22762032,0.22762032,0.0,4253.559999999983,774,1025,2,0.9014,0.9022,0.0,0.0
2024-04-08 00:00:00,0.8996,0.904,0.8988,0.904,4485,-0.5541361,-0.5541361,0.0,4253.559999999983,774,1025,2,0.9014,0.9022,0.0,0.0
2024-04-08 04:00:00,0.904,0.9042,0.9024,0.904,6896,0.07225511,0.07225511,0.0,4133.919999999983,774,1026,0,0.0,0.0,0.0,-119.64
2024-04-08 08:00:00,0.904,0.9059,0.903,0.9056,8454,-0.25966963,-0.25966963,0.0,4133.919999999983,774,1026,0,0.904,0.9059,0.0,0.0
2024-04-08 12:00:00,0.9056,0.9066,0.9047,0.9049,6533,-0.597808,-0.597808,0.0,4133.919999999983,774,1026,2,0.9049,0.9074,0.0,0.0
2024-04-08 16:00:00,0.9049,0.9062,0.904,0.9056,9582,-0.7465562,-0.7465562,0.0,4133.919999999983,774,1026,2,0.9049,0.9074,0.0,0.0
2024-04-08 20:00:00,0.9056,0.9059,0.9043,0.9053,3373,-1.0,-1.0,0.0,4133.919999999983,774,1026,2,0.9049,0.9074,0.0,0.0
2024-04-09 00:00:00,0.9047,0.9056,0.9039,0.9055,2877,-1.0,-1.0,0.0,4133.919999999983,774,1026,2,0.9049,0.9074,0.0,0.0
2024-04-09 04:00:00,0.9055,0.9056,0.9048,0.9049,3562,-0.062482942,-0.062482942,0.0,4133.919999999983,774,1026,2,0.9049,0.9074,0.0,0.0
2024-04-09 08:00:00,0.9049,0.9052,0.904,0.9045,5103,0.68184644,0.68184644,0.0,4133.909999999983,774,1027,0,0.0,0.0,0.0,-0.01
2024-04-09 12:00:00,0.9045,0.9046,0.9017,0.9019,7154,-0.4924204,-0.4924204,0.0,4133.909999999983,774,1027,0,0.9056,0.9064,0.0,0.0
2024-04-09 16:00:00,0.9019,0.9039,0.9013,0.9034,9989,1.0,1.0,0.0,4133.909999999983,774,1027,1,0.9034,0.9026,0.0,0.0
2024-04-09 20:00:00,0.9034,0.9041,0.9033,0.9034,4098,-1.0,-1.0,0.0,4133.909999999983,774,1027,1,0.9034,0.9026,0.0,0.0
2024-04-10 00:00:00,0.9028,0.9038,0.9026,0.9033,3428,-0.08162416,-0.08162416,0.0,4133.909999999983,774,1027,1,0.9034,0.9026,0.0,0.0
2024-04-10 04:00:00,0.9033,0.904,0.9032,0.9038,3856,-1.0,-1.0,0.0,4129.429999999983,774,1028,0,0.0,0.0,0.0,-4.48
2024-04-10 08:00:00,0.9038,0.9043,0.9029,0.9037,4973,0.6555713,0.6555713,0.0,4129.429999999983,774,1028,1,0.9037,0.9029,0.0,0.0
2024-04-10 12:00:00,0.9037,0.9098,0.9025,0.909,8973,0.8226478,0.8226478,0.0,4129.429999999983,774,1028,1,0.9037,0.9029,0.0,0.0
2024-04-10 16:00:00,0.9089,0.9142,0.9089,0.9141,14629,1.0,1.0,0.0,4129.429999999983,774,1028,1,0.9037,0.9029,0.0,0.0
2024-04-10 20:00:00,0.9141,0.9147,0.9115,0.9127,9049,0.6111193,0.6111193,0.0,4129.429999999983,774,1028,1,0.9037,0.9029,0.0,0.0
2024-04-11 00:00:00,0.9126,0.9136,0.9116,0.9131,5505,-0.21848848,-0.21848848,0.0,4129.429999999983,774,1028,1,0.9037,0.9029,0.0,0.0
2024-04-11 04:00:00,0.9131,0.9132,0.9123,0.9125,4887,-0.7448329,-0.7448329,0.0,4553.529999999983,775,1028,0,0.0,0.0,0.0,424.1
2024-04-11 08:00:00,0.9125,0.9147,0.9123,0.9138,8935,0.16601329,0.16601329,0.0,4553.529999999983,775,1028,0,0.9138,0.9113,0.0,0.0
2024-04-11 12:00:00,0.9138,0.9141,0.9074,0.9088,12369,0.76587176,0.76587176,0.0,4553.529999999983,775,1028,1,0.9088,0.9063,0.0,0.0
2024-04-11 16:00:00,0.9088,0.9124,0.9088,0.9105,14033,-0.4199761,-0.4199761,0.0,4553.529999999983,775,1028,1,0.9088,0.9063,0.0,0.0
2024-04-11 20:00:00,0.9105,0.9106,0.9086,0.9099,5584,0.15933642,0.15933642,0.0,4553.529999999983,775,1028,1,0.9088,0.9063,0.0,0.0
2024-04-12 00:00:00,0.9088,0.9104,0.9082,0.9097,2879,0.3854379,0.3854379,0.0,4553.529999999983,775,1028,1,0.9088,0.9063,0.0,0.0
2024-04-12 04:00:00,0.9097,0.9112,0.9093,0.9112,4674,1.0,1.0,0.0,4553.529999999983,775,1028,1,0.9088,0.9063,0.0,0.0
2024-04-12 08:00:00,0.9112,0.9131,0.9107,0.9127,8436,0.9985442,0.9985442,0.0,4553.529999999983,775,1028,1,0.9088,0.9063,0.0,0.0
2024-04-12 12:00:00,0.9127,0.9137,0.9107,0.9114,10526,-0.014868378,-0.014868378,0.0,4553.529999999983,775,1028,1,0.9088,0.9063,0.0,0.0
2024-04-12 16:00:00,0.9114,0.9129,0.9103,0.9125,14733,0.2812943,0.2812943,0.0,4553.529999999983,775,1028,1,0.9088,0.9063,0.0,0.0
2024-04-12 20:00:00,0.9125,0.9145,0.9121,0.9142,6234,-1.0,-1.0,0.0,4737.479999999983,776,1028,0,0.0,0.0,0.0,183.95
2024-04-15 00:00:00,0.9113,0.9143,0.9095,0.9143,4724,0.069542915,0.069542915,0.0,4737.479999999983,776,1028,0,0.9143,0.9151,0.0,0.0
2024-04-15 04:00:00,0.9143,0.9147,0.9132,0.9142,5459,0.14931847,0.14931847,0.0,4737.479999999983,776,1028,0,0.9143,0.9151,0.0,0.0
2024-04-15 08:00:00,0.9142,0.9144,0.9121,0.9129,8862,-0.93379045,-0.93379045,0.0,4737.479999999983,776,1028,2,0.9129,0.9154,0.0,0.0
2024-04-15 12:00:00,0.9129,0.9151,0.9122,0.9135,9553,-0.9250811,-0.9250811,0.0,4737.479999999983,776,1028,2,0.9129,0.9154,0.0,0.0
2024-04-15 16:00:00,0.9135,0.9152,0.9128,0.9134,13576,0.12512001,0.12512001,0.0,4737.479999999983,776,1028,2,0.9129,0.9154,0.0,0.0
2024-04-15 20:00:00,0.9134,0.9135,0.9113,0.9115,5825,0.58145547,0.58145547,0.0,4737.479999999983,776,1028,2,0.9129,0.9154,0.0,0.0
2024-04-16 00:00:00,0.9103,0.9128,0.9101,0.9128,3386,-0.218423,-0.218423,0.0,4737.479999999983,776,1028,2,0.9129,0.9154,0.0,0.0
2024-04-16 04:00:00,0.9128,0.9137,0.9124,0.9128,5356,1.0,1.0,0.0,4742.639999999983,777,1028,0,0.0,0.0,0.0,5.16
2024-04-16 08:00:00,0.9128,0.9142,0.9117,0.9133,9658,0.12629254,0.12629254,0.0,4742.639999999983,777,1028,0,0.9143,0.9151,0.0,0.0
2024-04-16 12:00:00,0.9133,0.9135,0.9112,0.912,10211,-1.0,-1.0,0.0,4742.639999999983,777,1028,2,0.912,0.9138,0.0,0.0
2024-04-16 16:00:00,0.912,0.9137,0.9118,0.9125,13244,0.15539077,0.15539077,0.0,4742.639999999983,777,1028,2,0.912,0.9138,0.0,0.0
2024-04-16 20:00:00,0.9125,0.914,0.9119,0.9129,10031,-0.10559215,-0.10559215,0.0,4742.639999999983,777,1028,2,0.912,0.9138,0.0,0.0
2024-04-17 00:00:00,0.9129,0.9131,0.9119,0.9123,4372,-0.53737885,-0.53737885,0.0,4742.639999999983,777,1028,2,0.912,0.9138,0.0,0.0
2024-04-17 04:00:00,0.9123,0.9126,0.9118,0.9124,4948,0.1191299,0.1191299,0.0,4742.639999999983,777,1028,2,0.912,0.9138,0.0,0.0
2024-04-17 08:00:00,0.9124,0.9132,0.9094,0.9099,9104,0.25054675,0.25054675,0.0,4742.639999999983,777,1028,2,0.912,0.9138,0.0,0.0
2024-04-17 12:00:00,0.9099,0.9118,0.9098,0.9117,8677,0.27847967,0.27847967,0.0,4742.639999999983,777,1028,2,0.912,0.9138,0.0,0.0
2024-04-17 16:00:00,0.9117,0.9131,0.9105,0.911,11105,0.30483615,0.30483615,0.0,4742.639999999983,777,1028,2,0.912,0.9138,0.0,0.0
2024-04-17 20:00:00,0.911,0.9111,0.9096,0.9106,6272,1.0,1.0,0.0,4794.329999999983,778,1028,0,0.0,0.0,0.0,51.69
2024-04-18 00:00:00,0.9102,0.911,0.9101,0.9104,2017,-0.13384251,-0.13384251,0.0,4794.329999999983,778,1028,0,0.9104,0.9081,0.0,0.0
2024-04-18 04:00:00,0.9104,0.9109,0.9096,0.9101,4802,-1.0,-1.0,0.0,4794.329999999983,778,1028,2,0.9101,0.9118,0.0,0.0
2024-04-18 08:00:00,0.9101,0.9102,0.9081,0.9086,7630,-1.0,-1.0,0.0,4794.329999999983,778,1028,2,0.9101,0.9118,0.0,0.0
2024-04-18 12:00:00,0.9086,0.9103,0.9082,0.9096,7170,-1.0,-1.0,0.0,4794.329999999983,778,1028,2,0.9101,0.9118,0.0,0.0
2024-04-18 16:00:00,0.9096,0.9122,0.9094,0.9118,13737,-0.6507029,-0.6507029,0.0,4794.329999999983,778,1028,2,0.9101,0.9118,0.0,0.0
2024-04-18 20:00:00,0.9118,0.9125,0.9113,0.9123,7156,-0.31943327,-0.31943327,0.0,4705.399999999982,778,1029,0,0.0,0.0,0.0,-88.93
2024-04-19 00:00:00,0.9121,0.9131,0.9115,0.912,3464,-0.27111197,-0.27111197,0.0,4705.399999999982,778,1029,0,0.9123,0.9131,0.0,0.0
2024-04-19 04:00:00,0.912,0.912,0.9011,0.9083,35675,0.51975334,0.51975334,0.0,4705.399999999982,778,1029,1,0.9083,0.9068,0.0,0.0
2024-04-19 08:00:00,0.9083,0.9095,0.907,0.9085,22183,0.22769457,0.22769457,0.0,4705.399999999982,778,1029,1,0.9083,0.9068,0.0,0.0
2024-04-19 12:00:00,0.9085,0.9095,0.9072,0.9079,8112,-0.18445246,-0.18445246,0.0,4705.399999999982,778,1029,1,0.9083,0.9068,0.0,0.0
2024-04-19 16:00:00,0.9079,0.9101,0.9074,0.9099,9167,1.0,1.0,0.0,4705.399999999982,778,1029,1,0.9083,0.9068,0.0,0.0
2024-04-19 20:00:00,0.9099,0.9106,0.9093,0.9102,4140,-1.0,-1.0,0.0,4787.359999999982,779,1029,0,0.0,0.0,0.0,81.96
2024-04-22 00:00:00,0.9094,0.9113,0.9085,0.911,3391,-1.0,-1.0,0.0,4787.359999999982,779,1029,2,0.911,0.9118,0.0,0.0
2024-04-22 04:00:00,0.911,0.9123,0.9102,0.9116,4279,0.3649629,0.3649629,0.0,4787.359999999982,779,1029,2,0.911,0.9118,0.0,0.0
2024-04-22 08:00:00,0.9116,0.9122,0.9098,0.9109,6129,0.92857575,0.92857575,0.0,4756.019999999982,779,1030,0,0.0,0.0,0.0,-31.34
2024-04-22 12:00:00,0.9109,0.9119,0.9105,0.9112,6038,0.44489646,0.44489646,0.0,4756.019999999982,779,1030,0,0.9116,0.9141,0.0,0.0
2024-04-22 16:00:00,0.9112,0.9124,0.9106,0.9117,5672,0.0994457,0.0994457,0.0,4756.019999999982,779,1030,0,0.9116,0.9141,0.0,0.0
2024-04-22 20:00:00,0.9117,0.9121,0.9107,0.912,3474,1.0,1.0,0.0,4756.019999999982,779,1030,1,0.912,0.9112,0.0,0.0
2024-04-23 00:00:00,0.9113,0.912,0.9108,0.9114,1781,-1.0,-1.0,0.0,4756.019999999982,779,1030,1,0.912,0.9112,0.0,0.0
2024-04-23 04:00:00,0.9114,0.9123,0.9113,0.9123,2886,-1.0,-1.0,0.0,4724.889999999982,779,1031,0,0.0,0.0,0.0,-31.13
2024-04-23 08:00:00,0.9123,0.913,0.91,0.9118,5563,-1.0,-1.0,0.0,4724.889999999982,779,1031,2,0.9118,0.9126,0.0,0.0
2024-04-23 12:00:00,0.9118,0.9125,0.9107,0.9114,5704,1.0,1.0,0.0,4724.889999999982,779,1031,2,0.9118,0.9126,0.0,0.0
2024-04-23 16:00:00,0.9114,0.9124,0.9087,0.9117,8834,0.047176454,0.047176454,0.0,4724.889999999982,779,1031,2,0.9118,0.9126,0.0,0.0
2024-04-23 20:00:00,0.9117,0.912,0.9106,0.9119,3371,-0.6615448,-0.6615448,0.0,4724.889999999982,779,1031,2,0.9118,0.9126,0.0,0.0
2024-04-24 00:00:00,0.9116,0.912,0.911,0.9115,2070,1.0,1.0,0.0,4719.719999999982,779,1032,0,0.0,0.0,0.0,-5.17
2024-04-24 04:00:00,0.9115,0.9119,0.9113,0.9117,2959,0.14164063,0.14164063,0.0,4719.719999999982,779,1032,0,0.9117,0.9092,0.0,0.0
2024-04-24 08:00:00,0.9117,0.9147,0.9116,0.9143,4816,-0.13285697,-0.13285697,0.0,4719.719999999982,779,1032,0,0.9117,0.9092,0.0,0.0
2024-04-24 12:00:00,0.9143,0.9153,0.9133,0.9133,5070,-1.0,-1.0,0.0,4719.719999999982,779,1032,2,0.9133,0.9154,0.0,0.0
2024-04-24 16:00:00,0.9133,0.9144,0.912,0.9139,7509,-1.0,-1.0,0.0,4719.719999999982,779,1032,2,0.9133,0.9154,0.0,0.0
2024-04-24 20:00:00,0.9139,0.9152,0.9131,0.915,3527,1.0,1.0,0.0,4688.7399999999825,779,1033,0,0.0,0.0,0.0,-30.98
2024-04-25 00:00:00,0.9139,0.915,0.9135,0.9144,2272,0.57816744,0.57816744,0.0,4688.7399999999825,779,1033,1,0.9144,0.9126,0.0,0.0
2024-04-25 04:00:00,0.9144,0.9148,0.914,0.9144,2576,0.25845793,0.25845793,0.0,4688.7399999999825,779,1033,1,0.9144,0.9126,0.0,0.0
2024-04-25 08:00:00,0.9144,0.9145,0.9125,0.9126,5055,-1.0,-1.0,0.0,4688.729999999982,779,1034,0,0.0,0.0,0.0,-0.01
2024-04-25 12:00:00,0.9126,0.9155,0.9119,0.9152,6412,-1.0,-1.0,0.0,4688.729999999982,779,1034,2,0.9152,0.9168,0.0,0.0
2024-04-25 16:00:00,0.9152,0.9157,0.9127,0.9129,9303,-1.0,-1.0,0.0,4688.729999999982,779,1034,2,0.9152,0.9168,0.0,0.0
2024-04-25 20:00:00,0.9129,0.913,0.9117,0.9121,4051,0.9328517,0.9328517,0.0,4806.519999999982,780,1034,0,0.0,0.0,0.0,117.79
2024-04-26 00:00:00,0.9117,0.9132,0.9113,0.9128,2188,1.0,1.0,0.0,4806.519999999982,780,1034,1,0.9128,0.912,0.0,0.0
2024-04-26 04:00:00,0.9128,0.9134,0.9126,0.9132,3342,1.0,1.0,0.0,4806.519999999982,780,1034,1,0.9128,0.912,0.0,0.0
2024-04-26 08:00:00,0.9132,0.9133,0.9096,0.9116,7371,-0.20870471,-0.20870471,0.0,4806.519999999982,780,1034,1,0.9128,0.912,0.0,0.0
2024-04-26 12:00:00,0.9116,0.9134,0.9107,0.913,7541,0.35172123,0.35172123,0.0,4743.589999999982,780,1035,0,0.0,0.0,0.0,-62.93
2024-04-26 16:00:00,0.913,0.915,0.912,0.9139,9118,-0.247696,-0.247696,0.0,4743.589999999982,780,1035,0,0.9139,0.9147,0.0,0.0
2024-04-26 20:00:00,0.9139,0.9147,0.9131,0.9144,3546,-0.11179299,-0.11179299,0.0,4743.589999999982,780,1035,0,0.9144,0.9152,0.0,0.0
2024-04-29 00:00:00,0.9139,0.9142,0.9119,0.9131,2572,0.86402506,0.86402506,0.0,4743.589999999982,780,1035,1,0.9131,0.9123,0.0,0.0
2024-04-29 04:00:00,0.9131,0.9152,0.9101,0.9107,6961,-0.55400413,-0.55400413,0.0,4743.589999999982,780,1035,1,0.9131,0.9123,0.0,0.0
2024-04-29 08:00:00,0.9107,0.9131,0.9097,0.9116,9832,-1.0,-1.0,0.0,4619.519999999982,780,1036,0,0.0,0.0,0.0,-124.07
2024-04-29 12:00:00,0.9116,0.9123,0.9111,0.9121,6111,0.06046653,0.06046653,0.0,4619.519999999982,780,1036,0,0.9144,0.9152,0.0,0.0
2024-04-29 16:00:00,0.9121,0.9133,0.9088,0.9098,7674,-0.7148203,-0.7148203,0.0,4619.519999999982,780,1036,2,0.9098,0.9106,0.0,0.0
2024-04-29 20:00:00,0.9098,0.9107,0.9096,0.9103,4347,0.60493654,0.60493654,0.0,4619.519999999982,780,1036,2,0.9098,0.9106,0.0,0.0
2024-04-30 00:00:00,0.9094,0.9114,0.909,0.9111,2637,-1.0,-1.0,0.0,4619.519999999982,780,1036,2,0.9098,0.9106,0.0,0.0
2024-04-30 04:00:00,0.9111,0.9119,0.9108,0.9113,2853,0.75404537,0.75404537,0.0,4554.039999999983,780,1037,0,0.0,0.0,0.0,-65.48
2024-04-30 08:00:00,0.9113,0.9137,0.9113,0.9124,5782,0.37688422,0.37688422,0.0,4554.039999999983,780,1037,0,0.9113,0.9104,0.0,0.0
2024-04-30 12:00:00,0.9123,0.9155,0.9105,0.9148,6605,-1.0,-1.0,0.0,4554.039999999983,780,1037,2,0.9148,0.9161,0.0,0.0
2024-04-30 16:00:00,0.9148,0.9185,0.9129,0.9177,10449,1.0,1.0,0.0,4554.039999999983,780,1037,2,0.9148,0.9161,0.0,0.0
2024-04-30 20:00:00,0.9177,0.9195,0.9173,0.9193,3544,1.0,1.0,0.0,4409.009999999983,780,1038,0,0.0,0.0,0.0,-145.03
2024-05-01 00:00:00,0.9193,0.92,0.9166,0.9199,2611,0.24614395,0.24614395,0.0,4409.009999999983,780,1038,0,0.0,0.0,0.0,0.0
2024-05-01 04:00:00,0.9199,0.9216,0.9197,0.9212,2223,-0.23226194,-0.23226194,0.0,4409.009999999983,780,1038,0,0.9212,0.9204,0.0,0.0
2024-05-01 08:00:00,0.9212,0.9224,0.9207,0.921,4392,-1.0,-1.0,0.0,4409.009999999983,780,1038,2,0.921,0.9229,0.0,0.0
2024-05-01 12:00:00,0.921,0.9212,0.9192,0.9197,4869,-0.08711858,-0.08711858,0.0,4409.009999999983,780,1038,2,0.921,0.9229,0.0,0.0
2024-05-01 16:00:00,0.9197,0.9202,0.9187,0.9201,6425,-0.86782557,-0.86782557,0.0,4409.009999999983,780,1038,2,0.921,0.9229,0.0,0.0
2024-05-01 20:00:00,0.9201,0.9208,0.9145,0.9157,11917,-0.66679376,-0.66679376,0.0,4409.009999999983,780,1038,2,0.921,0.9229,0.0,0.0
2024-05-02 00:00:00,0.9148,0.9171,0.9141,0.9168,3734,-0.5191365,-0.5191365,0.0,4409.009999999983,780,1038,2,0.921,0.9229,0.0,0.0
2024-05-02 04:00:00,0.9168,0.9173,0.9162,0.9164,3644,-0.7282165,-0.7282165,0.0,4409.009999999983,780,1038,2,0.921,0.9229,0.0,0.0
2024-05-02 08:00:00,0.9164,0.9166,0.9098,0.9127,8194,0.15530087,0.15530087,0.0,4409.009999999983,780,1038,2,0.921,0.9229,0.0,0.0
2024-05-02 12:00:00,0.9127,0.9129,0.9109,0.9121,7243,-0.30632827,-0.30632827,0.0,4409.009999999983,780,1038,2,0.921,0.9229,0.0,0.0
2024-05-02 16:00:00,0.9121,0.9138,0.911,0.9115,9797,-0.43962002,-0.43962002,0.0,4409.009999999983,780,1038,2,0.921,0.9229,0.0,0.0
2024-05-02 20:00:00,0.9115,0.9119,0.9098,0.9106,4545,-0.88479966,-0.88479966,0.0,4409.009999999983,780,1038,2,0.921,0.9229,0.0,0.0
2024-05-03 00:00:00,0.9104,0.9105,0.909,0.9095,2767,-0.38691267,-0.38691267,0.0,4409.009999999983,780,1038,2,0.921,0.9229,0.0,0.0
2024-05-03 04:00:00,0.9095,0.9097,0.9088,0.9095,3073,-0.15691547,-0.15691547,0.0,4409.009999999983,780,1038,2,0.921,0.9229,0.0,0.0
2024-05-03 08:00:00,0.9095,0.9096,0.907,0.9078,5716,-0.35148633,-0.35148633,0.0,4409.009999999983,780,1038,2,0.921,0.9229,0.0,0.0
2024-05-03 12:00:00,0.9078,0.9079,0.9006,0.903,7899,0.09082233,0.09082233,0.0,4409.009999999983,780,1038,2,0.921,0.9229,0.0,0.0
2024-05-03 16:00:00,0.9031,0.9062,0.9025,0.9057,12631,0.057505216,0.057505216,0.0,4409.009999999983,780,1038,2,0.921,0.9229,0.0,0.0
2024-05-03 20:00:00,0.9057,0.9059,0.9045,0.9049,3241,-0.49040034,-0.49040034,0.0,4409.009999999983,780,1038,2,0.921,0.9229,0.0,0.0
2024-05-06 00:00:00,0.9058,0.9061,0.9029,0.9056,2257,1.0,1.0,0.0,5177.619999999983,781,1038,0,0.0,0.0,0.0,768.61
2024-05-06 04:00:00,0.9056,0.9062,0.9051,0.906,2865,0.105217464,0.105217464,0.0,5177.619999999983,781,1038,0,0.9078,0.9086,0.0,0.0
2024-05-06 08:00:00,0.906,0.9063,0.9042,0.9046,4255,-0.5381129,-0.5381129,0.0,5177.619999999983,781,1038,2,0.9046,0.9054,0.0,0.0
2024-05-06 12:00:00,0.9046,0.906,0.9038,0.9038,4874,-0.09817998,-0.09817998,0.0,5177.619999999983,781,1038,2,0.9046,0.9054,0.0,0.0
2024-05-06 16:00:00,0.9038,0.9063,0.9036,0.9061,5024,-0.017502848,-0.017502848,0.0,5177.619999999983,781,1038,2,0.9046,0.9054,0.0,0.0
2024-05-06 20:00:00,0.906,0.9066,0.9058,0.906,2420,-0.8836598,-0.8836598,0.0,5093.399999999982,781,1039,0,0.0,0.0,0.0,-84.22
2024-05-07 00:00:00,0.9061,0.907,0.9043,0.9061,2155,-1.0,-1.0,0.0,5093.399999999982,781,1039,2,0.9061,0.9073,0.0,0.0
2024-05-07 04:00:00,0.9061,0.9076,0.9059,0.9071,3165,-0.28156418,-0.28156418,0.0,5093.399999999982,781,1039,2,0.9061,0.9073,0.0,0.0
2024-05-07 08:00:00,0.9071,0.908,0.906,0.9078,4978,-0.20691955,-0.20691955,0.0,5093.399999999982,781,1039,2,0.9061,0.9073,0.0,0.0
2024-05-07 12:00:00,0.9078,0.9086,0.9065,0.9066,5130,-1.0,-1.0,0.0,4999.329999999983,781,1040,0,0.0,0.0,0.0,-94.07
2024-05-07 16:00:00,0.9066,0.908,0.9058,0.9077,5887,-0.8903245,-0.8903245,0.0,4999.329999999983,781,1040,2,0.9077,0.9085,0.0,0.0
2024-05-07 20:00:00,0.9076,0.9094,0.9075,0.9083,3089,-0.7441326,-0.7441326,0.0,4999.329999999983,781,1040,2,0.9077,0.9085,0.0,0.0
2024-05-08 00:00:00,0.9083,0.9088,0.9077,0.9087,1428,-0.86102444,-0.86102444,0.0,4999.329999999983,781,1040,2,0.9077,0.9085,0.0,0.0
2024-05-08 04:00:00,0.9087,0.9093,0.9085,0.9091,2705,0.14495637,0.14495637,0.0,4944.959999999983,781,1041,0,0.0,0.0,0.0,-54.37
2024-05-08 08:00:00,0.9091,0.9096,0.9083,0.9083,4796,1.0,1.0,0.0,4944.959999999983,781,1041,1,0.9083,0.9058,0.0,0.0
2024-05-08 12:00:00,0.9083,0.9092,0.9079,0.9084,5147,1.0,1.0,0.0,4944.959999999983,781,1041,1,0.9083,0.9058,0.0,0.0
2024-05-08 16:00:00,0.9084,0.9089,0.9073,0.9081,5754,0.16138223,0.16138223,0.0,4944.959999999983,781,1041,1,0.9083,0.9058,0.0,0.0
2024-05-08 20:00:00,0.9081,0.9082,0.9076,0.9079,2412,0.68536645,0.68536645,0.0,4944.959999999983,781,1041,1,0.9083,0.9058,0.0,0.0
2024-05-09 00:00:00,0.9079,0.9085,0.9069,0.9084,1705,-0.9925219,-0.9925219,0.0,4923.459999999983,781,1042,0,0.0,0.0,0.0,-21.5
2024-05-09 04:00:00,0.9084,0.9085,0.908,0.9084,2210,0.057198957,0.057198957,0.0,4923.459999999983,781,1042,0,0.9079,0.9071,0.0,0.0
2024-05-09 08:00:00,0.9084,0.9095,0.9082,0.9094,3730,0.19468407,0.19468407,0.0,4923.459999999983,781,1042,0,0.9079,0.9071,0.0,0.0
2024-05-09 12:00:00,0.9094,0.9099,0.9064,0.9073,6059,0.3726679,0.3726679,0.0,4923.459999999983,781,1042,0,0.0,0.0,0.0,0.0
2024-05-09 16:00:00,0.9072,0.9082,0.906,0.9067,5844,0.09732963,0.09732963,0.0,4923.459999999983,781,1042,0,0.9067,0.9092,0.0,0.0
2024-05-09 20:00:00,0.9067,0.9068,0.9056,0.9059,2678,-1.0,-1.0,0.0,4923.459999999983,781,1042,2,0.9059,0.9084,0.0,0.0
2024-05-10 00:00:00,0.9055,0.9065,0.905,0.9063,1919,0.74957746,0.74957746,0.0,4923.459999999983,781,1042,2,0.9059,0.9084,0.0,0.0
2024-05-10 04:00:00,0.9063,0.907,0.9059,0.9066,2050,0.9540247,0.9540247,0.0,4902.089999999983,781,1043,0,0.0,0.0,0.0,-21.37
2024-05-10 08:00:00,0.9066,0.907,0.9056,0.9063,4516,-0.8691243,-0.8691243,0.0,4902.089999999983,781,1043,2,0.9063,0.9071,0.0,0.0
2024-05-10 12:00:00,0.9063,0.9079,0.9059,0.9075,4557,1.0,1.0,0.0,4902.089999999983,781,1043,2,0.9063,0.9071,0.0,0.0
2024-05-10 16:00:00,0.9075,0.9085,0.906,0.9061,6368,-0.98658526,-0.98658526,0.0,4838.1999999999825,781,1044,0,0.0,0.0,0.0,-63.89
2024-05-10 20:00:00,0.9061,0.9065,0.9056,0.9063,2469,0.72844255,0.72844255,0.0,4838.1999999999825,781,1044,1,0.9063,0.9055,0.0,0.0
2024-05-13 00:00:00,0.9062,0.9068,0.905,0.9064,1893,1.0,1.0,0.0,4838.1999999999825,781,1044,1,0.9063,0.9055,0.0,0.0
2024-05-13 04:00:00,0.9064,0.907,0.9063,0.9069,2866,0.56466866,0.56466866,0.0,4838.1999999999825,781,1044,1,0.9063,0.9055,0.0,0.0
2024-05-13 08:00:00,0.9069,0.907,0.9062,0.9065,4027,-0.65905243,-0.65905243,0.0,4869.689999999982,782,1044,0,0.0,0.0,0.0,31.49
2024-05-13 12:00:00,0.9065,0.9075,0.9053,0.9055,4345,1.0,1.0,0.0,4869.689999999982,782,1044,1,0.9055,0.9047,0.0,0.0
2024-05-13 16:00:00,0.9055,0.9077,0.9045,0.9073,5621,1.0,1.0,0.0,4869.689999999982,782,1044,1,0.9055,0.9047,0.0,0.0
2024-05-13 20:00:00,0.9073,0.9087,0.9073,0.9081,2548,0.2877352,0.2877352,0.0,4869.689999999982,782,1044,1,0.9055,0.9047,0.0,0.0
2024-05-14 00:00:00,0.9081,0.9086,0.9077,0.9083,1659,0.73177564,0.73177564,0.0,4869.689999999982,782,1044,1,0.9055,0.9047,0.0,0.0
2024-05-14 04:00:00,0.9083,0.9088,0.9082,0.9086,2344,1.0,1.0,0.0,4869.689999999982,782,1044,1,0.9055,0.9047,0.0,0.0
2024-05-14 08:00:00,0.9086,0.9088,0.9074,0.9075,3707,1.0,1.0,0.0,4869.689999999982,782,1044,1,0.9055,0.9047,0.0,0.0
2024-05-14 12:00:00,0.9075,0.9102,0.9071,0.9074,5814,-1.0,-1.0,0.0,4975.439999999982,783,1044,0,0.0,0.0,0.0,105.75
2024-05-14 16:00:00,0.9074,0.9078,0.9055,0.9065,7606,-0.89220744,-0.89220744,0.0,4975.439999999982,783,1044,2,0.9065,0.9089,0.0,0.0
2024-05-14 20:00:00,0.9065,0.907,0.9062,0.9064,2568,-0.38660395,-0.38660395,0.0,4975.439999999982,783,1044,2,0.9065,0.9089,0.0,0.0
2024-05-15 00:00:00,0.9064,0.907,0.9054,0.9065,2135,-0.18057919,-0.18057919,0.0,4975.439999999982,783,1044,2,0.9065,0.9089,0.0,0.0
2024-05-15 04:00:00,0.9066,0.9066,0.9058,0.9062,1913,-0.16666944,-0.16666944,0.0,4975.439999999982,783,1044,2,0.9065,0.9089,0.0,0.0
2024-05-15 08:00:00,0.9061,0.9062,0.9044,0.905,4297,1.0,1.0,0.0,4991.619999999983,784,1044,0,0.0,0.0,0.0,16.18
2024-05-15 12:00:00,0.905,0.9058,0.9015,0.9035,6154,0.93480545,0.93480545,0.0,4991.619999999983,784,1044,1,0.9035,0.901,0.0,0.0
2024-05-15 16:00:00,0.9035,0.9063,0.9027,0.903,8959,1.0,1.0,0.0,4991.619999999983,784,1044,1,0.9035,0.901,0.0,0.0
2024-05-15 20:00:00,0.903,0.9035,0.9019,0.9021,3820,-0.6804373,-0.6804373,0.0,4991.619999999983,784,1044,1,0.9035,0.901,0.0,0.0
2024-05-16 00:00:00,0.9019,0.9027,0.8988,0.8989,5257,0.9549057,0.9549057,0.0,4991.619999999983,784,1044,1,0.9035,0.901,0.0,0.0
2024-05-16 04:00:00,0.8989,0.9008,0.8989,0.9007,4569,0.21466458,0.21466458,0.0,4744.639999999983,784,1045,0,0.0,0.0,0.0,-246.98
2024-05-16 08:00:00,0.9006,0.9022,0.8998,0.9021,5314,-0.18253312,-0.18253312,0.0,4744.639999999983,784,1045,0,0.0,0.0,0.0,0.0
2024-05-16 12:00:00,0.9021,0.9044,0.9017,0.9044,5745,-0.36015993,-0.36015993,0.0,4744.639999999983,784,1045,0,0.9044,0.9036,0.0,0.0
2024-05-16 16:00:00,0.9044,0.9057,0.9039,0.9047,6479,-0.389313,-0.389313,0.0,4744.639999999983,784,1045,0,0.9044,0.9036,0.0,0.0
2024-05-16 20:00:00,0.9047,0.9063,0.9044,0.9061,2944,0.2595024,0.2595024,0.0,4744.639999999983,784,1045,0,0.9044,0.9036,0.0,0.0
2024-05-17 00:00:00,0.9058,0.9073,0.905,0.9068,2239,-0.051388647,-0.051388647,0.0,4744.639999999983,784,1045,0,0.9044,0.9036,0.0,0.0
2024-05-17 04:00:00,0.9068,0.9074,0.9066,0.9073,2920,0.7056348,0.7056348,0.0,4744.639999999983,784,1045,1,0.9073,0.9065,0.0,0.0
2024-05-17 08:00:00,0.9073,0.9098,0.9064,0.909,4494,-0.3824585,-0.3824585,0.0,4744.639999999983,784,1045,1,0.9073,0.9065,0.0,0.0
2024-05-17 12:00:00,0.9089,0.9098,0.9085,0.9087,4119,1.0,1.0,0.0,4744.639999999983,784,1045,1,0.9073,0.9065,0.0,0.0
2024-05-17 16:00:00,0.9087,0.9091,0.9067,0.908,5761,-0.9582388,-0.9582388,0.0,4816.859999999983,785,1045,0,0.0,0.0,0.0,72.22
2024-05-17 20:00:00,0.908,0.9092,0.9075,0.9089,2836,-0.29842123,-0.29842123,0.0,4816.859999999983,785,1045,0,0.909,0.9115,0.0,0.0
2024-05-20 00:00:00,0.9081,0.9094,0.9081,0.9092,2258,1.0,1.0,0.0,4816.859999999983,785,1045,1,0.9092,0.9084,0.0,0.0
2024-05-20 04:00:00,0.9092,0.9097,0.909,0.9092,3065,0.25409928,0.25409928,0.0,4816.859999999983,785,1045,1,0.9092,0.9084,0.0,0.0
2024-05-20 08:00:00,0.9092,0.91,0.9086,0.9089,4468,-0.6473521,-0.6473521,0.0,4816.859999999983,785,1045,1,0.9092,0.9084,0.0,0.0
2024-05-20 12:00:00,0.9089,0.9109,0.9085,0.9105,4910,0.61551785,0.61551785,0.0,4816.859999999983,785,1045,1,0.9092,0.9084,0.0,0.0
2024-05-20 16:00:00,0.9105,0.9106,0.9079,0.9093,5895,1.0,1.0,0.0,4816.859999999983,785,1045,1,0.9092,0.9084,0.0,0.0
2024-05-20 20:00:00,0.9093,0.9109,0.9091,0.9105,2856,-0.7497802,-0.7497802,0.0,4822.089999999983,786,1045,0,0.0,0.0,0.0,5.23
2024-05-21 00:00:00,0.9104,0.9107,0.9098,0.9107,2864,0.97455776,0.97455776,0.0,4822.089999999983,786,1045,1,0.9107,0.9083,0.0,0.0
2024-05-21 04:00:00,0.9107,0.9116,0.9106,0.9108,3087,0.027460491,0.027460491,0.0,4822.089999999983,786,1045,1,0.9107,0.9083,0.0,0.0
2024-05-21 08:00:00,0.9108,0.9109,0.9096,0.91,4732,0.8760325,0.8760325,0.0,4822.089999999983,786,1045,1,0.9107,0.9083,0.0,0.0
2024-05-21 12:00:00,0.91,0.9101,0.9087,0.91,4969,0.3473737,0.3473737,0.0,4822.089999999983,786,1045,1,0.9107,0.9083,0.0,0.0
2024-05-21 16:00:00,0.91,0.9113,0.909,0.9106,8593,-0.5897084,-0.5897084,0.0,4785.319999999982,786,1046,0,0.0,0.0,0.0,-36.77
2024-05-21 20:00:00,0.9106,0.9114,0.9105,0.9108,3430,-0.051931854,-0.051931854,0.0,4785.319999999982,786,1046,0,0.9107,0.9115,0.0,0.0
2024-05-22 00:00:00,0.911,0.9113,0.9104,0.9111,1958,0.78433365,0.78433365,0.0,4785.319999999982,786,1046,1,0.9111,0.9087,0.0,0.0
2024-05-22 04:00:00,0.9111,0.9116,0.9107,0.9115,2995,-0.22688353,-0.22688353,0.0,4785.319999999982,786,1046,1,0.9111,0.9087,0.0,0.0
2024-05-22 08:00:00,0.9115,0.9134,0.9109,0.9128,5230,0.4454359,0.4454359,0.0,4785.319999999982,786,1046,1,0.9111,0.9087,0.0,0.0
2024-05-22 12:00:00,0.9128,0.9158,0.9127,0.9143,5786,-0.2610043,-0.2610043,0.0,4785.319999999982,786,1046,1,0.9111,0.9087,0.0,0.0
2024-05-22 16:00:00,0.9143,0.9146,0.9133,0.9138,6756,0.14047751,0.14047751,0.0,4785.319999999982,786,1046,1,0.9111,0.9087,0.0,0.0
2024-05-22 20:00:00,0.9138,0.9158,0.9137,0.9156,5170,-1.0,-1.0,0.0,4926.589999999983,787,1046,0,0.0,0.0,0.0,141.27
2024-05-23 00:00:00,0.9151,0.9156,0.9142,0.9152,3031,0.2919484,0.2919484,0.0,4926.589999999983,787,1046,0,0.9115,0.909,0.0,0.0
2024-05-23 04:00:00,0.9152,0.9153,0.9143,0.9146,3001,1.0,1.0,0.0,4926.589999999983,787,1046,1,0.9146,0.9138,0.0,0.0
2024-05-23 08:00:00,0.9146,0.9155,0.914,0.9146,5841,-1.0,-1.0,0.0,4926.589999999983,787,1046,1,0.9146,0.9138,0.0,0.0
2024-05-23 12:00:00,0.9146,0.9146,0.9127,0.9134,5741,0.20690453,0.20690453,0.0,4926.589999999983,787,1046,1,0.9146,0.9138,0.0,0.0
2024-05-23 16:00:00,0.9134,0.9152,0.9126,0.9149,9921,-0.76599836,-0.76599836,0.0,4861.969999999983,787,1047,0,0.0,0.0,0.0,-64.62
2024-05-23 20:00:00,0.9148,0.9152,0.9141,0.9143,4816,-0.42759436,-0.42759436,0.0,4861.969999999983,787,1047,0,0.9143,0.9118,0.0,0.0
2024-05-24 00:00:00,0.9141,0.9151,0.9137,0.9147,5465,1.0,1.0,0.0,4861.969999999983,787,1047,1,0.9147,0.9122,0.0,0.0
2024-05-24 04:00:00,0.9147,0.9155,0.9145,0.9153,2739,1.0,1.0,0.0,4861.969999999983,787,1047,1,0.9147,0.9122,0.0,0.0
2024-05-24 08:00:00,0.9153,0.9155,0.9143,0.9149,4377,-0.33195826,-0.33195826,0.0,4861.969999999983,787,1047,1,0.9147,0.9122,0.0,0.0
2024-05-24 12:00:00,0.9149,0.9158,0.9143,0.9147,5338,-1.0,-1.0,0.0,4872.609999999983,788,1047,0,0.0,0.0,0.0,10.64
2024-05-24 16:00:00,0.9147,0.9151,0.9134,0.9143,7145,-1.0,-1.0,0.0,4872.609999999983,788,1047,2,0.9143,0.9151,0.0,0.0
2024-05-24 20:00:00,0.9143,0.9148,0.9138,0.9146,3501,0.6942579,0.6942579,0.0,4872.609999999983,788,1047,2,0.9143,0.9151,0.0,0.0
2024-05-27 00:00:00,0.9137,0.9146,0.9128,0.9145,1726,-0.07692482,-0.07692482,0.0,4872.609999999983,788,1047,2,0.9143,0.9151,0.0,0.0
2024-05-27 04:00:00,0.9145,0.9146,0.914,0.9144,2137,1.0,1.0,0.0,4861.939999999983,788,1048,0,0.0,0.0,0.0,-10.67
2024-05-27 08:00:00,0.9144,0.9154,0.9142,0.9145,3255,1.0,1.0,0.0,4861.939999999983,788,1048,1,0.9145,0.9123,0.0,0.0
2024-05-27 12:00:00,0.9145,0.9153,0.9133,0.9147,4126,0.64004064,0.64004064,0.0,4861.939999999983,788,1048,1,0.9145,0.9123,0.0,0.0
2024-05-27 16:00:00,0.9147,0.9148,0.9132,0.9135,3640,-1.0,-1.0,0.0,4872.569999999983,789,1048,0,0.0,0.0,0.0,10.63
2024-05-27 20:00:00,0.9135,0.9137,0.9133,0.9133,954,-1.0,-1.0,0.0,4872.569999999983,789,1048,2,0.9133,0.9141,0.0,0.0
2024-05-28 00:00:00,0.9132,0.9138,0.9126,0.9129,3245,-0.76016706,-0.76016706,0.0,4872.569999999983,789,1048,2,0.9133,0.9141,0.0,0.0
2024-05-28 04:00:00,0.9129,0.913,0.9117,0.912,3324,-0.03209687,-0.03209687,0.0,4872.569999999983,789,1048,2,0.9133,0.9141,0.0,0.0
2024-05-28 08:00:00,0.9121,0.9125,0.911,0.912,4706,-1.0,-1.0,0.0,4872.569999999983,789,1048,2,0.9133,0.9141,0.0,0.0
2024-05-28 12:00:00,0.912,0.9122,0.9085,0.9099,5890,0.90458775,0.90458775,0.0,4941.689999999983,790,1048,0,0.0,0.0,0.0,69.12
2024-05-28 16:00:00,0.91,0.9117,0.9093,0.911,7819,0.028350512,0.028350512,0.0,4941.689999999983,790,1048,0,0.911,0.9127,0.0,0.0
2024-05-28 20:00:00,0.911,0.9125,0.9109,0.9123,4445,-0.20690994,-0.20690994,0.0,4941.689999999983,790,1048,0,0.911,0.9127,0.0,0.0
2024-05-29 00:00:00,0.9122,0.9127,0.9109,0.9124,4092,-0.27392215,-0.27392215,0.0,4941.689999999983,790,1048,0,0.911,0.9127,0.0,0.0
2024-05-29 04:00:00,0.9124,0.9127,0.9118,0.9125,2970,0.5561742,0.5561742,0.0,4941.689999999983,790,1048,1,0.9125,0.9117,0.0,0.0
2024-05-29 08:00:00,0.9125,0.9132,0.9117,0.9127,5725,0.25381166,0.25381166,0.0,4941.689999999983,790,1048,1,0.9125,0.9117,0.0,0.0
2024-05-29 12:00:00,0.9127,0.9144,0.9113,0.9117,6207,-0.78052974,-0.78052974,0.0,4952.469999999983,791,1048,0,0.0,0.0,0.0,10.78
2024-05-29 16:00:00,0.9117,0.914,0.9116,0.9136,7609,-0.14610688,-0.14610688,0.0,4952.469999999983,791,1048,0,0.9136,0.9144,0.0,0.0
2024-05-29 20:00:00,0.9136,0.9139,0.9131,0.9131,3700,1.0,1.0,0.0,4952.469999999983,791,1048,1,0.9131,0.9123,0.0,0.0
2024-05-30 00:00:00,0.9128,0.9136,0.9123,0.9135,2239,-0.24585207,-0.24585207,0.0,4952.469999999983,791,1048,1,0.9131,0.9123,0.0,0.0
2024-05-30 04:00:00,0.9135,0.9141,0.9127,0.9129,3400,0.7819636,0.7819636,0.0,4952.469999999983,791,1048,1,0.9131,0.9123,0.0,0.0
2024-05-30 08:00:00,0.913,0.9131,0.907,0.9071,7738,-0.22537059,-0.22537059,0.0,4952.469999999983,791,1048,1,0.9131,0.9123,0.0,0.0
2024-05-30 12:00:00,0.907,0.9077,0.9048,0.905,7589,1.0,1.0,0.0,4629.929999999983,791,1049,0,0.0,0.0,0.0,-322.54
2024-05-30 16:00:00,0.905,0.9056,0.9031,0.9039,7787,-0.8792911,-0.8792911,0.0,4629.929999999983,791,1049,2,0.9039,0.9064,0.0,0.0
2024-05-30 20:00:00,0.9039,0.904,0.9031,0.9033,3159,1.0,1.0,0.0,4629.929999999983,791,1049,2,0.9039,0.9064,0.0,0.0
2024-05-31 00:00:00,0.9029,0.9036,0.9024,0.9028,2102,-1.0,-1.0,0.0,4629.929999999983,791,1049,2,0.9039,0.9064,0.0,0.0
2024-05-31 04:00:00,0.9028,0.9043,0.9026,0.904,4116,1.0,1.0,0.0,4684.939999999983,792,1049,0,0.0,0.0,0.0,55.01
2024-05-31 08:00:00,0.904,0.906,0.9039,0.906,6283,0.91244876,0.91244876,0.0,4684.939999999983,792,1049,1,0.906,0.9052,0.0,0.0
2024-05-31 12:00:00,0.906,0.9069,0.9029,0.9032,7210,0.758575,0.758575,0.0,4684.939999999983,792,1049,1,0.906,0.9052,0.0,0.0
2024-05-31 16:00:00,0.9032,0.904,0.9002,0.9033,9244,1.0,1.0,0.0,4543.1599999999835,792,1050,0,0.0,0.0,0.0,-141.78
2024-05-31 20:00:00,0.9033,0.9034,0.9021,0.9022,4374,0.42041197,0.42041197,0.0,4543.1599999999835,792,1050,0,0.9033,0.9019,0.0,0.0
2024-06-03 00:00:00,0.9034,0.9034,0.9008,0.901,3055,1.0,1.0,0.0,4543.1599999999835,792,1050,1,0.901,0.9002,0.0,0.0
2024-06-03 04:00:00,0.901,0.9016,0.9005,0.9014,2995,0.11776339,0.11776339,0.0,4543.1599999999835,792,1050,1,0.901,0.9002,0.0,0.0
2024-06-03 08:00:00,0.9014,0.9031,0.901,0.9027,5799,1.0,1.0,0.0,4543.1599999999835,792,1050,1,0.901,0.9002,0.0,0.0
2024-06-03 12:00:00,0.9027,0.9036,0.9004,0.9011,6411,0.033125598,0.033125598,0.0,4543.1599999999835,792,1050,1,0.901,0.9002,0.0,0.0
2024-06-03 16:00:00,0.9011,0.9013,0.895,0.8955,9220,-0.34218767,-0.34218767,0.0,4543.1599999999835,792,1050,1,0.901,0.9002,0.0,0.0
2024-06-03 20:00:00,0.8955,0.8964,0.8951,0.8956,4086,0.7600591,0.7600591,0.0,4275.399999999983,792,1051,0,0.0,0.0,0.0,-267.76
2024-06-04 00:00:00,0.8951,0.8959,0.8946,0.8952,2168,-0.80741674,-0.80741674,0.0,4275.399999999983,792,1051,2,0.8952,0.8977,0.0,0.0
2024-06-04 04:00:00,0.8952,0.896,0.8952,0.8957,2774,-0.11526738,-0.11526738,0.0,4275.399999999983,792,1051,2,0.8952,0.8977,0.0,0.0
2024-06-04 08:00:00,0.8957,0.8972,0.8934,0.8951,7521,-0.9159807,-0.9159807,0.0,4275.399999999983,792,1051,2,0.8952,0.8977,0.0,0.0
2024-06-04 12:00:00,0.8951,0.8959,0.8922,0.8933,8262,-0.07674495,-0.07674495,0.0,4275.399999999983,792,1051,2,0.8952,0.8977,0.0,0.0
2024-06-04 16:00:00,0.8933,0.8937,0.8891,0.8892,9372,0.40539083,0.40539083,0.0,4275.399999999983,792,1051,2,0.8952,0.8977,0.0,0.0
2024-06-04 20:00:00,0.8893,0.8902,0.8884,0.8901,4035,0.22566622,0.22566622,0.0,4275.399999999983,792,1051,2,0.8952,0.8977,0.0,0.0
2024-06-05 00:00:00,0.8899,0.8907,0.8893,0.8905,2355,1.0,1.0,0.0,4507.629999999983,793,1051,0,0.0,0.0,0.0,232.23
2024-06-05 04:00:00,0.8905,0.891,0.8902,0.891,2726,0.43986925,0.43986925,0.0,4507.629999999983,793,1051,0,0.8952,0.8972,0.0,0.0
2024-06-05 08:00:00,0.891,0.8931,0.8909,0.8922,5839,0.41703978,0.41703978,0.0,4507.629999999983,793,1051,0,0.8952,0.8972,0.0,0.0
2024-06-05 12:00:00,0.8922,0.8929,0.8918,0.892,5609,-1.0,-1.0,0.0,4507.629999999983,793,1051,2,0.892,0.8936,0.0,0.0
2024-06-05 16:00:00,0.892,0.8949,0.8913,0.8938,9552,0.89178056,0.89178056,0.0,4507.629999999983,793,1051,2,0.892,0.8936,0.0,0.0
2024-06-05 20:00:00,0.8938,0.8943,0.893,0.8931,3120,0.8339646,0.8339646,0.0,4420.839999999983,793,1052,0,0.0,0.0,0.0,-86.79
2024-06-06 00:00:00,0.893,0.8935,0.8914,0.8914,2334,0.48248053,0.48248053,0.0,4420.839999999983,793,1052,0,0.8938,0.8946,0.0,0.0
2024-06-06 04:00:00,0.8914,0.8914,0.8903,0.8911,3355,-0.70129937,-0.70129937,0.0,4420.839999999983,793,1052,2,0.8911,0.8932,0.0,0.0
2024-06-06 08:00:00,0.8911,0.8931,0.8908,0.892,4786,1.0,1.0,0.0,4420.839999999983,793,1052,2,0.8911,0.8932,0.0,0.0
2024-06-06 12:00:00,0.892,0.8921,0.8902,0.8917,6230,1.0,1.0,0.0,4378.359999999983,793,1053,0,0.0,0.0,0.0,-42.48
2024-06-06 16:00:00,0.8917,0.8929,0.8911,0.8915,7583,0.81449264,0.81449264,0.0,4378.359999999983,793,1053,1,0.8915,0.8907,0.0,0.0
2024-06-06 20:00:00,0.8915,0.8919,0.8891,0.8891,3394,0.047149613,0.047149613,0.0,4378.359999999983,793,1053,1,0.8915,0.8907,0.0,0.0
2024-06-07 00:00:00,0.8888,0.8904,0.8887,0.8902,2509,0.9752622,0.9752622,0.0,4266.559999999983,793,1054,0,0.0,0.0,0.0,-111.8
2024-06-07 04:00:00,0.8902,0.8906,0.8896,0.8898,3240,0.12989792,0.12989792,0.0,4266.559999999983,793,1054,0,0.8898,0.889,0.0,0.0
2024-06-07 08:00:00,0.8898,0.8902,0.8881,0.8894,5874,0.049820602,0.049820602,0.0,4266.559999999983,793,1054,0,0.8898,0.889,0.0,0.0
2024-06-07 12:00:00,0.8894,0.8958,0.8888,0.8953,7467,-0.52825946,-0.52825946,0.0,4266.559999999983,793,1054,2,0.8953,0.8968,0.0,0.0
2024-06-07 16:00:00,0.8953,0.8973,0.8952,0.8961,10486,-0.24253748,-0.24253748,0.0,4266.559999999983,793,1054,2,0.8953,0.8968,0.0,0.0
2024-06-07 20:00:00,0.8961,0.8968,0.8961,0.8964,3849,-0.17452139,-0.17452139,0.0,4266.559999999983,793,1054,2,0.8953,0.8968,0.0,0.0
2024-06-10 00:00:00,0.8959,0.8976,0.8949,0.8967,3171,0.37282854,0.37282854,0.0,4266.559999999983,793,1054,2,0.8953,0.8968,0.0,0.0
2024-06-10 04:00:00,0.8967,0.8979,0.8965,0.8974,3197,1.0,1.0,0.0,4202.459999999983,793,1055,0,0.0,0.0,0.0,-64.1
2024-06-10 08:00:00,0.8974,0.8983,0.8966,0.8969,6948,0.20297669,0.20297669,0.0,4202.459999999983,793,1055,0,0.8967,0.8947,0.0,0.0
2024-06-10 12:00:00,0.8969,0.8971,0.8954,0.8968,6270,0.55264866,0.55264866,0.0,4202.459999999983,793,1055,1,0.8968,0.896,0.0,0.0
2024-06-10 16:00:00,0.8968,0.8975,0.896,0.8968,6847,0.29762405,0.29762405,0.0,4202.459999999983,793,1055,1,0.8968,0.896,0.0,0.0
2024-06-10 20:00:00,0.8968,0.8969,0.8962,0.8965,3256,-0.37420794,-0.37420794,0.0,4202.459999999983,793,1055,1,0.8968,0.896,0.0,0.0
2024-06-11 00:00:00,0.8956,0.8971,0.8944,0.897,2447,-0.103291176,-0.103291176,0.0,4202.459999999983,793,1055,1,0.8968,0.896,0.0,0.0
2024-06-11 04:00:00,0.8969,0.8971,0.8964,0.8966,2762,0.47659498,0.47659498,0.0,4202.459999999983,793,1055,1,0.8968,0.896,0.0,0.0
2024-06-11 08:00:00,0.8966,0.8974,0.8959,0.8968,4762,-0.10363857,-0.10363857,0.0,4202.459999999983,793,1055,1,0.8968,0.896,0.0,0.0
2024-06-11 12:00:00,0.8968,0.8974,0.8961,0.8972,7112,-1.0,-1.0,0.0,4202.4499999999825,793,1056,0,0.0,0.0,0.0,-0.01
2024-06-11 16:00:00,0.8972,0.8993,0.8971,0.8984,6767,-1.0,-1.0,0.0,4202.4499999999825,793,1056,2,0.8984,0.9004,0.0,0.0
2024-06-11 20:00:00,0.8985,0.8985,0.8968,0.8972,3774,0.8243287,0.8243287,0.0,4202.4499999999825,793,1056,2,0.8984,0.9004,0.0,0.0
2024-06-12 00:00:00,0.8968,0.8983,0.8968,0.8982,1886,0.21784742,0.21784742,0.0,4202.4499999999825,793,1056,2,0.8984,0.9004,0.0,0.0
2024-06-12 04:00:00,0.8982,0.8983,0.8974,0.8979,2980,-1.0,-1.0,0.0,4202.4499999999825,793,1056,2,0.8984,0.9004,0.0,0.0
2024-06-12 08:00:00,0.8979,0.8979,0.8965,0.8966,4453,-1.0,-1.0,0.0,4202.4499999999825,793,1056,2,0.8984,0.9004,0.0,0.0
2024-06-12 12:00:00,0.8967,0.8969,0.8893,0.8904,7319,1.0,1.0,0.0,4283.599999999982,794,1056,0,0.0,0.0,0.0,81.15
2024-06-12 16:00:00,0.8904,0.8929,0.8903,0.8913,10541,-1.0,-1.0,0.0,4283.599999999982,794,1056,2,0.8913,0.8938,0.0,0.0
2024-06-12 20:00:00,0.8913,0.8949,0.8912,0.8943,9783,-0.8319051,-0.8319051,0.0,4283.599999999982,794,1056,2,0.8913,0.8938,0.0,0.0
2024-06-13 00:00:00,0.8924,0.8946,0.8924,0.894,2810,-1.0,-1.0,0.0,4146.069999999982,794,1057,0,0.0,0.0,0.0,-137.53
2024-06-13 04:00:00,0.894,0.8955,0.8939,0.8954,3523,-1.0,-1.0,0.0,4146.069999999982,794,1057,2,0.8954,0.8962,0.0,0.0
2024-06-13 08:00:00,0.8954,0.8961,0.8948,0.8954,5392,1.0,1.0,0.0,4146.069999999982,794,1057,2,0.8954,0.8962,0.0,0.0
2024-06-13 12:00:00,0.8954,0.8967,0.8932,0.8947,7527,1.0,1.0,0.0,4146.059999999982,794,1058,0,0.0,0.0,0.0,-0.01
2024-06-13 16:00:00,0.8946,0.8959,0.8932,0.8947,10315,-0.9378094,-0.9378094,0.0,4146.059999999982,794,1058,2,0.8947,0.8972,0.0,0.0
2024-06-13 20:00:00,0.8947,0.8947,0.8934,0.8938,4802,-0.44072515,-0.44072515,0.0,4146.059999999982,794,1058,2,0.8947,0.8972,0.0,0.0
2024-06-14 00:00:00,0.8928,0.8951,0.8928,0.894,2477,-1.0,-1.0,0.0,4146.059999999982,794,1058,2,0.8947,0.8972,0.0,0.0
2024-06-14 04:00:00,0.894,0.8943,0.8932,0.8942,4113,0.8496588,0.8496588,0.0,4177.099999999982,795,1058,0,0.0,0.0,0.0,31.04
2024-06-14 08:00:00,0.8942,0.8948,0.8912,0.8921,8867,0.34267145,0.34267145,0.0,4177.099999999982,795,1058,0,0.8947,0.8972,0.0,0.0
2024-06-14 12:00:00,0.8921,0.8944,0.8916,0.8924,10380,1.0,1.0,0.0,4177.099999999982,795,1058,1,0.8924,0.8916,0.0,0.0
2024-06-14 16:00:00,0.8924,0.8927,0.8897,0.8906,10105,1.0,1.0,0.0,4177.099999999982,795,1058,1,0.8924,0.8916,0.0,0.0
2024-06-14 20:00:00,0.8906,0.8907,0.8895,0.89,3588,-0.56469226,-0.56469226,0.0,4096.959999999982,795,1059,0,0.0,0.0,0.0,-80.14
2024-06-17 00:00:00,0.8897,0.8909,0.8893,0.8905,3043,1.0,1.0,0.0,4096.959999999982,795,1059,1,0.8905,0.8897,0.0,0.0
2024-06-17 04:00:00,0.8905,0.8909,0.8904,0.8904,3713,-0.7214918,-0.7214918,0.0,4096.959999999982,795,1059,1,0.8905,0.8897,0.0,0.0
2024-06-17 08:00:00,0.8904,0.8919,0.8903,0.8918,7838,-1.0,-1.0,0.0,4092.5799999999817,795,1060,0,0.0,0.0,0.0,-4.38
2024-06-17 12:00:00,0.8918,0.8932,0.8917,0.8929,7177,-1.0,-1.0,0.0,4092.5799999999817,795,1060,2,0.8929,0.8937,0.0,0.0
2024-06-17 16:00:00,0.8929,0.8929,0.8908,0.8909,7246,0.773864,0.773864,0.0,4092.5799999999817,795,1060,2,0.8929,0.8937,0.0,0.0
2024-06-17 20:00:00,0.8909,0.891,0.8891,0.8891,3441,-1.0,-1.0,0.0,4092.5799999999817,795,1060,2,0.8929,0.8937,0.0,0.0
2024-06-18 00:00:00,0.8892,0.8897,0.888,0.8882,2417,0.79416585,0.79416585,0.0,4258.019999999981,796,1060,0,0.0,0.0,0.0,165.44
2024-06-18 04:00:00,0.8882,0.8897,0.8881,0.8896,3839,-0.08490171,-0.08490171,0.0,4258.019999999981,796,1060,0,0.8896,0.8906,0.0,0.0
2024-06-18 08:00:00,0.8896,0.89,0.8886,0.8889,6313,0.11762132,0.11762132,0.0,4258.019999999981,796,1060,0,0.8896,0.8906,0.0,0.0
2024-06-18 12:00:00,0.8889,0.889,0.8851,0.8852,7677,1.0,1.0,0.0,4258.019999999981,796,1060,1,0.8852,0.8844,0.0,0.0
2024-06-18 16:00:00,0.8852,0.8854,0.8827,0.884,9144,0.8417128,0.8417128,0.0,4258.019999999981,796,1060,1,0.8852,0.8844,0.0,0.0
2024-06-18 20:00:00,0.884,0.8847,0.8836,0.8838,4277,-0.6516254,-0.6516254,0.0,4203.959999999981,796,1061,0,0.0,0.0,0.0,-54.06
2024-06-19 00:00:00,0.8839,0.8843,0.883,0.8842,3271,-0.987355,-0.987355,0.0,4203.959999999981,796,1061,2,0.8842,0.885,0.0,0.0
2024-06-19 04:00:00,0.8842,0.8844,0.8838,0.8843,2702,0.025464118,0.025464118,0.0,4203.959999999981,796,1061,2,0.8842,0.885,0.0,0.0
2024-06-19 08:00:00,0.8843,0.8848,0.8834,0.8843,6157,-0.2131103,-0.2131103,0.0,4203.959999999981,796,1061,2,0.8842,0.885,0.0,0.0
2024-06-19 12:00:00,0.8843,0.8854,0.8837,0.8841,6517,0.42873168,0.42873168,0.0,4203.959999999981,796,1061,2,0.8842,0.885,0.0,0.0
2024-06-19 16:00:00,0.8841,0.8844,0.8836,0.8842,3741,-0.24336237,-0.24336237,0.0,4203.959999999981,796,1061,2,0.8842,0.885,0.0,0.0
2024-06-19 20:00:00,0.8842,0.8848,0.8838,0.8838,1092,-0.35163215,-0.35163215,0.0,4203.959999999981,796,1061,2,0.8842,0.885,0.0,0.0
2024-06-20 00:00:00,0.8841,0.8845,0.8833,0.884,2206,0.86283815,0.86283815,0.0,4221.729999999981,797,1061,0,0.0,0.0,0.0,17.77
2024-06-20 04:00:00,0.8841,0.8841,0.8834,0.8838,2928,0.562794,0.562794,0.0,4221.729999999981,797,1061,1,0.8838,0.883,0.0,0.0
2024-06-20 08:00:00,0.8838,0.8911,0.8832,0.8894,7515,-0.06842293,-0.06842293,0.0,4221.729999999981,797,1061,1,0.8838,0.883,0.0,0.0
2024-06-20 12:00:00,0.8894,0.8919,0.889,0.8917,8775,-1.0,-1.0,0.0,4473.3199999999815,798,1061,0,0.0,0.0,0.0,251.59
2024-06-20 16:00:00,0.8917,0.8926,0.8901,0.8913,8496,0.18637459,0.18637459,0.0,4473.3199999999815,798,1061,0,0.8913,0.8905,0.0,0.0
2024-06-20 20:00:00,0.8913,0.8915,0.8903,0.891,4161,0.95473844,0.95473844,0.0,4473.3199999999815,798,1061,1,0.891,0.8893,0.0,0.0
2024-06-21 00:00:00,0.8909,0.8919,0.8904,0.8919,2586,0.24093603,0.24093603,0.0,4473.3199999999815,798,1061,1,0.891,0.8893,0.0,0.0
2024-06-21 04:00:00,0.8919,0.892,0.8911,0.8911,2834,-0.08302047,-0.08302047,0.0,4473.3199999999815,798,1061,1,0.891,0.8893,0.0,0.0
2024-06-21 08:00:00,0.8911,0.8926,0.8905,0.892,7034,-0.23951527,-0.23951527,0.0,4473.3199999999815,798,1061,1,0.891,0.8893,0.0,0.0
2024-06-21 12:00:00,0.892,0.8929,0.8917,0.8925,6336,-1.0,-1.0,0.0,4521.059999999981,799,1061,0,0.0,0.0,0.0,47.74
2024-06-21 16:00:00,0.8926,0.8945,0.8923,0.8943,8767,0.6631999,0.6631999,0.0,4521.059999999981,799,1061,1,0.8943,0.8935,0.0,0.0
2024-06-21 20:00:00,0.8943,0.8944,0.894,0.8941,3126,0.48134774,0.48134774,0.0,4521.059999999981,799,1061,1,0.8943,0.8935,0.0,0.0
2024-06-24 00:00:00,0.8932,0.8945,0.8925,0.8938,2417,0.21445492,0.21445492,0.0,4521.059999999981,799,1061,1,0.8943,0.8935,0.0,0.0
2024-06-24 04:00:00,0.8938,0.8941,0.8932,0.8936,2749,0.49494854,0.49494854,0.0,4521.059999999981,799,1061,1,0.8943,0.8935,0.0,0.0
2024-06-24 08:00:00,0.8936,0.8942,0.8931,0.8939,5118,-0.44281247,-0.44281247,0.0,4521.059999999981,799,1061,1,0.8943,0.8935,0.0,0.0
2024-06-24 12:00:00,0.8939,0.8941,0.8922,0.8925,6982,0.04890362,0.04890362,0.0,4521.059999999981,799,1061,1,0.8943,0.8935,0.0,0.0
2024-06-24 16:00:00,0.8925,0.8941,0.8922,0.894,6966,1.0,1.0,0.0,4434.139999999981,799,1062,0,0.0,0.0,0.0,-86.92
2024-06-24 20:00:00,0.894,0.8942,0.8925,0.8925,2946,0.7007512,0.7007512,0.0,4434.139999999981,799,1062,1,0.8925,0.8917,0.0,0.0
2024-06-25 00:00:00,0.8924,0.8933,0.8918,0.8919,1864,-0.29780143,-0.29780143,0.0,4434.139999999981,799,1062,1,0.8925,0.8917,0.0,0.0
2024-06-25 04:00:00,0.8919,0.8925,0.8917,0.8919,3400,1.0,1.0,0.0,4434.139999999981,799,1062,1,0.8925,0.8917,0.0,0.0
2024-06-25 08:00:00,0.8919,0.8938,0.8913,0.8936,5358,-0.94128567,-0.94128567,0.0,4405.739999999982,799,1063,0,0.0,0.0,0.0,-28.4
2024-06-25 12:00:00,0.8936,0.8942,0.8927,0.8942,5951,-0.9917357,-0.9917357,0.0,4405.739999999982,799,1063,2,0.8942,0.8951,0.0,0.0
2024-06-25 16:00:00,0.8941,0.895,0.8937,0.895,6553,1.0,1.0,0.0,4405.739999999982,799,1063,2,0.8942,0.8951,0.0,0.0
2024-06-25 20:00:00,0.895,0.8952,0.8942,0.8945,2885,1.0,1.0,0.0,4367.979999999981,799,1064,0,0.0,0.0,0.0,-37.76
2024-06-26 00:00:00,0.8944,0.8957,0.8941,0.8953,2201,-0.17690542,-0.17690542,0.0,4367.979999999981,799,1064,0,0.895,0.896,0.0,0.0
2024-06-26 04:00:00,0.8953,0.8954,0.8946,0.895,2898,0.13721767,0.13721767,0.0,4367.979999999981,799,1064,0,0.895,0.896,0.0,0.0
2024-06-26 08:00:00,0.895,0.8972,0.895,0.8971,4682,-0.6580192,-0.6580192,0.0,4367.979999999981,799,1064,2,0.8971,0.8996,0.0,0.0
2024-06-26 12:00:00,0.8971,0.8983,0.8958,0.8963,6606,-1.0,-1.0,0.0,4367.979999999981,799,1064,2,0.8971,0.8996,0.0,0.0
2024-06-26 16:00:00,0.8963,0.8977,0.8953,0.8976,8612,-0.53698623,-0.53698623,0.0,4367.979999999981,799,1064,2,0.8971,0.8996,0.0,0.0
2024-06-26 20:00:00,0.8976,0.8977,0.8968,0.8973,3263,-0.9555982,-0.9555982,0.0,4367.979999999981,799,1064,2,0.8971,0.8996,0.0,0.0
2024-06-27 00:00:00,0.8972,0.8975,0.8963,0.8973,2765,1.0,1.0,0.0,4358.589999999981,799,1065,0,0.0,0.0,0.0,-9.39
2024-06-27 04:00:00,0.8973,0.8974,0.8966,0.8967,2898,-0.7835652,-0.7835652,0.0,4358.589999999981,799,1065,2,0.8967,0.8989,0.0,0.0
2024-06-27 08:00:00,0.8967,0.898,0.8965,0.8977,4703,-0.7697267,-0.7697267,0.0,4358.589999999981,799,1065,2,0.8967,0.8989,0.0,0.0
2024-06-27 12:00:00,0.8976,0.898,0.896,0.8963,6479,0.17254865,0.17254865,0.0,4358.589999999981,799,1065,2,0.8967,0.8989,0.0,0.0
2024-06-27 16:00:00,0.8963,0.8984,0.8957,0.8981,7656,-1.0,-1.0,0.0,4358.589999999981,799,1065,2,0.8967,0.8989,0.0,0.0
2024-06-27 20:00:00,0.8981,0.8989,0.8979,0.8987,3230,-0.6912174,-0.6912174,0.0,4358.589999999981,799,1065,2,0.8967,0.8989,0.0,0.0
2024-06-28 00:00:00,0.8986,0.8995,0.8978,0.8995,2065,-0.96517575,-0.96517575,0.0,4358.589999999981,799,1065,2,0.8967,0.8989,0.0,0.0
2024-06-28 04:00:00,0.8995,0.9,0.8991,0.8995,3522,0.6516348,0.6516348,0.0,4227.219999999981,799,1066,0,0.0,0.0,0.0,-131.37
2024-06-28 08:00:00,0.8995,0.9002,0.8986,0.8995,5158,-0.21534261,-0.21534261,0.0,4227.219999999981,799,1066,0,0.0,0.0,0.0,0.0
2024-06-28 12:00:00,0.8995,0.9004,0.8985,0.8994,7228,0.6097565,0.6097565,0.0,4227.219999999981,799,1066,1,0.8994,0.8986,0.0,0.0
2024-06-28 16:00:00,0.8994,0.901,0.8979,0.8985,10295,-0.7752145,-0.7752145,0.0,4227.219999999981,799,1066,1,0.8994,0.8986,0.0,0.0
2024-06-28 20:00:00,0.8984,0.8989,0.8979,0.8984,4037,-1.0,-1.0,0.0,4186.309999999981,799,1067,0,0.0,0.0,0.0,-40.91
2024-07-01 00:00:00,0.8981,0.9005,0.8963,0.8995,3922,-1.0,-1.0,0.0,4186.309999999981,799,1067,2,0.8995,0.9003,0.0,0.0
2024-07-01 04:00:00,0.8995,0.8998,0.8989,0.8996,3062,1.0,1.0,0.0,4186.309999999981,799,1067,2,0.8995,0.9003,0.0,0.0
2024-07-01 08:00:00,0.8996,0.9008,0.8984,0.9002,6746,-1.0,-1.0,0.0,4186.309999999981,799,1067,2,0.8995,0.9003,0.0,0.0
2024-07-01 12:00:00,0.9003,0.9024,0.8997,0.9024,6423,-1.0,-1.0,0.0,4186.309999999981,799,1067,2,0.8995,0.9003,0.0,0.0
2024-07-01 16:00:00,0.9023,0.9044,0.8998,0.9035,8652,0.5526489,0.5526489,0.0,4055.2099999999814,799,1068,0,0.0,0.0,0.0,-131.1
2024-07-01 20:00:00,0.9035,0.904,0.9026,0.9026,2985,-1.0,-1.0,0.0,4055.2099999999814,799,1068,2,0.9026,0.9051,0.0,0.0
2024-07-02 00:00:00,0.9023,0.9036,0.9017,0.9033,2447,-0.26420346,-0.26420346,0.0,4055.2099999999814,799,1068,2,0.9026,0.9051,0.0,0.0
2024-07-02 04:00:00,0.9033,0.9041,0.903,0.904,2489,0.13756153,0.13756153,0.0,4055.2099999999814,799,1068,2,0.9026,0.9051,0.0,0.0
2024-07-02 08:00:00,0.904,0.9047,0.9035,0.9042,5199,0.8776262,0.8776262,0.0,3993.7899999999813,799,1069,0,0.0,0.0,0.0,-61.42
2024-07-02 12:00:00,0.9042,0.9043,0.904,0.9041,230,0.37298337,0.37298337,0.0,3993.7899999999813,799,1069,0,0.0,0.0,0.0,0.0
2024-07-03 00:00:00,0.9034,0.9039,0.9031,0.9038,1896,0.8307265,0.8307265,0.0,3993.7899999999813,799,1069,1,0.9038,0.9013,0.0,0.0
2024-07-03 04:00:00,0.9038,0.9043,0.9038,0.9042,1689,0.26630244,0.26630244,0.0,3993.7899999999813,799,1069,1,0.9038,0.9013,0.0,0.0
2024-07-03 08:00:00,0.9042,0.905,0.9034,0.9036,4276,0.64662564,0.64662564,0.0,3993.7899999999813,799,1069,1,0.9038,0.9013,0.0,0.0
2024-07-03 12:00:00,0.9036,0.9038,0.9026,0.9026,5402,-0.8788735,-0.8788735,0.0,3985.1399999999812,799,1070,0,0.0,0.0,0.0,-8.65
2024-07-03 16:00:00,0.9026,0.9028,0.8985,0.9007,8887,-0.260404,-0.260404,0.0,3985.1399999999812,799,1070,0,0.9026,0.9018,0.0,0.0
2024-07-03 20:00:00,0.9007,0.9019,0.9007,0.9014,2546,-0.5226248,-0.5226248,0.0,3985.1399999999812,799,1070,2,0.9014,0.9022,0.0,0.0
2024-07-04 00:00:00,0.8997,0.9017,0.8997,0.9007,2726,-0.14012364,-0.14012364,0.0,3985.1399999999812,799,1070,2,0.9014,0.9022,0.0,0.0
2024-07-04 04:00:00,0.9006,0.9011,0.9003,0.901,2147,-1.0,-1.0,0.0,3985.1399999999812,799,1070,2,0.9014,0.9022,0.0,0.0
2024-07-04 08:00:00,0.901,0.9039,0.9,0.9013,6351,0.84438115,0.84438115,0.0,4002.319999999981,800,1070,0,0.0,0.0,0.0,17.18
2024-07-04 12:00:00,0.9013,0.9013,0.8991,0.8999,5067,-0.6905813,-0.6905813,0.0,4002.319999999981,800,1070,2,0.8999,0.9024,0.0,0.0
2024-07-04 16:00:00,0.9,0.9005,0.8994,0.8999,4065,0.86238414,0.86238414,0.0,4002.319999999981,800,1070,2,0.8999,0.9024,0.0,0.0
2024-07-04 20:00:00,0.8999,0.9001,0.8997,0.9,985,0.5702637,0.5702637,0.0,4002.319999999981,800,1070,2,0.8999,0.9024,0.0,0.0
2024-07-05 00:00:00,0.8999,0.9003,0.8995,0.8997,1900,0.42032453,0.42032453,0.0,4002.319999999981,800,1070,2,0.8999,0.9024,0.0,0.0
2024-07-05 04:00:00,0.8997,0.8998,0.8983,0.8985,3036,0.17740916,0.17740916,0.0,4002.319999999981,800,1070,2,0.8999,0.9024,0.0,0.0
2024-07-05 08:00:00,0.8985,0.899,0.8979,0.8983,4521,-0.7737845,-0.7737845,0.0,4002.319999999981,800,1070,2,0.8999,0.9024,0.0,0.0
2024-07-05 12:00:00,0.8983,0.9006,0.8973,0.898,6565,-0.37438747,-0.37438747,0.0,4002.319999999981,800,1070,2,0.8999,0.9024,0.0,0.0
2024-07-05 16:00:00,0.898,0.8991,0.897,0.8976,9451,0.66817105,0.66817105,0.0,4084.019999999981,801,1070,0,0.0,0.0,0.0,81.7
2024-07-05 20:00:00,0.8975,0.8975,0.8954,0.8956,3086,-0.4413763,-0.4413763,0.0,4084.019999999981,801,1070,0,0.898,0.9005,0.0,0.0
2024-07-08 00:00:00,0.8956,0.8957,0.8943,0.8955,2961,1.0,1.0,0.0,4084.019999999981,801,1070,1,0.8955,0.8947,0.0,0.0
2024-07-08 04:00:00,0.8955,0.8957,0.8949,0.895,3094,0.7875316,0.7875316,0.0,4084.019999999981,801,1070,1,0.8955,0.8947,0.0,0.0
2024-07-08 08:00:00,0.895,0.8957,0.8945,0.8955,5931,0.48678452,0.48678452,0.0,4084.019999999981,801,1070,1,0.8955,0.8947,0.0,0.0
2024-07-08 12:00:00,0.8955,0.8967,0.8952,0.8962,5373,1.0,1.0,0.0,4084.019999999981,801,1070,1,0.8955,0.8947,0.0,0.0
2024-07-08 16:00:00,0.8962,0.8973,0.8956,0.8971,6083,-1.0,-1.0,0.0,4114.669999999981,802,1070,0,0.0,0.0,0.0,30.65
2024-07-08 20:00:00,0.8971,0.8977,0.8967,0.8972,2294,0.39385247,0.39385247,0.0,4114.669999999981,802,1070,0,0.8972,0.8964,0.0,0.0
2024-07-09 00:00:00,0.8975,0.8983,0.8967,0.8982,2089,1.0,1.0,0.0,4114.669999999981,802,1070,1,0.8982,0.8974,0.0,0.0
2024-07-09 04:00:00,0.8982,0.899,0.898,0.8982,2535,-0.047084328,-0.047084328,0.0,4114.669999999981,802,1070,1,0.8982,0.8974,0.0,0.0
2024-07-09 08:00:00,0.8982,0.8988,0.8979,0.8985,4472,0.8440973,0.8440973,0.0,4114.669999999981,802,1070,1,0.8982,0.8974,0.0,0.0
2024-07-09 12:00:00,0.8985,0.8985,0.8974,0.898,5439,1.0,1.0,0.0,4114.669999999981,802,1070,1,0.8982,0.8974,0.0,0.0
2024-07-09 16:00:00,0.898,0.8986,0.8968,0.8977,8333,0.6530953,0.6530953,0.0,4114.669999999981,802,1070,1,0.8982,0.8974,0.0,0.0
2024-07-09 20:00:00,0.8977,0.898,0.8973,0.8977,3165,-0.1616193,-0.1616193,0.0,4114.669999999981,802,1070,1,0.8982,0.8974,0.0,0.0
2024-07-10 00:00:00,0.8971,0.898,0.8971,0.8979,1946,-1.0,-1.0,0.0,4092.559999999981,802,1071,0,0.0,0.0,0.0,-22.11
2024-07-10 04:00:00,0.8979,0.8982,0.8972,0.8973,2687,0.45799124,0.45799124,0.0,4092.559999999981,802,1071,0,0.8977,0.8985,0.0,0.0
2024-07-10 08:00:00,0.8973,0.8976,0.8964,0.8973,4292,0.12918851,0.12918851,0.0,4092.559999999981,802,1071,0,0.0,0.0,0.0,0.0
2024-07-10 12:00:00,0.8973,0.8984,0.8973,0.8981,4458,-1.0,-1.0,0.0,4092.559999999981,802,1071,2,0.8981,0.8989,0.0,0.0
2024-07-10 16:00:00,0.8981,0.8997,0.8981,0.8992,6386,1.0,1.0,0.0,4092.559999999981,802,1071,2,0.8981,0.8989,0.0,0.0
2024-07-10 20:00:00,0.8992,0.9001,0.899,0.8995,2966,1.0,1.0,0.0,4044.109999999981,802,1072,0,0.0,0.0,0.0,-48.45
2024-07-11 00:00:00,0.8993,0.8994,0.8989,0.899,49,-0.79633003,-0.79633003,0.0,4044.109999999981,802,1072,2,0.899,0.9002,0.0,0.0
